canonical_cell_type_coverage,canonical_cell_type_nonempty_cells,canonical_gene_coverage,canonical_gene_nonempty,cell_type_mapping_status_counts,dataset_id,declared_expression_representation,declared_storage_kind,expression_semantics,file_size_bytes,finite_fraction,gene_id_profile,gene_mapping_status_counts,integer_like_fraction,label_column,label_coverage,labeled_cells,layer_profiles,layers,median_known_type_cells,metadata_columns,min_known_type_cells,n_cells,n_genes,n_known_cell_types,negative_fraction,obs_columns,obs_names_unique,obsm,obsp,path,rare_types_lt1pct,rare_types_lt50,sample_max,sample_min,sampled_values,schema_version,species_inferred,status,top_cell_types,unknown_or_missing_cells,uns_keys,var_columns,var_names_unique,varm,warnings,x_class,x_dtype,zero_fraction
0.0,0,0.0,0,"{""unmapped"": 69520}",Arabidopsis thaliana_CNP0002469,nonnegative_integer_unverified,csr,count_like_nonnegative_integer,260551706,1.0,"{""arabidopsis_locus"": 4996, ""symbol_like"": 4}","{""unmapped"": 19242}",1.0,celltype_after,0.9776467203682394,67966,"{""None"": {""class"": ""_CSRDataset"", ""dtype"": ""int64"", ""expression_semantics"": ""count_like_nonnegative_integer"", ""finite_fraction"": 1.0, ""integer_like_fraction"": 1.0, ""negative_fraction"": 0.0, ""sample_equal_to_x"": true, ""sample_max"": 40.0, ""sample_min"": 0.0, ""sampled_values"": 786432, ""zero_fraction"": 0.9564806620279948}}","[""None""]",6262.0,"{""condition"": null, ""sample"": ""orig.ident"", ""sample_n_unique"": 5, ""sample_nonempty_fraction"": 1.0, ""species"": ""species"", ""species_n_unique"": 1, ""species_nonempty_fraction"": 1.0, ""stage"": null, ""tissue"": ""tissue"", ""tissue_n_unique"": 1, ""tissue_nonempty_fraction"": 1.0}",675,69520,19242,5,0.0,"[""source__unnamed"", ""orig.ident"", ""nCount_RNA"", ""nFeature_RNA"", ""nCount_SCT"", ""nFeature_SCT"", ""integrated_snn_res.0.5"", ""seurat_clusters"", ""celltype1"", ""celltype_after"", ""dataset_id"", ""species"", ""accession"", ""tissue"", ""cell_type_original"", ""cell_type_canonical"", ""cell_type_mapping_status"", ""cell_type_is_unknown""]",True,[],[],Arabidopsis thaliana_CNP0002469.h5ad,1,0,40.0,0.0,786432,1.0.0,Arabidopsis thaliana,ok,"{""Leaf guard cell"": 39828, ""Leaf lamina epidermis"": 6262, ""Leaf vascular system"": 675, ""Mesophyll cell"": 18313, ""Phloem parenchyma cell"": 2888}",1554,"[""conversion_provenance"", ""expression_representation"", ""schema_version"", ""source"", ""source_annotation_column_name_map""]","[""gene_id_original"", ""gene_id_canonical"", ""gene_mapping_status"", ""species"", ""dataset_id""]",True,[],"[""canonical_cell_type_mapping_empty"", ""canonical_gene_mapping_empty"", ""nonsemantic_expression_layer_name""]",_CSRDataset,int64,0.9564806620279948
0.0,0,0.0,0,"{""unmapped"": 102713}",Arabidopsis thaliana_CNP0004389,nonnegative_integer_unverified,csr,count_like_nonnegative_integer,1144209428,1.0,"{""arabidopsis_locus"": 2488, ""other"": 37, ""symbol_like"": 2475}","{""unmapped"": 25416}",1.0,celltype_after,0.5874134724913107,60335,"{""None"": {""class"": ""_CSRDataset"", ""dtype"": ""int64"", ""expression_semantics"": ""count_like_nonnegative_integer"", ""finite_fraction"": 1.0, ""integer_like_fraction"": 1.0, ""negative_fraction"": 0.0, ""sample_equal_to_x"": true, ""sample_max"": 1138.0, ""sample_min"": 0.0, ""sampled_values"": 786432, ""zero_fraction"": 0.590569814046224}}","[""None""]",5148.0,"{""condition"": null, ""sample"": ""orig.ident"", ""sample_n_unique"": 1, ""sample_nonempty_fraction"": 1.0, ""species"": ""species"", ""species_n_unique"": 1, ""species_nonempty_fraction"": 1.0, ""stage"": null, ""tissue"": ""tissue"", ""tissue_n_unique"": 1, ""tissue_nonempty_fraction"": 1.0}",973,102713,25416,9,0.0,"[""source__unnamed"", ""orig.ident"", ""nCount_RNA"", ""nFeature_RNA"", ""source__index"", ""nCount_SCT"", ""nFeature_SCT"", ""integrated_snn_res.0.5"", ""seurat_clusters"", ""celltype_after"", ""dataset_id"", ""species"", ""accession"", ""tissue"", ""cell_type_original"", ""cell_type_canonical"", ""cell_type_mapping_status"", ""cell_type_is_unknown""]",True,[],[],Arabidopsis thaliana_CNP0004389.h5ad,1,0,1138.0,0.0,786432,1.0.0,Arabidopsis thaliana,ok,"{""Columella root cap cell"": 4540, ""Epidermis-like cell"": 9152, ""Lateral root cap"": 5148, ""Quiescent center-like cell"": 5057, ""Regenerative cell"": 5134, ""Response cell"": 11793, ""Root epidermis"": 6450, ""Root stele"": 973, ""Vascular-like cell"": 12088}",42378,"[""conversion_provenance"", ""expression_representation"", ""schema_version"", ""source"", ""source_annotation_column_name_map""]","[""gene_id_original"", ""gene_id_canonical"", ""gene_mapping_status"", ""species"", ""dataset_id""]",True,[],"[""canonical_cell_type_mapping_empty"", ""canonical_gene_mapping_empty"", ""nonsemantic_expression_layer_name""]",_CSRDataset,int64,0.590569814046224
0.0,0,0.0,0,"{""unmapped"": 1560}",Arabidopsis thaliana_EMTAB11006,scaled_continuous,dense,scaled_continuous_or_centered,23374442,1.0,"{""arabidopsis_locus"": 3552}","{""unmapped"": 3552}",1.7801920572916668e-05,celltype_after,1.0,1560,"{""None"": {""class"": ""Dataset"", ""dtype"": ""float32"", ""expression_semantics"": ""scaled_continuous_or_centered"", ""finite_fraction"": 1.0, ""integer_like_fraction"": 1.7801920572916668e-05, ""negative_fraction"": 0.8416938781738281, ""sample_equal_to_x"": true, ""sample_max"": 6.959691524505615, ""sample_min"": -2.8617348670959473, ""sampled_values"": 786432, ""zero_fraction"": 0.0}}","[""None""]",161.0,"{""condition"": null, ""sample"": ""orig.ident"", ""sample_n_unique"": 1, ""sample_nonempty_fraction"": 1.0, ""species"": ""species"", ""species_n_unique"": 1, ""species_nonempty_fraction"": 1.0, ""stage"": null, ""tissue"": ""tissue"", ""tissue_n_unique"": 1, ""tissue_nonempty_fraction"": 1.0}",62,1560,3552,7,0.8416938781738281,"[""source__unnamed"", ""orig.ident"", ""source__index"", ""nCount_RNA"", ""nFeature_RNA"", ""nCount_SCT"", ""nFeature_SCT"", ""integrated_snn_res.0.9"", ""seurat_clusters"", ""celltype_before"", ""celltype_after"", ""dataset_id"", ""species"", ""accession"", ""tissue"", ""cell_type_original"", ""cell_type_canonical"", ""cell_type_mapping_status"", ""cell_type_is_unknown""]",True,[],[],Arabidopsis thaliana_EMTAB11006.h5ad,0,0,6.959691524505615,-2.8617348670959473,786432,1.0.0,Arabidopsis thaliana,ok,"{""Bundle sheath cell"": 128, ""Leaf abaxial pavement cell"": 128, ""Leaf adaxial pavement cell"": 62, ""Leaf initial cell"": 739, ""Leaf vascular system"": 161, ""Mesophyll cell"": 163, ""Spongy mesophyll cell"": 179}",0,"[""conversion_provenance"", ""expression_representation"", ""schema_version"", ""source"", ""source_annotation_column_name_map""]","[""gene_id_original"", ""gene_id_canonical"", ""gene_mapping_status"", ""species"", ""dataset_id""]",True,[],"[""canonical_cell_type_mapping_empty"", ""canonical_gene_mapping_empty"", ""nonsemantic_expression_layer_name""]",Dataset,float32,0.0
0.0,0,0.0,0,"{""unmapped"": 13957}",Arabidopsis thaliana_EMTAB12532,nonnegative_integer_unverified,csr,count_like_nonnegative_integer,126256226,1.0,"{""arabidopsis_locus"": 5000}","{""unmapped"": 22799}",1.0,celltype_after,0.8098445224618471,11303,"{""None"": {""class"": ""_CSRDataset"", ""dtype"": ""int64"", ""expression_semantics"": ""count_like_nonnegative_integer"", ""finite_fraction"": 1.0, ""integer_like_fraction"": 1.0, ""negative_fraction"": 0.0, ""sample_equal_to_x"": true, ""sample_max"": 138.0, ""sample_min"": 0.0, ""sampled_values"": 786432, ""zero_fraction"": 0.9120877583821615}}","[""None""]",2016.0,"{""condition"": null, ""sample"": ""orig.ident"", ""sample_n_unique"": 1, ""sample_nonempty_fraction"": 1.0, ""species"": ""species"", ""species_n_unique"": 1, ""species_nonempty_fraction"": 1.0, ""stage"": null, ""tissue"": ""tissue"", ""tissue_n_unique"": 1, ""tissue_nonempty_fraction"": 1.0}",335,13957,22799,4,0.0,"[""source__unnamed"", ""orig.ident"", ""nCount_RNA"", ""nFeature_RNA"", ""source__index"", ""nCount_SCT"", ""nFeature_SCT"", ""integrated_snn_res.0.5"", ""seurat_clusters"", ""celltype_after"", ""dataset_id"", ""species"", ""accession"", ""tissue"", ""cell_type_original"", ""cell_type_canonical"", ""cell_type_mapping_status"", ""cell_type_is_unknown""]",True,[],[],Arabidopsis thaliana_EMTAB12532.h5ad,0,0,138.0,0.0,786432,1.0.0,Arabidopsis thaliana,ok,"{""Hypocotyl"": 6936, ""Plant embryo cotyledon"": 335, ""Radicle"": 1250, ""Vascular initial cell"": 2782}",2654,"[""conversion_provenance"", ""expression_representation"", ""schema_version"", ""source"", ""source_annotation_column_name_map""]","[""gene_id_original"", ""gene_id_canonical"", ""gene_mapping_status"", ""species"", ""dataset_id""]",True,[],"[""canonical_cell_type_mapping_empty"", ""canonical_gene_mapping_empty"", ""nonsemantic_expression_layer_name""]",_CSRDataset,int64,0.9120877583821615
0.0,0,0.0,0,"{""unmapped"": 1348}",Arabidopsis thaliana_EMTAB9174,scaled_continuous,dense,scaled_continuous_or_centered,5075530,1.0,"{""arabidopsis_locus"": 2000}","{""unmapped"": 2000}",0.00186920166015625,celltype_after,0.9792284866468842,1320,"{""None"": {""class"": ""Dataset"", ""dtype"": ""float32"", ""expression_semantics"": ""scaled_continuous_or_centered"", ""finite_fraction"": 1.0, ""integer_like_fraction"": 0.00186920166015625, ""negative_fraction"": 0.9413541158040365, ""sample_equal_to_x"": true, ""sample_max"": 10.0, ""sample_min"": -1.2734392881393433, ""sampled_values"": 786432, ""zero_fraction"": 0.0}}","[""None""]",139.0,"{""condition"": null, ""sample"": ""orig.ident"", ""sample_n_unique"": 1, ""sample_nonempty_fraction"": 1.0, ""species"": ""species"", ""species_n_unique"": 1, ""species_nonempty_fraction"": 1.0, ""stage"": null, ""tissue"": ""tissue"", ""tissue_n_unique"": 1, ""tissue_nonempty_fraction"": 1.0}",19,1348,2000,5,0.9413541158040365,"[""source__unnamed"", ""orig.ident"", ""source__index"", ""nCount_RNA"", ""nFeature_RNA"", ""RNA_snn_res.0.5"", ""seurat_clusters"", ""celltype_after"", ""dataset_id"", ""species"", ""accession"", ""tissue"", ""cell_type_original"", ""cell_type_canonical"", ""cell_type_mapping_status"", ""cell_type_is_unknown""]",True,[],[],Arabidopsis thaliana_EMTAB9174.h5ad,0,1,10.0,-1.2734392881393433,786432,1.0.0,Arabidopsis thaliana,ok,"{""Early anther"": 52, ""Epidermis"": 362, ""Flower meristem"": 748, ""Intermediate anther"": 139, ""Late anther"": 19}",28,"[""conversion_provenance"", ""expression_representation"", ""schema_version"", ""source"", ""source_annotation_column_name_map""]","[""gene_id_original"", ""gene_id_canonical"", ""gene_mapping_status"", ""species"", ""dataset_id""]",True,[],"[""canonical_cell_type_mapping_empty"", ""canonical_gene_mapping_empty"", ""nonsemantic_expression_layer_name""]",Dataset,float32,0.0
0.0,0,0.0,0,"{""unmapped"": 35199}",Arabidopsis thaliana_PRJCA003094,nonnegative_integer_unverified,csr,count_like_nonnegative_integer,596974377,1.0,"{""arabidopsis_locus"": 5000}","{""unmapped"": 34220}",1.0,celltype_after,0.8728941163101225,30725,"{""None"": {""class"": ""_CSRDataset"", ""dtype"": ""int64"", ""expression_semantics"": ""count_like_nonnegative_integer"", ""finite_fraction"": 1.0, ""integer_like_fraction"": 1.0, ""negative_fraction"": 0.0, ""sample_equal_to_x"": true, ""sample_max"": 1195.0, ""sample_min"": 0.0, ""sampled_values"": 786432, ""zero_fraction"": 0.9091275533040365}}","[""None""]",4741.0,"{""condition"": null, ""sample"": ""orig.ident"", ""sample_n_unique"": 1, ""sample_nonempty_fraction"": 1.0, ""species"": ""species"", ""species_n_unique"": 1, ""species_nonempty_fraction"": 1.0, ""stage"": null, ""tissue"": ""tissue"", ""tissue_n_unique"": 1, ""tissue_nonempty_fraction"": 1.0}",106,35199,34220,8,0.0,"[""source__unnamed"", ""orig.ident"", ""nCount_RNA"", ""nFeature_RNA"", ""source__index"", ""percent.mt"", ""percent.ct"", ""nCount_SCT"", ""nFeature_SCT"", ""integrated_snn_res.0.3"", ""seurat_clusters"", ""celltype_after"", ""dataset_id"", ""species"", ""accession"", ""tissue"", ""cell_type_original"", ""cell_type_canonical"", ""cell_type_mapping_status"", ""cell_type_is_unknown""]",True,[],[],Arabidopsis thaliana_PRJCA003094.h5ad,1,0,1195.0,0.0,786432,1.0.0,Arabidopsis thaliana,ok,"{""Companion cell"": 736, ""Leaf guard cell"": 479, ""Mesophyll cell"": 5482, ""Proliferating cell"": 7964, ""Shoot apical meristem"": 106, ""Shoot system endodermis"": 4608, ""Shoot system epidermis"": 6476, ""Shoot system vascular system"": 4874}",4474,"[""conversion_provenance"", ""expression_representation"", ""schema_version"", ""source"", ""source_annotation_column_name_map""]","[""gene_id_original"", ""gene_id_canonical"", ""gene_mapping_status"", ""species"", ""dataset_id""]",True,[],"[""canonical_cell_type_mapping_empty"", ""canonical_gene_mapping_empty"", ""nonsemantic_expression_layer_name""]",_CSRDataset,int64,0.9091275533040365
0.0,0,0.0,0,"{""unmapped"": 54273}",Arabidopsis thaliana_PRJCA016521_Root,nonnegative_integer_unverified,csr,count_like_nonnegative_integer,626222871,1.0,"{""arabidopsis_locus"": 5000}","{""unmapped"": 24756}",1.0,celltype_after,0.7985554511451366,43340,"{""None"": {""class"": ""_CSRDataset"", ""dtype"": ""int64"", ""expression_semantics"": ""count_like_nonnegative_integer"", ""finite_fraction"": 1.0, ""integer_like_fraction"": 1.0, ""negative_fraction"": 0.0, ""sample_equal_to_x"": true, ""sample_max"": 259.0, ""sample_min"": 0.0, ""sampled_values"": 786432, ""zero_fraction"": 0.9056218465169271}}","[""None""]",2783.0,"{""condition"": null, ""sample"": ""orig.ident"", ""sample_n_unique"": 2, ""sample_nonempty_fraction"": 1.0, ""species"": ""species"", ""species_n_unique"": 1, ""species_nonempty_fraction"": 1.0, ""stage"": null, ""tissue"": ""tissue"", ""tissue_n_unique"": 1, ""tissue_nonempty_fraction"": 1.0}",1453,54273,24756,13,0.0,"[""source__unnamed"", ""orig.ident"", ""nCount_RNA"", ""nFeature_RNA"", ""source__index"", ""nCount_SCT"", ""nFeature_SCT"", ""integrated_snn_res.0.5"", ""seurat_clusters"", ""celltype_after"", ""dataset_id"", ""species"", ""accession"", ""tissue"", ""cell_type_original"", ""cell_type_canonical"", ""cell_type_mapping_status"", ""cell_type_is_unknown""]",True,[],[],Arabidopsis thaliana_PRJCA016521_Root.h5ad,0,0,259.0,0.0,786432,1.0.0,Arabidopsis thaliana,ok,"{""Columella root cap cell"": 1636, ""G2/M-phase cell"": 2881, ""Lateral root cap"": 7581, ""Non-hair root epidermal cell"": 1534, ""Pericycle cell"": 7811, ""Phloem"": 2219, ""Root cortex"": 4198, ""Root endodermis"": 2996, ""Root hair cell"": 2783, ""Root initial cell"": 2694, ""Root procambium"": 3684, ""S-phase cell"": 1453, ""Xylem"": 1870}",10933,"[""conversion_provenance"", ""expression_representation"", ""schema_version"", ""source"", ""source_annotation_column_name_map""]","[""gene_id_original"", ""gene_id_canonical"", ""gene_mapping_status"", ""species"", ""dataset_id""]",True,[],"[""canonical_cell_type_mapping_empty"", ""canonical_gene_mapping_empty"", ""nonsemantic_expression_layer_name""]",_CSRDataset,int64,0.9056218465169271
0.0,0,0.0,0,"{""unmapped"": 35503}",Arabidopsis thaliana_PRJCA016521_Shoot,nonnegative_integer_unverified,csr,count_like_nonnegative_integer,261590044,1.0,"{""arabidopsis_locus"": 5000}","{""unmapped"": 24669}",1.0,celltype_after,0.775906261442695,27547,"{""None"": {""class"": ""_CSRDataset"", ""dtype"": ""int64"", ""expression_semantics"": ""count_like_nonnegative_integer"", ""finite_fraction"": 1.0, ""integer_like_fraction"": 1.0, ""negative_fraction"": 0.0, ""sample_equal_to_x"": true, ""sample_max"": 634.0, ""sample_min"": 0.0, ""sampled_values"": 786432, ""zero_fraction"": 0.9339307149251302}}","[""None""]",1160.0,"{""condition"": null, ""sample"": ""orig.ident"", ""sample_n_unique"": 2, ""sample_nonempty_fraction"": 1.0, ""species"": ""species"", ""species_n_unique"": 1, ""species_nonempty_fraction"": 1.0, ""stage"": null, ""tissue"": ""tissue"", ""tissue_n_unique"": 1, ""tissue_nonempty_fraction"": 1.0}",285,35503,24669,11,0.0,"[""source__unnamed"", ""orig.ident"", ""nCount_RNA"", ""nFeature_RNA"", ""source__index"", ""nCount_SCT"", ""nFeature_SCT"", ""integrated_snn_res.0.5"", ""seurat_clusters"", ""celltype_after"", ""dataset_id"", ""species"", ""accession"", ""tissue"", ""cell_type_original"", ""cell_type_canonical"", ""cell_type_mapping_status"", ""cell_type_is_unknown""]",True,[],[],Arabidopsis thaliana_PRJCA016521_Shoot.h5ad,1,0,634.0,0.0,786432,1.0.0,Arabidopsis thaliana,ok,"{""Companion cell"": 726, ""Mesophyll cell"": 7846, ""S-phase cell"": 394, ""Shoot apical meristem"": 1160, ""Shoot parenchyma"": 2364, ""Shoot system cortex"": 1241, ""Shoot system endodermis"": 853, ""Shoot system epidermis"": 7680, ""Shoot system vascular system"": 4542, ""Sieve element"": 285, ""Xylem"": 456}",7956,"[""conversion_provenance"", ""expression_representation"", ""schema_version"", ""source"", ""source_annotation_column_name_map""]","[""gene_id_original"", ""gene_id_canonical"", ""gene_mapping_status"", ""species"", ""dataset_id""]",True,[],"[""canonical_cell_type_mapping_empty"", ""canonical_gene_mapping_empty"", ""nonsemantic_expression_layer_name""]",_CSRDataset,int64,0.9339307149251302
0.0,0,0.0,0,"{""unmapped"": 21616}",Arabidopsis thaliana_PRJCA021408_Root,nonnegative_integer_unverified,csr,count_like_nonnegative_integer,103182892,1.0,"{""arabidopsis_locus"": 5000}","{""unmapped"": 25102}",1.0,celltype_after,0.8236028867505552,17803,"{""None"": {""class"": ""_CSRDataset"", ""dtype"": ""int64"", ""expression_semantics"": ""count_like_nonnegative_integer"", ""finite_fraction"": 1.0, ""integer_like_fraction"": 1.0, ""negative_fraction"": 0.0, ""sample_equal_to_x"": true, ""sample_max"": 60.0, ""sample_min"": 0.0, ""sampled_values"": 786432, ""zero_fraction"": 0.9550081888834635}}","[""None""]",3275.0,"{""condition"": null, ""sample"": ""orig.ident"", ""sample_n_unique"": 1, ""sample_nonempty_fraction"": 1.0, ""species"": ""species"", ""species_n_unique"": 1, ""species_nonempty_fraction"": 1.0, ""stage"": null, ""tissue"": ""tissue"", ""tissue_n_unique"": 1, ""tissue_nonempty_fraction"": 1.0}",654,21616,25102,4,0.0,"[""source__unnamed"", ""orig.ident"", ""nCount_RNA"", ""nFeature_RNA"", ""source__index"", ""nCount_SCT"", ""nFeature_SCT"", ""integrated_snn_res.0.5"", ""seurat_clusters"", ""celltype_after"", ""dataset_id"", ""species"", ""accession"", ""tissue"", ""cell_type_original"", ""cell_type_canonical"", ""cell_type_mapping_status"", ""cell_type_is_unknown""]",True,[],[],Arabidopsis thaliana_PRJCA021408_Root.h5ad,0,0,60.0,0.0,786432,1.0.0,Arabidopsis thaliana,ok,"{""Non-hair root epidermal cell"": 10599, ""Root cortex"": 5133, ""Root endodermis"": 1417, ""Root hair cell"": 654}",3813,"[""conversion_provenance"", ""expression_representation"", ""schema_version"", ""source"", ""source_annotation_column_name_map""]","[""gene_id_original"", ""gene_id_canonical"", ""gene_mapping_status"", ""species"", ""dataset_id""]",True,[],"[""canonical_cell_type_mapping_empty"", ""canonical_gene_mapping_empty"", ""nonsemantic_expression_layer_name""]",_CSRDataset,int64,0.9550081888834635
0.0,0,0.0,0,"{""unmapped"": 68134}",Arabidopsis thaliana_PRJCA021408_Shoot,nonnegative_integer_unverified,csr,count_like_nonnegative_integer,287900385,1.0,"{""arabidopsis_locus"": 5000}","{""unmapped"": 25102}",1.0,celltype_after,0.6161094314145654,41978,"{""None"": {""class"": ""_CSRDataset"", ""dtype"": ""int64"", ""expression_semantics"": ""count_like_nonnegative_integer"", ""finite_fraction"": 1.0, ""integer_like_fraction"": 1.0, ""negative_fraction"": 0.0, ""sample_equal_to_x"": true, ""sample_max"": 18.0, ""sample_min"": 0.0, ""sampled_values"": 786432, ""zero_fraction"": 0.9619572957356771}}","[""None""]",6788.0,"{""condition"": null, ""sample"": ""orig.ident"", ""sample_n_unique"": 1, ""sample_nonempty_fraction"": 1.0, ""species"": ""species"", ""species_n_unique"": 1, ""species_nonempty_fraction"": 1.0, ""stage"": null, ""tissue"": ""tissue"", ""tissue_n_unique"": 1, ""tissue_nonempty_fraction"": 1.0}",860,68134,25102,4,0.0,"[""source__unnamed"", ""orig.ident"", ""nCount_RNA"", ""nFeature_RNA"", ""source__index"", ""nCount_SCT"", ""nFeature_SCT"", ""integrated_snn_res.0.5"", ""seurat_clusters"", ""celltype_after"", ""dataset_id"", ""species"", ""accession"", ""tissue"", ""cell_type_original"", ""cell_type_canonical"", ""cell_type_mapping_status"", ""cell_type_is_unknown""]",True,[],[],Arabidopsis thaliana_PRJCA021408_Shoot.h5ad,0,0,18.0,0.0,786432,1.0.0,Arabidopsis thaliana,ok,"{""Guard cell"": 860, ""Mesophyll cell"": 27542, ""Proliferating cell"": 4392, ""Shoot system epidermis"": 9184}",26156,"[""conversion_provenance"", ""expression_representation"", ""schema_version"", ""source"", ""source_annotation_column_name_map""]","[""gene_id_original"", ""gene_id_canonical"", ""gene_mapping_status"", ""species"", ""dataset_id""]",True,[],"[""canonical_cell_type_mapping_empty"", ""canonical_gene_mapping_empty"", ""nonsemantic_expression_layer_name""]",_CSRDataset,int64,0.9619572957356771
0.0,0,0.0,0,"{""unmapped"": 18280}",Arabidopsis thaliana_PRJDB14071,normalized_nonnegative_continuous,csr,nonnegative_continuous_or_log_normalized,73713057,1.0,"{""arabidopsis_locus"": 5000}","{""unmapped"": 19051}",0.9575958251953125,celltype_after,0.34321663019693655,6274,"{""None"": {""class"": ""_CSRDataset"", ""dtype"": ""float32"", ""expression_semantics"": ""nonnegative_continuous_or_log_normalized"", ""finite_fraction"": 1.0, ""integer_like_fraction"": 0.9575958251953125, ""negative_fraction"": 0.0, ""sample_equal_to_x"": true, ""sample_max"": 5.843193531036377, ""sample_min"": 0.0, ""sampled_values"": 786432, ""zero_fraction"": 0.9575958251953125}}","[""None""]",582.0,"{""condition"": null, ""sample"": ""orig.ident"", ""sample_n_unique"": 1, ""sample_nonempty_fraction"": 1.0, ""species"": ""species"", ""species_n_unique"": 1, ""species_nonempty_fraction"": 1.0, ""stage"": null, ""tissue"": ""tissue"", ""tissue_n_unique"": 1, ""tissue_nonempty_fraction"": 1.0}",124,18280,19051,6,0.0,"[""source__unnamed"", ""orig.ident"", ""nCount_RNA"", ""nFeature_RNA"", ""RNA_snn_res.1"", ""seurat_clusters"", ""celltype1"", ""celltype_after"", ""dataset_id"", ""species"", ""accession"", ""tissue"", ""cell_type_original"", ""cell_type_canonical"", ""cell_type_mapping_status"", ""cell_type_is_unknown""]",True,[],[],Arabidopsis thaliana_PRJDB14071.h5ad,1,0,5.843193531036377,0.0,786432,1.0.0,Arabidopsis thaliana,ok,"{""Bundle sheath cell"": 804, ""Companion cell"": 258, ""Leaf guard cell"": 360, ""Leaf lamina epidermis"": 2334, ""Mesophyll cell"": 124, ""Tracheary element"": 2394}",12006,"[""conversion_provenance"", ""expression_representation"", ""schema_version"", ""source"", ""source_annotation_column_name_map""]","[""gene_id_original"", ""gene_id_canonical"", ""gene_mapping_status"", ""species"", ""dataset_id""]",True,[],"[""cell_type_coverage_below_50_percent"", ""canonical_cell_type_mapping_empty"", ""canonical_gene_mapping_empty"", ""nonsemantic_expression_layer_name""]",_CSRDataset,float32,0.9575958251953125
0.0,0,0.0,0,"{""unmapped"": 2286}",Arabidopsis thaliana_PRJEB47924,nonnegative_integer_unverified,csr,count_like_nonnegative_integer,29808371,1.0,"{""arabidopsis_locus"": 2924, ""other"": 66, ""symbol_like"": 2010}","{""unmapped"": 19120}",1.0,celltype_after,0.31539807524059493,721,"{""None"": {""class"": ""_CSRDataset"", ""dtype"": ""int64"", ""expression_semantics"": ""count_like_nonnegative_integer"", ""finite_fraction"": 1.0, ""integer_like_fraction"": 1.0, ""negative_fraction"": 0.0, ""sample_equal_to_x"": true, ""sample_max"": 302.0, ""sample_min"": 0.0, ""sampled_values"": 786432, ""zero_fraction"": 0.8902549743652344}}","[""None""]",360.5,"{""condition"": null, ""sample"": ""orig.ident"", ""sample_n_unique"": 1, ""sample_nonempty_fraction"": 1.0, ""species"": ""species"", ""species_n_unique"": 1, ""species_nonempty_fraction"": 1.0, ""stage"": null, ""tissue"": ""tissue"", ""tissue_n_unique"": 1, ""tissue_nonempty_fraction"": 1.0}",297,2286,19120,2,0.0,"[""source__unnamed"", ""orig.ident"", ""nCount_RNA"", ""nFeature_RNA"", ""nCount_SCT"", ""nFeature_SCT"", ""integrated_snn_res.0.5"", ""seurat_clusters"", ""celltype1"", ""celltype_after"", ""dataset_id"", ""species"", ""accession"", ""tissue"", ""cell_type_original"", ""cell_type_canonical"", ""cell_type_mapping_status"", ""cell_type_is_unknown""]",True,[],[],Arabidopsis thaliana_PRJEB47924.h5ad,0,0,302.0,0.0,786432,1.0.0,Arabidopsis thaliana,ok,"{""Leaf lamina epidermis"": 424, ""Leaf vascular system"": 297}",1565,"[""conversion_provenance"", ""expression_representation"", ""schema_version"", ""source"", ""source_annotation_column_name_map""]","[""gene_id_original"", ""gene_id_canonical"", ""gene_mapping_status"", ""species"", ""dataset_id""]",True,[],"[""cell_type_coverage_below_50_percent"", ""canonical_cell_type_mapping_empty"", ""canonical_gene_mapping_empty"", ""nonsemantic_expression_layer_name""]",_CSRDataset,int64,0.8902549743652344
0.0,0,0.0,0,"{""unmapped"": 54066}",Arabidopsis thaliana_PRJEB61052,scaled_continuous,dense,scaled_continuous_or_centered,1412012811,1.0,"{""arabidopsis_locus"": 5000}","{""unmapped"": 6466}",1.2715657552083334e-05,celltype_after,0.3914474901046869,21164,"{""None"": {""class"": ""Dataset"", ""dtype"": ""float32"", ""expression_semantics"": ""scaled_continuous_or_centered"", ""finite_fraction"": 1.0, ""integer_like_fraction"": 1.2715657552083334e-05, ""negative_fraction"": 0.718878428141276, ""sample_equal_to_x"": true, ""sample_max"": 21.014720916748047, ""sample_min"": -6.241526126861572, ""sampled_values"": 786432, ""zero_fraction"": 0.0}}","[""None""]",2736.5,"{""condition"": null, ""sample"": ""orig.ident"", ""sample_n_unique"": 8, ""sample_nonempty_fraction"": 1.0, ""species"": ""species"", ""species_n_unique"": 1, ""species_nonempty_fraction"": 1.0, ""stage"": null, ""tissue"": ""tissue"", ""tissue_n_unique"": 1, ""tissue_nonempty_fraction"": 1.0}",852,54066,6466,6,0.718878428141276,"[""source__unnamed"", ""orig.ident"", ""nCount_RNA"", ""nFeature_RNA"", ""nCount_SCT"", ""nFeature_SCT"", ""integrated_snn_res.0.5"", ""seurat_clusters"", ""celltype1"", ""celltype_after"", ""dataset_id"", ""species"", ""accession"", ""tissue"", ""cell_type_original"", ""cell_type_canonical"", ""cell_type_mapping_status"", ""cell_type_is_unknown""]",True,[],[],Arabidopsis thaliana_PRJEB61052.h5ad,0,0,21.014720916748047,-6.241526126861572,786432,1.0.0,Arabidopsis thaliana,ok,"{""Bundle sheath cell"": 9894, ""Companion cell"": 1330, ""Leaf guard cell"": 3615, ""Leaf lamina epidermis"": 2599, ""Leaf preprocambium"": 2874, ""Phloem parenchyma cell"": 852}",32902,"[""conversion_provenance"", ""expression_representation"", ""schema_version"", ""source"", ""source_annotation_column_name_map""]","[""gene_id_original"", ""gene_id_canonical"", ""gene_mapping_status"", ""species"", ""dataset_id""]",True,[],"[""cell_type_coverage_below_50_percent"", ""canonical_cell_type_mapping_empty"", ""canonical_gene_mapping_empty"", ""nonsemantic_expression_layer_name""]",Dataset,float32,0.0
0.0,0,0.0,0,"{""unmapped"": 5045}",Arabidopsis thaliana_PRJNA471914,scaled_continuous,dense,scaled_continuous_or_centered,110164303,1.0,"{""arabidopsis_locus"": 5000}","{""unmapped"": 5312}",6.357828776041667e-06,celltype_after,0.8333002973240833,4204,"{""None"": {""class"": ""Dataset"", ""dtype"": ""float32"", ""expression_semantics"": ""scaled_continuous_or_centered"", ""finite_fraction"": 1.0, ""integer_like_fraction"": 6.357828776041667e-06, ""negative_fraction"": 0.7847124735514323, ""sample_equal_to_x"": true, ""sample_max"": 8.195634841918945, ""sample_min"": -4.381476402282715, ""sampled_values"": 786432, ""zero_fraction"": 0.0}}","[""None""]",343.0,"{""condition"": null, ""sample"": ""orig.ident"", ""sample_n_unique"": 6, ""sample_nonempty_fraction"": 1.0, ""species"": ""species"", ""species_n_unique"": 1, ""species_nonempty_fraction"": 1.0, ""stage"": null, ""tissue"": ""tissue"", ""tissue_n_unique"": 1, ""tissue_nonempty_fraction"": 1.0}",100,5045,5312,9,0.7847124735514323,"[""source__unnamed"", ""orig.ident"", ""source__index"", ""nCount_RNA"", ""nFeature_RNA"", ""percent.mt"", ""percent.ct"", ""nCount_SCT"", ""nFeature_SCT"", ""integrated_snn_res.0.5"", ""seurat_clusters"", ""celltype_after"", ""celltype_before"", ""dataset_id"", ""species"", ""accession"", ""tissue"", ""cell_type_original"", ""cell_type_canonical"", ""cell_type_mapping_status"", ""cell_type_is_unknown""]",True,[],[],Arabidopsis thaliana_PRJNA471914.h5ad,0,0,8.195634841918945,-4.381476402282715,786432,1.0.0,Arabidopsis thaliana,ok,"{""Non-hair root epidermal cell"": 846, ""Phloem pole pericycle cell"": 343, ""Primary xylem"": 245, ""Protophloem"": 100, ""Root cortex"": 401, ""Root endodermis"": 198, ""Root hair cell"": 599, ""Root meristem"": 1203, ""Root procambium"": 269}",841,"[""conversion_provenance"", ""expression_representation"", ""schema_version"", ""source"", ""source_annotation_column_name_map""]","[""gene_id_original"", ""gene_id_canonical"", ""gene_mapping_status"", ""species"", ""dataset_id""]",True,[],"[""canonical_cell_type_mapping_empty"", ""canonical_gene_mapping_empty"", ""nonsemantic_expression_layer_name""]",Dataset,float32,0.0
0.0,0,0.0,0,"{""unmapped"": 15869}",Arabidopsis thaliana_PRJNA497883,scaled_continuous,dense,scaled_continuous_or_centered,251041014,1.0,"{""arabidopsis_locus"": 3851}","{""unmapped"": 3851}",0.00882720947265625,celltype_after,1.0,15869,"{""None"": {""class"": ""Dataset"", ""dtype"": ""float32"", ""expression_semantics"": ""scaled_continuous_or_centered"", ""finite_fraction"": 1.0, ""integer_like_fraction"": 0.00882720947265625, ""negative_fraction"": 0.8620211283365885, ""sample_equal_to_x"": true, ""sample_max"": 10.0, ""sample_min"": -7.575775623321533, ""sampled_values"": 786432, ""zero_fraction"": 0.0}}","[""None""]",1443.0,"{""condition"": null, ""sample"": ""orig.ident"", ""sample_n_unique"": 3, ""sample_nonempty_fraction"": 1.0, ""species"": ""species"", ""species_n_unique"": 1, ""species_nonempty_fraction"": 1.0, ""stage"": null, ""tissue"": ""tissue"", ""tissue_n_unique"": 1, ""tissue_nonempty_fraction"": 1.0}",310,15869,3851,12,0.8620211283365885,"[""source__unnamed"", ""orig.ident"", ""source__index"", ""nCount_RNA"", ""nFeature_RNA"", ""nCount_SCT"", ""nFeature_SCT"", ""integrated_snn_res.0.5"", ""seurat_clusters"", ""celltype_after"", ""celltype_before"", ""dataset_id"", ""species"", ""accession"", ""tissue"", ""cell_type_original"", ""cell_type_canonical"", ""cell_type_mapping_status"", ""cell_type_is_unknown""]",True,[],[],Arabidopsis thaliana_PRJNA497883.h5ad,0,0,10.0,-7.575775623321533,786432,1.0.0,Arabidopsis thaliana,ok,"{""Companion cell"": 807, ""Lateral root cap"": 2189, ""Non-hair root epidermal cell"": 1917, ""Phloem pole pericycle cell"": 809, ""Primary xylem"": 595, ""Protophloem"": 310, ""Root cortex"": 1461, ""Root endodermis"": 1454, ""Root hair cell"": 1011, ""Root meristem"": 1432, ""Root procambium"": 1775, ""Xylem pole pericycle cell"": 2109}",0,"[""conversion_provenance"", ""expression_representation"", ""schema_version"", ""source"", ""source_annotation_column_name_map""]","[""gene_id_original"", ""gene_id_canonical"", ""gene_mapping_status"", ""species"", ""dataset_id""]",True,[],"[""canonical_cell_type_mapping_empty"", ""canonical_gene_mapping_empty"", ""nonsemantic_expression_layer_name""]",Dataset,float32,0.0
0.0,0,0.0,0,"{""unmapped"": 15843}",Arabidopsis thaliana_PRJNA506007,scaled_continuous,dense,scaled_continuous_or_centered,426526678,1.0,"{""arabidopsis_locus"": 5000}","{""unmapped"": 6635}",0.00013097127278645834,celltype_after,1.0,15843,"{""None"": {""class"": ""Dataset"", ""dtype"": ""float32"", ""expression_semantics"": ""scaled_continuous_or_centered"", ""finite_fraction"": 1.0, ""integer_like_fraction"": 0.00013097127278645834, ""negative_fraction"": 0.7999267578125, ""sample_equal_to_x"": true, ""sample_max"": 10.0, ""sample_min"": -3.6933035850524902, ""sampled_values"": 786432, ""zero_fraction"": 0.0}}","[""None""]",1571.5,"{""condition"": null, ""sample"": ""orig.ident"", ""sample_n_unique"": 10, ""sample_nonempty_fraction"": 1.0, ""species"": ""species"", ""species_n_unique"": 1, ""species_nonempty_fraction"": 1.0, ""stage"": null, ""tissue"": ""tissue"", ""tissue_n_unique"": 1, ""tissue_nonempty_fraction"": 1.0}",17,15843,6635,8,0.7999267578125,"[""source__unnamed"", ""orig.ident"", ""source__index"", ""nCount_RNA"", ""nFeature_RNA"", ""percent.mt"", ""percent.ct"", ""nCount_SCT"", ""nFeature_SCT"", ""integrated_snn_res.0.3"", ""seurat_clusters"", ""idents"", ""celltype_after"", ""celltype_before"", ""dataset_id"", ""species"", ""accession"", ""tissue"", ""cell_type_original"", ""cell_type_canonical"", ""cell_type_mapping_status"", ""cell_type_is_unknown""]",True,[],[],Arabidopsis thaliana_PRJNA506007.h5ad,1,1,10.0,-3.6933035850524902,786432,1.0.0,Arabidopsis thaliana,ok,"{""Columella root cap cell"": 17, ""Non_hair root epidermal cell"": 7662, ""Primary phloem"": 1531, ""Primary xylem"": 1180, ""Root cortex"": 1920, ""Root endodermis"": 287, ""Root hair cell"": 1634, ""Root meristem"": 1612}",0,"[""conversion_provenance"", ""expression_representation"", ""schema_version"", ""source"", ""source_annotation_column_name_map""]","[""gene_id_original"", ""gene_id_canonical"", ""gene_mapping_status"", ""species"", ""dataset_id""]",True,[],"[""canonical_cell_type_mapping_empty"", ""canonical_gene_mapping_empty"", ""nonsemantic_expression_layer_name""]",Dataset,float32,0.0
0.0,0,0.0,0,"{""unmapped"": 17537}",Arabidopsis thaliana_PRJNA507252,scaled_continuous,dense,scaled_continuous_or_centered,301246820,1.0,"{""arabidopsis_locus"": 4214}","{""unmapped"": 4214}",2.288818359375e-05,celltype_after,1.0,17537,"{""None"": {""class"": ""Dataset"", ""dtype"": ""float32"", ""expression_semantics"": ""scaled_continuous_or_centered"", ""finite_fraction"": 1.0, ""integer_like_fraction"": 2.288818359375e-05, ""negative_fraction"": 0.81646728515625, ""sample_equal_to_x"": true, ""sample_max"": 24.433597564697266, ""sample_min"": -10.122475624084473, ""sampled_values"": 786432, ""zero_fraction"": 0.0}}","[""None""]",1020.0,"{""condition"": null, ""sample"": ""orig.ident"", ""sample_n_unique"": 3, ""sample_nonempty_fraction"": 1.0, ""species"": ""species"", ""species_n_unique"": 1, ""species_nonempty_fraction"": 1.0, ""stage"": null, ""tissue"": ""tissue"", ""tissue_n_unique"": 1, ""tissue_nonempty_fraction"": 1.0}",74,17537,4214,12,0.81646728515625,"[""source__unnamed"", ""orig.ident"", ""nCount_RNA"", ""nFeature_RNA"", ""nCount_SCT"", ""nFeature_SCT"", ""integrated_snn_res.0.5"", ""seurat_clusters"", ""idents"", ""CD_Features"", ""celltype_before"", ""CD_Features1"", ""celltype_after"", ""dataset_id"", ""species"", ""accession"", ""tissue"", ""cell_type_original"", ""cell_type_canonical"", ""cell_type_mapping_status"", ""cell_type_is_unknown""]",True,[],[],Arabidopsis thaliana_PRJNA507252.h5ad,1,0,24.433597564697266,-10.122475624084473,786432,1.0.0,Arabidopsis thaliana,ok,"{""Companion cell"": 282, ""Lateral root cap"": 3689, ""Non-hair root epidermal cell"": 2484, ""Phloem pole pericycle cell"": 907, ""Primary phloem"": 1133, ""Primary xylem"": 389, ""Protophloem"": 74, ""Root cortex"": 3116, ""Root endodermis"": 1505, ""Root hair cell"": 2558, ""Root meristem"": 517, ""Root procambium"": 883}",0,"[""conversion_provenance"", ""expression_representation"", ""schema_version"", ""source"", ""source_annotation_column_name_map""]","[""gene_id_original"", ""gene_id_canonical"", ""gene_mapping_status"", ""species"", ""dataset_id""]",True,[],"[""canonical_cell_type_mapping_empty"", ""canonical_gene_mapping_empty"", ""nonsemantic_expression_layer_name""]",Dataset,float32,0.0
0.0,0,0.0,0,"{""unmapped"": 9928}",Arabidopsis thaliana_PRJNA509920,nonnegative_integer_unverified,csr,count_like_nonnegative_integer,111900696,1.0,"{""arabidopsis_locus"": 5000}","{""unmapped"": 23898}",1.0,celltype_after,1.0,9928,"{""None"": {""class"": ""_CSRDataset"", ""dtype"": ""int64"", ""expression_semantics"": ""count_like_nonnegative_integer"", ""finite_fraction"": 1.0, ""integer_like_fraction"": 1.0, ""negative_fraction"": 0.0, ""sample_equal_to_x"": true, ""sample_max"": 355.0, ""sample_min"": 0.0, ""sampled_values"": 786432, ""zero_fraction"": 0.9063288370768229}}","[""None""]",824.0,"{""condition"": null, ""sample"": ""orig.ident"", ""sample_n_unique"": 2, ""sample_nonempty_fraction"": 1.0, ""species"": ""species"", ""species_n_unique"": 1, ""species_nonempty_fraction"": 1.0, ""stage"": null, ""tissue"": ""tissue"", ""tissue_n_unique"": 1, ""tissue_nonempty_fraction"": 1.0}",256,9928,23898,10,0.0,"[""source__unnamed"", ""orig.ident"", ""nCount_RNA"", ""nFeature_RNA"", ""nCount_SCT"", ""nFeature_SCT"", ""integrated_snn_res.0.5"", ""seurat_clusters"", ""celltype_after"", ""celltype_before"", ""dataset_id"", ""species"", ""accession"", ""tissue"", ""cell_type_original"", ""cell_type_canonical"", ""cell_type_mapping_status"", ""cell_type_is_unknown""]",True,[],[],Arabidopsis thaliana_PRJNA509920.h5ad,0,0,355.0,0.0,786432,1.0.0,Arabidopsis thaliana,ok,"{""Columella root cap cell"": 908, ""Lateral root cap"": 1693, ""Non_hair root epidermal cell"": 740, ""Phloem pole pericycle cell"": 256, ""Primary xylem"": 662, ""Protophloem"": 516, ""Root cortex"": 1601, ""Root endodermis"": 287, ""Root hair cell"": 953, ""Root meristem"": 2312}",0,"[""conversion_provenance"", ""expression_representation"", ""schema_version"", ""source"", ""source_annotation_column_name_map""]","[""gene_id_original"", ""gene_id_canonical"", ""gene_mapping_status"", ""species"", ""dataset_id""]",True,[],"[""canonical_cell_type_mapping_empty"", ""canonical_gene_mapping_empty"", ""nonsemantic_expression_layer_name""]",_CSRDataset,int64,0.9063288370768229
0.0,0,0.0,0,"{""unmapped"": 12674}",Arabidopsis thaliana_PRJNA517021,scaled_continuous,dense,scaled_continuous_or_centered,43628466,1.0,"{""arabidopsis_locus"": 2000}","{""unmapped"": 2000}",0.0017077128092447917,celltype_after,1.0,12674,"{""None"": {""class"": ""Dataset"", ""dtype"": ""float32"", ""expression_semantics"": ""scaled_continuous_or_centered"", ""finite_fraction"": 1.0, ""integer_like_fraction"": 0.0017077128092447917, ""negative_fraction"": 0.9393577575683594, ""sample_equal_to_x"": true, ""sample_max"": 10.0, ""sample_min"": -0.9857996702194214, ""sampled_values"": 786432, ""zero_fraction"": 0.0}}","[""None""]",864.0,"{""condition"": null, ""sample"": ""orig.ident"", ""sample_n_unique"": 1, ""sample_nonempty_fraction"": 1.0, ""species"": ""species"", ""species_n_unique"": 1, ""species_nonempty_fraction"": 1.0, ""stage"": null, ""tissue"": ""tissue"", ""tissue_n_unique"": 1, ""tissue_nonempty_fraction"": 1.0}",72,12674,2000,12,0.9393577575683594,"[""source__unnamed"", ""orig.ident"", ""source__index"", ""nCount_RNA"", ""nFeature_RNA"", ""percent.mt"", ""percent.ct"", ""RNA_snn_res.0.5"", ""seurat_clusters"", ""celltype_after"", ""celltype_before"", ""dataset_id"", ""species"", ""accession"", ""tissue"", ""cell_type_original"", ""cell_type_canonical"", ""cell_type_mapping_status"", ""cell_type_is_unknown""]",True,[],[],Arabidopsis thaliana_PRJNA517021.h5ad,1,0,10.0,-0.9857996702194214,786432,1.0.0,Arabidopsis thaliana,ok,"{""Companion cell"": 659, ""Lateral root cap"": 1888, ""Pericycle cell"": 2919, ""Photosynthetic cell"": 72, ""Primary phloem"": 929, ""Primary xylem"": 298, ""Protophloem"": 259, ""Root cortex"": 1161, ""Root endodermis"": 2145, ""Root hair cell"": 1017, ""Root meristem"": 799, ""Root procambium"": 528}",0,"[""conversion_provenance"", ""expression_representation"", ""schema_version"", ""source"", ""source_annotation_column_name_map""]","[""gene_id_original"", ""gene_id_canonical"", ""gene_mapping_status"", ""species"", ""dataset_id""]",True,[],"[""canonical_cell_type_mapping_empty"", ""canonical_gene_mapping_empty"", ""nonsemantic_expression_layer_name""]",Dataset,float32,0.0
0.0,0,0.0,0,"{""unmapped"": 777}",Arabidopsis thaliana_PRJNA551314,normalized_nonnegative_continuous,csr,nonnegative_continuous_or_log_normalized,41653290,1.0,"{""arabidopsis_locus"": 5000}","{""unmapped"": 35858}",0.7202746073404948,celltype_after,0.7078507078507078,550,"{""None"": {""class"": ""_CSRDataset"", ""dtype"": ""float32"", ""expression_semantics"": ""nonnegative_continuous_or_log_normalized"", ""finite_fraction"": 1.0, ""integer_like_fraction"": 0.7202746073404948, ""negative_fraction"": 0.0, ""sample_equal_to_x"": true, ""sample_max"": 7.3302459716796875, ""sample_min"": 0.0, ""sampled_values"": 786432, ""zero_fraction"": 0.7202707926432291}}","[""None""]",73.0,"{""condition"": null, ""sample"": ""orig.ident"", ""sample_n_unique"": 1, ""sample_nonempty_fraction"": 1.0, ""species"": ""species"", ""species_n_unique"": 1, ""species_nonempty_fraction"": 1.0, ""stage"": null, ""tissue"": ""tissue"", ""tissue_n_unique"": 1, ""tissue_nonempty_fraction"": 1.0}",38,777,35858,3,0.0,"[""source__unnamed"", ""orig.ident"", ""nCount_RNA"", ""nFeature_RNA"", ""RNA_snn_res.1"", ""seurat_clusters"", ""celltype1"", ""celltype_after"", ""dataset_id"", ""species"", ""accession"", ""tissue"", ""cell_type_original"", ""cell_type_canonical"", ""cell_type_mapping_status"", ""cell_type_is_unknown""]",True,[],[],Arabidopsis thaliana_PRJNA551314.h5ad,0,1,7.3302459716796875,0.0,786432,1.0.0,Arabidopsis thaliana,ok,"{""Bundle sheath cell"": 439, ""Companion cell"": 38, ""Mesophyll cell"": 73}",227,"[""conversion_provenance"", ""expression_representation"", ""schema_version"", ""source"", ""source_annotation_column_name_map""]","[""gene_id_original"", ""gene_id_canonical"", ""gene_mapping_status"", ""species"", ""dataset_id""]",True,[],"[""canonical_cell_type_mapping_empty"", ""canonical_gene_mapping_empty"", ""nonsemantic_expression_layer_name""]",_CSRDataset,float32,0.7202707926432291
0.0,0,0.0,0,"{""unmapped"": 12492}",Arabidopsis thaliana_PRJNA577177,normalized_nonnegative_continuous,csr,nonnegative_continuous_or_log_normalized,209314991,1.0,"{""arabidopsis_locus"": 5000}","{""unmapped"": 22368}",0.862548828125,celltype_after,0.8547070124879923,10677,"{""None"": {""class"": ""_CSRDataset"", ""dtype"": ""float32"", ""expression_semantics"": ""nonnegative_continuous_or_log_normalized"", ""finite_fraction"": 1.0, ""integer_like_fraction"": 0.862548828125, ""negative_fraction"": 0.0, ""sample_equal_to_x"": true, ""sample_max"": 7.00901460647583, ""sample_min"": 0.0, ""sampled_values"": 786432, ""zero_fraction"": 0.8625475565592448}}","[""None""]",1140.0,"{""condition"": null, ""sample"": ""orig.ident"", ""sample_n_unique"": 1, ""sample_nonempty_fraction"": 1.0, ""species"": ""species"", ""species_n_unique"": 1, ""species_nonempty_fraction"": 1.0, ""stage"": null, ""tissue"": ""tissue"", ""tissue_n_unique"": 1, ""tissue_nonempty_fraction"": 1.0}",277,12492,22368,8,0.0,"[""source__unnamed"", ""orig.ident"", ""nCount_RNA"", ""nFeature_RNA"", ""RNA_snn_res.0.5"", ""seurat_clusters"", ""celltype1"", ""celltype_after"", ""dataset_id"", ""species"", ""accession"", ""tissue"", ""cell_type_original"", ""cell_type_canonical"", ""cell_type_mapping_status"", ""cell_type_is_unknown""]",True,[],[],Arabidopsis thaliana_PRJNA577177.h5ad,0,0,7.00901460647583,0.0,786432,1.0.0,Arabidopsis thaliana,ok,"{""Early-stage meristemoid"": 1902, ""Guard mother cell"": 277, ""Late-stage meristemoid"": 1219, ""Leaf guard cell"": 1061, ""Leaf pavement cell"": 2015, ""Mesophyll cell"": 2726, ""Stomatal initial cell"": 703, ""Young guard cell"": 774}",1815,"[""conversion_provenance"", ""expression_representation"", ""schema_version"", ""source"", ""source_annotation_column_name_map""]","[""gene_id_original"", ""gene_id_canonical"", ""gene_mapping_status"", ""species"", ""dataset_id""]",True,[],"[""canonical_cell_type_mapping_empty"", ""canonical_gene_mapping_empty"", ""nonsemantic_expression_layer_name""]",_CSRDataset,float32,0.8625475565592448
0.0,0,0.0,0,"{""unmapped"": 15930}",Arabidopsis thaliana_PRJNA594539,nonnegative_integer_unverified,csr,count_like_nonnegative_integer,316617452,1.0,"{""arabidopsis_locus"": 5000}","{""unmapped"": 24027}",1.0,celltype_after,1.0,15930,"{""None"": {""class"": ""_CSRDataset"", ""dtype"": ""int64"", ""expression_semantics"": ""count_like_nonnegative_integer"", ""finite_fraction"": 1.0, ""integer_like_fraction"": 1.0, ""negative_fraction"": 0.0, ""sample_equal_to_x"": true, ""sample_max"": 1422.0, ""sample_min"": 0.0, ""sampled_values"": 786432, ""zero_fraction"": 0.8526344299316406}}","[""None""]",987.0,"{""condition"": null, ""sample"": ""orig.ident"", ""sample_n_unique"": 3, ""sample_nonempty_fraction"": 1.0, ""species"": ""species"", ""species_n_unique"": 1, ""species_nonempty_fraction"": 1.0, ""stage"": null, ""tissue"": ""tissue"", ""tissue_n_unique"": 1, ""tissue_nonempty_fraction"": 1.0}",237,15930,24027,16,0.0,"[""source__unnamed"", ""orig.ident"", ""nCount_RNA"", ""nFeature_RNA"", ""source__index"", ""nCount_SCT"", ""nFeature_SCT"", ""integrated_snn_res.0.5"", ""seurat_clusters"", ""celltype_after"", ""celltype_before"", ""dataset_id"", ""species"", ""accession"", ""tissue"", ""cell_type_original"", ""cell_type_canonical"", ""cell_type_mapping_status"", ""cell_type_is_unknown""]",True,[],[],Arabidopsis thaliana_PRJNA594539.h5ad,0,0,1422.0,0.0,786432,1.0.0,Arabidopsis thaliana,ok,"{""Columella root cap cell"": 1513, ""Dividing cell"": 318, ""Lateral root cap"": 1590, ""Non-hair root epidermal cell"": 935, ""Pericycle cell"": 1539, ""Phloem"": 582, ""Phloem pole pericycle cell"": 936, ""Primary xylem"": 531, ""Protophloem"": 237, ""Root cortex"": 1356, ""Root endodermis"": 1038, ""Root hair cell"": 1225, ""Root initial cell"": 935, ""Root meristem"": 1292, ""Root procambium"": 1193, ""Xylem pole pericycle cell"": 710}",0,"[""conversion_provenance"", ""expression_representation"", ""schema_version"", ""source"", ""source_annotation_column_name_map""]","[""gene_id_original"", ""gene_id_canonical"", ""gene_mapping_status"", ""species"", ""dataset_id""]",True,[],"[""canonical_cell_type_mapping_empty"", ""canonical_gene_mapping_empty"", ""nonsemantic_expression_layer_name""]",_CSRDataset,int64,0.8526344299316406
0.0,0,0.0,0,"{""unmapped"": 53461}",Arabidopsis thaliana_PRJNA605594,scaled_continuous,dense,scaled_continuous_or_centered,867681837,1.0,"{""arabidopsis_locus"": 1936, ""other"": 43, ""symbol_like"": 1990}","{""unmapped"": 3969}",1.9073486328125e-05,celltype_after,0.6803090103065786,36370,"{""None"": {""class"": ""Dataset"", ""dtype"": ""float32"", ""expression_semantics"": ""scaled_continuous_or_centered"", ""finite_fraction"": 1.0, ""integer_like_fraction"": 1.9073486328125e-05, ""negative_fraction"": 0.839911142985026, ""sample_equal_to_x"": true, ""sample_max"": 33.449317932128906, ""sample_min"": -10.93059253692627, ""sampled_values"": 786432, ""zero_fraction"": 0.0}}","[""None""]",2985.0,"{""condition"": null, ""sample"": ""orig.ident"", ""sample_n_unique"": 1, ""sample_nonempty_fraction"": 1.0, ""species"": ""species"", ""species_n_unique"": 1, ""species_nonempty_fraction"": 1.0, ""stage"": null, ""tissue"": ""tissue"", ""tissue_n_unique"": 1, ""tissue_nonempty_fraction"": 1.0}",684,53461,3969,7,0.839911142985026,"[""source__unnamed"", ""orig.ident"", ""nCount_RNA"", ""nFeature_RNA"", ""nCount_SCT"", ""nFeature_SCT"", ""integrated_snn_res.0.5"", ""seurat_clusters"", ""celltype1"", ""celltype_after"", ""dataset_id"", ""species"", ""accession"", ""tissue"", ""cell_type_original"", ""cell_type_canonical"", ""cell_type_mapping_status"", ""cell_type_is_unknown""]",True,[],[],Arabidopsis thaliana_PRJNA605594.h5ad,0,0,33.449317932128906,-10.93059253692627,786432,1.0.0,Arabidopsis thaliana,ok,"{""Bundle sheath cell"": 2985, ""Companion cell"": 713, ""Leaf guard cell"": 684, ""Leaf lamina epidermis"": 3603, ""Leaf preprocambium"": 1510, ""Mesophyll cell"": 22967, ""Phloem parenchyma cell"": 3908}",17091,"[""conversion_provenance"", ""expression_representation"", ""schema_version"", ""source"", ""source_annotation_column_name_map""]","[""gene_id_original"", ""gene_id_canonical"", ""gene_mapping_status"", ""species"", ""dataset_id""]",True,[],"[""canonical_cell_type_mapping_empty"", ""canonical_gene_mapping_empty"", ""nonsemantic_expression_layer_name""]",Dataset,float32,0.0
0.0,0,0.0,0,"{""unmapped"": 16324}",Arabidopsis thaliana_PRJNA613684,nonnegative_integer_unverified,csr,count_like_nonnegative_integer,156082073,1.0,"{""arabidopsis_locus"": 5000}","{""unmapped"": 22124}",1.0,celltype_after,0.7049742710120068,11508,"{""None"": {""class"": ""_CSRDataset"", ""dtype"": ""int64"", ""expression_semantics"": ""count_like_nonnegative_integer"", ""finite_fraction"": 1.0, ""integer_like_fraction"": 1.0, ""negative_fraction"": 0.0, ""sample_equal_to_x"": true, ""sample_max"": 543.0, ""sample_min"": 0.0, ""sampled_values"": 786432, ""zero_fraction"": 0.9131037394205729}}","[""None""]",1613.0,"{""condition"": null, ""sample"": ""orig.ident"", ""sample_n_unique"": 1, ""sample_nonempty_fraction"": 1.0, ""species"": ""species"", ""species_n_unique"": 1, ""species_nonempty_fraction"": 1.0, ""stage"": null, ""tissue"": ""tissue"", ""tissue_n_unique"": 1, ""tissue_nonempty_fraction"": 1.0}",629,16324,22124,4,0.0,"[""source__unnamed"", ""orig.ident"", ""nCount_RNA"", ""nFeature_RNA"", ""nCount_SCT"", ""nFeature_SCT"", ""integrated_snn_res.0.5"", ""seurat_clusters"", ""customclassif"", ""celltype1"", ""celltype_after"", ""dataset_id"", ""species"", ""accession"", ""tissue"", ""cell_type_original"", ""cell_type_canonical"", ""cell_type_mapping_status"", ""cell_type_is_unknown""]",True,[],[],Arabidopsis thaliana_PRJNA613684.h5ad,0,0,543.0,0.0,786432,1.0.0,Arabidopsis thaliana,ok,"{""Bundle sheath cell"": 1480, ""Companion cell"": 629, ""Leaf lamina epidermis"": 1746, ""Mesophyll cell"": 7653}",4816,"[""conversion_provenance"", ""expression_representation"", ""schema_version"", ""source"", ""source_annotation_column_name_map""]","[""gene_id_original"", ""gene_id_canonical"", ""gene_mapping_status"", ""species"", ""dataset_id""]",True,[],"[""canonical_cell_type_mapping_empty"", ""canonical_gene_mapping_empty"", ""nonsemantic_expression_layer_name""]",_CSRDataset,int64,0.9131037394205729
0.0,0,0.0,0,"{""unmapped"": 110427}",Arabidopsis thaliana_PRJNA640389,scaled_continuous,dense,scaled_continuous_or_centered,8179201665,1.0,"{""arabidopsis_locus"": 5000}","{""unmapped"": 17513}",0.020517985026041668,celltype_after,1.0,110427,"{""None"": {""class"": ""Dataset"", ""dtype"": ""float32"", ""expression_semantics"": ""scaled_continuous_or_centered"", ""finite_fraction"": 1.0, ""integer_like_fraction"": 0.020517985026041668, ""negative_fraction"": 0.8548138936360677, ""sample_equal_to_x"": true, ""sample_max"": 10.0, ""sample_min"": -11.188963890075684, ""sampled_values"": 786432, ""zero_fraction"": 0.0}}","[""None""]",8921.0,"{""condition"": null, ""sample"": ""orig.ident"", ""sample_n_unique"": 16, ""sample_nonempty_fraction"": 1.0, ""species"": ""species"", ""species_n_unique"": 1, ""species_nonempty_fraction"": 1.0, ""stage"": null, ""tissue"": ""tissue"", ""tissue_n_unique"": 1, ""tissue_nonempty_fraction"": 1.0}",158,110427,17513,14,0.8548138936360677,"[""source__unnamed"", ""orig.ident"", ""nCount_RNA"", ""nFeature_RNA"", ""percent.mt"", ""percent.cp"", ""seurat_clusters"", ""celltype_after"", ""dataset_id"", ""species"", ""accession"", ""tissue"", ""cell_type_original"", ""cell_type_canonical"", ""cell_type_mapping_status"", ""cell_type_is_unknown""]",True,[],[],Arabidopsis thaliana_PRJNA640389.h5ad,2,0,10.0,-11.188963890075684,786432,1.0.0,Arabidopsis thaliana,ok,"{""Columella root cap cell"": 8535, ""Cortex"": 11073, ""Lateral root cap"": 18396, ""Metaphloem & Companion cell"": 3224, ""Metaxylem"": 1643, ""Non-hair root epidermal cell"": 13380, ""Phloem pole pericycle cell"": 4634, ""Protophloem"": 939, ""Protoxylem"": 3195, ""Quiescent center"": 158, ""Root endodermis"": 11369, ""Root hair cell"": 12361, ""Root procambium"": 9307, ""Xylem pole pericycle cell"": 12213}",0,"[""conversion_provenance"", ""expression_representation"", ""schema_version"", ""source"", ""source_annotation_column_name_map""]","[""gene_id_original"", ""gene_id_canonical"", ""gene_mapping_status"", ""species"", ""dataset_id""]",True,[],"[""canonical_cell_type_mapping_empty"", ""canonical_gene_mapping_empty"", ""nonsemantic_expression_layer_name""]",Dataset,float32,0.0
0.0,0,0.0,0,"{""unmapped"": 25398}",Arabidopsis thaliana_PRJNA648028,scaled_continuous,dense,scaled_continuous_or_centered,501313889,1.0,"{""arabidopsis_locus"": 4870}","{""unmapped"": 4870}",0.0027974446614583335,celltype_after,0.0,0,"{""None"": {""class"": ""Dataset"", ""dtype"": ""float32"", ""expression_semantics"": ""scaled_continuous_or_centered"", ""finite_fraction"": 1.0, ""integer_like_fraction"": 0.0027974446614583335, ""negative_fraction"": 0.7673327128092448, ""sample_equal_to_x"": true, ""sample_max"": 10.0, ""sample_min"": -7.969458103179932, ""sampled_values"": 786432, ""zero_fraction"": 0.0}}","[""None""]",,"{""condition"": null, ""sample"": ""orig.ident"", ""sample_n_unique"": 5, ""sample_nonempty_fraction"": 1.0, ""species"": ""species"", ""species_n_unique"": 1, ""species_nonempty_fraction"": 1.0, ""stage"": null, ""tissue"": ""tissue"", ""tissue_n_unique"": 1, ""tissue_nonempty_fraction"": 1.0}",,25398,4870,0,0.7673327128092448,"[""source__unnamed"", ""orig.ident"", ""source__index"", ""nCount_RNA"", ""nFeature_RNA"", ""percent.mt"", ""percent.ct"", ""nCount_SCT"", ""nFeature_SCT"", ""integrated_snn_res.0.5"", ""seurat_clusters"", ""celltype_after"", ""dataset_id"", ""species"", ""accession"", ""tissue"", ""cell_type_original"", ""cell_type_canonical"", ""cell_type_mapping_status"", ""cell_type_is_unknown""]",True,[],[],Arabidopsis thaliana_PRJNA648028.h5ad,0,0,10.0,-7.969458103179932,786432,1.0.0,Arabidopsis thaliana,ok,{},25398,"[""conversion_provenance"", ""expression_representation"", ""schema_version"", ""source"", ""source_annotation_column_name_map""]","[""gene_id_original"", ""gene_id_canonical"", ""gene_mapping_status"", ""species"", ""dataset_id""]",True,[],"[""cell_type_column_present_but_all_unknown_or_missing"", ""canonical_cell_type_mapping_empty"", ""canonical_gene_mapping_empty"", ""nonsemantic_expression_layer_name""]",Dataset,float32,0.0
0.0,0,0.0,0,"{""unmapped"": 10990}",Arabidopsis thaliana_PRJNA649267,nonnegative_integer_unverified,csr,count_like_nonnegative_integer,86354164,1.0,"{""arabidopsis_locus"": 5000}","{""unmapped"": 23260}",1.0,celltype_after,1.0,10990,"{""None"": {""class"": ""_CSRDataset"", ""dtype"": ""int64"", ""expression_semantics"": ""count_like_nonnegative_integer"", ""finite_fraction"": 1.0, ""integer_like_fraction"": 1.0, ""negative_fraction"": 0.0, ""sample_equal_to_x"": true, ""sample_max"": 356.0, ""sample_min"": 0.0, ""sampled_values"": 786432, ""zero_fraction"": 0.9101448059082031}}","[""None""]",826.0,"{""condition"": null, ""sample"": ""orig.ident"", ""sample_n_unique"": 5, ""sample_nonempty_fraction"": 1.0, ""species"": ""species"", ""species_n_unique"": 1, ""species_nonempty_fraction"": 1.0, ""stage"": null, ""tissue"": ""tissue"", ""tissue_n_unique"": 1, ""tissue_nonempty_fraction"": 1.0}",45,10990,23260,13,0.0,"[""source__unnamed"", ""orig.ident"", ""nCount_RNA"", ""nFeature_RNA"", ""source__index"", ""nCount_SCT"", ""nFeature_SCT"", ""integrated_snn_res.0.5"", ""seurat_clusters"", ""CB"", ""celltype_after"", ""celltype_before"", ""dataset_id"", ""species"", ""accession"", ""tissue"", ""cell_type_original"", ""cell_type_canonical"", ""cell_type_mapping_status"", ""cell_type_is_unknown""]",True,[],[],Arabidopsis thaliana_PRJNA649267.h5ad,2,2,356.0,0.0,786432,1.0.0,Arabidopsis thaliana,ok,"{""Companion cell"": 213, ""Lateral root cap"": 288, ""Non_hair root epidermal cell"": 1204, ""Pericycle cell"": 795, ""Phloem pole pericycle cell"": 1264, ""Pholem"": 438, ""Primary xylem"": 45, ""Root cortex"": 1142, ""Root endodermis"": 1721, ""Root hair cell"": 986, ""Root meristem"": 2019, ""Root procambium"": 826, ""Xylem pole pericycle cell"": 49}",0,"[""conversion_provenance"", ""expression_representation"", ""schema_version"", ""source"", ""source_annotation_column_name_map""]","[""gene_id_original"", ""gene_id_canonical"", ""gene_mapping_status"", ""species"", ""dataset_id""]",True,[],"[""canonical_cell_type_mapping_empty"", ""canonical_gene_mapping_empty"", ""nonsemantic_expression_layer_name""]",_CSRDataset,int64,0.9101448059082031
0.0,0,0.0,0,"{""unmapped"": 5710}",Arabidopsis thaliana_PRJNA659737,scaled_continuous,dense,scaled_continuous_or_centered,312583347,1.0,"{""arabidopsis_locus"": 5000}","{""unmapped"": 23206}",0.0007476806640625,celltype_after,0.9359019264448336,5344,"{""None"": {""class"": ""Dataset"", ""dtype"": ""float32"", ""expression_semantics"": ""scaled_continuous_or_centered"", ""finite_fraction"": 1.0, ""integer_like_fraction"": 0.0007476806640625, ""negative_fraction"": 0.851098378499349, ""sample_equal_to_x"": true, ""sample_max"": 10.0, ""sample_min"": -3.607684373855591, ""sampled_values"": 786432, ""zero_fraction"": 0.0}}","[""None""]",668.0,"{""condition"": null, ""sample"": ""orig.ident"", ""sample_n_unique"": 1, ""sample_nonempty_fraction"": 1.0, ""species"": ""species"", ""species_n_unique"": 1, ""species_nonempty_fraction"": 1.0, ""stage"": null, ""tissue"": ""tissue"", ""tissue_n_unique"": 1, ""tissue_nonempty_fraction"": 1.0}",184,5710,23206,6,0.851098378499349,"[""source__unnamed"", ""orig.ident"", ""source__index"", ""nCount_RNA"", ""nFeature_RNA"", ""RNA_snn_res.0.5"", ""seurat_clusters"", ""celltype_after"", ""dataset_id"", ""species"", ""accession"", ""tissue"", ""cell_type_original"", ""cell_type_canonical"", ""cell_type_mapping_status"", ""cell_type_is_unknown""]",True,[],[],Arabidopsis thaliana_PRJNA659737.h5ad,0,0,10.0,-3.607684373855591,786432,1.0.0,Arabidopsis thaliana,ok,"{""Epidermis-like cell"": 1729, ""Explant vasculature and callus founder cell"": 915, ""Lateral root cap like cell"": 184, ""Proliferating cell"": 421, ""Quiescent center-like cell"": 382, ""Vascular-initial-like cell"": 1713}",366,"[""conversion_provenance"", ""expression_representation"", ""schema_version"", ""source"", ""source_annotation_column_name_map""]","[""gene_id_original"", ""gene_id_canonical"", ""gene_mapping_status"", ""species"", ""dataset_id""]",True,[],"[""canonical_cell_type_mapping_empty"", ""canonical_gene_mapping_empty"", ""nonsemantic_expression_layer_name""]",Dataset,float32,0.0
0.0,0,0.0,0,"{""unmapped"": 1274}",Arabidopsis thaliana_PRJNA664874,scaled_continuous,dense,scaled_continuous_or_centered,41004349,1.0,"{""arabidopsis_locus"": 5000}","{""unmapped"": 19089}",0.001346588134765625,celltype_after,0.5274725274725275,672,"{""None"": {""class"": ""Dataset"", ""dtype"": ""float32"", ""expression_semantics"": ""scaled_continuous_or_centered"", ""finite_fraction"": 1.0, ""integer_like_fraction"": 0.001346588134765625, ""negative_fraction"": 0.9476674397786459, ""sample_equal_to_x"": true, ""sample_max"": 10.0, ""sample_min"": -0.939050018787384, ""sampled_values"": 786432, ""zero_fraction"": 0.0}}","[""None""]",82.5,"{""condition"": null, ""sample"": ""orig.ident"", ""sample_n_unique"": 1, ""sample_nonempty_fraction"": 1.0, ""species"": ""species"", ""species_n_unique"": 1, ""species_nonempty_fraction"": 1.0, ""stage"": null, ""tissue"": ""tissue"", ""tissue_n_unique"": 1, ""tissue_nonempty_fraction"": 1.0}",55,1274,19089,6,0.9476674397786459,"[""source__unnamed"", ""orig.ident"", ""source__index"", ""nCount_RNA"", ""nFeature_RNA"", ""percent.mt"", ""percent.ct"", ""RNA_snn_res.0.5"", ""seurat_clusters"", ""celltype_after"", ""celltype_before"", ""dataset_id"", ""species"", ""accession"", ""tissue"", ""cell_type_original"", ""cell_type_canonical"", ""cell_type_mapping_status"", ""cell_type_is_unknown""]",True,[],[],Arabidopsis thaliana_PRJNA664874.h5ad,0,0,10.0,-0.939050018787384,786432,1.0.0,Arabidopsis thaliana,ok,"{""Lateral root cap"": 180, ""Non-hair root epidermal cell"": 55, ""Primary xylem"": 215, ""Root cortex"": 82, ""Root endodermis"": 57, ""Root hair cell"": 83}",602,"[""conversion_provenance"", ""expression_representation"", ""schema_version"", ""source"", ""source_annotation_column_name_map""]","[""gene_id_original"", ""gene_id_canonical"", ""gene_mapping_status"", ""species"", ""dataset_id""]",True,[],"[""canonical_cell_type_mapping_empty"", ""canonical_gene_mapping_empty"", ""nonsemantic_expression_layer_name""]",Dataset,float32,0.0
0.0,0,0.0,0,"{""unmapped"": 18859}",Arabidopsis thaliana_PRJNA666436,nonnegative_integer_unverified,csr,count_like_nonnegative_integer,118038016,1.0,"{""arabidopsis_locus"": 5000}","{""unmapped"": 21262}",1.0,celltype_after,1.0,18859,"{""None"": {""class"": ""_CSRDataset"", ""dtype"": ""int64"", ""expression_semantics"": ""count_like_nonnegative_integer"", ""finite_fraction"": 1.0, ""integer_like_fraction"": 1.0, ""negative_fraction"": 0.0, ""sample_equal_to_x"": true, ""sample_max"": 255.0, ""sample_min"": 0.0, ""sampled_values"": 786432, ""zero_fraction"": 0.9431063334147135}}","[""None""]",1016.0,"{""condition"": null, ""sample"": ""orig.ident"", ""sample_n_unique"": 7, ""sample_nonempty_fraction"": 1.0, ""species"": ""species"", ""species_n_unique"": 1, ""species_nonempty_fraction"": 1.0, ""stage"": null, ""tissue"": ""tissue"", ""tissue_n_unique"": 1, ""tissue_nonempty_fraction"": 1.0}",425,18859,21262,13,0.0,"[""source__unnamed"", ""orig.ident"", ""nCount_RNA"", ""nFeature_RNA"", ""source__index"", ""percent.mt"", ""percent.ct"", ""nCount_SCT"", ""nFeature_SCT"", ""integrated_snn_res.0.5"", ""seurat_clusters"", ""celltype"", ""celltype_before"", ""celltype_after"", ""dataset_id"", ""species"", ""accession"", ""tissue"", ""cell_type_original"", ""cell_type_canonical"", ""cell_type_mapping_status"", ""cell_type_is_unknown""]",True,[],[],Arabidopsis thaliana_PRJNA666436.h5ad,0,0,255.0,0.0,786432,1.0.0,Arabidopsis thaliana,ok,"{""Columella root cap cell"": 425, ""Companion cell"": 1214, ""Lateral root cap"": 4358, ""Non-hair root epidermal cell"": 1525, ""Pericycle cell"": 2482, ""Phloem pole pericycle cell"": 3089, ""Primary phloem"": 500, ""Primary xylem"": 743, ""Root cortex"": 725, ""Root endodermis"": 977, ""Root hair cell"": 591, ""Root meristem"": 1016, ""Xylem pole pericycle cell"": 1214}",0,"[""conversion_provenance"", ""expression_representation"", ""schema_version"", ""source"", ""source_annotation_column_name_map""]","[""gene_id_original"", ""gene_id_canonical"", ""gene_mapping_status"", ""species"", ""dataset_id""]",True,[],"[""canonical_cell_type_mapping_empty"", ""canonical_gene_mapping_empty"", ""nonsemantic_expression_layer_name""]",_CSRDataset,int64,0.9431063334147135
0.0,0,0.0,0,"{""unmapped"": 5328}",Arabidopsis thaliana_PRJNA678377,scaled_continuous,dense,scaled_continuous_or_centered,72215532,1.0,"{""arabidopsis_locus"": 3265}","{""unmapped"": 3265}",0.01348876953125,celltype_after,1.0,5328,"{""None"": {""class"": ""Dataset"", ""dtype"": ""float32"", ""expression_semantics"": ""scaled_continuous_or_centered"", ""finite_fraction"": 1.0, ""integer_like_fraction"": 0.01348876953125, ""negative_fraction"": 0.891180674235026, ""sample_equal_to_x"": true, ""sample_max"": 10.0, ""sample_min"": -3.8133902549743652, ""sampled_values"": 786432, ""zero_fraction"": 0.0}}","[""None""]",256.5,"{""condition"": null, ""sample"": ""orig.ident"", ""sample_n_unique"": 2, ""sample_nonempty_fraction"": 1.0, ""species"": ""species"", ""species_n_unique"": 1, ""species_nonempty_fraction"": 1.0, ""stage"": null, ""tissue"": ""tissue"", ""tissue_n_unique"": 1, ""tissue_nonempty_fraction"": 1.0}",71,5328,3265,6,0.891180674235026,"[""source__unnamed"", ""orig.ident"", ""source__index"", ""nCount_RNA"", ""nFeature_RNA"", ""nCount_SCT"", ""nFeature_SCT"", ""integrated_snn_res.0.5"", ""seurat_clusters"", ""celltype"", ""celltype_after"", ""celltype_before"", ""dataset_id"", ""species"", ""accession"", ""tissue"", ""cell_type_original"", ""cell_type_canonical"", ""cell_type_mapping_status"", ""cell_type_is_unknown""]",True,[],[],Arabidopsis thaliana_PRJNA678377.h5ad,0,0,10.0,-3.8133902549743652,786432,1.0.0,Arabidopsis thaliana,ok,"{""Bundle sheath cell"": 419, ""Companion cell"": 105, ""Leaf guard cell"": 71, ""Leaf lamina epidermis"": 177, ""Mesophyll cell"": 4220, ""Phloem parenchyma cell"": 336}",0,"[""conversion_provenance"", ""expression_representation"", ""schema_version"", ""source"", ""source_annotation_column_name_map""]","[""gene_id_original"", ""gene_id_canonical"", ""gene_mapping_status"", ""species"", ""dataset_id""]",True,[],"[""canonical_cell_type_mapping_empty"", ""canonical_gene_mapping_empty"", ""nonsemantic_expression_layer_name""]",Dataset,float32,0.0
0.0,0,0.0,0,"{""unmapped"": 345}",Arabidopsis thaliana_PRJNA680241,normalized_nonnegative_continuous,csr,nonnegative_continuous_or_log_normalized,10594766,1.0,"{""arabidopsis_locus"": 5000}","{""unmapped"": 24151}",0.8136138916015625,celltype_after,0.391304347826087,135,"{""None"": {""class"": ""_CSRDataset"", ""dtype"": ""float32"", ""expression_semantics"": ""nonnegative_continuous_or_log_normalized"", ""finite_fraction"": 1.0, ""integer_like_fraction"": 0.8136138916015625, ""negative_fraction"": 0.0, ""sample_equal_to_x"": true, ""sample_max"": 6.384120464324951, ""sample_min"": 0.0, ""sampled_values"": 786432, ""zero_fraction"": 0.8136138916015625}}","[""None""]",67.5,"{""condition"": null, ""sample"": ""orig.ident"", ""sample_n_unique"": 1, ""sample_nonempty_fraction"": 1.0, ""species"": ""species"", ""species_n_unique"": 1, ""species_nonempty_fraction"": 1.0, ""stage"": null, ""tissue"": ""tissue"", ""tissue_n_unique"": 1, ""tissue_nonempty_fraction"": 1.0}",60,345,24151,2,0.0,"[""source__unnamed"", ""orig.ident"", ""nCount_RNA"", ""nFeature_RNA"", ""percent.mt"", ""percent.ct"", ""RNA_snn_res.1.5"", ""seurat_clusters"", ""celltype1"", ""celltype_after"", ""dataset_id"", ""species"", ""accession"", ""tissue"", ""cell_type_original"", ""cell_type_canonical"", ""cell_type_mapping_status"", ""cell_type_is_unknown""]",True,[],[],Arabidopsis thaliana_PRJNA680241.h5ad,0,0,6.384120464324951,0.0,786432,1.0.0,Arabidopsis thaliana,ok,"{""Root cortex"": 60, ""Root endodermis"": 75}",210,"[""conversion_provenance"", ""expression_representation"", ""schema_version"", ""source"", ""source_annotation_column_name_map""]","[""gene_id_original"", ""gene_id_canonical"", ""gene_mapping_status"", ""species"", ""dataset_id""]",True,[],"[""cell_type_coverage_below_50_percent"", ""canonical_cell_type_mapping_empty"", ""canonical_gene_mapping_empty"", ""nonsemantic_expression_layer_name""]",_CSRDataset,float32,0.8136138916015625
0.0,0,0.0,0,"{""unmapped"": 17586}",Arabidopsis thaliana_PRJNA703045,nonnegative_integer_unverified,csr,count_like_nonnegative_integer,86547673,1.0,"{""arabidopsis_locus"": 5000}","{""unmapped"": 22323}",1.0,celltype_after,0.3680768793358353,6473,"{""None"": {""class"": ""_CSRDataset"", ""dtype"": ""int64"", ""expression_semantics"": ""count_like_nonnegative_integer"", ""finite_fraction"": 1.0, ""integer_like_fraction"": 1.0, ""negative_fraction"": 0.0, ""sample_equal_to_x"": true, ""sample_max"": 22891.0, ""sample_min"": 0.0, ""sampled_values"": 786432, ""zero_fraction"": 0.9262809753417969}}","[""None""]",1713.5,"{""condition"": null, ""sample"": ""orig.ident"", ""sample_n_unique"": 1, ""sample_nonempty_fraction"": 1.0, ""species"": ""species"", ""species_n_unique"": 1, ""species_nonempty_fraction"": 1.0, ""stage"": null, ""tissue"": ""tissue"", ""tissue_n_unique"": 1, ""tissue_nonempty_fraction"": 1.0}",488,17586,22323,4,0.0,"[""source__unnamed"", ""orig.ident"", ""nCount_RNA"", ""nFeature_RNA"", ""source__index"", ""percent.mt"", ""percent.ct"", ""nCount_SCT"", ""nFeature_SCT"", ""integrated_snn_res.0.5"", ""seurat_clusters"", ""celltype_after"", ""dataset_id"", ""species"", ""accession"", ""tissue"", ""cell_type_original"", ""cell_type_canonical"", ""cell_type_mapping_status"", ""cell_type_is_unknown""]",True,[],[],Arabidopsis thaliana_PRJNA703045.h5ad,0,0,22891.0,0.0,786432,1.0.0,Arabidopsis thaliana,ok,"{""Leaf guard cell"": 1352, ""Leaf lamina epidermis"": 488, ""Leaf vascular system"": 2558, ""Mesophyll cell"": 2075}",11113,"[""conversion_provenance"", ""expression_representation"", ""schema_version"", ""source"", ""source_annotation_column_name_map""]","[""gene_id_original"", ""gene_id_canonical"", ""gene_mapping_status"", ""species"", ""dataset_id""]",True,[],"[""cell_type_coverage_below_50_percent"", ""canonical_cell_type_mapping_empty"", ""canonical_gene_mapping_empty"", ""nonsemantic_expression_layer_name""]",_CSRDataset,int64,0.9262809753417969
0.0,0,0.0,0,"{""unmapped"": 633}",Arabidopsis thaliana_PRJNA716169,scaled_continuous,dense,scaled_continuous_or_centered,2840201,1.0,"{""arabidopsis_locus"": 1999, ""symbol_like"": 1}","{""unmapped"": 2000}",0.0013783772786458333,celltype_after,0.6619273301737757,419,"{""None"": {""class"": ""Dataset"", ""dtype"": ""float32"", ""expression_semantics"": ""scaled_continuous_or_centered"", ""finite_fraction"": 1.0, ""integer_like_fraction"": 0.0013783772786458333, ""negative_fraction"": 0.9182484944661459, ""sample_equal_to_x"": true, ""sample_max"": 10.0, ""sample_min"": -1.6271142959594727, ""sampled_values"": 786432, ""zero_fraction"": 0.0}}","[""None""]",66.0,"{""condition"": null, ""sample"": ""orig.ident"", ""sample_n_unique"": 1, ""sample_nonempty_fraction"": 1.0, ""species"": ""species"", ""species_n_unique"": 1, ""species_nonempty_fraction"": 1.0, ""stage"": null, ""tissue"": ""tissue"", ""tissue_n_unique"": 1, ""tissue_nonempty_fraction"": 1.0}",36,633,2000,5,0.9182484944661459,"[""source__unnamed"", ""orig.ident"", ""source__index"", ""nCount_RNA"", ""nFeature_RNA"", ""RNA_snn_res.3"", ""seurat_clusters"", ""celltype_after"", ""dataset_id"", ""species"", ""accession"", ""tissue"", ""cell_type_original"", ""cell_type_canonical"", ""cell_type_mapping_status"", ""cell_type_is_unknown""]",True,[],[],Arabidopsis thaliana_PRJNA716169.h5ad,0,1,10.0,-1.6271142959594727,786432,1.0.0,Arabidopsis thaliana,ok,"{""Columella initial cell"": 66, ""Dividing protoderm"": 182, ""Shoot meristem initial cell"": 61, ""Suspensor"": 74, ""Vascular initial cell"": 36}",214,"[""conversion_provenance"", ""expression_representation"", ""schema_version"", ""source"", ""source_annotation_column_name_map""]","[""gene_id_original"", ""gene_id_canonical"", ""gene_mapping_status"", ""species"", ""dataset_id""]",True,[],"[""canonical_cell_type_mapping_empty"", ""canonical_gene_mapping_empty"", ""nonsemantic_expression_layer_name""]",Dataset,float32,0.0
0.0,0,0.0,0,"{""unmapped"": 13384}",Arabidopsis thaliana_PRJNA730707,nonnegative_integer_unverified,csr,count_like_nonnegative_integer,78297163,1.0,"{""arabidopsis_locus"": 5000}","{""unmapped"": 20964}",1.0,celltype_after,0.9477734608487747,12685,"{""None"": {""class"": ""_CSRDataset"", ""dtype"": ""int64"", ""expression_semantics"": ""count_like_nonnegative_integer"", ""finite_fraction"": 1.0, ""integer_like_fraction"": 1.0, ""negative_fraction"": 0.0, ""sample_equal_to_x"": true, ""sample_max"": 36.0, ""sample_min"": 0.0, ""sampled_values"": 786432, ""zero_fraction"": 0.9435590108235677}}","[""None""]",1683.0,"{""condition"": null, ""sample"": ""orig.ident"", ""sample_n_unique"": 1, ""sample_nonempty_fraction"": 1.0, ""species"": ""species"", ""species_n_unique"": 1, ""species_nonempty_fraction"": 1.0, ""stage"": null, ""tissue"": ""tissue"", ""tissue_n_unique"": 1, ""tissue_nonempty_fraction"": 1.0}",55,13384,20964,9,0.0,"[""source__unnamed"", ""orig.ident"", ""nCount_RNA"", ""nFeature_RNA"", ""source__index"", ""nCount_SCT"", ""nFeature_SCT"", ""integrated_snn_res.0.5"", ""seurat_clusters"", ""celltype_after"", ""dataset_id"", ""species"", ""accession"", ""tissue"", ""cell_type_original"", ""cell_type_canonical"", ""cell_type_mapping_status"", ""cell_type_is_unknown""]",True,[],[],Arabidopsis thaliana_PRJNA730707.h5ad,2,0,36.0,0.0,786432,1.0.0,Arabidopsis thaliana,ok,"{""Cortex"": 2252, ""Epidermis"": 2769, ""Flower meristem"": 1683, ""Mesophyll cell"": 55, ""Phloem"": 119, ""Procambium"": 1842, ""Proliferating cell"": 2282, ""S-phase cell"": 1065, ""Xylem parenchyma cell"": 618}",699,"[""conversion_provenance"", ""expression_representation"", ""schema_version"", ""source"", ""source_annotation_column_name_map""]","[""gene_id_original"", ""gene_id_canonical"", ""gene_mapping_status"", ""species"", ""dataset_id""]",True,[],"[""canonical_cell_type_mapping_empty"", ""canonical_gene_mapping_empty"", ""nonsemantic_expression_layer_name""]",_CSRDataset,int64,0.9435590108235677
0.0,0,0.0,0,"{""unmapped"": 13057}",Arabidopsis thaliana_PRJNA742744,nonnegative_integer_unverified,csr,count_like_nonnegative_integer,68924725,1.0,"{""arabidopsis_locus"": 5000}","{""unmapped"": 23548}",1.0,celltype_after,0.4061422991498813,5303,"{""None"": {""class"": ""_CSRDataset"", ""dtype"": ""int64"", ""expression_semantics"": ""count_like_nonnegative_integer"", ""finite_fraction"": 1.0, ""integer_like_fraction"": 1.0, ""negative_fraction"": 0.0, ""sample_equal_to_x"": true, ""sample_max"": 97.0, ""sample_min"": 0.0, ""sampled_values"": 786432, ""zero_fraction"": 0.962395985921224}}","[""None""]",396.0,"{""condition"": null, ""sample"": ""orig.ident"", ""sample_n_unique"": 3, ""sample_nonempty_fraction"": 1.0, ""species"": ""species"", ""species_n_unique"": 1, ""species_nonempty_fraction"": 1.0, ""stage"": null, ""tissue"": ""tissue"", ""tissue_n_unique"": 1, ""tissue_nonempty_fraction"": 1.0}",90,13057,23548,11,0.0,"[""source__unnamed"", ""orig.ident"", ""nCount_RNA"", ""nFeature_RNA"", ""nCount_SCT"", ""nFeature_SCT"", ""integrated_snn_res.0.5"", ""seurat_clusters"", ""celltype1"", ""celltype_after"", ""dataset_id"", ""species"", ""accession"", ""tissue"", ""cell_type_original"", ""cell_type_canonical"", ""cell_type_mapping_status"", ""cell_type_is_unknown""]",True,[],[],Arabidopsis thaliana_PRJNA742744.h5ad,1,0,97.0,0.0,786432,1.0.0,Arabidopsis thaliana,ok,"{""Companion cell"": 90, ""Lateral root cap"": 208, ""Non-hair root epidermal cell"": 761, ""Pericycle cell"": 620, ""Pholem"": 313, ""Root cortex"": 396, ""Root endodermis"": 290, ""Root hair cell"": 617, ""Root meristem"": 1249, ""Root procambium"": 568, ""Xylem pole pericycle cell"": 191}",7754,"[""conversion_provenance"", ""expression_representation"", ""schema_version"", ""source"", ""source_annotation_column_name_map""]","[""gene_id_original"", ""gene_id_canonical"", ""gene_mapping_status"", ""species"", ""dataset_id""]",True,[],"[""cell_type_coverage_below_50_percent"", ""canonical_cell_type_mapping_empty"", ""canonical_gene_mapping_empty"", ""nonsemantic_expression_layer_name""]",_CSRDataset,int64,0.962395985921224
0.0,0,0.0,0,"{""unmapped"": 8159}",Arabidopsis thaliana_PRJNA745175,scaled_continuous,dense,scaled_continuous_or_centered,28167531,1.0,"{""arabidopsis_locus"": 2000}","{""unmapped"": 2000}",0.0016161600748697917,celltype_after,1.0,8159,"{""None"": {""class"": ""Dataset"", ""dtype"": ""float32"", ""expression_semantics"": ""scaled_continuous_or_centered"", ""finite_fraction"": 1.0, ""integer_like_fraction"": 0.0016161600748697917, ""negative_fraction"": 0.9396146138509115, ""sample_equal_to_x"": true, ""sample_max"": 10.0, ""sample_min"": -1.5264041423797607, ""sampled_values"": 786432, ""zero_fraction"": 0.0}}","[""None""]",535.0,"{""condition"": null, ""sample"": ""orig.ident"", ""sample_n_unique"": 1, ""sample_nonempty_fraction"": 1.0, ""species"": ""species"", ""species_n_unique"": 1, ""species_nonempty_fraction"": 1.0, ""stage"": null, ""tissue"": ""tissue"", ""tissue_n_unique"": 1, ""tissue_nonempty_fraction"": 1.0}",118,8159,2000,11,0.9396146138509115,"[""source__unnamed"", ""orig.ident"", ""source__index"", ""nCount_RNA"", ""nFeature_RNA"", ""RNA_snn_res.1"", ""seurat_clusters"", ""celltype"", ""celltype_after"", ""celltype_before"", ""dataset_id"", ""species"", ""accession"", ""tissue"", ""cell_type_original"", ""cell_type_canonical"", ""cell_type_mapping_status"", ""cell_type_is_unknown""]",True,[],[],Arabidopsis thaliana_PRJNA745175.h5ad,0,0,10.0,-1.5264041423797607,786432,1.0.0,Arabidopsis thaliana,ok,"{""Columella root cap cell"": 118, ""Companion cell"": 535, ""Lateral root cap"": 1294, ""Non-hair root epidermal cell"": 227, ""Pericycle cell"": 2098, ""Primary xylem"": 382, ""Protophloem"": 563, ""Root cortex"": 406, ""Root endodermis"": 492, ""Root hair cell"": 1405, ""Root meristem"": 639}",0,"[""conversion_provenance"", ""expression_representation"", ""schema_version"", ""source"", ""source_annotation_column_name_map""]","[""gene_id_original"", ""gene_id_canonical"", ""gene_mapping_status"", ""species"", ""dataset_id""]",True,[],"[""canonical_cell_type_mapping_empty"", ""canonical_gene_mapping_empty"", ""nonsemantic_expression_layer_name""]",Dataset,float32,0.0
0.0,0,0.0,0,"{""unmapped"": 17165}",Arabidopsis thaliana_PRJNA750934,nonnegative_integer_unverified,csr,count_like_nonnegative_integer,273330580,1.0,"{""arabidopsis_locus"": 5000}","{""unmapped"": 25842}",1.0,celltype_after,1.0,17165,"{""None"": {""class"": ""_CSRDataset"", ""dtype"": ""int64"", ""expression_semantics"": ""count_like_nonnegative_integer"", ""finite_fraction"": 1.0, ""integer_like_fraction"": 1.0, ""negative_fraction"": 0.0, ""sample_equal_to_x"": true, ""sample_max"": 779.0, ""sample_min"": 0.0, ""sampled_values"": 786432, ""zero_fraction"": 0.8899726867675781}}","[""None""]",931.0,"{""condition"": null, ""sample"": ""orig.ident"", ""sample_n_unique"": 2, ""sample_nonempty_fraction"": 1.0, ""species"": ""species"", ""species_n_unique"": 1, ""species_nonempty_fraction"": 1.0, ""stage"": null, ""tissue"": ""tissue"", ""tissue_n_unique"": 1, ""tissue_nonempty_fraction"": 1.0}",120,17165,25842,14,0.0,"[""source__unnamed"", ""orig.ident"", ""nCount_RNA"", ""nFeature_RNA"", ""source__index"", ""nCount_SCT"", ""nFeature_SCT"", ""integrated_snn_res.0.5"", ""seurat_clusters"", ""celltype_after"", ""celltype_before"", ""dataset_id"", ""species"", ""accession"", ""tissue"", ""cell_type_original"", ""cell_type_canonical"", ""cell_type_mapping_status"", ""cell_type_is_unknown""]",True,[],[],Arabidopsis thaliana_PRJNA750934.h5ad,1,0,779.0,0.0,786432,1.0.0,Arabidopsis thaliana,ok,"{""Columella root cap cell"": 557, ""Companion cell"": 341, ""Lateral root cap"": 5820, ""Non_hair root epidermal cell"": 934, ""Pericycle cell"": 928, ""Primary phloem"": 1491, ""Primary xylem"": 473, ""Protophloem"": 120, ""Root cortex"": 1263, ""Root endodermis"": 1072, ""Root hair cell"": 852, ""Root initial cell"": 1434, ""Root meristem"": 468, ""Root procambium"": 1412}",0,"[""conversion_provenance"", ""expression_representation"", ""schema_version"", ""source"", ""source_annotation_column_name_map""]","[""gene_id_original"", ""gene_id_canonical"", ""gene_mapping_status"", ""species"", ""dataset_id""]",True,[],"[""canonical_cell_type_mapping_empty"", ""canonical_gene_mapping_empty"", ""nonsemantic_expression_layer_name""]",_CSRDataset,int64,0.8899726867675781
0.0,0,0.0,0,"{""unmapped"": 10700}",Arabidopsis thaliana_PRJNA754157,scaled_continuous,dense,scaled_continuous_or_centered,182669873,1.0,"{""arabidopsis_locus"": 4174}","{""unmapped"": 4174}",0.0030810038248697915,celltype_after,0.9558878504672897,10228,"{""None"": {""class"": ""Dataset"", ""dtype"": ""float32"", ""expression_semantics"": ""scaled_continuous_or_centered"", ""finite_fraction"": 1.0, ""integer_like_fraction"": 0.0030810038248697915, ""negative_fraction"": 0.7783660888671875, ""sample_equal_to_x"": true, ""sample_max"": 10.0, ""sample_min"": -8.834892272949219, ""sampled_values"": 786432, ""zero_fraction"": 0.0}}","[""None""]",1132.0,"{""condition"": null, ""sample"": ""orig.ident"", ""sample_n_unique"": 6, ""sample_nonempty_fraction"": 1.0, ""species"": ""species"", ""species_n_unique"": 1, ""species_nonempty_fraction"": 1.0, ""stage"": null, ""tissue"": ""tissue"", ""tissue_n_unique"": 1, ""tissue_nonempty_fraction"": 1.0}",513,10700,4174,6,0.7783660888671875,"[""source__unnamed"", ""orig.ident"", ""source__index"", ""nCount_RNA"", ""nFeature_RNA"", ""nCount_SCT"", ""nFeature_SCT"", ""integrated_snn_res.0.5"", ""seurat_clusters"", ""celltype_after"", ""celltype_before"", ""dataset_id"", ""species"", ""accession"", ""tissue"", ""cell_type_original"", ""cell_type_canonical"", ""cell_type_mapping_status"", ""cell_type_is_unknown""]",True,[],[],Arabidopsis thaliana_PRJNA754157.h5ad,0,0,10.0,-8.834892272949219,786432,1.0.0,Arabidopsis thaliana,ok,"{""Companion cell"": 1287, ""Early sieve element"": 513, ""Epidermal cell layer of the emerging lateral root"": 831, ""Metaphloem sieve element"": 977, ""Phloem pole pericycle cell"": 4612, ""Protophloem sieve element"": 2008}",472,"[""conversion_provenance"", ""expression_representation"", ""schema_version"", ""source"", ""source_annotation_column_name_map""]","[""gene_id_original"", ""gene_id_canonical"", ""gene_mapping_status"", ""species"", ""dataset_id""]",True,[],"[""canonical_cell_type_mapping_empty"", ""canonical_gene_mapping_empty"", ""nonsemantic_expression_layer_name""]",Dataset,float32,0.0
0.0,0,0.0,0,"{""unmapped"": 29883}",Arabidopsis thaliana_PRJNA764868,scaled_continuous,dense,scaled_continuous_or_centered,1227250440,1.0,"{""arabidopsis_locus"": 5000}","{""unmapped"": 22965}",0.0010732014973958333,celltype_after,0.7731820767660543,23105,"{""None"": {""class"": ""Dataset"", ""dtype"": ""float32"", ""expression_semantics"": ""scaled_continuous_or_centered"", ""finite_fraction"": 1.0, ""integer_like_fraction"": 0.0010732014973958333, ""negative_fraction"": 0.9298896789550781, ""sample_equal_to_x"": true, ""sample_max"": 10.0, ""sample_min"": -3.556410551071167, ""sampled_values"": 786432, ""zero_fraction"": 0.0}}","[""None""]",1234.0,"{""condition"": null, ""sample"": ""orig.ident"", ""sample_n_unique"": 1, ""sample_nonempty_fraction"": 1.0, ""species"": ""species"", ""species_n_unique"": 1, ""species_nonempty_fraction"": 1.0, ""stage"": null, ""tissue"": ""tissue"", ""tissue_n_unique"": 1, ""tissue_nonempty_fraction"": 1.0}",46,29883,22965,9,0.9298896789550781,"[""source__unnamed"", ""orig.ident"", ""source__index"", ""nCount_RNA"", ""nFeature_RNA"", ""RNA_snn_res.0.5"", ""seurat_clusters"", ""celltype1"", ""celltype"", ""celltype_after"", ""dataset_id"", ""species"", ""accession"", ""tissue"", ""cell_type_original"", ""cell_type_canonical"", ""cell_type_mapping_status"", ""cell_type_is_unknown""]",True,[],[],Arabidopsis thaliana_PRJNA764868.h5ad,2,1,10.0,-3.556410551071167,786432,1.0.0,Arabidopsis thaliana,ok,"{""Bundle sheath cell"": 2710, ""Companion cell"": 1234, ""Hydathode"": 897, ""Leaf guard cell"": 464, ""Leaf pavement cell"": 5754, ""Mesophyll cell"": 9723, ""Myrosinase cell"": 136, ""Phloem parenchyma cell"": 2141, ""Sieve element"": 46}",6778,"[""conversion_provenance"", ""expression_representation"", ""schema_version"", ""source"", ""source_annotation_column_name_map""]","[""gene_id_original"", ""gene_id_canonical"", ""gene_mapping_status"", ""species"", ""dataset_id""]",True,[],"[""canonical_cell_type_mapping_empty"", ""canonical_gene_mapping_empty"", ""nonsemantic_expression_layer_name""]",Dataset,float32,0.0
0.0,0,0.0,0,"{""unmapped"": 36093}",Arabidopsis thaliana_PRJNA796288,nonnegative_integer_unverified,csr,count_like_nonnegative_integer,417389743,1.0,"{""arabidopsis_locus"": 4887, ""symbol_like"": 113}","{""unmapped"": 24113}",1.0,celltype_after,0.6581885684204694,23756,"{""None"": {""class"": ""_CSRDataset"", ""dtype"": ""int64"", ""expression_semantics"": ""count_like_nonnegative_integer"", ""finite_fraction"": 1.0, ""integer_like_fraction"": 1.0, ""negative_fraction"": 0.0, ""sample_equal_to_x"": true, ""sample_max"": 654.0, ""sample_min"": 0.0, ""sampled_values"": 786432, ""zero_fraction"": 0.9071095784505209}}","[""None""]",2541.0,"{""condition"": null, ""sample"": ""orig.ident"", ""sample_n_unique"": 2, ""sample_nonempty_fraction"": 1.0, ""species"": ""species"", ""species_n_unique"": 1, ""species_nonempty_fraction"": 1.0, ""stage"": null, ""tissue"": ""tissue"", ""tissue_n_unique"": 1, ""tissue_nonempty_fraction"": 1.0}",835,36093,24113,7,0.0,"[""source__unnamed"", ""orig.ident"", ""nCount_RNA"", ""nFeature_RNA"", ""source__index"", ""nCount_SCT"", ""nFeature_SCT"", ""integrated_snn_res.0.5"", ""seurat_clusters"", ""celltype_after"", ""dataset_id"", ""species"", ""accession"", ""tissue"", ""cell_type_original"", ""cell_type_canonical"", ""cell_type_mapping_status"", ""cell_type_is_unknown""]",True,[],[],Arabidopsis thaliana_PRJNA796288.h5ad,0,0,654.0,0.0,786432,1.0.0,Arabidopsis thaliana,ok,"{""Early-stage meristemoid"": 2148, ""Guard mother cell"": 1548, ""Late-stage meristemoid"": 2541, ""Leaf guard cell"": 6254, ""Proliferating cell"": 835, ""Stomatal-lineage ground cell"": 6846, ""Young guard cell"": 3584}",12337,"[""conversion_provenance"", ""expression_representation"", ""schema_version"", ""source"", ""source_annotation_column_name_map""]","[""gene_id_original"", ""gene_id_canonical"", ""gene_mapping_status"", ""species"", ""dataset_id""]",True,[],"[""canonical_cell_type_mapping_empty"", ""canonical_gene_mapping_empty"", ""nonsemantic_expression_layer_name""]",_CSRDataset,int64,0.9071095784505209
0.0,0,0.0,0,"{""unmapped"": 149174}",Arabidopsis thaliana_PRJNA814870,scaled_continuous,dense,scaled_continuous_or_centered,2617543423,1.0,"{""arabidopsis_locus"": 4317}","{""unmapped"": 4317}",0.018824259440104168,celltype_after,0.4018394626409428,59944,"{""None"": {""class"": ""Dataset"", ""dtype"": ""float32"", ""expression_semantics"": ""scaled_continuous_or_centered"", ""finite_fraction"": 1.0, ""integer_like_fraction"": 0.018824259440104168, ""negative_fraction"": 0.867651621500651, ""sample_equal_to_x"": true, ""sample_max"": 10.0, ""sample_min"": -12.28651237487793, ""sampled_values"": 786432, ""zero_fraction"": 0.0}}","[""None""]",5539.0,"{""condition"": null, ""sample"": ""orig.ident"", ""sample_n_unique"": 8, ""sample_nonempty_fraction"": 1.0, ""species"": ""species"", ""species_n_unique"": 1, ""species_nonempty_fraction"": 1.0, ""stage"": null, ""tissue"": ""tissue"", ""tissue_n_unique"": 1, ""tissue_nonempty_fraction"": 1.0}",2334,149174,4317,11,0.867651621500651,"[""source__unnamed"", ""orig.ident"", ""source__index"", ""nCount_RNA"", ""nFeature_RNA"", ""nCount_SCT"", ""nFeature_SCT"", ""integrated_snn_res.0.5"", ""seurat_clusters"", ""celltype1"", ""celltype_after"", ""dataset_id"", ""species"", ""accession"", ""tissue"", ""cell_type_original"", ""cell_type_canonical"", ""cell_type_mapping_status"", ""cell_type_is_unknown""]",True,[],[],Arabidopsis thaliana_PRJNA814870.h5ad,0,0,10.0,-12.28651237487793,786432,1.0.0,Arabidopsis thaliana,ok,"{""Columella root cap cell"": 3496, ""Companion cell"": 6013, ""Lateral root cap"": 9228, ""Phloem"": 4057, ""Protophloem"": 2334, ""Root cortex"": 7205, ""Root endodermis"": 8876, ""Root hair cell"": 3718, ""Root meristem"": 3600, ""Root procambium"": 5539, ""Xylem"": 5878}",89230,"[""conversion_provenance"", ""expression_representation"", ""schema_version"", ""source"", ""source_annotation_column_name_map""]","[""gene_id_original"", ""gene_id_canonical"", ""gene_mapping_status"", ""species"", ""dataset_id""]",True,[],"[""cell_type_coverage_below_50_percent"", ""canonical_cell_type_mapping_empty"", ""canonical_gene_mapping_empty"", ""nonsemantic_expression_layer_name""]",Dataset,float32,0.0
0.0,0,0.0,0,"{""unmapped"": 102921}",Arabidopsis thaliana_PRJNA835893,scaled_continuous,dense,scaled_continuous_or_centered,1994517649,1.0,"{""arabidopsis_locus"": 4768}","{""unmapped"": 4768}",0.006959279378255208,celltype_after,0.7606610895735564,78288,"{""None"": {""class"": ""Dataset"", ""dtype"": ""float32"", ""expression_semantics"": ""scaled_continuous_or_centered"", ""finite_fraction"": 1.0, ""integer_like_fraction"": 0.006959279378255208, ""negative_fraction"": 0.8524284362792969, ""sample_equal_to_x"": true, ""sample_max"": 10.0, ""sample_min"": -6.666489124298096, ""sampled_values"": 786432, ""zero_fraction"": 0.0}}","[""None""]",14838.5,"{""condition"": null, ""sample"": ""orig.ident"", ""sample_n_unique"": 2, ""sample_nonempty_fraction"": 1.0, ""species"": ""species"", ""species_n_unique"": 1, ""species_nonempty_fraction"": 1.0, ""stage"": null, ""tissue"": ""tissue"", ""tissue_n_unique"": 1, ""tissue_nonempty_fraction"": 1.0}",4213,102921,4768,4,0.8524284362792969,"[""source__unnamed"", ""orig.ident"", ""source__index"", ""nCount_RNA"", ""nFeature_RNA"", ""nCount_SCT"", ""nFeature_SCT"", ""integrated_snn_res.0.3"", ""seurat_clusters"", ""celltype_after"", ""dataset_id"", ""species"", ""accession"", ""tissue"", ""cell_type_original"", ""cell_type_canonical"", ""cell_type_mapping_status"", ""cell_type_is_unknown""]",True,[],[],Arabidopsis thaliana_PRJNA835893.h5ad,0,0,10.0,-6.666489124298096,786432,1.0.0,Arabidopsis thaliana,ok,"{""Generative nuclei"": 4213, ""Microspore nuclei"": 17687, ""Sperm nuclei"": 11990, ""Vegetative nuclei"": 44398}",24633,"[""conversion_provenance"", ""expression_representation"", ""schema_version"", ""source"", ""source_annotation_column_name_map""]","[""gene_id_original"", ""gene_id_canonical"", ""gene_mapping_status"", ""species"", ""dataset_id""]",True,[],"[""canonical_cell_type_mapping_empty"", ""canonical_gene_mapping_empty"", ""nonsemantic_expression_layer_name""]",Dataset,float32,0.0
0.0,0,0.0,0,"{""unmapped"": 38504}",Arabidopsis thaliana_PRJNA857332,nonnegative_integer_unverified,csr,count_like_nonnegative_integer,389742467,1.0,"{""arabidopsis_locus"": 5000}","{""unmapped"": 23453}",1.0,celltype_after,0.36887076667359237,14203,"{""None"": {""class"": ""_CSRDataset"", ""dtype"": ""int64"", ""expression_semantics"": ""count_like_nonnegative_integer"", ""finite_fraction"": 1.0, ""integer_like_fraction"": 1.0, ""negative_fraction"": 0.0, ""sample_equal_to_x"": true, ""sample_max"": 218.0, ""sample_min"": 0.0, ""sampled_values"": 786432, ""zero_fraction"": 0.9304644266764323}}","[""None""]",1881.5,"{""condition"": null, ""sample"": ""orig.ident"", ""sample_n_unique"": 2, ""sample_nonempty_fraction"": 1.0, ""species"": ""species"", ""species_n_unique"": 1, ""species_nonempty_fraction"": 1.0, ""stage"": null, ""tissue"": ""tissue"", ""tissue_n_unique"": 1, ""tissue_nonempty_fraction"": 1.0}",317,38504,23453,6,0.0,"[""source__unnamed"", ""orig.ident"", ""nCount_RNA"", ""nFeature_RNA"", ""source__index"", ""nCount_SCT"", ""nFeature_SCT"", ""integrated_snn_res.0.5"", ""seurat_clusters"", ""celltype_after"", ""dataset_id"", ""species"", ""accession"", ""tissue"", ""cell_type_original"", ""cell_type_canonical"", ""cell_type_mapping_status"", ""cell_type_is_unknown""]",True,[],[],Arabidopsis thaliana_PRJNA857332.h5ad,1,0,218.0,0.0,786432,1.0.0,Arabidopsis thaliana,ok,"{""Companion cell"": 317, ""Epidermis"": 622, ""Floral organ abscission zone"": 3141, ""Guard cell"": 478, ""Mesophyll cell"": 4722, ""Xylem parenchyma cell"": 4923}",24301,"[""conversion_provenance"", ""expression_representation"", ""schema_version"", ""source"", ""source_annotation_column_name_map""]","[""gene_id_original"", ""gene_id_canonical"", ""gene_mapping_status"", ""species"", ""dataset_id""]",True,[],"[""cell_type_coverage_below_50_percent"", ""canonical_cell_type_mapping_empty"", ""canonical_gene_mapping_empty"", ""nonsemantic_expression_layer_name""]",_CSRDataset,int64,0.9304644266764323
0.0,0,0.0,0,"{""unmapped"": 21339}",Arabidopsis thaliana_PRJNA881949,nonnegative_integer_unverified,csr,count_like_nonnegative_integer,261647104,1.0,"{""arabidopsis_locus"": 5000}","{""unmapped"": 21246}",1.0,celltype_after,0.563381601762032,12022,"{""None"": {""class"": ""_CSRDataset"", ""dtype"": ""int64"", ""expression_semantics"": ""count_like_nonnegative_integer"", ""finite_fraction"": 1.0, ""integer_like_fraction"": 1.0, ""negative_fraction"": 0.0, ""sample_equal_to_x"": true, ""sample_max"": 667.0, ""sample_min"": 0.0, ""sampled_values"": 786432, ""zero_fraction"": 0.8902664184570312}}","[""None""]",752.0,"{""condition"": null, ""sample"": ""orig.ident"", ""sample_n_unique"": 2, ""sample_nonempty_fraction"": 1.0, ""species"": ""species"", ""species_n_unique"": 1, ""species_nonempty_fraction"": 1.0, ""stage"": null, ""tissue"": ""tissue"", ""tissue_n_unique"": 1, ""tissue_nonempty_fraction"": 1.0}",241,21339,21246,5,0.0,"[""source__unnamed"", ""orig.ident"", ""nCount_RNA"", ""nFeature_RNA"", ""nCount_SCT"", ""nFeature_SCT"", ""integrated_snn_res.0.5"", ""seurat_clusters"", ""celltype1"", ""celltype_after"", ""dataset_id"", ""species"", ""accession"", ""tissue"", ""cell_type_original"", ""cell_type_canonical"", ""cell_type_mapping_status"", ""cell_type_is_unknown""]",True,[],[],Arabidopsis thaliana_PRJNA881949.h5ad,0,0,667.0,0.0,786432,1.0.0,Arabidopsis thaliana,ok,"{""Bundle sheath cell"": 752, ""Companion cell"": 330, ""Leaf preprocambium"": 1109, ""Mesophyll cell"": 9590, ""Phloem parenchyma cell"": 241}",9317,"[""conversion_provenance"", ""expression_representation"", ""schema_version"", ""source"", ""source_annotation_column_name_map""]","[""gene_id_original"", ""gene_id_canonical"", ""gene_mapping_status"", ""species"", ""dataset_id""]",True,[],"[""canonical_cell_type_mapping_empty"", ""canonical_gene_mapping_empty"", ""nonsemantic_expression_layer_name""]",_CSRDataset,int64,0.8902664184570312
0.0,0,0.0,0,"{""unmapped"": 57462}",Arabidopsis thaliana_PRJNA941845,scaled_continuous,dense,scaled_continuous_or_centered,1532582220,1.0,"{""arabidopsis_locus"": 5000}","{""unmapped"": 6603}",1.2715657552083334e-05,celltype_after,0.3940169155267829,22641,"{""None"": {""class"": ""Dataset"", ""dtype"": ""float32"", ""expression_semantics"": ""scaled_continuous_or_centered"", ""finite_fraction"": 1.0, ""integer_like_fraction"": 1.2715657552083334e-05, ""negative_fraction"": 0.8364601135253906, ""sample_equal_to_x"": true, ""sample_max"": 19.36939239501953, ""sample_min"": -8.823722839355469, ""sampled_values"": 786432, ""zero_fraction"": 0.0}}","[""None""]",7469.0,"{""condition"": null, ""sample"": ""orig.ident"", ""sample_n_unique"": 2, ""sample_nonempty_fraction"": 1.0, ""species"": ""species"", ""species_n_unique"": 1, ""species_nonempty_fraction"": 1.0, ""stage"": null, ""tissue"": ""tissue"", ""tissue_n_unique"": 1, ""tissue_nonempty_fraction"": 1.0}",3618,57462,6603,3,0.8364601135253906,"[""source__unnamed"", ""orig.ident"", ""nCount_RNA"", ""nFeature_RNA"", ""nCount_SCT"", ""nFeature_SCT"", ""integrated_snn_res.0.5"", ""seurat_clusters"", ""celltype1"", ""celltype_after"", ""dataset_id"", ""species"", ""accession"", ""tissue"", ""cell_type_original"", ""cell_type_canonical"", ""cell_type_mapping_status"", ""cell_type_is_unknown""]",True,[],[],Arabidopsis thaliana_PRJNA941845.h5ad,0,0,19.36939239501953,-8.823722839355469,786432,1.0.0,Arabidopsis thaliana,ok,"{""Leaf lamina epidermis"": 7469, ""Leaf vascular system"": 3618, ""Mesophyll cell"": 11554}",34821,"[""conversion_provenance"", ""expression_representation"", ""schema_version"", ""source"", ""source_annotation_column_name_map""]","[""gene_id_original"", ""gene_id_canonical"", ""gene_mapping_status"", ""species"", ""dataset_id""]",True,[],"[""cell_type_coverage_below_50_percent"", ""canonical_cell_type_mapping_empty"", ""canonical_gene_mapping_empty"", ""nonsemantic_expression_layer_name""]",Dataset,float32,0.0
0.0,0,0.0,0,"{""unmapped"": 3788}",Arabidopsis thaliana_PRJNA945828,scaled_continuous,dense,scaled_continuous_or_centered,278574842,1.0,"{""arabidopsis_locus"": 5000}","{""unmapped"": 26077}",0.0009625752766927084,celltype_after,0.21436114044350582,812,"{""None"": {""class"": ""Dataset"", ""dtype"": ""float32"", ""expression_semantics"": ""scaled_continuous_or_centered"", ""finite_fraction"": 1.0, ""integer_like_fraction"": 0.0009625752766927084, ""negative_fraction"": 0.7959467569986979, ""sample_equal_to_x"": true, ""sample_max"": 10.0, ""sample_min"": -5.192065238952637, ""sampled_values"": 786432, ""zero_fraction"": 0.0}}","[""None""]",406.0,"{""condition"": null, ""sample"": ""orig.ident"", ""sample_n_unique"": 1, ""sample_nonempty_fraction"": 1.0, ""species"": ""species"", ""species_n_unique"": 1, ""species_nonempty_fraction"": 1.0, ""stage"": null, ""tissue"": ""tissue"", ""tissue_n_unique"": 1, ""tissue_nonempty_fraction"": 1.0}",256,3788,26077,2,0.7959467569986979,"[""source__unnamed"", ""orig.ident"", ""source__index"", ""nCount_RNA"", ""nFeature_RNA"", ""RNA_snn_res.0.7"", ""seurat_clusters"", ""celltype_after"", ""dataset_id"", ""species"", ""accession"", ""tissue"", ""cell_type_original"", ""cell_type_canonical"", ""cell_type_mapping_status"", ""cell_type_is_unknown""]",True,[],[],Arabidopsis thaliana_PRJNA945828.h5ad,0,0,10.0,-5.192065238952637,786432,1.0.0,Arabidopsis thaliana,ok,"{""G2/M-phase cell"": 556, ""S-phase cell"": 256}",2976,"[""conversion_provenance"", ""expression_representation"", ""schema_version"", ""source"", ""source_annotation_column_name_map""]","[""gene_id_original"", ""gene_id_canonical"", ""gene_mapping_status"", ""species"", ""dataset_id""]",True,[],"[""cell_type_coverage_below_50_percent"", ""canonical_cell_type_mapping_empty"", ""canonical_gene_mapping_empty"", ""nonsemantic_expression_layer_name""]",Dataset,float32,0.0
0.0,0,0.0,0,"{""unmapped"": 38379}",Arabidopsis thaliana_PRJNA995336,scaled_continuous,dense,scaled_continuous_or_centered,739645573,1.0,"{""arabidopsis_locus"": 4748}","{""unmapped"": 4748}",1.1444091796875e-05,celltype_after,0.364079314208291,13973,"{""None"": {""class"": ""Dataset"", ""dtype"": ""float32"", ""expression_semantics"": ""scaled_continuous_or_centered"", ""finite_fraction"": 1.0, ""integer_like_fraction"": 1.1444091796875e-05, ""negative_fraction"": 0.8803698221842448, ""sample_equal_to_x"": true, ""sample_max"": 30.92586898803711, ""sample_min"": -5.501893520355225, ""sampled_values"": 786432, ""zero_fraction"": 0.0}}","[""None""]",1170.5,"{""condition"": null, ""sample"": ""orig.ident"", ""sample_n_unique"": 1, ""sample_nonempty_fraction"": 1.0, ""species"": ""species"", ""species_n_unique"": 1, ""species_nonempty_fraction"": 1.0, ""stage"": null, ""tissue"": ""tissue"", ""tissue_n_unique"": 1, ""tissue_nonempty_fraction"": 1.0}",362,38379,4748,6,0.8803698221842448,"[""source__unnamed"", ""orig.ident"", ""nCount_RNA"", ""nFeature_RNA"", ""nCount_SCT"", ""nFeature_SCT"", ""integrated_snn_res.0.5"", ""seurat_clusters"", ""celltype1"", ""celltype_after"", ""dataset_id"", ""species"", ""accession"", ""tissue"", ""cell_type_original"", ""cell_type_canonical"", ""cell_type_mapping_status"", ""cell_type_is_unknown""]",True,[],[],Arabidopsis thaliana_PRJNA995336.h5ad,1,0,30.92586898803711,-5.501893520355225,786432,1.0.0,Arabidopsis thaliana,ok,"{""Bundle sheath cell"": 1184, ""Companion cell"": 362, ""Leaf guard cell"": 8290, ""Leaf lamina epidermis"": 2081, ""Leaf preprocambium"": 1157, ""Mesophyll cell"": 899}",24406,"[""conversion_provenance"", ""expression_representation"", ""schema_version"", ""source"", ""source_annotation_column_name_map""]","[""gene_id_original"", ""gene_id_canonical"", ""gene_mapping_status"", ""species"", ""dataset_id""]",True,[],"[""cell_type_coverage_below_50_percent"", ""canonical_cell_type_mapping_empty"", ""canonical_gene_mapping_empty"", ""nonsemantic_expression_layer_name""]",Dataset,float32,0.0
0.0,0,0.0,0,"{""unmapped"": 13158}",Bombax ceiba_PRJNA850395,scaled_continuous,dense,scaled_continuous_or_centered,720633657,1.0,"{""symbol_like"": 5000}","{""unmapped"": 35388}",0.0014279683430989583,celltype_after,0.11369509043927649,1496,"{""None"": {""class"": ""Dataset"", ""dtype"": ""float32"", ""expression_semantics"": ""scaled_continuous_or_centered"", ""finite_fraction"": 1.0, ""integer_like_fraction"": 0.0014279683430989583, ""negative_fraction"": 0.9607861836751302, ""sample_equal_to_x"": true, ""sample_max"": 10.0, ""sample_min"": -1.8926304578781128, ""sampled_values"": 786432, ""zero_fraction"": 0.0}}","[""None""]",748.0,"{""condition"": null, ""sample"": ""orig.ident"", ""sample_n_unique"": 1, ""sample_nonempty_fraction"": 1.0, ""species"": ""species"", ""species_n_unique"": 1, ""species_nonempty_fraction"": 1.0, ""stage"": null, ""tissue"": ""tissue"", ""tissue_n_unique"": 1, ""tissue_nonempty_fraction"": 1.0}",518,13158,35388,2,0.9607861836751302,"[""source__unnamed"", ""orig.ident"", ""source__index"", ""nCount_RNA"", ""nFeature_RNA"", ""RNA_snn_res.0.5"", ""seurat_clusters"", ""celltype_after"", ""dataset_id"", ""species"", ""accession"", ""tissue"", ""cell_type_original"", ""cell_type_canonical"", ""cell_type_mapping_status"", ""cell_type_is_unknown""]",True,[],[],Bombax ceiba_PRJNA850395.h5ad,0,0,10.0,-1.8926304578781128,786432,1.0.0,Bombax ceiba,ok,"{""Epidermis"": 978, ""Ovule fiber cell"": 518}",11662,"[""conversion_provenance"", ""expression_representation"", ""schema_version"", ""source"", ""source_annotation_column_name_map""]","[""gene_id_original"", ""gene_id_canonical"", ""gene_mapping_status"", ""species"", ""dataset_id""]",True,[],"[""cell_type_coverage_below_50_percent"", ""canonical_cell_type_mapping_empty"", ""canonical_gene_mapping_empty"", ""nonsemantic_expression_layer_name""]",Dataset,float32,0.0
0.0,0,0.0,0,"{""unmapped"": 22021}",Brassica rapa_PRJCA009630,scaled_continuous,dense,scaled_continuous_or_centered,349302816,1.0,"{""other"": 1, ""symbol_like"": 3860}","{""unmapped"": 3861}",0.012294769287109375,celltype_after,0.6699514100177104,14753,"{""None"": {""class"": ""Dataset"", ""dtype"": ""float32"", ""expression_semantics"": ""scaled_continuous_or_centered"", ""finite_fraction"": 1.0, ""integer_like_fraction"": 0.012294769287109375, ""negative_fraction"": 0.8693110148111979, ""sample_equal_to_x"": true, ""sample_max"": 10.0, ""sample_min"": -8.232076644897461, ""sampled_values"": 786432, ""zero_fraction"": 0.0}}","[""None""]",1322.0,"{""condition"": null, ""sample"": ""orig.ident"", ""sample_n_unique"": 1, ""sample_nonempty_fraction"": 1.0, ""species"": ""species"", ""species_n_unique"": 1, ""species_nonempty_fraction"": 1.0, ""stage"": null, ""tissue"": ""tissue"", ""tissue_n_unique"": 1, ""tissue_nonempty_fraction"": 1.0}",78,22021,3861,8,0.8693110148111979,"[""source__unnamed"", ""orig.ident"", ""source__index"", ""nCount_RNA"", ""nFeature_RNA"", ""nCount_SCT"", ""nFeature_SCT"", ""integrated_snn_res.0.5"", ""seurat_clusters"", ""celltype_before"", ""celltype_after"", ""dataset_id"", ""species"", ""accession"", ""tissue"", ""cell_type_original"", ""cell_type_canonical"", ""cell_type_mapping_status"", ""cell_type_is_unknown""]",True,[],[],Brassica rapa_PRJCA009630.h5ad,2,0,10.0,-8.232076644897461,786432,1.0.0,Brassica rapa,ok,"{""Bundle sheath cell"": 1451, ""Leaf guard cell"": 2145, ""Leaf lamina epidermis"": 2865, ""Leaf vasculature system"": 1193, ""Mesophyll cell"": 6228, ""Phloem"": 162, ""Proliferating cell"": 631, ""Xylem"": 78}",7268,"[""conversion_provenance"", ""expression_representation"", ""schema_version"", ""source"", ""source_annotation_column_name_map""]","[""gene_id_original"", ""gene_id_canonical"", ""gene_mapping_status"", ""species"", ""dataset_id""]",True,[],"[""canonical_cell_type_mapping_empty"", ""canonical_gene_mapping_empty"", ""nonsemantic_expression_layer_name""]",Dataset,float32,0.0
0.0,0,0.0,0,"{""unmapped"": 41392}",Catharanthus roseus_PRJNA759937,nonnegative_integer_unverified,csr,count_like_nonnegative_integer,568346931,1.0,"{""symbol_like"": 5000}","{""unmapped"": 20135}",1.0,celltype_after,0.6177522226517201,25570,"{""None"": {""class"": ""_CSRDataset"", ""dtype"": ""int64"", ""expression_semantics"": ""count_like_nonnegative_integer"", ""finite_fraction"": 1.0, ""integer_like_fraction"": 1.0, ""negative_fraction"": 0.0, ""sample_equal_to_x"": true, ""sample_max"": 177.0, ""sample_min"": 0.0, ""sampled_values"": 786432, ""zero_fraction"": 0.845147450764974}}","[""None""]",1648.0,"{""condition"": null, ""sample"": ""orig.ident"", ""sample_n_unique"": 1, ""sample_nonempty_fraction"": 1.0, ""species"": ""species"", ""species_n_unique"": 1, ""species_nonempty_fraction"": 1.0, ""stage"": null, ""tissue"": ""tissue"", ""tissue_n_unique"": 1, ""tissue_nonempty_fraction"": 1.0}",339,41392,20135,5,0.0,"[""source__unnamed"", ""orig.ident"", ""nCount_RNA"", ""nFeature_RNA"", ""source__index"", ""nCount_SCT"", ""nFeature_SCT"", ""integrated_snn_res.0.5"", ""seurat_clusters"", ""celltype_after"", ""dataset_id"", ""species"", ""accession"", ""tissue"", ""cell_type_original"", ""cell_type_canonical"", ""cell_type_mapping_status"", ""cell_type_is_unknown""]",True,[],[],Catharanthus roseus_PRJNA759937.h5ad,1,0,177.0,0.0,786432,1.0.0,Catharanthus roseus,ok,"{""Leaf guard cell"": 339, ""Leaf lamina epidermis"": 3955, ""Leaf vascular system"": 1648, ""Mesophyll cell"": 19029, ""Proliferating cell"": 599}",15822,"[""conversion_provenance"", ""expression_representation"", ""schema_version"", ""source"", ""source_annotation_column_name_map""]","[""gene_id_original"", ""gene_id_canonical"", ""gene_mapping_status"", ""species"", ""dataset_id""]",True,[],"[""canonical_cell_type_mapping_empty"", ""canonical_gene_mapping_empty"", ""nonsemantic_expression_layer_name""]",_CSRDataset,int64,0.845147450764974
0.0,0,0.0,0,"{""unmapped"": 9833}",Catharanthus roseus_PRJNA847226_Leaf,nonnegative_integer_unverified,csr,count_like_nonnegative_integer,57516154,1.0,"{""symbol_like"": 5000}","{""unmapped"": 18786}",1.0,celltype_after,0.8947421946506662,8798,"{""None"": {""class"": ""_CSRDataset"", ""dtype"": ""int64"", ""expression_semantics"": ""count_like_nonnegative_integer"", ""finite_fraction"": 1.0, ""integer_like_fraction"": 1.0, ""negative_fraction"": 0.0, ""sample_equal_to_x"": true, ""sample_max"": 202.0, ""sample_min"": 0.0, ""sampled_values"": 786432, ""zero_fraction"": 0.9240163167317709}}","[""None""]",1180.0,"{""condition"": null, ""sample"": ""orig.ident"", ""sample_n_unique"": 1, ""sample_nonempty_fraction"": 1.0, ""species"": ""species"", ""species_n_unique"": 1, ""species_nonempty_fraction"": 1.0, ""stage"": null, ""tissue"": ""tissue"", ""tissue_n_unique"": 1, ""tissue_nonempty_fraction"": 1.0}",48,9833,18786,5,0.0,"[""source__unnamed"", ""orig.ident"", ""nCount_RNA"", ""nFeature_RNA"", ""source__index"", ""nCount_SCT"", ""nFeature_SCT"", ""integrated_snn_res.0.5"", ""seurat_clusters"", ""celltype_after"", ""dataset_id"", ""species"", ""accession"", ""tissue"", ""cell_type_original"", ""cell_type_canonical"", ""cell_type_mapping_status"", ""cell_type_is_unknown""]",True,[],[],Catharanthus roseus_PRJNA847226_Leaf.h5ad,1,1,202.0,0.0,786432,1.0.0,Catharanthus roseus,ok,"{""Leaf guard cell"": 48, ""Leaf lamina epidermis"": 1259, ""Leaf vascular system"": 1180, ""Mesophyll cell"": 5962, ""Phloem parenchyma cell"": 349}",1035,"[""conversion_provenance"", ""expression_representation"", ""schema_version"", ""source"", ""source_annotation_column_name_map""]","[""gene_id_original"", ""gene_id_canonical"", ""gene_mapping_status"", ""species"", ""dataset_id""]",True,[],"[""canonical_cell_type_mapping_empty"", ""canonical_gene_mapping_empty"", ""nonsemantic_expression_layer_name""]",_CSRDataset,int64,0.9240163167317709
0.0,0,0.0,0,"{""unmapped"": 1347}",Catharanthus roseus_PRJNA847226_Root,nonnegative_integer_unverified,csr,count_like_nonnegative_integer,11377596,1.0,"{""symbol_like"": 5000}","{""unmapped"": 17449}",1.0,celltype_after,0.888641425389755,1197,"{""None"": {""class"": ""_CSRDataset"", ""dtype"": ""int64"", ""expression_semantics"": ""count_like_nonnegative_integer"", ""finite_fraction"": 1.0, ""integer_like_fraction"": 1.0, ""negative_fraction"": 0.0, ""sample_equal_to_x"": true, ""sample_max"": 96.0, ""sample_min"": 0.0, ""sampled_values"": 786432, ""zero_fraction"": 0.9080810546875}}","[""None""]",352.0,"{""condition"": null, ""sample"": ""orig.ident"", ""sample_n_unique"": 1, ""sample_nonempty_fraction"": 1.0, ""species"": ""species"", ""species_n_unique"": 1, ""species_nonempty_fraction"": 1.0, ""stage"": null, ""tissue"": ""tissue"", ""tissue_n_unique"": 1, ""tissue_nonempty_fraction"": 1.0}",216,1347,17449,3,0.0,"[""source__unnamed"", ""orig.ident"", ""nCount_RNA"", ""nFeature_RNA"", ""source__index"", ""nCount_SCT"", ""nFeature_SCT"", ""integrated_snn_res.0.5"", ""seurat_clusters"", ""celltype_after"", ""dataset_id"", ""species"", ""accession"", ""tissue"", ""cell_type_original"", ""cell_type_canonical"", ""cell_type_mapping_status"", ""cell_type_is_unknown""]",True,[],[],Catharanthus roseus_PRJNA847226_Root.h5ad,0,0,96.0,0.0,786432,1.0.0,Catharanthus roseus,ok,"{""Root apical meristem"": 352, ""Root cap"": 216, ""Root stele"": 629}",150,"[""conversion_provenance"", ""expression_representation"", ""schema_version"", ""source"", ""source_annotation_column_name_map""]","[""gene_id_original"", ""gene_id_canonical"", ""gene_mapping_status"", ""species"", ""dataset_id""]",True,[],"[""canonical_cell_type_mapping_empty"", ""canonical_gene_mapping_empty"", ""nonsemantic_expression_layer_name""]",_CSRDataset,int64,0.9080810546875
0.0,0,0.0,0,"{""unmapped"": 9936}",Cynodon dactylon_PRJNA918429,nonnegative_integer_unverified,csr,count_like_nonnegative_integer,127844597,1.0,"{""symbol_like"": 5000}","{""unmapped"": 45228}",1.0,celltype_after,0.7564412238325282,7516,"{""None"": {""class"": ""_CSRDataset"", ""dtype"": ""int64"", ""expression_semantics"": ""count_like_nonnegative_integer"", ""finite_fraction"": 1.0, ""integer_like_fraction"": 1.0, ""negative_fraction"": 0.0, ""sample_equal_to_x"": true, ""sample_max"": 374.0, ""sample_min"": 0.0, ""sampled_values"": 786432, ""zero_fraction"": 0.9343528747558594}}","[""None""]",2440.0,"{""condition"": null, ""sample"": ""orig.ident"", ""sample_n_unique"": 1, ""sample_nonempty_fraction"": 1.0, ""species"": ""species"", ""species_n_unique"": 1, ""species_nonempty_fraction"": 1.0, ""stage"": null, ""tissue"": ""tissue"", ""tissue_n_unique"": 1, ""tissue_nonempty_fraction"": 1.0}",101,9936,45228,3,0.0,"[""source__unnamed"", ""orig.ident"", ""nCount_RNA"", ""nFeature_RNA"", ""source__index"", ""nCount_SCT"", ""nFeature_SCT"", ""integrated_snn_res.0.6"", ""seurat_clusters"", ""celltype_after"", ""dataset_id"", ""species"", ""accession"", ""tissue"", ""cell_type_original"", ""cell_type_canonical"", ""cell_type_mapping_status"", ""cell_type_is_unknown""]",True,[],[],Cynodon dactylon_PRJNA918429.h5ad,0,0,374.0,0.0,786432,1.0.0,Cynodon dactylon,ok,"{""Bundle sheath cell"": 2440, ""Leaf vascular system"": 101, ""Mesophyll cell"": 4975}",2420,"[""conversion_provenance"", ""expression_representation"", ""schema_version"", ""source"", ""source_annotation_column_name_map""]","[""gene_id_original"", ""gene_id_canonical"", ""gene_mapping_status"", ""species"", ""dataset_id""]",True,[],"[""canonical_cell_type_mapping_empty"", ""canonical_gene_mapping_empty"", ""nonsemantic_expression_layer_name""]",_CSRDataset,int64,0.9343528747558594
0.0,0,0.0,0,"{""unmapped"": 47894}",Fragaria vesca_PRJCA006322,nonnegative_integer_unverified,csr,count_like_nonnegative_integer,772431722,1.0,"{""symbol_like"": 5000}","{""unmapped"": 20713}",1.0,celltype_after,0.958721342965716,45917,"{""None"": {""class"": ""_CSRDataset"", ""dtype"": ""int64"", ""expression_semantics"": ""count_like_nonnegative_integer"", ""finite_fraction"": 1.0, ""integer_like_fraction"": 1.0, ""negative_fraction"": 0.0, ""sample_equal_to_x"": true, ""sample_max"": 381.0, ""sample_min"": 0.0, ""sampled_values"": 786432, ""zero_fraction"": 0.8427556355794271}}","[""None""]",2612.5,"{""condition"": null, ""sample"": ""orig.ident"", ""sample_n_unique"": 2, ""sample_nonempty_fraction"": 1.0, ""species"": ""species"", ""species_n_unique"": 1, ""species_nonempty_fraction"": 1.0, ""stage"": null, ""tissue"": ""tissue"", ""tissue_n_unique"": 1, ""tissue_nonempty_fraction"": 1.0}",75,47894,20713,8,0.0,"[""source__unnamed"", ""orig.ident"", ""nCount_RNA"", ""nFeature_RNA"", ""source__index"", ""nCount_SCT"", ""nFeature_SCT"", ""integrated_snn_res.0.3"", ""seurat_clusters"", ""CB"", ""celltype_after"", ""dataset_id"", ""species"", ""accession"", ""tissue"", ""cell_type_original"", ""cell_type_canonical"", ""cell_type_mapping_status"", ""cell_type_is_unknown""]",True,[],[],Fragaria vesca_PRJCA006322.h5ad,2,0,381.0,0.0,786432,1.0.0,Fragaria vesca,ok,"{""Bundle sheath cell"": 2471, ""Hydathode"": 13273, ""Leaf lamina abaxial epidermis"": 440, ""Leaf lamina adaxial epidermis"": 4684, ""Mesophyll cell"": 21127, ""Phloem"": 2754, ""Xylem"": 75, ""Xylem parenchyma cell"": 1093}",1977,"[""conversion_provenance"", ""expression_representation"", ""schema_version"", ""source"", ""source_annotation_column_name_map""]","[""gene_id_original"", ""gene_id_canonical"", ""gene_mapping_status"", ""species"", ""dataset_id""]",True,[],"[""canonical_cell_type_mapping_empty"", ""canonical_gene_mapping_empty"", ""nonsemantic_expression_layer_name""]",_CSRDataset,int64,0.8427556355794271
0.0,0,0.0,0,"{""unmapped"": 9839}",Glycine max_GSE234864_Flower,nonnegative_integer_unverified,csr,count_like_nonnegative_integer,66739396,1.0,"{""symbol_like"": 5000}","{""unmapped"": 41363}",1.0,celltype_after,0.8368736660229699,8234,"{""None"": {""class"": ""_CSRDataset"", ""dtype"": ""int64"", ""expression_semantics"": ""count_like_nonnegative_integer"", ""finite_fraction"": 1.0, ""integer_like_fraction"": 1.0, ""negative_fraction"": 0.0, ""sample_equal_to_x"": true, ""sample_max"": 61.0, ""sample_min"": 0.0, ""sampled_values"": 786432, ""zero_fraction"": 0.9668248494466146}}","[""None""]",1259.0,"{""condition"": null, ""sample"": ""orig.ident"", ""sample_n_unique"": 1, ""sample_nonempty_fraction"": 1.0, ""species"": ""species"", ""species_n_unique"": 1, ""species_nonempty_fraction"": 1.0, ""stage"": null, ""tissue"": ""tissue"", ""tissue_n_unique"": 1, ""tissue_nonempty_fraction"": 1.0}",162,9839,41363,6,0.0,"[""source__unnamed"", ""orig.ident"", ""nCount_RNA"", ""nFeature_RNA"", ""source__index"", ""nCount_SCT"", ""nFeature_SCT"", ""integrated_snn_res.0.3"", ""seurat_clusters"", ""celltype_after"", ""dataset_id"", ""species"", ""accession"", ""tissue"", ""cell_type_original"", ""cell_type_canonical"", ""cell_type_mapping_status"", ""cell_type_is_unknown""]",True,[],[],Glycine max_GSE234864_Flower.h5ad,0,0,61.0,0.0,786432,1.0.0,Glycine max,ok,"{""Cortex"": 3236, ""Epidermis"": 1887, ""Flower meristem"": 431, ""Mesophyll cell"": 162, ""Procambium"": 1267, ""Proliferating cell"": 1251}",1605,"[""conversion_provenance"", ""expression_representation"", ""schema_version"", ""source"", ""source_annotation_column_name_map""]","[""gene_id_original"", ""gene_id_canonical"", ""gene_mapping_status"", ""species"", ""dataset_id""]",True,[],"[""canonical_cell_type_mapping_empty"", ""canonical_gene_mapping_empty"", ""nonsemantic_expression_layer_name""]",_CSRDataset,int64,0.9668248494466146
0.0,0,0.0,0,"{""unmapped"": 13326}",Glycine max_GSE234864_SeedCotyledon,nonnegative_integer_unverified,csr,count_like_nonnegative_integer,265428734,1.0,"{""symbol_like"": 5000}","{""unmapped"": 45923}",1.0,celltype_after,0.6076091850517785,8097,"{""None"": {""class"": ""_CSRDataset"", ""dtype"": ""int64"", ""expression_semantics"": ""count_like_nonnegative_integer"", ""finite_fraction"": 1.0, ""integer_like_fraction"": 1.0, ""negative_fraction"": 0.0, ""sample_equal_to_x"": true, ""sample_max"": 123.0, ""sample_min"": 0.0, ""sampled_values"": 786432, ""zero_fraction"": 0.9193801879882812}}","[""None""]",835.0,"{""condition"": null, ""sample"": ""orig.ident"", ""sample_n_unique"": 1, ""sample_nonempty_fraction"": 1.0, ""species"": ""species"", ""species_n_unique"": 1, ""species_nonempty_fraction"": 1.0, ""stage"": null, ""tissue"": ""tissue"", ""tissue_n_unique"": 1, ""tissue_nonempty_fraction"": 1.0}",310,13326,45923,7,0.0,"[""source__unnamed"", ""orig.ident"", ""nCount_RNA"", ""nFeature_RNA"", ""source__index"", ""nCount_SCT"", ""nFeature_SCT"", ""integrated_snn_res.0.3"", ""seurat_clusters"", ""celltype_after"", ""dataset_id"", ""species"", ""accession"", ""tissue"", ""cell_type_original"", ""cell_type_canonical"", ""cell_type_mapping_status"", ""cell_type_is_unknown""]",True,[],[],Glycine max_GSE234864_SeedCotyledon.h5ad,0,0,123.0,0.0,786432,1.0.0,Glycine max,ok,"{""Endosperm"": 310, ""Inner integument"": 1995, ""Outer integument"": 2524, ""Plant embryo"": 1453, ""Proliferating cell"": 835, ""Seed coat endothelium"": 591, ""Seed coat epidermis"": 389}",5229,"[""conversion_provenance"", ""expression_representation"", ""schema_version"", ""source"", ""source_annotation_column_name_map""]","[""gene_id_original"", ""gene_id_canonical"", ""gene_mapping_status"", ""species"", ""dataset_id""]",True,[],"[""canonical_cell_type_mapping_empty"", ""canonical_gene_mapping_empty"", ""nonsemantic_expression_layer_name""]",_CSRDataset,int64,0.9193801879882812
0.0,0,0.0,0,"{""unmapped"": 19357}",Glycine max_GSE234864_SeedHeart,nonnegative_integer_unverified,csr,count_like_nonnegative_integer,396779291,1.0,"{""symbol_like"": 5000}","{""unmapped"": 46512}",1.0,celltype_after,0.7467582786588831,14455,"{""None"": {""class"": ""_CSRDataset"", ""dtype"": ""int64"", ""expression_semantics"": ""count_like_nonnegative_integer"", ""finite_fraction"": 1.0, ""integer_like_fraction"": 1.0, ""negative_fraction"": 0.0, ""sample_equal_to_x"": true, ""sample_max"": 52.0, ""sample_min"": 0.0, ""sampled_values"": 786432, ""zero_fraction"": 0.9058990478515625}}","[""None""]",1192.0,"{""condition"": null, ""sample"": ""orig.ident"", ""sample_n_unique"": 1, ""sample_nonempty_fraction"": 1.0, ""species"": ""species"", ""species_n_unique"": 1, ""species_nonempty_fraction"": 1.0, ""stage"": null, ""tissue"": ""tissue"", ""tissue_n_unique"": 1, ""tissue_nonempty_fraction"": 1.0}",398,19357,46512,8,0.0,"[""source__unnamed"", ""orig.ident"", ""nCount_RNA"", ""nFeature_RNA"", ""source__index"", ""nCount_SCT"", ""nFeature_SCT"", ""integrated_snn_res.0.3"", ""seurat_clusters"", ""celltype_after"", ""dataset_id"", ""species"", ""accession"", ""tissue"", ""cell_type_original"", ""cell_type_canonical"", ""cell_type_mapping_status"", ""cell_type_is_unknown""]",True,[],[],Glycine max_GSE234864_SeedHeart.h5ad,0,0,52.0,0.0,786432,1.0.0,Glycine max,ok,"{""Endosperm"": 1169, ""Inner integument"": 1037, ""Outer integument"": 5155, ""Plant embryo"": 1395, ""Proliferating cell"": 968, ""Seed coat endothelium"": 1215, ""Seed coat epidermis"": 3118, ""Suspensor"": 398}",4902,"[""conversion_provenance"", ""expression_representation"", ""schema_version"", ""source"", ""source_annotation_column_name_map""]","[""gene_id_original"", ""gene_id_canonical"", ""gene_mapping_status"", ""species"", ""dataset_id""]",True,[],"[""canonical_cell_type_mapping_empty"", ""canonical_gene_mapping_empty"", ""nonsemantic_expression_layer_name""]",_CSRDataset,int64,0.9058990478515625
0.0,0,0.0,0,"{""unmapped"": 20580}",Glycine max_GSE234864_SeedMidMaturation,nonnegative_integer_unverified,csr,count_like_nonnegative_integer,241459016,1.0,"{""symbol_like"": 5000}","{""unmapped"": 42263}",1.0,celltype_after,0.36588921282798836,7530,"{""None"": {""class"": ""_CSRDataset"", ""dtype"": ""int64"", ""expression_semantics"": ""count_like_nonnegative_integer"", ""finite_fraction"": 1.0, ""integer_like_fraction"": 1.0, ""negative_fraction"": 0.0, ""sample_equal_to_x"": true, ""sample_max"": 107.0, ""sample_min"": 0.0, ""sampled_values"": 786432, ""zero_fraction"": 0.9450060526529948}}","[""None""]",473.0,"{""condition"": null, ""sample"": ""orig.ident"", ""sample_n_unique"": 1, ""sample_nonempty_fraction"": 1.0, ""species"": ""species"", ""species_n_unique"": 1, ""species_nonempty_fraction"": 1.0, ""stage"": null, ""tissue"": ""tissue"", ""tissue_n_unique"": 1, ""tissue_nonempty_fraction"": 1.0}",129,20580,42263,5,0.0,"[""source__unnamed"", ""orig.ident"", ""nCount_RNA"", ""nFeature_RNA"", ""source__index"", ""nCount_SCT"", ""nFeature_SCT"", ""integrated_snn_res.0.3"", ""seurat_clusters"", ""celltype_after"", ""dataset_id"", ""species"", ""accession"", ""tissue"", ""cell_type_original"", ""cell_type_canonical"", ""cell_type_mapping_status"", ""cell_type_is_unknown""]",True,[],[],Glycine max_GSE234864_SeedMidMaturation.h5ad,1,0,107.0,0.0,786432,1.0.0,Glycine max,ok,"{""Endosperm"": 129, ""Plant embryo"": 2510, ""Proliferating cell"": 473, ""Seed coat"": 240, ""Seed coat epidermis"": 4178}",13050,"[""conversion_provenance"", ""expression_representation"", ""schema_version"", ""source"", ""source_annotation_column_name_map""]","[""gene_id_original"", ""gene_id_canonical"", ""gene_mapping_status"", ""species"", ""dataset_id""]",True,[],"[""cell_type_coverage_below_50_percent"", ""canonical_cell_type_mapping_empty"", ""canonical_gene_mapping_empty"", ""nonsemantic_expression_layer_name""]",_CSRDataset,int64,0.9450060526529948
0.0,0,0.0,0,"{""unmapped"": 8244}",Glycine max_GSE234864_Shoot,nonnegative_integer_unverified,csr,count_like_nonnegative_integer,81826714,1.0,"{""symbol_like"": 5000}","{""unmapped"": 41682}",1.0,celltype_after,0.7090004852013586,5845,"{""None"": {""class"": ""_CSRDataset"", ""dtype"": ""int64"", ""expression_semantics"": ""count_like_nonnegative_integer"", ""finite_fraction"": 1.0, ""integer_like_fraction"": 1.0, ""negative_fraction"": 0.0, ""sample_equal_to_x"": true, ""sample_max"": 91.0, ""sample_min"": 0.0, ""sampled_values"": 786432, ""zero_fraction"": 0.9498774210611979}}","[""None""]",525.0,"{""condition"": null, ""sample"": ""orig.ident"", ""sample_n_unique"": 1, ""sample_nonempty_fraction"": 1.0, ""species"": ""species"", ""species_n_unique"": 1, ""species_nonempty_fraction"": 1.0, ""stage"": null, ""tissue"": ""tissue"", ""tissue_n_unique"": 1, ""tissue_nonempty_fraction"": 1.0}",144,8244,41682,9,0.0,"[""source__unnamed"", ""orig.ident"", ""nCount_RNA"", ""nFeature_RNA"", ""source__index"", ""nCount_SCT"", ""nFeature_SCT"", ""integrated_snn_res.0.3"", ""seurat_clusters"", ""celltype_after"", ""dataset_id"", ""species"", ""accession"", ""tissue"", ""cell_type_original"", ""cell_type_canonical"", ""cell_type_mapping_status"", ""cell_type_is_unknown""]",True,[],[],Glycine max_GSE234864_Shoot.h5ad,0,0,91.0,0.0,786432,1.0.0,Glycine max,ok,"{""Companion cell"": 227, ""Guard cell"": 383, ""Mesophyll cell"": 640, ""Proliferating cell"": 1162, ""Shoot apical meristem"": 144, ""Shoot apical meristem epidermis layer"": 1308, ""Shoot parenchyma"": 464, ""Shoot system cortex"": 525, ""Shoot system vascular system"": 992}",2399,"[""conversion_provenance"", ""expression_representation"", ""schema_version"", ""source"", ""source_annotation_column_name_map""]","[""gene_id_original"", ""gene_id_canonical"", ""gene_mapping_status"", ""species"", ""dataset_id""]",True,[],"[""canonical_cell_type_mapping_empty"", ""canonical_gene_mapping_empty"", ""nonsemantic_expression_layer_name""]",_CSRDataset,int64,0.9498774210611979
0.0,0,0.0,0,"{""unmapped"": 14925}",Glycine max_GSE234864_TrifoliateLeaf,nonnegative_integer_unverified,csr,count_like_nonnegative_integer,92723298,1.0,"{""other"": 1, ""symbol_like"": 4999}","{""unmapped"": 39090}",1.0,celltype_after,0.8285427135678392,12366,"{""None"": {""class"": ""_CSRDataset"", ""dtype"": ""int64"", ""expression_semantics"": ""count_like_nonnegative_integer"", ""finite_fraction"": 1.0, ""integer_like_fraction"": 1.0, ""negative_fraction"": 0.0, ""sample_equal_to_x"": true, ""sample_max"": 79.0, ""sample_min"": 0.0, ""sampled_values"": 786432, ""zero_fraction"": 0.958306630452474}}","[""None""]",1073.5,"{""condition"": null, ""sample"": ""orig.ident"", ""sample_n_unique"": 1, ""sample_nonempty_fraction"": 1.0, ""species"": ""species"", ""species_n_unique"": 1, ""species_nonempty_fraction"": 1.0, ""stage"": null, ""tissue"": ""tissue"", ""tissue_n_unique"": 1, ""tissue_nonempty_fraction"": 1.0}",191,14925,39090,8,0.0,"[""source__unnamed"", ""orig.ident"", ""nCount_RNA"", ""nFeature_RNA"", ""source__index"", ""nCount_SCT"", ""nFeature_SCT"", ""integrated_snn_res.0.3"", ""seurat_clusters"", ""celltype_after"", ""dataset_id"", ""species"", ""accession"", ""tissue"", ""cell_type_original"", ""cell_type_canonical"", ""cell_type_mapping_status"", ""cell_type_is_unknown""]",True,[],[],Glycine max_GSE234864_TrifoliateLeaf.h5ad,0,0,79.0,0.0,786432,1.0.0,Glycine max,ok,"{""Bundle sheath cell"": 1426, ""Companion cell"": 611, ""Hydathode"": 197, ""Leaf guard cell"": 191, ""Leaf lamina epidermis"": 2095, ""Leaf senescing cell"": 1835, ""Leaf vascular system"": 721, ""Mesophyll cell"": 5290}",2559,"[""conversion_provenance"", ""expression_representation"", ""schema_version"", ""source"", ""source_annotation_column_name_map""]","[""gene_id_original"", ""gene_id_canonical"", ""gene_mapping_status"", ""species"", ""dataset_id""]",True,[],"[""canonical_cell_type_mapping_empty"", ""canonical_gene_mapping_empty"", ""nonsemantic_expression_layer_name""]",_CSRDataset,int64,0.958306630452474
0.0,0,0.0,0,"{""unmapped"": 11229}",Glycine max_GSE234864_TrueLeaf,nonnegative_integer_unverified,csr,count_like_nonnegative_integer,135093239,1.0,"{""symbol_like"": 5000}","{""unmapped"": 40140}",1.0,celltype_after,0.8448659720366907,9487,"{""None"": {""class"": ""_CSRDataset"", ""dtype"": ""int64"", ""expression_semantics"": ""count_like_nonnegative_integer"", ""finite_fraction"": 1.0, ""integer_like_fraction"": 1.0, ""negative_fraction"": 0.0, ""sample_equal_to_x"": true, ""sample_max"": 206.0, ""sample_min"": 0.0, ""sampled_values"": 786432, ""zero_fraction"": 0.9291089375813802}}","[""None""]",422.0,"{""condition"": null, ""sample"": ""orig.ident"", ""sample_n_unique"": 1, ""sample_nonempty_fraction"": 1.0, ""species"": ""species"", ""species_n_unique"": 1, ""species_nonempty_fraction"": 1.0, ""stage"": null, ""tissue"": ""tissue"", ""tissue_n_unique"": 1, ""tissue_nonempty_fraction"": 1.0}",29,11229,40140,8,0.0,"[""source__unnamed"", ""orig.ident"", ""nCount_RNA"", ""nFeature_RNA"", ""source__index"", ""nCount_SCT"", ""nFeature_SCT"", ""integrated_snn_res.0.3"", ""seurat_clusters"", ""celltype_after"", ""dataset_id"", ""species"", ""accession"", ""tissue"", ""cell_type_original"", ""cell_type_canonical"", ""cell_type_mapping_status"", ""cell_type_is_unknown""]",True,[],[],Glycine max_GSE234864_TrueLeaf.h5ad,2,1,206.0,0.0,786432,1.0.0,Glycine max,ok,"{""Bundle sheath cell"": 2172, ""Companion cell"": 467, ""Leaf guard cell"": 185, ""Leaf lamina epidermis"": 2808, ""Leaf senescing cell"": 64, ""Leaf vascular system"": 377, ""Mesophyll cell"": 3385, ""Proliferating cell"": 29}",1742,"[""conversion_provenance"", ""expression_representation"", ""schema_version"", ""source"", ""source_annotation_column_name_map""]","[""gene_id_original"", ""gene_id_canonical"", ""gene_mapping_status"", ""species"", ""dataset_id""]",True,[],"[""canonical_cell_type_mapping_empty"", ""canonical_gene_mapping_empty"", ""nonsemantic_expression_layer_name""]",_CSRDataset,int64,0.9291089375813802
0.0,0,0.0,0,"{""unmapped"": 26712}",Glycine max_PRJCA009893,nonnegative_integer_unverified,csr,count_like_nonnegative_integer,182853586,1.0,"{""symbol_like"": 5000}","{""unmapped"": 39337}",1.0,celltype_after,0.58217280622941,15551,"{""None"": {""class"": ""_CSRDataset"", ""dtype"": ""int64"", ""expression_semantics"": ""count_like_nonnegative_integer"", ""finite_fraction"": 1.0, ""integer_like_fraction"": 1.0, ""negative_fraction"": 0.0, ""sample_equal_to_x"": true, ""sample_max"": 75.0, ""sample_min"": 0.0, ""sampled_values"": 786432, ""zero_fraction"": 0.9625523885091146}}","[""None""]",2750.0,"{""condition"": null, ""sample"": ""orig.ident"", ""sample_n_unique"": 1, ""sample_nonempty_fraction"": 1.0, ""species"": ""species"", ""species_n_unique"": 1, ""species_nonempty_fraction"": 1.0, ""stage"": null, ""tissue"": ""tissue"", ""tissue_n_unique"": 1, ""tissue_nonempty_fraction"": 1.0}",530,26712,39337,4,0.0,"[""source__unnamed"", ""orig.ident"", ""nCount_RNA"", ""nFeature_RNA"", ""source__index"", ""n_genes"", ""n_counts"", ""Cluster"", ""leiden_R"", ""Cell.type"", ""Sample_time"", ""celltype_after"", ""dataset_id"", ""species"", ""accession"", ""tissue"", ""cell_type_original"", ""cell_type_canonical"", ""cell_type_mapping_status"", ""cell_type_is_unknown""]",True,[],[],Glycine max_PRJCA009893.h5ad,0,0,75.0,0.0,786432,1.0.0,Glycine max,ok,"{""Root cortex"": 9521, ""Root epidermis"": 2141, ""Root nodule"": 530, ""Root vascular system"": 3359}",11161,"[""conversion_provenance"", ""expression_representation"", ""schema_version"", ""source"", ""source_annotation_column_name_map""]","[""gene_id_original"", ""gene_id_canonical"", ""gene_mapping_status"", ""species"", ""dataset_id""]",True,[],"[""canonical_cell_type_mapping_empty"", ""canonical_gene_mapping_empty"", ""nonsemantic_expression_layer_name""]",_CSRDataset,int64,0.9625523885091146
0.0,0,0.0,0,"{""unmapped"": 23227}",Glycine max_PRJNA1124403_CSseed,nonnegative_integer_unverified,csr,count_like_nonnegative_integer,314191883,1.0,"{""symbol_like"": 5000}","{""unmapped"": 44593}",1.0,celltype_after,0.5503508847462005,12783,"{""None"": {""class"": ""_CSRDataset"", ""dtype"": ""int64"", ""expression_semantics"": ""count_like_nonnegative_integer"", ""finite_fraction"": 1.0, ""integer_like_fraction"": 1.0, ""negative_fraction"": 0.0, ""sample_equal_to_x"": true, ""sample_max"": 50.0, ""sample_min"": 0.0, ""sampled_values"": 786432, ""zero_fraction"": 0.9364674886067709}}","[""None""]",1358.5,"{""condition"": null, ""sample"": ""orig.ident"", ""sample_n_unique"": 1, ""sample_nonempty_fraction"": 1.0, ""species"": ""species"", ""species_n_unique"": 1, ""species_nonempty_fraction"": 1.0, ""stage"": null, ""tissue"": ""tissue"", ""tissue_n_unique"": 1, ""tissue_nonempty_fraction"": 1.0}",492,23227,44593,6,0.0,"[""source__unnamed"", ""orig.ident"", ""nCount_RNA"", ""nFeature_RNA"", ""source__index"", ""nCount_SCT"", ""nFeature_SCT"", ""integrated_snn_res.0.5"", ""seurat_clusters"", ""celltype_after"", ""dataset_id"", ""species"", ""accession"", ""tissue"", ""cell_type_original"", ""cell_type_canonical"", ""cell_type_mapping_status"", ""cell_type_is_unknown""]",True,[],[],Glycine max_PRJNA1124403_CSseed.h5ad,0,0,50.0,0.0,786432,1.0.0,Glycine max,ok,"{""Embryo epidermal cell"": 665, ""Endosperm"": 1520, ""Plant embryo"": 2099, ""Proliferating cell"": 492, ""Seed coat"": 6810, ""Seed coat endothelium"": 1197}",10444,"[""conversion_provenance"", ""expression_representation"", ""schema_version"", ""source"", ""source_annotation_column_name_map""]","[""gene_id_original"", ""gene_id_canonical"", ""gene_mapping_status"", ""species"", ""dataset_id""]",True,[],"[""canonical_cell_type_mapping_empty"", ""canonical_gene_mapping_empty"", ""nonsemantic_expression_layer_name""]",_CSRDataset,int64,0.9364674886067709
0.0,0,0.0,0,"{""unmapped"": 28042}",Glycine max_PRJNA1124403_GSseed,nonnegative_integer_unverified,csr,count_like_nonnegative_integer,304848535,1.0,"{""symbol_like"": 5000}","{""unmapped"": 44820}",1.0,celltype_after,0.7692746594394123,21572,"{""None"": {""class"": ""_CSRDataset"", ""dtype"": ""int64"", ""expression_semantics"": ""count_like_nonnegative_integer"", ""finite_fraction"": 1.0, ""integer_like_fraction"": 1.0, ""negative_fraction"": 0.0, ""sample_equal_to_x"": true, ""sample_max"": 45.0, ""sample_min"": 0.0, ""sampled_values"": 786432, ""zero_fraction"": 0.9520543416341146}}","[""None""]",1622.0,"{""condition"": null, ""sample"": ""orig.ident"", ""sample_n_unique"": 1, ""sample_nonempty_fraction"": 1.0, ""species"": ""species"", ""species_n_unique"": 1, ""species_nonempty_fraction"": 1.0, ""stage"": null, ""tissue"": ""tissue"", ""tissue_n_unique"": 1, ""tissue_nonempty_fraction"": 1.0}",432,28042,44820,7,0.0,"[""source__unnamed"", ""orig.ident"", ""nCount_RNA"", ""nFeature_RNA"", ""source__index"", ""nCount_SCT"", ""nFeature_SCT"", ""integrated_snn_res.0.5"", ""seurat_clusters"", ""celltype_after"", ""dataset_id"", ""species"", ""accession"", ""tissue"", ""cell_type_original"", ""cell_type_canonical"", ""cell_type_mapping_status"", ""cell_type_is_unknown""]",True,[],[],Glycine max_PRJNA1124403_GSseed.h5ad,0,0,45.0,0.0,786432,1.0.0,Glycine max,ok,"{""Endosperm"": 2548, ""Inner integument"": 1622, ""Plant embryo"": 432, ""Proliferating cell"": 658, ""Seed coat"": 11311, ""Seed coat endothelium"": 1284, ""Seed coat epidermis"": 3717}",6470,"[""conversion_provenance"", ""expression_representation"", ""schema_version"", ""source"", ""source_annotation_column_name_map""]","[""gene_id_original"", ""gene_id_canonical"", ""gene_mapping_status"", ""species"", ""dataset_id""]",True,[],"[""canonical_cell_type_mapping_empty"", ""canonical_gene_mapping_empty"", ""nonsemantic_expression_layer_name""]",_CSRDataset,int64,0.9520543416341146
0.0,0,0.0,0,"{""unmapped"": 36857}",Glycine max_PRJNA1124403_HSseed,nonnegative_integer_unverified,csr,count_like_nonnegative_integer,480027179,1.0,"{""symbol_like"": 5000}","{""unmapped"": 45841}",1.0,celltype_after,0.7806658165341727,28773,"{""None"": {""class"": ""_CSRDataset"", ""dtype"": ""int64"", ""expression_semantics"": ""count_like_nonnegative_integer"", ""finite_fraction"": 1.0, ""integer_like_fraction"": 1.0, ""negative_fraction"": 0.0, ""sample_equal_to_x"": true, ""sample_max"": 60.0, ""sample_min"": 0.0, ""sampled_values"": 786432, ""zero_fraction"": 0.9401194254557291}}","[""None""]",1410.0,"{""condition"": null, ""sample"": ""orig.ident"", ""sample_n_unique"": 1, ""sample_nonempty_fraction"": 1.0, ""species"": ""species"", ""species_n_unique"": 1, ""species_nonempty_fraction"": 1.0, ""stage"": null, ""tissue"": ""tissue"", ""tissue_n_unique"": 1, ""tissue_nonempty_fraction"": 1.0}",1001,36857,45841,7,0.0,"[""source__unnamed"", ""orig.ident"", ""nCount_RNA"", ""nFeature_RNA"", ""source__index"", ""nCount_SCT"", ""nFeature_SCT"", ""integrated_snn_res.0.5"", ""seurat_clusters"", ""celltype_after"", ""dataset_id"", ""species"", ""accession"", ""tissue"", ""cell_type_original"", ""cell_type_canonical"", ""cell_type_mapping_status"", ""cell_type_is_unknown""]",True,[],[],Glycine max_PRJNA1124403_HSseed.h5ad,0,0,60.0,0.0,786432,1.0.0,Glycine max,ok,"{""Endosperm"": 1152, ""Inner integument"": 1410, ""Plant embryo"": 1001, ""Proliferating cell"": 1130, ""Seed coat"": 16089, ""Seed coat endothelium"": 4346, ""Seed coat epidermis"": 3645}",8084,"[""conversion_provenance"", ""expression_representation"", ""schema_version"", ""source"", ""source_annotation_column_name_map""]","[""gene_id_original"", ""gene_id_canonical"", ""gene_mapping_status"", ""species"", ""dataset_id""]",True,[],"[""canonical_cell_type_mapping_empty"", ""canonical_gene_mapping_empty"", ""nonsemantic_expression_layer_name""]",_CSRDataset,int64,0.9401194254557291
0.0,0,0.0,0,"{""unmapped"": 9083}",Glycine max_PRJNA1124403_Nodule,nonnegative_integer_unverified,csr,count_like_nonnegative_integer,67051122,1.0,"{""symbol_like"": 5000}","{""unmapped"": 40536}",1.0,celltype_after,0.5022569635582957,4562,"{""None"": {""class"": ""_CSRDataset"", ""dtype"": ""int64"", ""expression_semantics"": ""count_like_nonnegative_integer"", ""finite_fraction"": 1.0, ""integer_like_fraction"": 1.0, ""negative_fraction"": 0.0, ""sample_equal_to_x"": true, ""sample_max"": 18.0, ""sample_min"": 0.0, ""sampled_values"": 786432, ""zero_fraction"": 0.9646504720052084}}","[""None""]",532.0,"{""condition"": null, ""sample"": ""orig.ident"", ""sample_n_unique"": 1, ""sample_nonempty_fraction"": 1.0, ""species"": ""species"", ""species_n_unique"": 1, ""species_nonempty_fraction"": 1.0, ""stage"": null, ""tissue"": ""tissue"", ""tissue_n_unique"": 1, ""tissue_nonempty_fraction"": 1.0}",72,9083,40536,6,0.0,"[""source__unnamed"", ""orig.ident"", ""nCount_RNA"", ""nFeature_RNA"", ""source__index"", ""nCount_SCT"", ""nFeature_SCT"", ""integrated_snn_res.0.5"", ""seurat_clusters"", ""celltype_after"", ""dataset_id"", ""species"", ""accession"", ""tissue"", ""cell_type_original"", ""cell_type_canonical"", ""cell_type_mapping_status"", ""cell_type_is_unknown""]",True,[],[],Glycine max_PRJNA1124403_Nodule.h5ad,1,0,18.0,0.0,786432,1.0.0,Glycine max,ok,"{""Phloem"": 122, ""Root cortex"": 1838, ""Root endodermis"": 72, ""Root nodule"": 942, ""Root procambium"": 1482, ""Xylem"": 106}",4521,"[""conversion_provenance"", ""expression_representation"", ""schema_version"", ""source"", ""source_annotation_column_name_map""]","[""gene_id_original"", ""gene_id_canonical"", ""gene_mapping_status"", ""species"", ""dataset_id""]",True,[],"[""canonical_cell_type_mapping_empty"", ""canonical_gene_mapping_empty"", ""nonsemantic_expression_layer_name""]",_CSRDataset,int64,0.9646504720052084
0.0,0,0.0,0,"{""unmapped"": 25694}",Glycine max_PRJNA1124403_Root,nonnegative_integer_unverified,csr,count_like_nonnegative_integer,296817043,1.0,"{""symbol_like"": 5000}","{""unmapped"": 44184}",1.0,celltype_after,0.46594535689265976,11972,"{""None"": {""class"": ""_CSRDataset"", ""dtype"": ""int64"", ""expression_semantics"": ""count_like_nonnegative_integer"", ""finite_fraction"": 1.0, ""integer_like_fraction"": 1.0, ""negative_fraction"": 0.0, ""sample_equal_to_x"": true, ""sample_max"": 166.0, ""sample_min"": 0.0, ""sampled_values"": 786432, ""zero_fraction"": 0.9453455607096354}}","[""None""]",988.5,"{""condition"": null, ""sample"": ""orig.ident"", ""sample_n_unique"": 1, ""sample_nonempty_fraction"": 1.0, ""species"": ""species"", ""species_n_unique"": 1, ""species_nonempty_fraction"": 1.0, ""stage"": null, ""tissue"": ""tissue"", ""tissue_n_unique"": 1, ""tissue_nonempty_fraction"": 1.0}",197,25694,44184,8,0.0,"[""source__unnamed"", ""orig.ident"", ""nCount_RNA"", ""nFeature_RNA"", ""source__index"", ""nCount_SCT"", ""nFeature_SCT"", ""integrated_snn_res.0.3"", ""seurat_clusters"", ""celltype_after"", ""dataset_id"", ""species"", ""accession"", ""tissue"", ""cell_type_original"", ""cell_type_canonical"", ""cell_type_mapping_status"", ""cell_type_is_unknown""]",True,[],[],Glycine max_PRJNA1124403_Root.h5ad,1,0,166.0,0.0,786432,1.0.0,Glycine max,ok,"{""Pericycle cell"": 1022, ""Phloem"": 1606, ""Root cap"": 197, ""Root cortex"": 5476, ""Root endodermis"": 769, ""Root epidermis"": 955, ""Root hair cell"": 1314, ""Xylem"": 633}",13722,"[""conversion_provenance"", ""expression_representation"", ""schema_version"", ""source"", ""source_annotation_column_name_map""]","[""gene_id_original"", ""gene_id_canonical"", ""gene_mapping_status"", ""species"", ""dataset_id""]",True,[],"[""cell_type_coverage_below_50_percent"", ""canonical_cell_type_mapping_empty"", ""canonical_gene_mapping_empty"", ""nonsemantic_expression_layer_name""]",_CSRDataset,int64,0.9453455607096354
0.0,0,0.0,0,"{""unmapped"": 22162}",Glycine max_PRJNA1124403_Stem,nonnegative_integer_unverified,csr,count_like_nonnegative_integer,169851888,1.0,"{""symbol_like"": 5000}","{""unmapped"": 42816}",1.0,celltype_after,0.3336341485425503,7394,"{""None"": {""class"": ""_CSRDataset"", ""dtype"": ""int64"", ""expression_semantics"": ""count_like_nonnegative_integer"", ""finite_fraction"": 1.0, ""integer_like_fraction"": 1.0, ""negative_fraction"": 0.0, ""sample_equal_to_x"": true, ""sample_max"": 122.0, ""sample_min"": 0.0, ""sampled_values"": 786432, ""zero_fraction"": 0.9636624654134115}}","[""None""]",708.5,"{""condition"": null, ""sample"": ""orig.ident"", ""sample_n_unique"": 1, ""sample_nonempty_fraction"": 1.0, ""species"": ""species"", ""species_n_unique"": 1, ""species_nonempty_fraction"": 1.0, ""stage"": null, ""tissue"": ""tissue"", ""tissue_n_unique"": 1, ""tissue_nonempty_fraction"": 1.0}",196,22162,42816,8,0.0,"[""source__unnamed"", ""orig.ident"", ""nCount_RNA"", ""nFeature_RNA"", ""source__index"", ""nCount_SCT"", ""nFeature_SCT"", ""integrated_snn_res.0.3"", ""seurat_clusters"", ""celltype_after"", ""dataset_id"", ""species"", ""accession"", ""tissue"", ""cell_type_original"", ""cell_type_canonical"", ""cell_type_mapping_status"", ""cell_type_is_unknown""]",True,[],[],Glycine max_PRJNA1124403_Stem.h5ad,1,0,122.0,0.0,786432,1.0.0,Glycine max,ok,"{""Phloem"": 679, ""Proliferating cell"": 196, ""Stem cortex"": 2610, ""Stem endodermis"": 738, ""Stem epidermis"": 940, ""Stem pith"": 564, ""Stem trichome"": 1168, ""Xylem"": 499}",14768,"[""conversion_provenance"", ""expression_representation"", ""schema_version"", ""source"", ""source_annotation_column_name_map""]","[""gene_id_original"", ""gene_id_canonical"", ""gene_mapping_status"", ""species"", ""dataset_id""]",True,[],"[""cell_type_coverage_below_50_percent"", ""canonical_cell_type_mapping_empty"", ""canonical_gene_mapping_empty"", ""nonsemantic_expression_layer_name""]",_CSRDataset,int64,0.9636624654134115
0.0,0,0.0,0,"{""unmapped"": 78313}",Gossypium arboreum_PRJNA939177,scaled_continuous,dense,scaled_continuous_or_centered,1578807291,1.0,"{""symbol_like"": 4959}","{""unmapped"": 4959}",0.009293874104817709,celltype_after,0.8090227676120184,63357,"{""None"": {""class"": ""Dataset"", ""dtype"": ""float32"", ""expression_semantics"": ""scaled_continuous_or_centered"", ""finite_fraction"": 1.0, ""integer_like_fraction"": 0.009293874104817709, ""negative_fraction"": 0.8106842041015625, ""sample_equal_to_x"": true, ""sample_max"": 10.0, ""sample_min"": -9.368284225463867, ""sampled_values"": 786432, ""zero_fraction"": 0.0}}","[""None""]",7624.0,"{""condition"": null, ""sample"": ""orig.ident"", ""sample_n_unique"": 2, ""sample_nonempty_fraction"": 1.0, ""species"": ""species"", ""species_n_unique"": 1, ""species_nonempty_fraction"": 1.0, ""stage"": null, ""tissue"": ""tissue"", ""tissue_n_unique"": 1, ""tissue_nonempty_fraction"": 1.0}",2188,78313,4959,9,0.8106842041015625,"[""source__unnamed"", ""orig.ident"", ""source__index"", ""nCount_RNA"", ""nFeature_RNA"", ""nCount_SCT"", ""nFeature_SCT"", ""integrated_snn_res.0.3"", ""seurat_clusters"", ""celltype_after"", ""dataset_id"", ""species"", ""accession"", ""tissue"", ""cell_type_original"", ""cell_type_canonical"", ""cell_type_mapping_status"", ""cell_type_is_unknown""]",True,[],[],Gossypium arboreum_PRJNA939177.h5ad,0,0,10.0,-9.368284225463867,786432,1.0.0,Gossypium arboreum,ok,"{""Phloem"": 2188, ""Proximal meristem"": 2807, ""Quiescent center"": 7624, ""Root cap"": 9191, ""Root cortex"": 7887, ""Root endodermis"": 3437, ""Root epidermis"": 9141, ""Root hair cell"": 15321, ""Xylem"": 5761}",14956,"[""conversion_provenance"", ""expression_representation"", ""schema_version"", ""source"", ""source_annotation_column_name_map""]","[""gene_id_original"", ""gene_id_canonical"", ""gene_mapping_status"", ""species"", ""dataset_id""]",True,[],"[""canonical_cell_type_mapping_empty"", ""canonical_gene_mapping_empty"", ""nonsemantic_expression_layer_name""]",Dataset,float32,0.0
0.0,0,0.0,0,"{""unmapped"": 13488}",Gossypium bickii_PRJNA934498,scaled_continuous,dense,scaled_continuous_or_centered,682450168,1.0,"{""symbol_like"": 5000}","{""unmapped"": 29356}",0.0012461344401041667,celltype_after,0.9754596678529063,13157,"{""None"": {""class"": ""Dataset"", ""dtype"": ""float32"", ""expression_semantics"": ""scaled_continuous_or_centered"", ""finite_fraction"": 1.0, ""integer_like_fraction"": 0.0012461344401041667, ""negative_fraction"": 0.9263051350911459, ""sample_equal_to_x"": true, ""sample_max"": 10.0, ""sample_min"": -3.0423383712768555, ""sampled_values"": 786432, ""zero_fraction"": 0.0}}","[""None""]",862.5,"{""condition"": null, ""sample"": ""orig.ident"", ""sample_n_unique"": 1, ""sample_nonempty_fraction"": 1.0, ""species"": ""species"", ""species_n_unique"": 1, ""species_nonempty_fraction"": 1.0, ""stage"": null, ""tissue"": ""tissue"", ""tissue_n_unique"": 1, ""tissue_nonempty_fraction"": 1.0}",159,13488,29356,6,0.9263051350911459,"[""source__unnamed"", ""orig.ident"", ""source__index"", ""nCount_RNA"", ""nFeature_RNA"", ""RNA_snn_res.0.5"", ""seurat_clusters"", ""customclassif"", ""customclassif2"", ""celltype_after"", ""dataset_id"", ""species"", ""accession"", ""tissue"", ""cell_type_original"", ""cell_type_canonical"", ""cell_type_mapping_status"", ""cell_type_is_unknown""]",True,[],[],Gossypium bickii_PRJNA934498.h5ad,0,0,10.0,-3.0423383712768555,786432,1.0.0,Gossypium bickii,ok,"{""Companion cell"": 197, ""Leaf guard cell"": 159, ""Leaf lamina epidermis"": 2188, ""Mesophyll cell"": 8888, ""Phloem parenchyma cell"": 1263, ""Xylem"": 462}",331,"[""conversion_provenance"", ""expression_representation"", ""schema_version"", ""source"", ""source_annotation_column_name_map""]","[""gene_id_original"", ""gene_id_canonical"", ""gene_mapping_status"", ""species"", ""dataset_id""]",True,[],"[""canonical_cell_type_mapping_empty"", ""canonical_gene_mapping_empty"", ""nonsemantic_expression_layer_name""]",Dataset,float32,0.0
0.0,0,0.0,0,"{""unmapped"": 37062}",Gossypium hirsutum_PRJNA1010459,nonnegative_integer_unverified,csr,count_like_nonnegative_integer,388188674,1.0,"{""symbol_like"": 5000}","{""unmapped"": 58977}",1.0,celltype_after,1.0,37062,"{""None"": {""class"": ""_CSRDataset"", ""dtype"": ""int64"", ""expression_semantics"": ""count_like_nonnegative_integer"", ""finite_fraction"": 1.0, ""integer_like_fraction"": 1.0, ""negative_fraction"": 0.0, ""sample_equal_to_x"": true, ""sample_max"": 99.0, ""sample_min"": 0.0, ""sampled_values"": 786432, ""zero_fraction"": 0.9581286112467448}}","[""None""]",4986.0,"{""condition"": null, ""sample"": ""orig.ident"", ""sample_n_unique"": 2, ""sample_nonempty_fraction"": 1.0, ""species"": ""species"", ""species_n_unique"": 1, ""species_nonempty_fraction"": 1.0, ""stage"": null, ""tissue"": ""tissue"", ""tissue_n_unique"": 1, ""tissue_nonempty_fraction"": 1.0}",1377,37062,58977,8,0.0,"[""source__unnamed"", ""orig.ident"", ""nCount_RNA"", ""nFeature_RNA"", ""source__index"", ""nCount_SCT"", ""nFeature_SCT"", ""integrated_snn_res.0.6"", ""seurat_clusters"", ""celltype_after"", ""dataset_id"", ""species"", ""accession"", ""tissue"", ""cell_type_original"", ""cell_type_canonical"", ""cell_type_mapping_status"", ""cell_type_is_unknown""]",True,[],[],Gossypium hirsutum_PRJNA1010459.h5ad,0,0,99.0,0.0,786432,1.0.0,Gossypium hirsutum,ok,"{""Anther wall endothecium"": 6973, ""Anther wall middle layer"": 2832, ""Anther wall tapetum"": 3903, ""Connective"": 6788, ""Developing male gametophytes"": 2291, ""Flower vascular system"": 1377, ""Microspore nuclei"": 6069, ""Ovule non-fiber epidermis"": 6829}",0,"[""conversion_provenance"", ""expression_representation"", ""schema_version"", ""source"", ""source_annotation_column_name_map""]","[""gene_id_original"", ""gene_id_canonical"", ""gene_mapping_status"", ""species"", ""dataset_id""]",True,[],"[""canonical_cell_type_mapping_empty"", ""canonical_gene_mapping_empty"", ""nonsemantic_expression_layer_name""]",_CSRDataset,int64,0.9581286112467448
0.0,0,0.0,0,"{""unmapped"": 39212}",Gossypium hirsutum_PRJNA1018465,nonnegative_integer_unverified,csr,count_like_nonnegative_integer,533425013,1.0,"{""symbol_like"": 5000}","{""unmapped"": 53141}",1.0,celltype_after,0.7388809548097521,28973,"{""None"": {""class"": ""_CSRDataset"", ""dtype"": ""int64"", ""expression_semantics"": ""count_like_nonnegative_integer"", ""finite_fraction"": 1.0, ""integer_like_fraction"": 1.0, ""negative_fraction"": 0.0, ""sample_equal_to_x"": true, ""sample_max"": 101.0, ""sample_min"": 0.0, ""sampled_values"": 786432, ""zero_fraction"": 0.9500923156738281}}","[""None""]",2915.0,"{""condition"": null, ""sample"": ""orig.ident"", ""sample_n_unique"": 1, ""sample_nonempty_fraction"": 1.0, ""species"": ""species"", ""species_n_unique"": 1, ""species_nonempty_fraction"": 1.0, ""stage"": null, ""tissue"": ""tissue"", ""tissue_n_unique"": 1, ""tissue_nonempty_fraction"": 1.0}",59,39212,53141,5,0.0,"[""source__unnamed"", ""orig.ident"", ""nCount_RNA"", ""nFeature_RNA"", ""source__index"", ""nCount_SCT"", ""nFeature_SCT"", ""integrated_snn_res.0.5"", ""seurat_clusters"", ""celltype_after"", ""dataset_id"", ""species"", ""accession"", ""tissue"", ""cell_type_original"", ""cell_type_canonical"", ""cell_type_mapping_status"", ""cell_type_is_unknown""]",True,[],[],Gossypium hirsutum_PRJNA1018465.h5ad,1,0,101.0,0.0,786432,1.0.0,Gossypium hirsutum,ok,"{""Guard cell"": 59, ""Leaf lamina epidermis"": 3759, ""Leaf vascular system"": 2915, ""Mesophyll cell"": 19993, ""Proliferating cell"": 2247}",10239,"[""conversion_provenance"", ""expression_representation"", ""schema_version"", ""source"", ""source_annotation_column_name_map""]","[""gene_id_original"", ""gene_id_canonical"", ""gene_mapping_status"", ""species"", ""dataset_id""]",True,[],"[""canonical_cell_type_mapping_empty"", ""canonical_gene_mapping_empty"", ""nonsemantic_expression_layer_name""]",_CSRDataset,int64,0.9500923156738281
0.0,0,0.0,0,"{""unmapped"": 17507}",Gossypium hirsutum_PRJNA600131,scaled_continuous,dense,scaled_continuous_or_centered,480098879,1.0,"{""symbol_like"": 5000}","{""unmapped"": 6767}",0.0016632080078125,celltype_after,0.8127606100416976,14229,"{""None"": {""class"": ""Dataset"", ""dtype"": ""float32"", ""expression_semantics"": ""scaled_continuous_or_centered"", ""finite_fraction"": 1.0, ""integer_like_fraction"": 0.0016632080078125, ""negative_fraction"": 0.8339945475260416, ""sample_equal_to_x"": true, ""sample_max"": 10.0, ""sample_min"": -5.537905693054199, ""sampled_values"": 786432, ""zero_fraction"": 0.0}}","[""None""]",5727.0,"{""condition"": null, ""sample"": ""orig.ident"", ""sample_n_unique"": 1, ""sample_nonempty_fraction"": 1.0, ""species"": ""species"", ""species_n_unique"": 1, ""species_nonempty_fraction"": 1.0, ""stage"": null, ""tissue"": ""tissue"", ""tissue_n_unique"": 1, ""tissue_nonempty_fraction"": 1.0}",1840,17507,6767,3,0.8339945475260416,"[""source__unnamed"", ""orig.ident"", ""source__index"", ""nCount_RNA"", ""nFeature_RNA"", ""nCount_SCT"", ""nFeature_SCT"", ""integrated_snn_res.0.5"", ""seurat_clusters"", ""celltype_after"", ""dataset_id"", ""species"", ""accession"", ""tissue"", ""cell_type_original"", ""cell_type_canonical"", ""cell_type_mapping_status"", ""cell_type_is_unknown""]",True,[],[],Gossypium hirsutum_PRJNA600131.h5ad,0,0,10.0,-5.537905693054199,786432,1.0.0,Gossypium hirsutum,ok,"{""Outer pigment layer"": 5727, ""Ovule fiber cell"": 1840, ""Ovule non-fiber epidermis"": 6662}",3278,"[""conversion_provenance"", ""expression_representation"", ""schema_version"", ""source"", ""source_annotation_column_name_map""]","[""gene_id_original"", ""gene_id_canonical"", ""gene_mapping_status"", ""species"", ""dataset_id""]",True,[],"[""canonical_cell_type_mapping_empty"", ""canonical_gene_mapping_empty"", ""nonsemantic_expression_layer_name""]",Dataset,float32,0.0
0.0,0,0.0,0,"{""unmapped"": 99188}",Gossypium hirsutum_PRJNA895970,nonnegative_integer_unverified,csr,count_like_nonnegative_integer,590183803,1.0,"{""symbol_like"": 5000}","{""unmapped"": 55996}",1.0,celltype_after,0.4389442271242489,43538,"{""None"": {""class"": ""_CSRDataset"", ""dtype"": ""int64"", ""expression_semantics"": ""count_like_nonnegative_integer"", ""finite_fraction"": 1.0, ""integer_like_fraction"": 1.0, ""negative_fraction"": 0.0, ""sample_equal_to_x"": true, ""sample_max"": 223.0, ""sample_min"": 0.0, ""sampled_values"": 786432, ""zero_fraction"": 0.978338877360026}}","[""None""]",7572.0,"{""condition"": null, ""sample"": ""orig.ident"", ""sample_n_unique"": 1, ""sample_nonempty_fraction"": 1.0, ""species"": ""species"", ""species_n_unique"": 1, ""species_nonempty_fraction"": 1.0, ""stage"": null, ""tissue"": ""tissue"", ""tissue_n_unique"": 1, ""tissue_nonempty_fraction"": 1.0}",2700,99188,55996,5,0.0,"[""source__unnamed"", ""orig.ident"", ""nCount_RNA"", ""nFeature_RNA"", ""source__index"", ""nCount_SCT"", ""nFeature_SCT"", ""integrated_snn_res.0.2"", ""seurat_clusters"", ""celltype_after"", ""dataset_id"", ""species"", ""accession"", ""tissue"", ""cell_type_original"", ""cell_type_canonical"", ""cell_type_mapping_status"", ""cell_type_is_unknown""]",True,[],[],Gossypium hirsutum_PRJNA895970.h5ad,0,0,223.0,0.0,786432,1.0.0,Gossypium hirsutum,ok,"{""Early xylem vessel member"": 2700, ""Photosynthetic cell"": 16042, ""Stem cortex"": 7572, ""Xylem parenchyma cell"": 5577, ""Xylem precursor cell"": 11647}",55650,"[""conversion_provenance"", ""expression_representation"", ""schema_version"", ""source"", ""source_annotation_column_name_map""]","[""gene_id_original"", ""gene_id_canonical"", ""gene_mapping_status"", ""species"", ""dataset_id""]",True,[],"[""cell_type_coverage_below_50_percent"", ""canonical_cell_type_mapping_empty"", ""canonical_gene_mapping_empty"", ""nonsemantic_expression_layer_name""]",_CSRDataset,int64,0.978338877360026
0.0,0,0.0,0,"{""unmapped"": 47410}",Hevea brasiliensis_PRJCA012893,nonnegative_integer_unverified,csr,count_like_nonnegative_integer,985855147,1.0,"{""symbol_like"": 5000}","{""unmapped"": 29202}",1.0,celltype_after,0.5758489770090698,27301,"{""None"": {""class"": ""_CSRDataset"", ""dtype"": ""int64"", ""expression_semantics"": ""count_like_nonnegative_integer"", ""finite_fraction"": 1.0, ""integer_like_fraction"": 1.0, ""negative_fraction"": 0.0, ""sample_equal_to_x"": true, ""sample_max"": 499.0, ""sample_min"": 0.0, ""sampled_values"": 786432, ""zero_fraction"": 0.8705571492513021}}","[""None""]",4600.5,"{""condition"": null, ""sample"": ""orig.ident"", ""sample_n_unique"": 2, ""sample_nonempty_fraction"": 1.0, ""species"": ""species"", ""species_n_unique"": 1, ""species_nonempty_fraction"": 1.0, ""stage"": null, ""tissue"": ""tissue"", ""tissue_n_unique"": 1, ""tissue_nonempty_fraction"": 1.0}",2113,47410,29202,6,0.0,"[""source__unnamed"", ""orig.ident"", ""nCount_RNA"", ""nFeature_RNA"", ""source__index"", ""nCount_SCT"", ""nFeature_SCT"", ""integrated_snn_res.0.5"", ""seurat_clusters"", ""celltype_after"", ""dataset_id"", ""species"", ""accession"", ""tissue"", ""cell_type_original"", ""cell_type_canonical"", ""cell_type_mapping_status"", ""cell_type_is_unknown""]",True,[],[],Hevea brasiliensis_PRJCA012893.h5ad,0,0,499.0,0.0,786432,1.0.0,Hevea brasiliensis,ok,"{""Bundle sheath cell"": 7639, ""Hydathode"": 4775, ""Leaf lamina epidermis"": 4426, ""Mesophyll cell"": 6132, ""Phloem"": 2113, ""Xylem"": 2216}",20109,"[""conversion_provenance"", ""expression_representation"", ""schema_version"", ""source"", ""source_annotation_column_name_map""]","[""gene_id_original"", ""gene_id_canonical"", ""gene_mapping_status"", ""species"", ""dataset_id""]",True,[],"[""canonical_cell_type_mapping_empty"", ""canonical_gene_mapping_empty"", ""nonsemantic_expression_layer_name""]",_CSRDataset,int64,0.8705571492513021
0.0,0,0.0,0,"{""unmapped"": 15768}",Hylocereus undatus_PRJNA974579,nonnegative_integer_unverified,csr,count_like_nonnegative_integer,84702874,1.0,"{""symbol_like"": 5000}","{""unmapped"": 20144}",1.0,celltype_after,0.5140157280568239,8105,"{""None"": {""class"": ""_CSRDataset"", ""dtype"": ""int64"", ""expression_semantics"": ""count_like_nonnegative_integer"", ""finite_fraction"": 1.0, ""integer_like_fraction"": 1.0, ""negative_fraction"": 0.0, ""sample_equal_to_x"": true, ""sample_max"": 1719.0, ""sample_min"": 0.0, ""sampled_values"": 786432, ""zero_fraction"": 0.9499842325846354}}","[""None""]",3094.0,"{""condition"": null, ""sample"": ""orig.ident"", ""sample_n_unique"": 2, ""sample_nonempty_fraction"": 1.0, ""species"": ""species"", ""species_n_unique"": 1, ""species_nonempty_fraction"": 1.0, ""stage"": null, ""tissue"": ""tissue"", ""tissue_n_unique"": 1, ""tissue_nonempty_fraction"": 1.0}",672,15768,20144,3,0.0,"[""source__unnamed"", ""orig.ident"", ""nCount_RNA"", ""nFeature_RNA"", ""source__index"", ""nCount_SCT"", ""nFeature_SCT"", ""integrated_snn_res.0.5"", ""seurat_clusters"", ""celltype_after"", ""dataset_id"", ""species"", ""accession"", ""tissue"", ""cell_type_original"", ""cell_type_canonical"", ""cell_type_mapping_status"", ""cell_type_is_unknown""]",True,[],[],Hylocereus undatus_PRJNA974579.h5ad,0,0,1719.0,0.0,786432,1.0.0,Hylocereus undatus,ok,"{""Exocarp"": 4339, ""Fruit vascular system"": 672, ""Mesocarp"": 3094}",7663,"[""conversion_provenance"", ""expression_representation"", ""schema_version"", ""source"", ""source_annotation_column_name_map""]","[""gene_id_original"", ""gene_id_canonical"", ""gene_mapping_status"", ""species"", ""dataset_id""]",True,[],"[""canonical_cell_type_mapping_empty"", ""canonical_gene_mapping_empty"", ""nonsemantic_expression_layer_name""]",_CSRDataset,int64,0.9499842325846354
0.0,0,0.0,0,"{""unmapped"": 288}",Lemna minuta_PRJNA725879,scaled_continuous,dense,scaled_continuous_or_centered,6479944,1.0,"{""symbol_like"": 5000}","{""unmapped"": 10360}",0.002960205078125,celltype_after,0.7465277777777778,215,"{""None"": {""class"": ""Dataset"", ""dtype"": ""float32"", ""expression_semantics"": ""scaled_continuous_or_centered"", ""finite_fraction"": 1.0, ""integer_like_fraction"": 0.002960205078125, ""negative_fraction"": 0.967016855875651, ""sample_equal_to_x"": true, ""sample_max"": 10.0, ""sample_min"": -1.1166715621948242, ""sampled_values"": 786432, ""zero_fraction"": 0.0}}","[""None""]",40.0,"{""condition"": null, ""sample"": ""orig.ident"", ""sample_n_unique"": 1, ""sample_nonempty_fraction"": 1.0, ""species"": ""species"", ""species_n_unique"": 1, ""species_nonempty_fraction"": 1.0, ""stage"": null, ""tissue"": ""tissue"", ""tissue_n_unique"": 1, ""tissue_nonempty_fraction"": 1.0}",19,288,10360,6,0.967016855875651,"[""source__unnamed"", ""orig.ident"", ""source__index"", ""nCount_RNA"", ""nFeature_RNA"", ""RNA_snn_res.0.5"", ""seurat_clusters"", ""RNA_snn_res.1"", ""RNA_snn_res.4"", ""RNA_snn_res.2"", ""RNA_snn_res.1.2"", ""RNA_snn_res.1.5"", ""RNA_snn_res.1.3"", ""RNA_snn_res.1.4"", ""celltype_after"", ""dataset_id"", ""species"", ""accession"", ""tissue"", ""cell_type_original"", ""cell_type_canonical"", ""cell_type_mapping_status"", ""cell_type_is_unknown""]",True,[],[],Lemna minuta_PRJNA725879.h5ad,0,5,10.0,-1.1166715621948242,786432,1.0.0,Lemna minuta,ok,"{""Meristem"": 19, ""Mesophyll cell"": 50, ""Palisade mesophyll cell"": 47, ""Parenchyma cell"": 40, ""Root"": 19, ""Root transition cell"": 40}",73,"[""conversion_provenance"", ""expression_representation"", ""schema_version"", ""source"", ""source_annotation_column_name_map""]","[""gene_id_original"", ""gene_id_canonical"", ""gene_mapping_status"", ""species"", ""dataset_id""]",True,[],"[""canonical_cell_type_mapping_empty"", ""canonical_gene_mapping_empty"", ""nonsemantic_expression_layer_name""]",Dataset,float32,0.0
0.0,0,0.0,0,"{""unmapped"": 40492}",Limonium bicolor_PRJNA913259,nonnegative_integer_unverified,csr,count_like_nonnegative_integer,391312692,1.0,"{""symbol_like"": 5000}","{""unmapped"": 23838}",1.0,celltype_after,0.9125259310481083,36950,"{""None"": {""class"": ""_CSRDataset"", ""dtype"": ""int64"", ""expression_semantics"": ""count_like_nonnegative_integer"", ""finite_fraction"": 1.0, ""integer_like_fraction"": 1.0, ""negative_fraction"": 0.0, ""sample_equal_to_x"": true, ""sample_max"": 375.0, ""sample_min"": 0.0, ""sampled_values"": 786432, ""zero_fraction"": 0.9198862711588541}}","[""None""]",4419.5,"{""condition"": null, ""sample"": ""orig.ident"", ""sample_n_unique"": 1, ""sample_nonempty_fraction"": 1.0, ""species"": ""species"", ""species_n_unique"": 1, ""species_nonempty_fraction"": 1.0, ""stage"": null, ""tissue"": ""tissue"", ""tissue_n_unique"": 1, ""tissue_nonempty_fraction"": 1.0}",1358,40492,23838,8,0.0,"[""source__unnamed"", ""orig.ident"", ""nCount_RNA"", ""nFeature_RNA"", ""source__index"", ""nCount_SCT"", ""nFeature_SCT"", ""integrated_snn_res.0.3"", ""seurat_clusters"", ""celltype_after"", ""dataset_id"", ""species"", ""accession"", ""tissue"", ""cell_type_original"", ""cell_type_canonical"", ""cell_type_mapping_status"", ""cell_type_is_unknown""]",True,[],[],Limonium bicolor_PRJNA913259.h5ad,0,0,375.0,0.0,786432,1.0.0,Limonium bicolor,ok,"{""Leaf pavement cell"": 1358, ""Leaf procambium"": 2874, ""Leaf protoderm"": 8214, ""Leaf vascular system"": 5965, ""Mesophyll cell"": 8046, ""Proliferating cell"": 7016, ""Sieve element"": 1561, ""Xylem"": 1916}",3542,"[""conversion_provenance"", ""expression_representation"", ""schema_version"", ""source"", ""source_annotation_column_name_map""]","[""gene_id_original"", ""gene_id_canonical"", ""gene_mapping_status"", ""species"", ""dataset_id""]",True,[],"[""canonical_cell_type_mapping_empty"", ""canonical_gene_mapping_empty"", ""nonsemantic_expression_layer_name""]",_CSRDataset,int64,0.9198862711588541
0.0,0,0.0,0,"{""unmapped"": 7736}",Manihot esculenta Crantz_PRJCA019992,scaled_continuous,dense,scaled_continuous_or_centered,376917846,1.0,"{""symbol_like"": 5000}","{""unmapped"": 27630}",0.012774149576822916,celltype_after,1.0,7736,"{""None"": {""class"": ""Dataset"", ""dtype"": ""float32"", ""expression_semantics"": ""scaled_continuous_or_centered"", ""finite_fraction"": 1.0, ""integer_like_fraction"": 0.012774149576822916, ""negative_fraction"": 0.9212773640950521, ""sample_equal_to_x"": true, ""sample_max"": 10.0, ""sample_min"": -2.683016061782837, ""sampled_values"": 786432, ""zero_fraction"": 0.01171875}}","[""None""]",473.0,"{""condition"": null, ""sample"": ""orig.ident"", ""sample_n_unique"": 1, ""sample_nonempty_fraction"": 1.0, ""species"": ""species"", ""species_n_unique"": 1, ""species_nonempty_fraction"": 1.0, ""stage"": null, ""tissue"": ""tissue"", ""tissue_n_unique"": 1, ""tissue_nonempty_fraction"": 1.0}",58,7736,27630,12,0.9212773640950521,"[""source__unnamed"", ""orig.ident"", ""source__index"", ""nCount_RNA"", ""nFeature_RNA"", ""RNA_snn_res.0.8"", ""seurat_clusters"", ""customclassif"", ""celltype_after"", ""dataset_id"", ""species"", ""accession"", ""tissue"", ""cell_type_original"", ""cell_type_canonical"", ""cell_type_mapping_status"", ""cell_type_is_unknown""]",True,[],[],Manihot esculenta Crantz_PRJCA019992.h5ad,1,0,10.0,-2.683016061782837,786432,1.0.0,Manihot esculenta Crantz,ok,"{""Bundle sheath cell"": 608, ""Companion cell"": 107, ""G1/S-phase cell"": 406, ""G2/M-phase cell"": 468, ""Leaf guard cell"": 657, ""Leaf lamina epidermis"": 2001, ""Leaf procambium"": 661, ""Leaf vascular system"": 58, ""Palisade mesophyll cell"": 478, ""Sieve element"": 136, ""Spongy mesophyll cell"": 1830, ""Xylem"": 326}",0,"[""conversion_provenance"", ""expression_representation"", ""schema_version"", ""source"", ""source_annotation_column_name_map""]","[""gene_id_original"", ""gene_id_canonical"", ""gene_mapping_status"", ""species"", ""dataset_id""]",True,[],"[""canonical_cell_type_mapping_empty"", ""canonical_gene_mapping_empty"", ""nonsemantic_expression_layer_name""]",Dataset,float32,0.01171875
0.0,0,0.0,0,"{""unmapped"": 50380}",Manihot esculenta Crantz_PRJNA895163,nonnegative_integer_unverified,csr,count_like_nonnegative_integer,305978838,1.0,"{""symbol_like"": 5000}","{""unmapped"": 25415}",1.0,celltype_after,1.0,50380,"{""None"": {""class"": ""_CSRDataset"", ""dtype"": ""int64"", ""expression_semantics"": ""count_like_nonnegative_integer"", ""finite_fraction"": 1.0, ""integer_like_fraction"": 1.0, ""negative_fraction"": 0.0, ""sample_equal_to_x"": true, ""sample_max"": 78.0, ""sample_min"": 0.0, ""sampled_values"": 786432, ""zero_fraction"": 0.9527715047200521}}","[""None""]",2665.0,"{""condition"": null, ""sample"": ""orig.ident"", ""sample_n_unique"": 1, ""sample_nonempty_fraction"": 1.0, ""species"": ""species"", ""species_n_unique"": 1, ""species_nonempty_fraction"": 1.0, ""stage"": null, ""tissue"": ""tissue"", ""tissue_n_unique"": 1, ""tissue_nonempty_fraction"": 1.0}",97,50380,25415,12,0.0,"[""source__unnamed"", ""orig.ident"", ""nCount_RNA"", ""nFeature_RNA"", ""source__index"", ""nCount_SCT"", ""nFeature_SCT"", ""integrated_snn_res.0.3"", ""seurat_clusters"", ""CB"", ""celltype_after"", ""dataset_id"", ""species"", ""accession"", ""tissue"", ""cell_type_original"", ""cell_type_canonical"", ""cell_type_mapping_status"", ""cell_type_is_unknown""]",True,[],[],Manihot esculenta Crantz_PRJNA895163.h5ad,2,0,78.0,0.0,786432,1.0.0,Manihot esculenta Crantz,ok,"{""Metaxylem"": 97, ""Pericycle cell"": 1684, ""Phloem"": 2512, ""Phloem parenchyma cell"": 5393, ""Root apical meristem"": 2892, ""Root cortex"": 179, ""Root endodermis"": 795, ""Root epidermis"": 3848, ""Root exodermis"": 2818, ""Root hair cell"": 1674, ""Root vascular system"": 21017, ""Xylem"": 7471}",0,"[""conversion_provenance"", ""expression_representation"", ""schema_version"", ""source"", ""source_annotation_column_name_map""]","[""gene_id_original"", ""gene_id_canonical"", ""gene_mapping_status"", ""species"", ""dataset_id""]",True,[],"[""canonical_cell_type_mapping_empty"", ""canonical_gene_mapping_empty"", ""nonsemantic_expression_layer_name""]",_CSRDataset,int64,0.9527715047200521
0.0,0,0.0,0,"{""unmapped"": 11640}",Medicago sativa_PRJNA885791,scaled_continuous,dense,scaled_continuous_or_centered,1117879752,1.0,"{""symbol_like"": 5000}","{""unmapped"": 69199}",0.0015716552734375,celltype_after,0.756701030927835,8808,"{""None"": {""class"": ""Dataset"", ""dtype"": ""float32"", ""expression_semantics"": ""scaled_continuous_or_centered"", ""finite_fraction"": 1.0, ""integer_like_fraction"": 0.0015716552734375, ""negative_fraction"": 0.9679768880208334, ""sample_equal_to_x"": true, ""sample_max"": 10.0, ""sample_min"": -1.991831660270691, ""sampled_values"": 786432, ""zero_fraction"": 0.0}}","[""None""]",1147.0,"{""condition"": null, ""sample"": ""orig.ident"", ""sample_n_unique"": 1, ""sample_nonempty_fraction"": 1.0, ""species"": ""species"", ""species_n_unique"": 1, ""species_nonempty_fraction"": 1.0, ""stage"": null, ""tissue"": ""tissue"", ""tissue_n_unique"": 1, ""tissue_nonempty_fraction"": 1.0}",384,11640,69199,7,0.9679768880208334,"[""source__unnamed"", ""orig.ident"", ""source__index"", ""nCount_RNA"", ""nFeature_RNA"", ""RNA_snn_res.1"", ""seurat_clusters"", ""celltype_after"", ""dataset_id"", ""species"", ""accession"", ""tissue"", ""cell_type_original"", ""cell_type_canonical"", ""cell_type_mapping_status"", ""cell_type_is_unknown""]",True,[],[],Medicago sativa_PRJNA885791.h5ad,0,0,10.0,-1.991831660270691,786432,1.0.0,Medicago sativa,ok,"{""Phloem"": 1892, ""Proximal meristem"": 2071, ""Root endodermis"": 864, ""Root epidermis"": 1147, ""Root vascular cambium"": 503, ""Root vascular system"": 1947, ""Stem cell niche"": 384}",2832,"[""conversion_provenance"", ""expression_representation"", ""schema_version"", ""source"", ""source_annotation_column_name_map""]","[""gene_id_original"", ""gene_id_canonical"", ""gene_mapping_status"", ""species"", ""dataset_id""]",True,[],"[""canonical_cell_type_mapping_empty"", ""canonical_gene_mapping_empty"", ""nonsemantic_expression_layer_name""]",Dataset,float32,0.0
0.0,0,0.0,0,"{""unmapped"": 154571}",Medicago truncatula_PRJCA011245,nonnegative_integer_unverified,csr,count_like_nonnegative_integer,576380865,1.0,"{""symbol_like"": 5000}","{""unmapped"": 31393}",1.0,celltype_after,0.449236920250241,69439,"{""None"": {""class"": ""_CSRDataset"", ""dtype"": ""int64"", ""expression_semantics"": ""count_like_nonnegative_integer"", ""finite_fraction"": 1.0, ""integer_like_fraction"": 1.0, ""negative_fraction"": 0.0, ""sample_equal_to_x"": true, ""sample_max"": 33.0, ""sample_min"": 0.0, ""sampled_values"": 786432, ""zero_fraction"": 0.9610951741536459}}","[""None""]",14994.0,"{""condition"": null, ""sample"": ""orig.ident"", ""sample_n_unique"": 2, ""sample_nonempty_fraction"": 1.0, ""species"": ""species"", ""species_n_unique"": 1, ""species_nonempty_fraction"": 1.0, ""stage"": null, ""tissue"": ""tissue"", ""tissue_n_unique"": 1, ""tissue_nonempty_fraction"": 1.0}",1958,154571,31393,5,0.0,"[""source__unnamed"", ""orig.ident"", ""nCount_RNA"", ""nFeature_RNA"", ""source__index"", ""nCount_SCT"", ""nFeature_SCT"", ""integrated_snn_res.0.5"", ""seurat_clusters"", ""celltype_before"", ""celltype_after"", ""dataset_id"", ""species"", ""accession"", ""tissue"", ""cell_type_original"", ""cell_type_canonical"", ""cell_type_mapping_status"", ""cell_type_is_unknown""]",True,[],[],Medicago truncatula_PRJCA011245.h5ad,0,0,33.0,0.0,786432,1.0.0,Medicago truncatula,ok,"{""Cortex"": 22002, ""Root apical meristem"": 1958, ""Root endodermis"": 5660, ""Root epidermis"": 14994, ""Root stele"": 24825}",85132,"[""conversion_provenance"", ""expression_representation"", ""schema_version"", ""source"", ""source_annotation_column_name_map""]","[""gene_id_original"", ""gene_id_canonical"", ""gene_mapping_status"", ""species"", ""dataset_id""]",True,[],"[""cell_type_coverage_below_50_percent"", ""canonical_cell_type_mapping_empty"", ""canonical_gene_mapping_empty"", ""nonsemantic_expression_layer_name""]",_CSRDataset,int64,0.9610951741536459
0.0,0,0.0,0,"{""unmapped"": 11664}",Medicago truncatula_PRJCA012129,scaled_continuous,dense,scaled_continuous_or_centered,144269848,1.0,"{""other"": 72, ""symbol_like"": 2928}","{""unmapped"": 3000}",0.009142557779947916,celltype_after,0.24819958847736626,2895,"{""None"": {""class"": ""Dataset"", ""dtype"": ""float32"", ""expression_semantics"": ""scaled_continuous_or_centered"", ""finite_fraction"": 1.0, ""integer_like_fraction"": 0.009142557779947916, ""negative_fraction"": 0.8927879333496094, ""sample_equal_to_x"": true, ""sample_max"": 10.0, ""sample_min"": -5.430700302124023, ""sampled_values"": 786432, ""zero_fraction"": 0.0}}","[""None""]",727.5,"{""condition"": null, ""sample"": ""orig.ident"", ""sample_n_unique"": 1, ""sample_nonempty_fraction"": 1.0, ""species"": ""species"", ""species_n_unique"": 1, ""species_nonempty_fraction"": 1.0, ""stage"": null, ""tissue"": ""tissue"", ""tissue_n_unique"": 1, ""tissue_nonempty_fraction"": 1.0}",183,11664,3000,4,0.8927879333496094,"[""source__unnamed"", ""orig.ident"", ""source__index"", ""nCount_RNA"", ""nFeature_RNA"", ""nCount_SCT"", ""nFeature_SCT"", ""integrated_snn_res.0.4"", ""seurat_clusters"", ""celltype_after"", ""dataset_id"", ""species"", ""accession"", ""tissue"", ""cell_type_original"", ""cell_type_canonical"", ""cell_type_mapping_status"", ""cell_type_is_unknown""]",True,[],[],Medicago truncatula_PRJCA012129.h5ad,0,0,10.0,-5.430700302124023,786432,1.0.0,Medicago truncatula,ok,"{""Nitrogen-fixing bacteria"": 515, ""Nodule apex"": 940, ""Nodule parenchyma"": 1257, ""Root vascular system"": 183}",8769,"[""conversion_provenance"", ""expression_representation"", ""schema_version"", ""source"", ""source_annotation_column_name_map""]","[""gene_id_original"", ""gene_id_canonical"", ""gene_mapping_status"", ""species"", ""dataset_id""]",True,[],"[""cell_type_coverage_below_50_percent"", ""canonical_cell_type_mapping_empty"", ""canonical_gene_mapping_empty"", ""nonsemantic_expression_layer_name""]",Dataset,float32,0.0
0.0,0,0.0,0,"{""unmapped"": 31176}",Medicago truncatula_PRJNA868047,nonnegative_integer_unverified,csr,count_like_nonnegative_integer,206417441,1.0,"{""symbol_like"": 5000}","{""unmapped"": 31868}",1.0,celltype_after,0.4925583782396715,15356,"{""None"": {""class"": ""_CSRDataset"", ""dtype"": ""int64"", ""expression_semantics"": ""count_like_nonnegative_integer"", ""finite_fraction"": 1.0, ""integer_like_fraction"": 1.0, ""negative_fraction"": 0.0, ""sample_equal_to_x"": true, ""sample_max"": 144.0, ""sample_min"": 0.0, ""sampled_values"": 786432, ""zero_fraction"": 0.9476331075032552}}","[""None""]",2853.0,"{""condition"": null, ""sample"": ""orig.ident"", ""sample_n_unique"": 1, ""sample_nonempty_fraction"": 1.0, ""species"": ""species"", ""species_n_unique"": 1, ""species_nonempty_fraction"": 1.0, ""stage"": null, ""tissue"": ""tissue"", ""tissue_n_unique"": 1, ""tissue_nonempty_fraction"": 1.0}",1046,31176,31868,5,0.0,"[""source__unnamed"", ""orig.ident"", ""nCount_RNA"", ""nFeature_RNA"", ""source__index"", ""nCount_SCT"", ""nFeature_SCT"", ""integrated_snn_res.0.4"", ""seurat_clusters"", ""celltype_after"", ""dataset_id"", ""species"", ""accession"", ""tissue"", ""cell_type_original"", ""cell_type_canonical"", ""cell_type_mapping_status"", ""cell_type_is_unknown""]",True,[],[],Medicago truncatula_PRJNA868047.h5ad,0,0,144.0,0.0,786432,1.0.0,Medicago truncatula,ok,"{""Root cortex"": 1841, ""Root endodermis"": 2853, ""Root epidermis"": 6403, ""Root stele"": 3213, ""Stem cell niche"": 1046}",15820,"[""conversion_provenance"", ""expression_representation"", ""schema_version"", ""source"", ""source_annotation_column_name_map""]","[""gene_id_original"", ""gene_id_canonical"", ""gene_mapping_status"", ""species"", ""dataset_id""]",True,[],"[""cell_type_coverage_below_50_percent"", ""canonical_cell_type_mapping_empty"", ""canonical_gene_mapping_empty"", ""nonsemantic_expression_layer_name""]",_CSRDataset,int64,0.9476331075032552
0.0,0,0.0,0,"{""unmapped"": 32923}",Medicago truncatula_PRJNA931615,nonnegative_integer_unverified,csr,count_like_nonnegative_integer,144224210,1.0,"{""other"": 52, ""symbol_like"": 4948}","{""unmapped"": 29189}",1.0,celltype_after,0.8538407800018224,28111,"{""None"": {""class"": ""_CSRDataset"", ""dtype"": ""int64"", ""expression_semantics"": ""count_like_nonnegative_integer"", ""finite_fraction"": 1.0, ""integer_like_fraction"": 1.0, ""negative_fraction"": 0.0, ""sample_equal_to_x"": true, ""sample_max"": 41.0, ""sample_min"": 0.0, ""sampled_values"": 786432, ""zero_fraction"": 0.960943857828776}}","[""None""]",2093.0,"{""condition"": null, ""sample"": ""orig.ident"", ""sample_n_unique"": 2, ""sample_nonempty_fraction"": 1.0, ""species"": ""species"", ""species_n_unique"": 1, ""species_nonempty_fraction"": 1.0, ""stage"": null, ""tissue"": ""tissue"", ""tissue_n_unique"": 1, ""tissue_nonempty_fraction"": 1.0}",407,32923,29189,8,0.0,"[""source__unnamed"", ""orig.ident"", ""nCount_RNA"", ""nFeature_RNA"", ""source__index"", ""nCount_SCT"", ""nFeature_SCT"", ""integrated_snn_res.0.3"", ""seurat_clusters"", ""celltype_after"", ""dataset_id"", ""species"", ""accession"", ""tissue"", ""cell_type_original"", ""cell_type_canonical"", ""cell_type_mapping_status"", ""cell_type_is_unknown""]",True,[],[],Medicago truncatula_PRJNA931615.h5ad,0,0,41.0,0.0,786432,1.0.0,Medicago truncatula,ok,"{""Cortex"": 9211, ""Non-hair root epidermal cell"": 9634, ""Phloem"": 1460, ""Root endodermis"": 2310, ""Root hair cell"": 816, ""Root nodule"": 2397, ""Root stele"": 1876, ""Xylem"": 407}",4812,"[""conversion_provenance"", ""expression_representation"", ""schema_version"", ""source"", ""source_annotation_column_name_map""]","[""gene_id_original"", ""gene_id_canonical"", ""gene_mapping_status"", ""species"", ""dataset_id""]",True,[],"[""canonical_cell_type_mapping_empty"", ""canonical_gene_mapping_empty"", ""nonsemantic_expression_layer_name""]",_CSRDataset,int64,0.960943857828776
0.0,0,0.0,0,"{""unmapped"": 32899}",Nepeta tenuifolia_PRJNA743551,normalized_nonnegative_continuous,csr,nonnegative_continuous_or_log_normalized,310739086,1.0,"{""symbol_like"": 5000}","{""unmapped"": 20560}",0.903558095296224,celltype_after,0.9579926441533178,31517,"{""None"": {""class"": ""_CSRDataset"", ""dtype"": ""float32"", ""expression_semantics"": ""nonnegative_continuous_or_log_normalized"", ""finite_fraction"": 1.0, ""integer_like_fraction"": 0.903558095296224, ""negative_fraction"": 0.0, ""sample_equal_to_x"": true, ""sample_max"": 7.503359794616699, ""sample_min"": 0.0, ""sampled_values"": 786432, ""zero_fraction"": 0.903558095296224}}","[""None""]",1891.0,"{""condition"": null, ""sample"": ""orig.ident"", ""sample_n_unique"": 1, ""sample_nonempty_fraction"": 1.0, ""species"": ""species"", ""species_n_unique"": 1, ""species_nonempty_fraction"": 1.0, ""stage"": null, ""tissue"": ""tissue"", ""tissue_n_unique"": 1, ""tissue_nonempty_fraction"": 1.0}",221,32899,20560,7,0.0,"[""source__unnamed"", ""orig.ident"", ""nCount_RNA"", ""nFeature_RNA"", ""source__index"", ""stim"", ""sampleinf"", ""percent.mt"", ""integrated_snn_res.0.6"", ""seurat_clusters"", ""CB"", ""celltype_after"", ""dataset_id"", ""species"", ""accession"", ""tissue"", ""cell_type_original"", ""cell_type_canonical"", ""cell_type_mapping_status"", ""cell_type_is_unknown""]",True,[],[],Nepeta tenuifolia_PRJNA743551.h5ad,1,0,7.503359794616699,0.0,786432,1.0.0,Nepeta tenuifolia,ok,"{""Companion cell"": 221, ""Leaf guard cell"": 642, ""Leaf lamina epidermis"": 4238, ""Mesophyll cell"": 21148, ""Phloem"": 677, ""Proliferating cell"": 1891, ""Xylem"": 2700}",1382,"[""conversion_provenance"", ""expression_representation"", ""schema_version"", ""source"", ""source_annotation_column_name_map""]","[""gene_id_original"", ""gene_id_canonical"", ""gene_mapping_status"", ""species"", ""dataset_id""]",True,[],"[""canonical_cell_type_mapping_empty"", ""canonical_gene_mapping_empty"", ""nonsemantic_expression_layer_name""]",_CSRDataset,float32,0.903558095296224
0.0,0,0.0,0,"{""unmapped"": 4004}",Nicotiana attenuata_PRJNA796301,nonnegative_integer_unverified,csr,count_like_nonnegative_integer,37674915,1.0,"{""symbol_like"": 5000}","{""unmapped"": 20157}",1.0,celltype_after,0.9198301698301699,3683,"{""None"": {""class"": ""_CSRDataset"", ""dtype"": ""int64"", ""expression_semantics"": ""count_like_nonnegative_integer"", ""finite_fraction"": 1.0, ""integer_like_fraction"": 1.0, ""negative_fraction"": 0.0, ""sample_equal_to_x"": true, ""sample_max"": 235.0, ""sample_min"": 0.0, ""sampled_values"": 786432, ""zero_fraction"": 0.9099146525065104}}","[""None""]",657.0,"{""condition"": null, ""sample"": ""orig.ident"", ""sample_n_unique"": 1, ""sample_nonempty_fraction"": 1.0, ""species"": ""species"", ""species_n_unique"": 1, ""species_nonempty_fraction"": 1.0, ""stage"": null, ""tissue"": ""tissue"", ""tissue_n_unique"": 1, ""tissue_nonempty_fraction"": 1.0}",59,4004,20157,4,0.0,"[""source__unnamed"", ""orig.ident"", ""nCount_RNA"", ""nFeature_RNA"", ""source__index"", ""nCount_SCT"", ""nFeature_SCT"", ""integrated_snn_res.0.5"", ""seurat_clusters"", ""CB"", ""celltype_after"", ""dataset_id"", ""species"", ""accession"", ""tissue"", ""cell_type_original"", ""cell_type_canonical"", ""cell_type_mapping_status"", ""cell_type_is_unknown""]",True,[],[],Nicotiana attenuata_PRJNA796301.h5ad,0,0,235.0,0.0,786432,1.0.0,Nicotiana attenuata,ok,"{""Corolla"": 1226, ""Epidermis"": 2310, ""Flower vascular system"": 59, ""Pollen"": 88}",321,"[""conversion_provenance"", ""expression_representation"", ""schema_version"", ""source"", ""source_annotation_column_name_map""]","[""gene_id_original"", ""gene_id_canonical"", ""gene_mapping_status"", ""species"", ""dataset_id""]",True,[],"[""canonical_cell_type_mapping_empty"", ""canonical_gene_mapping_empty"", ""nonsemantic_expression_layer_name""]",_CSRDataset,int64,0.9099146525065104
0.0,0,0.0,0,"{""unmapped"": 22879}",Nicotiana tabacum_PRJCA018794,nonnegative_integer_unverified,csr,count_like_nonnegative_integer,382927255,1.0,"{""symbol_like"": 5000}","{""unmapped"": 44371}",1.0,celltype_after,0.8072905284321867,18470,"{""None"": {""class"": ""_CSRDataset"", ""dtype"": ""int64"", ""expression_semantics"": ""count_like_nonnegative_integer"", ""finite_fraction"": 1.0, ""integer_like_fraction"": 1.0, ""negative_fraction"": 0.0, ""sample_equal_to_x"": true, ""sample_max"": 301.0, ""sample_min"": 0.0, ""sampled_values"": 786432, ""zero_fraction"": 0.9180285135904948}}","[""None""]",1398.5,"{""condition"": null, ""sample"": ""orig.ident"", ""sample_n_unique"": 2, ""sample_nonempty_fraction"": 1.0, ""species"": ""species"", ""species_n_unique"": 1, ""species_nonempty_fraction"": 1.0, ""stage"": null, ""tissue"": ""tissue"", ""tissue_n_unique"": 1, ""tissue_nonempty_fraction"": 1.0}",246,22879,44371,8,0.0,"[""source__unnamed"", ""orig.ident"", ""nCount_RNA"", ""nFeature_RNA"", ""source__index"", ""nCount_SCT"", ""nFeature_SCT"", ""integrated_snn_res.0.5"", ""seurat_clusters"", ""celltype_after"", ""dataset_id"", ""species"", ""accession"", ""tissue"", ""cell_type_original"", ""cell_type_canonical"", ""cell_type_mapping_status"", ""cell_type_is_unknown""]",True,[],[],Nicotiana tabacum_PRJCA018794.h5ad,0,0,301.0,0.0,786432,1.0.0,Nicotiana tabacum,ok,"{""Bundle sheath cell"": 246, ""Companion cell"": 1026, ""Guard cell"": 1771, ""Leaf lamina epidermis"": 4898, ""Leaf trichome"": 3263, ""Mesophyll cell"": 5988, ""Phloem parenchyma cell"": 538, ""Xylem"": 740}",4409,"[""conversion_provenance"", ""expression_representation"", ""schema_version"", ""source"", ""source_annotation_column_name_map""]","[""gene_id_original"", ""gene_id_canonical"", ""gene_mapping_status"", ""species"", ""dataset_id""]",True,[],"[""canonical_cell_type_mapping_empty"", ""canonical_gene_mapping_empty"", ""nonsemantic_expression_layer_name""]",_CSRDataset,int64,0.9180285135904948
0.0,0,0.0,0,"{""unmapped"": 5774}",Nicotiana tabacum_PRJNA970858,scaled_continuous,dense,scaled_continuous_or_centered,330522355,1.0,"{""symbol_like"": 5000}","{""unmapped"": 38865}",0.007494608561197917,celltype_after,1.0,5774,"{""None"": {""class"": ""Dataset"", ""dtype"": ""float32"", ""expression_semantics"": ""scaled_continuous_or_centered"", ""finite_fraction"": 1.0, ""integer_like_fraction"": 0.007494608561197917, ""negative_fraction"": 0.9670753479003906, ""sample_equal_to_x"": true, ""sample_max"": 10.0, ""sample_min"": -1.1720995903015137, ""sampled_values"": 786432, ""zero_fraction"": 0.005859375}}","[""None""]",547.0,"{""condition"": null, ""sample"": ""orig.ident"", ""sample_n_unique"": 1, ""sample_nonempty_fraction"": 1.0, ""species"": ""species"", ""species_n_unique"": 1, ""species_nonempty_fraction"": 1.0, ""stage"": null, ""tissue"": ""tissue"", ""tissue_n_unique"": 1, ""tissue_nonempty_fraction"": 1.0}",87,5774,38865,3,0.9670753479003906,"[""source__unnamed"", ""orig.ident"", ""source__index"", ""nCount_RNA"", ""nFeature_RNA"", ""RNA_snn_res.1.5"", ""seurat_clusters"", ""celltype_after"", ""dataset_id"", ""species"", ""accession"", ""tissue"", ""cell_type_original"", ""cell_type_canonical"", ""cell_type_mapping_status"", ""cell_type_is_unknown""]",True,[],[],Nicotiana tabacum_PRJNA970858.h5ad,0,0,10.0,-1.1720995903015137,786432,1.0.0,Nicotiana tabacum,ok,"{""Leaf lamina epidermis"": 547, ""Leaf vascular system"": 87, ""Mesophyll cell"": 5140}",0,"[""conversion_provenance"", ""expression_representation"", ""schema_version"", ""source"", ""source_annotation_column_name_map""]","[""gene_id_original"", ""gene_id_canonical"", ""gene_mapping_status"", ""species"", ""dataset_id""]",True,[],"[""canonical_cell_type_mapping_empty"", ""canonical_gene_mapping_empty"", ""nonsemantic_expression_layer_name""]",Dataset,float32,0.005859375
0.0,0,0.0,0,"{""unmapped"": 7135}",Oryza sativa_CNP0004152,scaled_continuous,dense,scaled_continuous_or_centered,90041422,1.0,"{""rice_locus"": 2917, ""symbol_like"": 83}","{""unmapped"": 3000}",7.62939453125e-06,celltype_after,0.3282410651716889,2342,"{""None"": {""class"": ""Dataset"", ""dtype"": ""float32"", ""expression_semantics"": ""scaled_continuous_or_centered"", ""finite_fraction"": 1.0, ""integer_like_fraction"": 7.62939453125e-06, ""negative_fraction"": 0.9426612854003906, ""sample_equal_to_x"": true, ""sample_max"": 28.11783790588379, ""sample_min"": -4.234212875366211, ""sampled_values"": 786432, ""zero_fraction"": 0.0}}","[""None""]",298.0,"{""condition"": null, ""sample"": ""orig.ident"", ""sample_n_unique"": 1, ""sample_nonempty_fraction"": 1.0, ""species"": ""species"", ""species_n_unique"": 1, ""species_nonempty_fraction"": 1.0, ""stage"": null, ""tissue"": ""tissue"", ""tissue_n_unique"": 1, ""tissue_nonempty_fraction"": 1.0}",103,7135,3000,7,0.9426612854003906,"[""source__unnamed"", ""orig.ident"", ""source__index"", ""nCount_RNA"", ""nFeature_RNA"", ""percent.mt"", ""percent.cp"", ""nCount_SCT"", ""nFeature_SCT"", ""SCT_snn_res.0"", ""SCT_snn_res.0.6"", ""seurat_clusters"", ""SCT_snn_res.0.1"", ""SCT_snn_res.0.2"", ""SCT_snn_res.0.3"", ""SCT_snn_res.0.4"", ""SCT_snn_res.0.5"", ""Os_ppDEGs_all1"", ""Os_ppDEGs_up2"", ""Os_ppDEGs_Down3"", ""SCT_snn_res.0.7"", ""SCT_snn_res.0.8"", ""SCT_snn_res.0.9"", ""SCT_snn_res.1"", ""cell_anno_1"", ""cell_anno_2"", ""seq"", ""celltype_after"", ""dataset_id"", ""species"", ""accession"", ""tissue"", ""cell_type_original"", ""cell_type_canonical"", ""cell_type_mapping_status"", ""cell_type_is_unknown""]",True,[],[],Oryza sativa_CNP0004152.h5ad,0,0,28.11783790588379,-4.234212875366211,786432,1.0.0,Oryza sativa,ok,"{""Coleoptile L1 epidermis"": 450, ""Coleorhiza/Epiblast"": 227, ""Plant embryo coleoptile"": 484, ""Plumule"": 200, ""Radicle-plumule L3 vasculature"": 580, ""Scutellum L1-L2 interlayer"": 103, ""Scutellum L2 parenchyma cell"": 298}",4793,"[""conversion_provenance"", ""expression_representation"", ""schema_version"", ""source"", ""source_annotation_column_name_map""]","[""gene_id_original"", ""gene_id_canonical"", ""gene_mapping_status"", ""species"", ""dataset_id""]",True,[],"[""cell_type_coverage_below_50_percent"", ""canonical_cell_type_mapping_empty"", ""canonical_gene_mapping_empty"", ""nonsemantic_expression_layer_name""]",Dataset,float32,0.0
0.0,0,0.0,0,"{""unmapped"": 12263}",Oryza sativa_CRA004082_Leaf,scaled_continuous,dense,scaled_continuous_or_centered,181016011,1.0,"{""rice_locus"": 3535, ""symbol_like"": 37}","{""unmapped"": 3572}",0.014471689860026041,celltype_after,0.8876294544564951,10885,"{""None"": {""class"": ""Dataset"", ""dtype"": ""float32"", ""expression_semantics"": ""scaled_continuous_or_centered"", ""finite_fraction"": 1.0, ""integer_like_fraction"": 0.014471689860026041, ""negative_fraction"": 0.852087656656901, ""sample_equal_to_x"": true, ""sample_max"": 10.0, ""sample_min"": -8.113046646118164, ""sampled_values"": 786432, ""zero_fraction"": 0.0}}","[""None""]",825.0,"{""condition"": null, ""sample"": ""orig.ident"", ""sample_n_unique"": 2, ""sample_nonempty_fraction"": 1.0, ""species"": ""species"", ""species_n_unique"": 1, ""species_nonempty_fraction"": 1.0, ""stage"": null, ""tissue"": ""tissue"", ""tissue_n_unique"": 1, ""tissue_nonempty_fraction"": 1.0}",380,12263,3572,8,0.852087656656901,"[""source__unnamed"", ""orig.ident"", ""source__index"", ""nCount_RNA"", ""nFeature_RNA"", ""nCount_SCT"", ""nFeature_SCT"", ""integrated_snn_res.1"", ""seurat_clusters"", ""CB"", ""celltype_after"", ""dataset_id"", ""species"", ""accession"", ""tissue"", ""cell_type_original"", ""cell_type_canonical"", ""cell_type_mapping_status"", ""cell_type_is_unknown""]",True,[],[],Oryza sativa_CRA004082_Leaf.h5ad,0,0,10.0,-8.113046646118164,786432,1.0.0,Oryza sativa,ok,"{""Large parenchyma cell"": 1180, ""Leaf lamina epidermis"": 1072, ""Leaf preprocambium"": 578, ""Mesophyll cell"": 2362, ""Mesophyll precursor"": 4400, ""Mestome sheath"": 427, ""Phloem"": 486, ""Xylem"": 380}",1378,"[""conversion_provenance"", ""expression_representation"", ""schema_version"", ""source"", ""source_annotation_column_name_map""]","[""gene_id_original"", ""gene_id_canonical"", ""gene_mapping_status"", ""species"", ""dataset_id""]",True,[],"[""canonical_cell_type_mapping_empty"", ""canonical_gene_mapping_empty"", ""nonsemantic_expression_layer_name""]",Dataset,float32,0.0
0.0,0,0.0,0,"{""unmapped"": 10285}",Oryza sativa_CRA004082_Root,scaled_continuous,dense,scaled_continuous_or_centered,147420214,1.0,"{""rice_locus"": 3455, ""symbol_like"": 19}","{""unmapped"": 3474}",0.018328348795572918,celltype_after,0.9488575595527468,9759,"{""None"": {""class"": ""Dataset"", ""dtype"": ""float32"", ""expression_semantics"": ""scaled_continuous_or_centered"", ""finite_fraction"": 1.0, ""integer_like_fraction"": 0.018328348795572918, ""negative_fraction"": 0.8596038818359375, ""sample_equal_to_x"": true, ""sample_max"": 10.0, ""sample_min"": -5.796134948730469, ""sampled_values"": 786432, ""zero_fraction"": 0.0}}","[""None""]",860.0,"{""condition"": null, ""sample"": ""orig.ident"", ""sample_n_unique"": 2, ""sample_nonempty_fraction"": 1.0, ""species"": ""species"", ""species_n_unique"": 1, ""species_nonempty_fraction"": 1.0, ""stage"": null, ""tissue"": ""tissue"", ""tissue_n_unique"": 1, ""tissue_nonempty_fraction"": 1.0}",90,10285,3474,7,0.8596038818359375,"[""source__unnamed"", ""orig.ident"", ""source__index"", ""nCount_RNA"", ""nFeature_RNA"", ""nCount_SCT"", ""nFeature_SCT"", ""integrated_snn_res.0.5"", ""seurat_clusters"", ""integrated_snn_res.1"", ""celltype_after"", ""dataset_id"", ""species"", ""accession"", ""tissue"", ""cell_type_original"", ""cell_type_canonical"", ""cell_type_mapping_status"", ""cell_type_is_unknown""]",True,[],[],Oryza sativa_CRA004082_Root.h5ad,1,0,10.0,-5.796134948730469,786432,1.0.0,Oryza sativa,ok,"{""Non-hair root epidermal cell"": 1150, ""Pericycle cell"": 476, ""Phloem"": 705, ""Root cortex"": 5059, ""Root endodermis"": 860, ""Root procambium"": 1419, ""Xylem"": 90}",526,"[""conversion_provenance"", ""expression_representation"", ""schema_version"", ""source"", ""source_annotation_column_name_map""]","[""gene_id_original"", ""gene_id_canonical"", ""gene_mapping_status"", ""species"", ""dataset_id""]",True,[],"[""canonical_cell_type_mapping_empty"", ""canonical_gene_mapping_empty"", ""nonsemantic_expression_layer_name""]",Dataset,float32,0.0
0.0,0,0.0,0,"{""unmapped"": 14760}",Oryza sativa_PRJNA609092,scaled_continuous,dense,scaled_continuous_or_centered,645381850,1.0,"{""rice_locus"": 4994, ""symbol_like"": 6}","{""unmapped"": 26266}",0.0012219746907552083,celltype_after,0.9880758807588076,14584,"{""None"": {""class"": ""Dataset"", ""dtype"": ""float32"", ""expression_semantics"": ""scaled_continuous_or_centered"", ""finite_fraction"": 1.0, ""integer_like_fraction"": 0.0012219746907552083, ""negative_fraction"": 0.9226481119791666, ""sample_equal_to_x"": true, ""sample_max"": 10.0, ""sample_min"": -5.714148998260498, ""sampled_values"": 786432, ""zero_fraction"": 0.0}}","[""None""]",1844.0,"{""condition"": null, ""sample"": ""orig.ident"", ""sample_n_unique"": 1, ""sample_nonempty_fraction"": 1.0, ""species"": ""species"", ""species_n_unique"": 1, ""species_nonempty_fraction"": 1.0, ""stage"": null, ""tissue"": ""tissue"", ""tissue_n_unique"": 1, ""tissue_nonempty_fraction"": 1.0}",149,14760,26266,6,0.9226481119791666,"[""source__unnamed"", ""orig.ident"", ""source__index"", ""nCount_RNA"", ""nFeature_RNA"", ""RNA_snn_res.0.5"", ""seurat_clusters"", ""celltype"", ""celltype_after"", ""celltype_before"", ""dataset_id"", ""species"", ""accession"", ""tissue"", ""cell_type_original"", ""cell_type_canonical"", ""cell_type_mapping_status"", ""cell_type_is_unknown""]",True,[],[],Oryza sativa_PRJNA609092.h5ad,0,0,10.0,-5.714148998260498,786432,1.0.0,Oryza sativa,ok,"{""Metaxylem"": 149, ""Root cortex"": 6462, ""Root endodermis"": 626, ""Root epidermis"": 4097, ""Root hair cell"": 188, ""Root stele"": 3062}",176,"[""conversion_provenance"", ""expression_representation"", ""schema_version"", ""source"", ""source_annotation_column_name_map""]","[""gene_id_original"", ""gene_id_canonical"", ""gene_mapping_status"", ""species"", ""dataset_id""]",True,[],"[""canonical_cell_type_mapping_empty"", ""canonical_gene_mapping_empty"", ""nonsemantic_expression_layer_name""]",Dataset,float32,0.0
0.0,0,0.0,0,"{""unmapped"": 36407}",Oryza sativa_PRJNA706435,nonnegative_integer_unverified,csr,count_like_nonnegative_integer,283970158,1.0,"{""rice_locus"": 4991, ""symbol_like"": 9}","{""unmapped"": 29370}",1.0,celltype_after,0.9763507017881177,35546,"{""None"": {""class"": ""_CSRDataset"", ""dtype"": ""int64"", ""expression_semantics"": ""count_like_nonnegative_integer"", ""finite_fraction"": 1.0, ""integer_like_fraction"": 1.0, ""negative_fraction"": 0.0, ""sample_equal_to_x"": true, ""sample_max"": 602.0, ""sample_min"": 0.0, ""sampled_values"": 786432, ""zero_fraction"": 0.9485282897949219}}","[""None""]",2852.0,"{""condition"": null, ""sample"": ""orig.ident"", ""sample_n_unique"": 2, ""sample_nonempty_fraction"": 1.0, ""species"": ""species"", ""species_n_unique"": 1, ""species_nonempty_fraction"": 1.0, ""stage"": null, ""tissue"": ""tissue"", ""tissue_n_unique"": 1, ""tissue_nonempty_fraction"": 1.0}",630,36407,29370,13,0.0,"[""source__unnamed"", ""orig.ident"", ""nCount_RNA"", ""nFeature_RNA"", ""source__index"", ""nCount_SCT"", ""nFeature_SCT"", ""integrated_snn_res.0.5"", ""seurat_clusters"", ""celltype"", ""celltype_after"", ""celltype_before"", ""dataset_id"", ""species"", ""accession"", ""tissue"", ""cell_type_original"", ""cell_type_canonical"", ""cell_type_mapping_status"", ""cell_type_is_unknown""]",True,[],[],Oryza sativa_PRJNA706435.h5ad,0,0,602.0,0.0,786432,1.0.0,Oryza sativa,ok,"{""Epidermal meristematic cell"": 1833, ""Non_hair root epidermal cell"": 2852, ""Pericycle cell"": 630, ""Phloem"": 687, ""Root cap junction"": 643, ""Root cortex"": 3609, ""Root endodermis"": 4120, ""Root exodermis"": 4360, ""Root hair cell"": 2600, ""Root meristem"": 5384, ""Root stele"": 3184, ""Sclerenchyma"": 3432, ""Xylem"": 2212}",861,"[""conversion_provenance"", ""expression_representation"", ""schema_version"", ""source"", ""source_annotation_column_name_map""]","[""gene_id_original"", ""gene_id_canonical"", ""gene_mapping_status"", ""species"", ""dataset_id""]",True,[],"[""canonical_cell_type_mapping_empty"", ""canonical_gene_mapping_empty"", ""nonsemantic_expression_layer_name""]",_CSRDataset,int64,0.9485282897949219
0.0,0,0.0,0,"{""unmapped"": 32265}",Oryza sativa_PRJNA767589_Inflorescence,scaled_continuous,dense,scaled_continuous_or_centered,725524442,1.0,"{""rice_locus"": 4935, ""symbol_like"": 65}","{""unmapped"": 5564}",0.004405975341796875,celltype_after,0.0,0,"{""None"": {""class"": ""Dataset"", ""dtype"": ""float32"", ""expression_semantics"": ""scaled_continuous_or_centered"", ""finite_fraction"": 1.0, ""integer_like_fraction"": 0.004405975341796875, ""negative_fraction"": 0.860785166422526, ""sample_equal_to_x"": true, ""sample_max"": 10.0, ""sample_min"": -6.492242336273193, ""sampled_values"": 786432, ""zero_fraction"": 0.0}}","[""None""]",,"{""condition"": null, ""sample"": ""orig.ident"", ""sample_n_unique"": 5, ""sample_nonempty_fraction"": 1.0, ""species"": ""species"", ""species_n_unique"": 1, ""species_nonempty_fraction"": 1.0, ""stage"": null, ""tissue"": ""tissue"", ""tissue_n_unique"": 1, ""tissue_nonempty_fraction"": 1.0}",,32265,5564,0,0.860785166422526,"[""source__unnamed"", ""orig.ident"", ""source__index"", ""nCount_RNA"", ""nFeature_RNA"", ""nCount_SCT"", ""nFeature_SCT"", ""integrated_snn_res.1"", ""seurat_clusters"", ""celltype_after"", ""dataset_id"", ""species"", ""accession"", ""tissue"", ""cell_type_original"", ""cell_type_canonical"", ""cell_type_mapping_status"", ""cell_type_is_unknown""]",True,[],[],Oryza sativa_PRJNA767589_Inflorescence.h5ad,0,0,10.0,-6.492242336273193,786432,1.0.0,Oryza sativa,ok,{},32265,"[""conversion_provenance"", ""expression_representation"", ""schema_version"", ""source"", ""source_annotation_column_name_map""]","[""gene_id_original"", ""gene_id_canonical"", ""gene_mapping_status"", ""species"", ""dataset_id""]",True,[],"[""cell_type_column_present_but_all_unknown_or_missing"", ""canonical_cell_type_mapping_empty"", ""canonical_gene_mapping_empty"", ""nonsemantic_expression_layer_name""]",Dataset,float32,0.0
0.0,0,0.0,0,"{""unmapped"": 6182}",Oryza sativa_PRJNA767589_Spikelet,scaled_continuous,dense,scaled_continuous_or_centered,140818700,1.0,"{""rice_locus"": 4935, ""symbol_like"": 65}","{""unmapped"": 5564}",0.0024439493815104165,celltype_after,1.0,6182,"{""None"": {""class"": ""Dataset"", ""dtype"": ""float32"", ""expression_semantics"": ""scaled_continuous_or_centered"", ""finite_fraction"": 1.0, ""integer_like_fraction"": 0.0024439493815104165, ""negative_fraction"": 0.8868242899576823, ""sample_equal_to_x"": true, ""sample_max"": 10.0, ""sample_min"": -4.217782497406006, ""sampled_values"": 786432, ""zero_fraction"": 0.0}}","[""None""]",606.0,"{""condition"": null, ""sample"": ""orig.ident"", ""sample_n_unique"": 5, ""sample_nonempty_fraction"": 1.0, ""species"": ""species"", ""species_n_unique"": 1, ""species_nonempty_fraction"": 1.0, ""stage"": null, ""tissue"": ""tissue"", ""tissue_n_unique"": 1, ""tissue_nonempty_fraction"": 1.0}",183,6182,5564,9,0.8868242899576823,"[""source__unnamed"", ""orig.ident"", ""source__index"", ""nCount_RNA"", ""nFeature_RNA"", ""nCount_SCT"", ""nFeature_SCT"", ""integrated_snn_res.1"", ""seurat_clusters"", ""celltype_after"", ""dataset_id"", ""species"", ""accession"", ""tissue"", ""cell_type_original"", ""cell_type_canonical"", ""cell_type_mapping_status"", ""cell_type_is_unknown""]",True,[],[],Oryza sativa_PRJNA767589_Spikelet.h5ad,0,0,10.0,-4.217782497406006,786432,1.0.0,Oryza sativa,ok,"{""Cryptic bract"": 823, ""Floret meristem"": 294, ""Lodicule"": 607, ""Palea"": 471, ""Rudimentary glume"": 606, ""Spikelet identity cell"": 183, ""Spikelet supporting cell"": 2127, ""Stamen"": 363, ""Sterile lemma"": 708}",0,"[""conversion_provenance"", ""expression_representation"", ""schema_version"", ""source"", ""source_annotation_column_name_map""]","[""gene_id_original"", ""gene_id_canonical"", ""gene_mapping_status"", ""species"", ""dataset_id""]",True,[],"[""canonical_cell_type_mapping_empty"", ""canonical_gene_mapping_empty"", ""nonsemantic_expression_layer_name""]",Dataset,float32,0.0
0.0,0,0.0,0,"{""unmapped"": 15304}",Phyllostachys edulis_PRJNA953008,nonnegative_integer_unverified,csr,count_like_nonnegative_integer,180832955,1.0,"{""symbol_like"": 5000}","{""unmapped"": 35027}",1.0,celltype_after,0.8227260846837429,12591,"{""None"": {""class"": ""_CSRDataset"", ""dtype"": ""int64"", ""expression_semantics"": ""count_like_nonnegative_integer"", ""finite_fraction"": 1.0, ""integer_like_fraction"": 1.0, ""negative_fraction"": 0.0, ""sample_equal_to_x"": true, ""sample_max"": 225.0, ""sample_min"": 0.0, ""sampled_values"": 786432, ""zero_fraction"": 0.9423383076985677}}","[""None""]",2014.5,"{""condition"": null, ""sample"": ""orig.ident"", ""sample_n_unique"": 1, ""sample_nonempty_fraction"": 1.0, ""species"": ""species"", ""species_n_unique"": 1, ""species_nonempty_fraction"": 1.0, ""stage"": null, ""tissue"": ""tissue"", ""tissue_n_unique"": 1, ""tissue_nonempty_fraction"": 1.0}",1448,15304,35027,4,0.0,"[""source__unnamed"", ""orig.ident"", ""nCount_RNA"", ""nFeature_RNA"", ""source__index"", ""nCount_SCT"", ""nFeature_SCT"", ""integrated_snn_res.0.8"", ""seurat_clusters"", ""celltype_after"", ""dataset_id"", ""species"", ""accession"", ""tissue"", ""cell_type_original"", ""cell_type_canonical"", ""cell_type_mapping_status"", ""cell_type_is_unknown""]",True,[],[],Phyllostachys edulis_PRJNA953008.h5ad,0,0,225.0,0.0,786432,1.0.0,Phyllostachys edulis,ok,"{""Root cap"": 2091, ""Root epidermis"": 1448, ""Root initial cell"": 1938, ""Root system ground meristem"": 7114}",2713,"[""conversion_provenance"", ""expression_representation"", ""schema_version"", ""source"", ""source_annotation_column_name_map""]","[""gene_id_original"", ""gene_id_canonical"", ""gene_mapping_status"", ""species"", ""dataset_id""]",True,[],"[""canonical_cell_type_mapping_empty"", ""canonical_gene_mapping_empty"", ""nonsemantic_expression_layer_name""]",_CSRDataset,int64,0.9423383076985677
0.0,0,0.0,0,"{""unmapped"": 22268}",Pisum sativum_PRJNA983513,nonnegative_integer_unverified,csr,count_like_nonnegative_integer,300341307,1.0,"{""symbol_like"": 5000}","{""unmapped"": 21854}",1.0,celltype_after,0.9707652236393031,21617,"{""None"": {""class"": ""_CSRDataset"", ""dtype"": ""int64"", ""expression_semantics"": ""count_like_nonnegative_integer"", ""finite_fraction"": 1.0, ""integer_like_fraction"": 1.0, ""negative_fraction"": 0.0, ""sample_equal_to_x"": true, ""sample_max"": 560.0, ""sample_min"": 0.0, ""sampled_values"": 786432, ""zero_fraction"": 0.8862444559733073}}","[""None""]",2840.0,"{""condition"": null, ""sample"": ""orig.ident"", ""sample_n_unique"": 2, ""sample_nonempty_fraction"": 1.0, ""species"": ""species"", ""species_n_unique"": 1, ""species_nonempty_fraction"": 1.0, ""stage"": null, ""tissue"": ""tissue"", ""tissue_n_unique"": 1, ""tissue_nonempty_fraction"": 1.0}",80,22268,21854,5,0.0,"[""source__unnamed"", ""orig.ident"", ""nCount_RNA"", ""nFeature_RNA"", ""source__index"", ""nCount_SCT"", ""nFeature_SCT"", ""integrated_snn_res.0.5"", ""seurat_clusters"", ""celltype_after"", ""dataset_id"", ""species"", ""accession"", ""tissue"", ""cell_type_original"", ""cell_type_canonical"", ""cell_type_mapping_status"", ""cell_type_is_unknown""]",True,[],[],Pisum sativum_PRJNA983513.h5ad,1,0,560.0,0.0,786432,1.0.0,Pisum sativum,ok,"{""Guard cell"": 80, ""Mesophyll cell"": 10428, ""Shoot apical meristem"": 2840, ""Shoot system epidermis"": 7393, ""Shoot system vascular system"": 876}",651,"[""conversion_provenance"", ""expression_representation"", ""schema_version"", ""source"", ""source_annotation_column_name_map""]","[""gene_id_original"", ""gene_id_canonical"", ""gene_mapping_status"", ""species"", ""dataset_id""]",True,[],"[""canonical_cell_type_mapping_empty"", ""canonical_gene_mapping_empty"", ""nonsemantic_expression_layer_name""]",_CSRDataset,int64,0.8862444559733073
0.0,0,0.0,0,"{""unmapped"": 9825}",Populus alba x Populus glandulosa_PRJNA703312,scaled_continuous,dense,scaled_continuous_or_centered,728362381,1.0,"{""symbol_like"": 5000}","{""unmapped"": 45469}",0.0012944539388020833,celltype_after,0.6744020356234097,6626,"{""None"": {""class"": ""Dataset"", ""dtype"": ""float32"", ""expression_semantics"": ""scaled_continuous_or_centered"", ""finite_fraction"": 1.0, ""integer_like_fraction"": 0.0012944539388020833, ""negative_fraction"": 0.9367243448893229, ""sample_equal_to_x"": true, ""sample_max"": 10.0, ""sample_min"": -2.102163553237915, ""sampled_values"": 786432, ""zero_fraction"": 0.0}}","[""None""]",937.5,"{""condition"": null, ""sample"": ""orig.ident"", ""sample_n_unique"": 1, ""sample_nonempty_fraction"": 1.0, ""species"": ""species"", ""species_n_unique"": 1, ""species_nonempty_fraction"": 1.0, ""stage"": null, ""tissue"": ""tissue"", ""tissue_n_unique"": 1, ""tissue_nonempty_fraction"": 1.0}",186,9825,45469,8,0.9367243448893229,"[""source__unnamed"", ""orig.ident"", ""source__index"", ""nCount_RNA"", ""nFeature_RNA"", ""RNA_snn_res.0.5"", ""seurat_clusters"", ""celltype_after"", ""dataset_id"", ""species"", ""accession"", ""tissue"", ""cell_type_original"", ""cell_type_canonical"", ""cell_type_mapping_status"", ""cell_type_is_unknown""]",True,[],[],Populus alba x Populus glandulosa_PRJNA703312.h5ad,0,0,10.0,-2.102163553237915,786432,1.0.0,Populus alba x Populus glandulosa,ok,"{""Early ray xylem parenchyma cell"": 186, ""Early xylem fiber cell"": 1129, ""Early xylem vessel member"": 284, ""Intermediate xylem fiber cell"": 1056, ""Intermediate xylem vessel member"": 819, ""Late ray xylem parenchyma cell"": 1066, ""Ray xylem parenchyma cell"": 1553, ""Xylem fiber and ray parenchyma precursor cell"": 533}",3199,"[""conversion_provenance"", ""expression_representation"", ""schema_version"", ""source"", ""source_annotation_column_name_map""]","[""gene_id_original"", ""gene_id_canonical"", ""gene_mapping_status"", ""species"", ""dataset_id""]",True,[],"[""canonical_cell_type_mapping_empty"", ""canonical_gene_mapping_empty"", ""nonsemantic_expression_layer_name""]",Dataset,float32,0.0
0.0,0,0.0,0,"{""unmapped"": 19950}",Populus alba x Populus tremula_PRJNA787915,nonnegative_integer_unverified,csr,count_like_nonnegative_integer,195611230,1.0,"{""symbol_like"": 5000}","{""unmapped"": 28686}",1.0,celltype_after,0.6197493734335839,12364,"{""None"": {""class"": ""_CSRDataset"", ""dtype"": ""int64"", ""expression_semantics"": ""count_like_nonnegative_integer"", ""finite_fraction"": 1.0, ""integer_like_fraction"": 1.0, ""negative_fraction"": 0.0, ""sample_equal_to_x"": true, ""sample_max"": 58.0, ""sample_min"": 0.0, ""sampled_values"": 786432, ""zero_fraction"": 0.9365806579589844}}","[""None""]",2131.0,"{""condition"": null, ""sample"": ""orig.ident"", ""sample_n_unique"": 1, ""sample_nonempty_fraction"": 1.0, ""species"": ""species"", ""species_n_unique"": 1, ""species_nonempty_fraction"": 1.0, ""stage"": null, ""tissue"": ""tissue"", ""tissue_n_unique"": 1, ""tissue_nonempty_fraction"": 1.0}",263,19950,28686,6,0.0,"[""source__unnamed"", ""orig.ident"", ""nCount_RNA"", ""nFeature_RNA"", ""source__index"", ""nCount_SCT"", ""nFeature_SCT"", ""integrated_snn_res.0.4"", ""seurat_clusters"", ""CB"", ""celltype_after"", ""dataset_id"", ""species"", ""accession"", ""tissue"", ""cell_type_original"", ""cell_type_canonical"", ""cell_type_mapping_status"", ""cell_type_is_unknown""]",True,[],[],Populus alba x Populus tremula_PRJNA787915.h5ad,0,0,58.0,0.0,786432,1.0.0,Populus alba x Populus tremula,ok,"{""Companion cell"": 263, ""Proliferating cell"": 2265, ""Shoot apical meristem"": 875, ""Shoot system epidermis"": 3837, ""Shoot system vascular system"": 3127, ""Young leaf primordium"": 1997}",7586,"[""conversion_provenance"", ""expression_representation"", ""schema_version"", ""source"", ""source_annotation_column_name_map""]","[""gene_id_original"", ""gene_id_canonical"", ""gene_mapping_status"", ""species"", ""dataset_id""]",True,[],"[""canonical_cell_type_mapping_empty"", ""canonical_gene_mapping_empty"", ""nonsemantic_expression_layer_name""]",_CSRDataset,int64,0.9365806579589844
0.0,0,0.0,0,"{""unmapped"": 7059}",Populus alba_PRJCA005543,nonnegative_integer_unverified,csr,count_like_nonnegative_integer,133892636,1.0,"{""symbol_like"": 5000}","{""unmapped"": 28525}",1.0,celltype_after,0.7764555886102847,5481,"{""None"": {""class"": ""_CSRDataset"", ""dtype"": ""int64"", ""expression_semantics"": ""count_like_nonnegative_integer"", ""finite_fraction"": 1.0, ""integer_like_fraction"": 1.0, ""negative_fraction"": 0.0, ""sample_equal_to_x"": true, ""sample_max"": 390.0, ""sample_min"": 0.0, ""sampled_values"": 786432, ""zero_fraction"": 0.876959482828776}}","[""None""]",416.0,"{""condition"": null, ""sample"": ""orig.ident"", ""sample_n_unique"": 1, ""sample_nonempty_fraction"": 1.0, ""species"": ""species"", ""species_n_unique"": 1, ""species_nonempty_fraction"": 1.0, ""stage"": null, ""tissue"": ""tissue"", ""tissue_n_unique"": 1, ""tissue_nonempty_fraction"": 1.0}",53,7059,28525,11,0.0,"[""source__unnamed"", ""orig.ident"", ""nCount_RNA"", ""nFeature_RNA"", ""source__index"", ""nCount_SCT"", ""nFeature_SCT"", ""integrated_snn_res.0.5"", ""seurat_clusters"", ""celltype_after"", ""dataset_id"", ""species"", ""accession"", ""tissue"", ""cell_type_original"", ""cell_type_canonical"", ""cell_type_mapping_status"", ""cell_type_is_unknown""]",True,[],[],Populus alba_PRJCA005543.h5ad,2,0,390.0,0.0,786432,1.0.0,Populus alba,ok,"{""Phloem companion cell"": 183, ""Phloem mother cell"": 416, ""Phloem parenchyma cell"": 53, ""Photosynthetic cell"": 1532, ""Stem cork cell"": 266, ""Stem cortex-endodermis initial cell"": 65, ""Stem endodermis"": 233, ""Stem vascular cambium"": 601, ""Xylem mother cell"": 729, ""Xylem parenchyma cell"": 569, ""Xylem with secondary cell wall"": 834}",1578,"[""conversion_provenance"", ""expression_representation"", ""schema_version"", ""source"", ""source_annotation_column_name_map""]","[""gene_id_original"", ""gene_id_canonical"", ""gene_mapping_status"", ""species"", ""dataset_id""]",True,[],"[""canonical_cell_type_mapping_empty"", ""canonical_gene_mapping_empty"", ""nonsemantic_expression_layer_name""]",_CSRDataset,int64,0.876959482828776
0.0,0,0.0,0,"{""unmapped"": 8840}",Populus euramericana_PRJCA015012_Primary,scaled_continuous,dense,scaled_continuous_or_centered,425748203,1.0,"{""symbol_like"": 5000}","{""unmapped"": 27680}",0.0023943583170572915,celltype_after,0.61289592760181,5418,"{""None"": {""class"": ""Dataset"", ""dtype"": ""float32"", ""expression_semantics"": ""scaled_continuous_or_centered"", ""finite_fraction"": 1.0, ""integer_like_fraction"": 0.0023943583170572915, ""negative_fraction"": 0.9246966044108073, ""sample_equal_to_x"": true, ""sample_max"": 10.0, ""sample_min"": -1.4989203214645386, ""sampled_values"": 786432, ""zero_fraction"": 0.0009765625}}","[""None""]",708.0,"{""condition"": null, ""sample"": ""orig.ident"", ""sample_n_unique"": 1, ""sample_nonempty_fraction"": 1.0, ""species"": ""species"", ""species_n_unique"": 1, ""species_nonempty_fraction"": 1.0, ""stage"": null, ""tissue"": ""tissue"", ""tissue_n_unique"": 1, ""tissue_nonempty_fraction"": 1.0}",56,8840,27680,8,0.9246966044108073,"[""source__unnamed"", ""orig.ident"", ""source__index"", ""nCount_RNA"", ""nFeature_RNA"", ""RNA_snn_res.0.3"", ""seurat_clusters"", ""customclassif"", ""customclassif2"", ""celltype_after"", ""dataset_id"", ""species"", ""accession"", ""tissue"", ""cell_type_original"", ""cell_type_canonical"", ""cell_type_mapping_status"", ""cell_type_is_unknown""]",True,[],[],Populus euramericana_PRJCA015012_Primary.h5ad,1,0,10.0,-1.4989203214645386,786432,1.0.0,Populus euramericana,ok,"{""Companion cell"": 56, ""Phloem precursor cell"": 1124, ""Stem cortex"": 674, ""Stem epidermis"": 211, ""Stem pith ray"": 491, ""Stem vascular cambium"": 941, ""Xylem precursor cell"": 1179, ""Xylem vessel member"": 742}",3422,"[""conversion_provenance"", ""expression_representation"", ""schema_version"", ""source"", ""source_annotation_column_name_map""]","[""gene_id_original"", ""gene_id_canonical"", ""gene_mapping_status"", ""species"", ""dataset_id""]",True,[],"[""canonical_cell_type_mapping_empty"", ""canonical_gene_mapping_empty"", ""nonsemantic_expression_layer_name""]",Dataset,float32,0.0009765625
0.0,0,0.0,0,"{""unmapped"": 13593}",Populus euramericana_PRJCA015012_Secondary,scaled_continuous,dense,scaled_continuous_or_centered,732667673,1.0,"{""symbol_like"": 5000}","{""unmapped"": 28948}",0.0011355082194010417,celltype_after,0.9050246450378872,12302,"{""None"": {""class"": ""Dataset"", ""dtype"": ""float32"", ""expression_semantics"": ""scaled_continuous_or_centered"", ""finite_fraction"": 1.0, ""integer_like_fraction"": 0.0011355082194010417, ""negative_fraction"": 0.9216143290201823, ""sample_equal_to_x"": true, ""sample_max"": 10.0, ""sample_min"": -1.9723365306854248, ""sampled_values"": 786432, ""zero_fraction"": 0.0}}","[""None""]",1364.5,"{""condition"": null, ""sample"": ""orig.ident"", ""sample_n_unique"": 1, ""sample_nonempty_fraction"": 1.0, ""species"": ""species"", ""species_n_unique"": 1, ""species_nonempty_fraction"": 1.0, ""stage"": null, ""tissue"": ""tissue"", ""tissue_n_unique"": 1, ""tissue_nonempty_fraction"": 1.0}",708,13593,28948,8,0.9216143290201823,"[""source__unnamed"", ""orig.ident"", ""source__index"", ""nCount_RNA"", ""nFeature_RNA"", ""RNA_snn_res.0.3"", ""seurat_clusters"", ""customclassif"", ""customclassif2"", ""celltype_after"", ""dataset_id"", ""species"", ""accession"", ""tissue"", ""cell_type_original"", ""cell_type_canonical"", ""cell_type_mapping_status"", ""cell_type_is_unknown""]",True,[],[],Populus euramericana_PRJCA015012_Secondary.h5ad,0,0,10.0,-1.9723365306854248,786432,1.0.0,Populus euramericana,ok,"{""Companion cell"": 708, ""Phloem parenchyma cell"": 3130, ""Phloem precursor cell"": 739, ""Stem pith ray"": 1442, ""Stem vascular cambium"": 2804, ""Xylem fiber cell"": 1287, ""Xylem precursor cell"": 1446, ""Xylem vessel member"": 746}",1291,"[""conversion_provenance"", ""expression_representation"", ""schema_version"", ""source"", ""source_annotation_column_name_map""]","[""gene_id_original"", ""gene_id_canonical"", ""gene_mapping_status"", ""species"", ""dataset_id""]",True,[],"[""canonical_cell_type_mapping_empty"", ""canonical_gene_mapping_empty"", ""nonsemantic_expression_layer_name""]",Dataset,float32,0.0
0.0,0,0.0,0,"{""unmapped"": 12615}",Populus trichocarpa_PRJCA014789,nonnegative_integer_unverified,csr,count_like_nonnegative_integer,160682634,1.0,"{""symbol_like"": 5000}","{""unmapped"": 29824}",1.0,celltype_after,0.6456599286563615,8145,"{""None"": {""class"": ""_CSRDataset"", ""dtype"": ""int64"", ""expression_semantics"": ""count_like_nonnegative_integer"", ""finite_fraction"": 1.0, ""integer_like_fraction"": 1.0, ""negative_fraction"": 0.0, ""sample_equal_to_x"": true, ""sample_max"": 356.0, ""sample_min"": 0.0, ""sampled_values"": 786432, ""zero_fraction"": 0.9252510070800781}}","[""None""]",682.0,"{""condition"": null, ""sample"": ""orig.ident"", ""sample_n_unique"": 1, ""sample_nonempty_fraction"": 1.0, ""species"": ""species"", ""species_n_unique"": 1, ""species_nonempty_fraction"": 1.0, ""stage"": null, ""tissue"": ""tissue"", ""tissue_n_unique"": 1, ""tissue_nonempty_fraction"": 1.0}",580,12615,29824,5,0.0,"[""source__unnamed"", ""orig.ident"", ""nCount_RNA"", ""nFeature_RNA"", ""source__index"", ""nCount_SCT"", ""nFeature_SCT"", ""integrated_snn_res.0.5"", ""seurat_clusters"", ""celltype_after"", ""dataset_id"", ""species"", ""accession"", ""tissue"", ""cell_type_original"", ""cell_type_canonical"", ""cell_type_mapping_status"", ""cell_type_is_unknown""]",True,[],[],Populus trichocarpa_PRJCA014789.h5ad,0,0,356.0,0.0,786432,1.0.0,Populus trichocarpa,ok,"{""Phloem"": 580, ""Ray xylem parenchyma cell"": 682, ""Stem vascular cambium"": 2866, ""Xylem fiber cell"": 668, ""Xylem vessel member"": 3349}",4470,"[""conversion_provenance"", ""expression_representation"", ""schema_version"", ""source"", ""source_annotation_column_name_map""]","[""gene_id_original"", ""gene_id_canonical"", ""gene_mapping_status"", ""species"", ""dataset_id""]",True,[],"[""canonical_cell_type_mapping_empty"", ""canonical_gene_mapping_empty"", ""nonsemantic_expression_layer_name""]",_CSRDataset,int64,0.9252510070800781
0.0,0,0.0,0,"{""unmapped"": 24265}",Populus trichocarpa_PRJNA746591,nonnegative_integer_unverified,csr,count_like_nonnegative_integer,209757416,1.0,"{""symbol_like"": 5000}","{""unmapped"": 28134}",1.0,celltype_after,0.7340201936946219,17811,"{""None"": {""class"": ""_CSRDataset"", ""dtype"": ""int64"", ""expression_semantics"": ""count_like_nonnegative_integer"", ""finite_fraction"": 1.0, ""integer_like_fraction"": 1.0, ""negative_fraction"": 0.0, ""sample_equal_to_x"": true, ""sample_max"": 260.0, ""sample_min"": 0.0, ""sampled_values"": 786432, ""zero_fraction"": 0.9295183817545573}}","[""None""]",3778.0,"{""condition"": null, ""sample"": ""orig.ident"", ""sample_n_unique"": 1, ""sample_nonempty_fraction"": 1.0, ""species"": ""species"", ""species_n_unique"": 1, ""species_nonempty_fraction"": 1.0, ""stage"": null, ""tissue"": ""tissue"", ""tissue_n_unique"": 1, ""tissue_nonempty_fraction"": 1.0}",832,24265,28134,5,0.0,"[""source__unnamed"", ""orig.ident"", ""nCount_RNA"", ""nFeature_RNA"", ""source__index"", ""nCount_SCT"", ""nFeature_SCT"", ""integrated_snn_res.0.5"", ""seurat_clusters"", ""celltype_after"", ""dataset_id"", ""species"", ""accession"", ""tissue"", ""cell_type_original"", ""cell_type_canonical"", ""cell_type_mapping_status"", ""cell_type_is_unknown""]",True,[],[],Populus trichocarpa_PRJNA746591.h5ad,0,0,260.0,0.0,786432,1.0.0,Populus trichocarpa,ok,"{""Fusiform initial cell"": 4611, ""Ray initial cell"": 832, ""Ray xylem parenchyma cell"": 3402, ""Xylem fiber cell"": 3778, ""Xylem vessel member"": 5188}",6454,"[""conversion_provenance"", ""expression_representation"", ""schema_version"", ""source"", ""source_annotation_column_name_map""]","[""gene_id_original"", ""gene_id_canonical"", ""gene_mapping_status"", ""species"", ""dataset_id""]",True,[],"[""canonical_cell_type_mapping_empty"", ""canonical_gene_mapping_empty"", ""nonsemantic_expression_layer_name""]",_CSRDataset,int64,0.9295183817545573
0.0,0,0.0,0,"{""unmapped"": 2998}",Solanum lycopersicum_PRJNA667489,scaled_continuous,dense,scaled_continuous_or_centered,124454308,1.0,"{""symbol_like"": 5000}","{""unmapped"": 20410}",0.0003865559895833333,celltype_after,0.2515010006671114,754,"{""None"": {""class"": ""Dataset"", ""dtype"": ""float32"", ""expression_semantics"": ""scaled_continuous_or_centered"", ""finite_fraction"": 1.0, ""integer_like_fraction"": 0.0003865559895833333, ""negative_fraction"": 0.8447647094726562, ""sample_equal_to_x"": true, ""sample_max"": 10.0, ""sample_min"": -4.719036102294922, ""sampled_values"": 786432, ""zero_fraction"": 0.0}}","[""None""]",127.0,"{""condition"": null, ""sample"": ""orig.ident"", ""sample_n_unique"": 1, ""sample_nonempty_fraction"": 1.0, ""species"": ""species"", ""species_n_unique"": 1, ""species_nonempty_fraction"": 1.0, ""stage"": null, ""tissue"": ""tissue"", ""tissue_n_unique"": 1, ""tissue_nonempty_fraction"": 1.0}",81,2998,20410,3,0.8447647094726562,"[""source__unnamed"", ""orig.ident"", ""source__index"", ""nCount_RNA"", ""nFeature_RNA"", ""RNA_snn_res.0.5"", ""seurat_clusters"", ""celltype_after"", ""dataset_id"", ""species"", ""accession"", ""tissue"", ""cell_type_original"", ""cell_type_canonical"", ""cell_type_mapping_status"", ""cell_type_is_unknown""]",True,[],[],Solanum lycopersicum_PRJNA667489.h5ad,0,0,10.0,-4.719036102294922,786432,1.0.0,Solanum lycopersicum,ok,"{""G1/S-phase cell"": 81, ""Phloem"": 127, ""Xylem"": 546}",2244,"[""conversion_provenance"", ""expression_representation"", ""schema_version"", ""source"", ""source_annotation_column_name_map""]","[""gene_id_original"", ""gene_id_canonical"", ""gene_mapping_status"", ""species"", ""dataset_id""]",True,[],"[""cell_type_coverage_below_50_percent"", ""canonical_cell_type_mapping_empty"", ""canonical_gene_mapping_empty"", ""nonsemantic_expression_layer_name""]",Dataset,float32,0.0
0.0,0,0.0,0,"{""unmapped"": 68341}",Solanum lycopersicum_PRJNA833659,nonnegative_integer_unverified,csr,count_like_nonnegative_integer,312744693,1.0,"{""other"": 5000}","{""unmapped"": 24160}",1.0,celltype_after,0.8483194568414275,57975,"{""None"": {""class"": ""_CSRDataset"", ""dtype"": ""int64"", ""expression_semantics"": ""count_like_nonnegative_integer"", ""finite_fraction"": 1.0, ""integer_like_fraction"": 1.0, ""negative_fraction"": 0.0, ""sample_equal_to_x"": true, ""sample_max"": 287.0, ""sample_min"": 0.0, ""sampled_values"": 786432, ""zero_fraction"": 0.9594027201334635}}","[""None""]",7847.0,"{""condition"": null, ""sample"": ""orig.ident"", ""sample_n_unique"": 2, ""sample_nonempty_fraction"": 1.0, ""species"": ""species"", ""species_n_unique"": 1, ""species_nonempty_fraction"": 1.0, ""stage"": null, ""tissue"": ""tissue"", ""tissue_n_unique"": 1, ""tissue_nonempty_fraction"": 1.0}",4310,68341,24160,5,0.0,"[""source__unnamed"", ""orig.ident"", ""nCount_RNA"", ""nFeature_RNA"", ""source__index"", ""nCount_SCT"", ""nFeature_SCT"", ""integrated_snn_res.0.5"", ""seurat_clusters"", ""celltype_after"", ""dataset_id"", ""species"", ""accession"", ""tissue"", ""cell_type_original"", ""cell_type_canonical"", ""cell_type_mapping_status"", ""cell_type_is_unknown""]",True,[],[],Solanum lycopersicum_PRJNA833659.h5ad,0,0,287.0,0.0,786432,1.0.0,Solanum lycopersicum,ok,"{""Leaf guard cell"": 22948, ""Leaf lamina epidermis"": 4310, ""Leaf trichome"": 7847, ""Leaf vascular system"": 6182, ""Mesophyll cell"": 16688}",10366,"[""conversion_provenance"", ""expression_representation"", ""schema_version"", ""source"", ""source_annotation_column_name_map""]","[""gene_id_original"", ""gene_id_canonical"", ""gene_mapping_status"", ""species"", ""dataset_id""]",True,[],"[""canonical_cell_type_mapping_empty"", ""canonical_gene_mapping_empty"", ""nonsemantic_expression_layer_name""]",_CSRDataset,int64,0.9594027201334635
0.0,0,0.0,0,"{""unmapped"": 10580}",Sorghum bicolor_PRJNA935359,nonnegative_integer_unverified,csr,count_like_nonnegative_integer,145946493,1.0,"{""other"": 1, ""symbol_like"": 4999}","{""unmapped"": 22139}",1.0,celltype_after,0.8316635160680529,8799,"{""None"": {""class"": ""_CSRDataset"", ""dtype"": ""int64"", ""expression_semantics"": ""count_like_nonnegative_integer"", ""finite_fraction"": 1.0, ""integer_like_fraction"": 1.0, ""negative_fraction"": 0.0, ""sample_equal_to_x"": true, ""sample_max"": 1826.0, ""sample_min"": 0.0, ""sampled_values"": 786432, ""zero_fraction"": 0.8988863627115885}}","[""None""]",593.5,"{""condition"": null, ""sample"": ""orig.ident"", ""sample_n_unique"": 1, ""sample_nonempty_fraction"": 1.0, ""species"": ""species"", ""species_n_unique"": 1, ""species_nonempty_fraction"": 1.0, ""stage"": null, ""tissue"": ""tissue"", ""tissue_n_unique"": 1, ""tissue_nonempty_fraction"": 1.0}",216,10580,22139,10,0.0,"[""source__unnamed"", ""orig.ident"", ""nCount_RNA"", ""nFeature_RNA"", ""source__index"", ""nCount_SCT"", ""nFeature_SCT"", ""integrated_snn_res.0.5"", ""seurat_clusters"", ""celltype_after"", ""dataset_id"", ""species"", ""accession"", ""tissue"", ""cell_type_original"", ""cell_type_canonical"", ""cell_type_mapping_status"", ""cell_type_is_unknown""]",True,[],[],Sorghum bicolor_PRJNA935359.h5ad,0,0,1826.0,0.0,786432,1.0.0,Sorghum bicolor,ok,"{""Columella root cap cell"": 1152, ""G2/M-phase cell"": 218, ""Lateral root cap"": 887, ""Pericycle cell"": 521, ""Phloem"": 216, ""Root cortex"": 3293, ""Root endodermis"": 304, ""Root epidermis"": 1265, ""Root stele"": 666, ""Xylem"": 277}",1781,"[""conversion_provenance"", ""expression_representation"", ""schema_version"", ""source"", ""source_annotation_column_name_map""]","[""gene_id_original"", ""gene_id_canonical"", ""gene_mapping_status"", ""species"", ""dataset_id""]",True,[],"[""canonical_cell_type_mapping_empty"", ""canonical_gene_mapping_empty"", ""nonsemantic_expression_layer_name""]",_CSRDataset,int64,0.8988863627115885
0.0,0,0.0,0,"{""unmapped"": 7154}",Triticum aestivum_PRJCA012935,scaled_continuous,dense,scaled_continuous_or_centered,858396206,1.0,"{""symbol_like"": 5000}","{""unmapped"": 70387}",0.0011075337727864583,celltype_after,0.6771037181996086,4844,"{""None"": {""class"": ""Dataset"", ""dtype"": ""float32"", ""expression_semantics"": ""scaled_continuous_or_centered"", ""finite_fraction"": 1.0, ""integer_like_fraction"": 0.0011075337727864583, ""negative_fraction"": 0.9231122334798177, ""sample_equal_to_x"": true, ""sample_max"": 10.0, ""sample_min"": -1.468757152557373, ""sampled_values"": 786432, ""zero_fraction"": 0.0}}","[""None""]",222.0,"{""condition"": null, ""sample"": ""orig.ident"", ""sample_n_unique"": 1, ""sample_nonempty_fraction"": 1.0, ""species"": ""species"", ""species_n_unique"": 1, ""species_nonempty_fraction"": 1.0, ""stage"": null, ""tissue"": ""tissue"", ""tissue_n_unique"": 1, ""tissue_nonempty_fraction"": 1.0}",38,7154,70387,16,0.9231122334798177,"[""source__unnamed"", ""orig.ident"", ""source__index"", ""nCount_RNA"", ""nFeature_RNA"", ""RNA_snn_res.0.8"", ""seurat_clusters"", ""celltype_after"", ""dataset_id"", ""species"", ""accession"", ""tissue"", ""cell_type_original"", ""cell_type_canonical"", ""cell_type_mapping_status"", ""cell_type_is_unknown""]",True,[],[],Triticum aestivum_PRJCA012935.h5ad,2,1,10.0,-1.468757152557373,786432,1.0.0,Triticum aestivum,ok,"{""Columella root cap cell"": 38, ""Companion cell"": 99, ""Metaxylem"": 224, ""Pericycle cell"": 625, ""Phloem pole pericycle cell"": 273, ""Protophloem"": 66, ""Protoxylem"": 154, ""Proximal meristem"": 220, ""Root cap"": 170, ""Root endodermis"": 311, ""Root hair cell"": 397, ""Root system ground meristem"": 1079, ""Root vascular system"": 397, ""Sieve element"": 183, ""Stem cell niche"": 102, ""Xylem pole pericycle cell"": 506}",2310,"[""conversion_provenance"", ""expression_representation"", ""schema_version"", ""source"", ""source_annotation_column_name_map""]","[""gene_id_original"", ""gene_id_canonical"", ""gene_mapping_status"", ""species"", ""dataset_id""]",True,[],"[""canonical_cell_type_mapping_empty"", ""canonical_gene_mapping_empty"", ""nonsemantic_expression_layer_name""]",Dataset,float32,0.0
0.0,0,0.0,0,"{""unmapped"": 34058}",Wolffia australiana_PRJNA809022,nonnegative_integer_unverified,csr,count_like_nonnegative_integer,219821002,1.0,"{""symbol_like"": 5000}","{""unmapped"": 16855}",1.0,celltype_after,0.7380644782429973,25137,"{""None"": {""class"": ""_CSRDataset"", ""dtype"": ""int64"", ""expression_semantics"": ""count_like_nonnegative_integer"", ""finite_fraction"": 1.0, ""integer_like_fraction"": 1.0, ""negative_fraction"": 0.0, ""sample_equal_to_x"": true, ""sample_max"": 204.0, ""sample_min"": 0.0, ""sampled_values"": 786432, ""zero_fraction"": 0.7940788269042969}}","[""None""]",5783.5,"{""condition"": null, ""sample"": ""orig.ident"", ""sample_n_unique"": 1, ""sample_nonempty_fraction"": 1.0, ""species"": ""species"", ""species_n_unique"": 1, ""species_nonempty_fraction"": 1.0, ""stage"": null, ""tissue"": ""tissue"", ""tissue_n_unique"": 1, ""tissue_nonempty_fraction"": 1.0}",4084,34058,16855,4,0.0,"[""source__unnamed"", ""orig.ident"", ""nCount_RNA"", ""nFeature_RNA"", ""source__index"", ""nCount_SCT"", ""nFeature_SCT"", ""integrated_snn_res.0.5"", ""seurat_clusters"", ""celltype_after"", ""dataset_id"", ""species"", ""accession"", ""tissue"", ""cell_type_original"", ""cell_type_canonical"", ""cell_type_mapping_status"", ""cell_type_is_unknown""]",True,[],[],Wolffia australiana_PRJNA809022.h5ad,0,0,204.0,0.0,786432,1.0.0,Wolffia australiana,ok,"{""Flower"": 4084, ""Petal"": 4102, ""Root"": 7465, ""Seed"": 9486}",8921,"[""conversion_provenance"", ""expression_representation"", ""schema_version"", ""source"", ""source_annotation_column_name_map""]","[""gene_id_original"", ""gene_id_canonical"", ""gene_mapping_status"", ""species"", ""dataset_id""]",True,[],"[""canonical_cell_type_mapping_empty"", ""canonical_gene_mapping_empty"", ""nonsemantic_expression_layer_name""]",_CSRDataset,int64,0.7940788269042969
0.0,0,0.0,0,"{""unmapped"": 7396}",Zea mays_PRJCA020760,scaled_continuous,dense,scaled_continuous_or_centered,25075163,1.0,"{""maize_locus"": 1976, ""symbol_like"": 24}","{""unmapped"": 2000}",0.001354217529296875,celltype_after,0.09640346133044889,713,"{""None"": {""class"": ""Dataset"", ""dtype"": ""float32"", ""expression_semantics"": ""scaled_continuous_or_centered"", ""finite_fraction"": 1.0, ""integer_like_fraction"": 0.001354217529296875, ""negative_fraction"": 0.9418690999348959, ""sample_equal_to_x"": true, ""sample_max"": 10.0, ""sample_min"": -2.8475022315979004, ""sampled_values"": 786432, ""zero_fraction"": 0.0}}","[""None""]",314.0,"{""condition"": null, ""sample"": ""orig.ident"", ""sample_n_unique"": 1, ""sample_nonempty_fraction"": 1.0, ""species"": ""species"", ""species_n_unique"": 1, ""species_nonempty_fraction"": 1.0, ""stage"": null, ""tissue"": ""tissue"", ""tissue_n_unique"": 1, ""tissue_nonempty_fraction"": 1.0}",19,7396,2000,3,0.9418690999348959,"[""source__unnamed"", ""orig.ident"", ""source__index"", ""nCount_RNA"", ""nFeature_RNA"", ""RNA_snn_res.1"", ""seurat_clusters"", ""celltype1"", ""celltype_after"", ""dataset_id"", ""species"", ""accession"", ""tissue"", ""cell_type_original"", ""cell_type_canonical"", ""cell_type_mapping_status"", ""cell_type_is_unknown""]",True,[],[],Zea mays_PRJCA020760.h5ad,1,1,10.0,-2.8475022315979004,786432,1.0.0,Zea mays,ok,"{""Bundle sheath cell"": 380, ""Leaf pavement cell"": 314, ""Subsidiary cell"": 19}",6683,"[""conversion_provenance"", ""expression_representation"", ""schema_version"", ""source"", ""source_annotation_column_name_map""]","[""gene_id_original"", ""gene_id_canonical"", ""gene_mapping_status"", ""species"", ""dataset_id""]",True,[],"[""cell_type_coverage_below_50_percent"", ""canonical_cell_type_mapping_empty"", ""canonical_gene_mapping_empty"", ""nonsemantic_expression_layer_name""]",Dataset,float32,0.0
0.0,0,0.0,0,"{""unmapped"": 10794}",Zea mays_PRJNA454730,nonnegative_integer_unverified,csr,count_like_nonnegative_integer,378331452,1.0,"{""maize_locus"": 4970, ""symbol_like"": 30}","{""unmapped"": 27253}",1.0,celltype_after,0.9693348156383176,10463,"{""None"": {""class"": ""_CSRDataset"", ""dtype"": ""int64"", ""expression_semantics"": ""count_like_nonnegative_integer"", ""finite_fraction"": 1.0, ""integer_like_fraction"": 1.0, ""negative_fraction"": 0.0, ""sample_equal_to_x"": true, ""sample_max"": 2623.0, ""sample_min"": 0.0, ""sampled_values"": 786432, ""zero_fraction"": 0.6859232584635416}}","[""None""]",1101.0,"{""condition"": null, ""sample"": ""orig.ident"", ""sample_n_unique"": 1, ""sample_nonempty_fraction"": 1.0, ""species"": ""species"", ""species_n_unique"": 1, ""species_nonempty_fraction"": 1.0, ""stage"": null, ""tissue"": ""tissue"", ""tissue_n_unique"": 1, ""tissue_nonempty_fraction"": 1.0}",208,10794,27253,9,0.0,"[""source__unnamed"", ""orig.ident"", ""nCount_RNA"", ""nFeature_RNA"", ""source__index"", ""nCount_SCT"", ""nFeature_SCT"", ""integrated_snn_res.0.5"", ""seurat_clusters"", ""celltype_after"", ""dataset_id"", ""species"", ""accession"", ""tissue"", ""cell_type_original"", ""cell_type_canonical"", ""cell_type_mapping_status"", ""cell_type_is_unknown""]",True,[],[],Zea mays_PRJNA454730.h5ad,0,0,2623.0,0.0,786432,1.0.0,Zea mays,ok,"{""Early stele"": 1101, ""Mature endodermis"": 706, ""Mature stele"": 1446, ""Phloem"": 1668, ""Root cortex"": 2966, ""Root epidermis"": 280, ""Root pith"": 547, ""Root stele"": 1541, ""Xylem"": 208}",331,"[""conversion_provenance"", ""expression_representation"", ""schema_version"", ""source"", ""source_annotation_column_name_map""]","[""gene_id_original"", ""gene_id_canonical"", ""gene_mapping_status"", ""species"", ""dataset_id""]",True,[],"[""canonical_cell_type_mapping_empty"", ""canonical_gene_mapping_empty"", ""nonsemantic_expression_layer_name""]",_CSRDataset,int64,0.6859232584635416
0.0,0,0.0,0,"{""unmapped"": 7272}",Zea mays_PRJNA576240,scaled_continuous,dense,scaled_continuous_or_centered,35393391,1.0,"{""maize_locus"": 1999, ""symbol_like"": 1}","{""unmapped"": 2000}",0.0008392333984375,celltype_after,0.9927117711771177,7219,"{""None"": {""class"": ""Dataset"", ""dtype"": ""float32"", ""expression_semantics"": ""scaled_continuous_or_centered"", ""finite_fraction"": 1.0, ""integer_like_fraction"": 0.0008392333984375, ""negative_fraction"": 0.8393351236979166, ""sample_equal_to_x"": true, ""sample_max"": 10.0, ""sample_min"": -4.013896465301514, ""sampled_values"": 786432, ""zero_fraction"": 0.0}}","[""None""]",3609.5,"{""condition"": null, ""sample"": ""orig.ident"", ""sample_n_unique"": 1, ""sample_nonempty_fraction"": 1.0, ""species"": ""species"", ""species_n_unique"": 1, ""species_nonempty_fraction"": 1.0, ""stage"": null, ""tissue"": ""tissue"", ""tissue_n_unique"": 1, ""tissue_nonempty_fraction"": 1.0}",35,7272,2000,2,0.8393351236979166,"[""source__unnamed"", ""orig.ident"", ""source__index"", ""nCount_RNA"", ""nFeature_RNA"", ""RNA_snn_res.0.5"", ""seurat_clusters"", ""celltype"", ""celltype_after"", ""celltype_before"", ""dataset_id"", ""species"", ""accession"", ""tissue"", ""cell_type_original"", ""cell_type_canonical"", ""cell_type_mapping_status"", ""cell_type_is_unknown""]",True,[],[],Zea mays_PRJNA576240.h5ad,1,1,10.0,-4.013896465301514,786432,1.0.0,Zea mays,ok,"{""Bundle sheath cell"": 35, ""Mesophyll cell"": 7184}",53,"[""conversion_provenance"", ""expression_representation"", ""schema_version"", ""source"", ""source_annotation_column_name_map""]","[""gene_id_original"", ""gene_id_canonical"", ""gene_mapping_status"", ""species"", ""dataset_id""]",True,[],"[""canonical_cell_type_mapping_empty"", ""canonical_gene_mapping_empty"", ""nonsemantic_expression_layer_name""]",Dataset,float32,0.0
0.0,0,0.0,0,"{""unmapped"": 18538}",Zea mays_PRJNA646989_PRJNA646996_PRJNA647001,nonnegative_integer_unverified,csr,count_like_nonnegative_integer,146329113,1.0,"{""maize_locus"": 4980, ""symbol_like"": 20}","{""unmapped"": 26165}",1.0,celltype_after,1.0,18538,"{""None"": {""class"": ""_CSRDataset"", ""dtype"": ""int64"", ""expression_semantics"": ""count_like_nonnegative_integer"", ""finite_fraction"": 1.0, ""integer_like_fraction"": 1.0, ""negative_fraction"": 0.0, ""sample_equal_to_x"": true, ""sample_max"": 147.0, ""sample_min"": 0.0, ""sampled_values"": 786432, ""zero_fraction"": 0.9418690999348959}}","[""None""]",965.0,"{""condition"": null, ""sample"": ""orig.ident"", ""sample_n_unique"": 3, ""sample_nonempty_fraction"": 1.0, ""species"": ""species"", ""species_n_unique"": 1, ""species_nonempty_fraction"": 1.0, ""stage"": null, ""tissue"": ""tissue"", ""tissue_n_unique"": 1, ""tissue_nonempty_fraction"": 1.0}",247,18538,26165,13,0.0,"[""source__unnamed"", ""orig.ident"", ""nCount_RNA"", ""nFeature_RNA"", ""nCount_SCT"", ""nFeature_SCT"", ""integrated_snn_res.1"", ""seurat_clusters"", ""celltype1"", ""celltype_after"", ""dataset_id"", ""species"", ""accession"", ""tissue"", ""cell_type_original"", ""cell_type_canonical"", ""cell_type_mapping_status"", ""cell_type_is_unknown""]",True,[],[],Zea mays_PRJNA646989_PRJNA646996_PRJNA647001.h5ad,0,0,147.0,0.0,786432,1.0.0,Zea mays,ok,"{""Adaxial meristem periphery"": 247, ""Bundle sheath cell"": 1672, ""Determinate lateral organ"": 913, ""Determinate lateral organ non-epidermis domain"": 431, ""Ear cortex"": 2623, ""G2/M-phase"": 1785, ""Inflorescence meristem"": 4737, ""Meristem base"": 605, ""Meristem boundary"": 965, ""Meristem epidermis layer"": 2029, ""Phloem"": 828, ""S-phase"": 1424, ""Xylem"": 279}",0,"[""conversion_provenance"", ""expression_representation"", ""schema_version"", ""source"", ""source_annotation_column_name_map""]","[""gene_id_original"", ""gene_id_canonical"", ""gene_mapping_status"", ""species"", ""dataset_id""]",True,[],"[""canonical_cell_type_mapping_empty"", ""canonical_gene_mapping_empty"", ""nonsemantic_expression_layer_name""]",_CSRDataset,int64,0.9418690999348959
0.0,0,0.0,0,"{""unmapped"": 13337}",Zea mays_PRJNA662627,scaled_continuous,dense,scaled_continuous_or_centered,214237793,1.0,"{""maize_locus"": 3742, ""symbol_like"": 162}","{""unmapped"": 3904}",0.007189432779947917,celltype_after,1.0,13337,"{""None"": {""class"": ""Dataset"", ""dtype"": ""float32"", ""expression_semantics"": ""scaled_continuous_or_centered"", ""finite_fraction"": 1.0, ""integer_like_fraction"": 0.007189432779947917, ""negative_fraction"": 0.8268419901529948, ""sample_equal_to_x"": true, ""sample_max"": 10.0, ""sample_min"": -5.158115863800049, ""sampled_values"": 786432, ""zero_fraction"": 0.0}}","[""None""]",6668.5,"{""condition"": null, ""sample"": ""orig.ident"", ""sample_n_unique"": 2, ""sample_nonempty_fraction"": 1.0, ""species"": ""species"", ""species_n_unique"": 1, ""species_nonempty_fraction"": 1.0, ""stage"": null, ""tissue"": ""tissue"", ""tissue_n_unique"": 1, ""tissue_nonempty_fraction"": 1.0}",478,13337,3904,2,0.8268419901529948,"[""source__unnamed"", ""orig.ident"", ""source__index"", ""nCount_RNA"", ""nFeature_RNA"", ""nCount_SCT"", ""nFeature_SCT"", ""integrated_snn_res.0.2"", ""seurat_clusters"", ""celltype"", ""celltype_after"", ""celltype_before"", ""dataset_id"", ""species"", ""accession"", ""tissue"", ""cell_type_original"", ""cell_type_canonical"", ""cell_type_mapping_status"", ""cell_type_is_unknown""]",True,[],[],Zea mays_PRJNA662627.h5ad,0,0,10.0,-5.158115863800049,786432,1.0.0,Zea mays,ok,"{""Bundle sheath cell"": 478, ""Mesophyll cell"": 12859}",0,"[""conversion_provenance"", ""expression_representation"", ""schema_version"", ""source"", ""source_annotation_column_name_map""]","[""gene_id_original"", ""gene_id_canonical"", ""gene_mapping_status"", ""species"", ""dataset_id""]",True,[],"[""canonical_cell_type_mapping_empty"", ""canonical_gene_mapping_empty"", ""nonsemantic_expression_layer_name""]",Dataset,float32,0.0
0.0,0,0.0,0,"{""unmapped"": 33388}",Zea mays_PRJNA740934,scaled_continuous,dense,scaled_continuous_or_centered,527318735,1.0,"{""maize_locus"": 3779, ""symbol_like"": 74}","{""unmapped"": 3853}",0.0032831827799479165,celltype_after,1.0,33388,"{""None"": {""class"": ""Dataset"", ""dtype"": ""float32"", ""expression_semantics"": ""scaled_continuous_or_centered"", ""finite_fraction"": 1.0, ""integer_like_fraction"": 0.0032831827799479165, ""negative_fraction"": 0.850982666015625, ""sample_equal_to_x"": true, ""sample_max"": 10.0, ""sample_min"": -6.4868388175964355, ""sampled_values"": 786432, ""zero_fraction"": 0.0}}","[""None""]",1319.0,"{""condition"": null, ""sample"": ""orig.ident"", ""sample_n_unique"": 2, ""sample_nonempty_fraction"": 1.0, ""species"": ""species"", ""species_n_unique"": 1, ""species_nonempty_fraction"": 1.0, ""stage"": null, ""tissue"": ""tissue"", ""tissue_n_unique"": 1, ""tissue_nonempty_fraction"": 1.0}",398,33388,3853,4,0.850982666015625,"[""source__unnamed"", ""orig.ident"", ""source__index"", ""nCount_RNA"", ""nFeature_RNA"", ""nCount_SCT"", ""nFeature_SCT"", ""integrated_snn_res.0.5"", ""seurat_clusters"", ""celltype"", ""celltype_after"", ""celltype_before"", ""dataset_id"", ""species"", ""accession"", ""tissue"", ""cell_type_original"", ""cell_type_canonical"", ""cell_type_mapping_status"", ""cell_type_is_unknown""]",True,[],[],Zea mays_PRJNA740934.h5ad,0,0,10.0,-6.4868388175964355,786432,1.0.0,Zea mays,ok,"{""Bundle sheath cell"": 398, ""Leaf pavement cell"": 30352, ""Mesophyll cell"": 664, ""Subsidiary cell"": 1974}",0,"[""conversion_provenance"", ""expression_representation"", ""schema_version"", ""source"", ""source_annotation_column_name_map""]","[""gene_id_original"", ""gene_id_canonical"", ""gene_mapping_status"", ""species"", ""dataset_id""]",True,[],"[""canonical_cell_type_mapping_empty"", ""canonical_gene_mapping_empty"", ""nonsemantic_expression_layer_name""]",Dataset,float32,0.0
0.0,0,0.0,0,"{""unmapped"": 6633}",Zea mays_PRJNA759548,scaled_continuous,dense,scaled_continuous_or_centered,101810212,1.0,"{""maize_locus"": 3531, ""symbol_like"": 189}","{""unmapped"": 3720}",0.006160736083984375,celltype_after,1.0,6633,"{""None"": {""class"": ""Dataset"", ""dtype"": ""float32"", ""expression_semantics"": ""scaled_continuous_or_centered"", ""finite_fraction"": 1.0, ""integer_like_fraction"": 0.006160736083984375, ""negative_fraction"": 0.8905626932779948, ""sample_equal_to_x"": true, ""sample_max"": 10.0, ""sample_min"": -3.4988925457000732, ""sampled_values"": 786432, ""zero_fraction"": 0.0}}","[""None""]",878.0,"{""condition"": null, ""sample"": ""orig.ident"", ""sample_n_unique"": 2, ""sample_nonempty_fraction"": 1.0, ""species"": ""species"", ""species_n_unique"": 1, ""species_nonempty_fraction"": 1.0, ""stage"": null, ""tissue"": ""tissue"", ""tissue_n_unique"": 1, ""tissue_nonempty_fraction"": 1.0}",323,6633,3720,4,0.8905626932779948,"[""source__unnamed"", ""orig.ident"", ""source__index"", ""nCount_RNA"", ""nFeature_RNA"", ""nCount_SCT"", ""nFeature_SCT"", ""integrated_snn_res.0.5"", ""seurat_clusters"", ""celltype"", ""celltype_after"", ""celltype_before"", ""dataset_id"", ""species"", ""accession"", ""tissue"", ""cell_type_original"", ""cell_type_canonical"", ""cell_type_mapping_status"", ""cell_type_is_unknown""]",True,[],[],Zea mays_PRJNA759548.h5ad,0,0,10.0,-3.4988925457000732,786432,1.0.0,Zea mays,ok,"{""Companion cell"": 867, ""Root cortex"": 4554, ""Root epidermis"": 323, ""Root stele"": 889}",0,"[""conversion_provenance"", ""expression_representation"", ""schema_version"", ""source"", ""source_annotation_column_name_map""]","[""gene_id_original"", ""gene_id_canonical"", ""gene_mapping_status"", ""species"", ""dataset_id""]",True,[],"[""canonical_cell_type_mapping_empty"", ""canonical_gene_mapping_empty"", ""nonsemantic_expression_layer_name""]",Dataset,float32,0.0
0.0,0,0.0,0,"{""unmapped"": 40916}",Zea mays_PRJNA865791,scaled_continuous,dense,scaled_continuous_or_centered,906026776,1.0,"{""maize_locus"": 4827, ""symbol_like"": 173}","{""unmapped"": 5450}",1.9073486328125e-05,celltype_after,0.42995405220451655,17592,"{""None"": {""class"": ""Dataset"", ""dtype"": ""float32"", ""expression_semantics"": ""scaled_continuous_or_centered"", ""finite_fraction"": 1.0, ""integer_like_fraction"": 1.9073486328125e-05, ""negative_fraction"": 0.8133621215820312, ""sample_equal_to_x"": true, ""sample_max"": 20.96628761291504, ""sample_min"": -10.175665855407715, ""sampled_values"": 786432, ""zero_fraction"": 0.0}}","[""None""]",3071.5,"{""condition"": null, ""sample"": ""orig.ident"", ""sample_n_unique"": 2, ""sample_nonempty_fraction"": 1.0, ""species"": ""species"", ""species_n_unique"": 1, ""species_nonempty_fraction"": 1.0, ""stage"": null, ""tissue"": ""tissue"", ""tissue_n_unique"": 1, ""tissue_nonempty_fraction"": 1.0}",474,40916,5450,6,0.8133621215820312,"[""source__unnamed"", ""orig.ident"", ""nCount_RNA"", ""nFeature_RNA"", ""nCount_SCT"", ""nFeature_SCT"", ""integrated_snn_res.0.5"", ""seurat_clusters"", ""celltype1"", ""celltype_after"", ""dataset_id"", ""species"", ""accession"", ""tissue"", ""cell_type_original"", ""cell_type_canonical"", ""cell_type_mapping_status"", ""cell_type_is_unknown""]",True,[],[],Zea mays_PRJNA865791.h5ad,0,0,20.96628761291504,-10.175665855407715,786432,1.0.0,Zea mays,ok,"{""Mature stele"": 3642, ""Root cortex"": 2722, ""Root endodermis"": 3421, ""Root epidermis"": 5074, ""Root pith"": 2259, ""Xylem"": 474}",23324,"[""conversion_provenance"", ""expression_representation"", ""schema_version"", ""source"", ""source_annotation_column_name_map""]","[""gene_id_original"", ""gene_id_canonical"", ""gene_mapping_status"", ""species"", ""dataset_id""]",True,[],"[""cell_type_coverage_below_50_percent"", ""canonical_cell_type_mapping_empty"", ""canonical_gene_mapping_empty"", ""nonsemantic_expression_layer_name""]",Dataset,float32,0.0
0.0,0,0.0,0,"{""unmapped"": 41358}",Zea mays_PRJNA924780,nonnegative_integer_unverified,csr,count_like_nonnegative_integer,649829358,1.0,"{""maize_locus"": 4975, ""symbol_like"": 25}","{""unmapped"": 31105}",1.0,celltype_after,0.6101117075293776,25233,"{""None"": {""class"": ""_CSRDataset"", ""dtype"": ""int64"", ""expression_semantics"": ""count_like_nonnegative_integer"", ""finite_fraction"": 1.0, ""integer_like_fraction"": 1.0, ""negative_fraction"": 0.0, ""sample_equal_to_x"": true, ""sample_max"": 316.0, ""sample_min"": 0.0, ""sampled_values"": 786432, ""zero_fraction"": 0.8934974670410156}}","[""None""]",6461.5,"{""condition"": null, ""sample"": ""orig.ident"", ""sample_n_unique"": 2, ""sample_nonempty_fraction"": 1.0, ""species"": ""species"", ""species_n_unique"": 1, ""species_nonempty_fraction"": 1.0, ""stage"": null, ""tissue"": ""tissue"", ""tissue_n_unique"": 1, ""tissue_nonempty_fraction"": 1.0}",4274,41358,31105,4,0.0,"[""source__unnamed"", ""orig.ident"", ""nCount_RNA"", ""nFeature_RNA"", ""source__index"", ""nCount_SCT"", ""nFeature_SCT"", ""integrated_snn_res.0.5"", ""seurat_clusters"", ""celltype_after"", ""dataset_id"", ""species"", ""accession"", ""tissue"", ""cell_type_original"", ""cell_type_canonical"", ""cell_type_mapping_status"", ""cell_type_is_unknown""]",True,[],[],Zea mays_PRJNA924780.h5ad,0,0,316.0,0.0,786432,1.0.0,Zea mays,ok,"{""Leaf lamina epidermis"": 7384, ""Leaf vascular system"": 4274, ""Meristemoid"": 5539, ""S-phase cell"": 8036}",16125,"[""conversion_provenance"", ""expression_representation"", ""schema_version"", ""source"", ""source_annotation_column_name_map""]","[""gene_id_original"", ""gene_id_canonical"", ""gene_mapping_status"", ""species"", ""dataset_id""]",True,[],"[""canonical_cell_type_mapping_empty"", ""canonical_gene_mapping_empty"", ""nonsemantic_expression_layer_name""]",_CSRDataset,int64,0.8934974670410156
0.0,0,0.0,0,"{""unmapped"": 4103}",Zea mays_PRJNA935359,nonnegative_integer_unverified,csr,count_like_nonnegative_integer,78393413,1.0,"{""maize_locus"": 4998, ""symbol_like"": 2}","{""unmapped"": 27042}",1.0,celltype_after,1.0,4103,"{""None"": {""class"": ""_CSRDataset"", ""dtype"": ""int64"", ""expression_semantics"": ""count_like_nonnegative_integer"", ""finite_fraction"": 1.0, ""integer_like_fraction"": 1.0, ""negative_fraction"": 0.0, ""sample_equal_to_x"": true, ""sample_max"": 279.0, ""sample_min"": 0.0, ""sampled_values"": 786432, ""zero_fraction"": 0.8656031290690104}}","[""None""]",436.0,"{""condition"": null, ""sample"": ""orig.ident"", ""sample_n_unique"": 1, ""sample_nonempty_fraction"": 1.0, ""species"": ""species"", ""species_n_unique"": 1, ""species_nonempty_fraction"": 1.0, ""stage"": null, ""tissue"": ""tissue"", ""tissue_n_unique"": 1, ""tissue_nonempty_fraction"": 1.0}",54,4103,27042,8,0.0,"[""source__unnamed"", ""orig.ident"", ""nCount_RNA"", ""nFeature_RNA"", ""source__index"", ""nCount_SCT"", ""nFeature_SCT"", ""integrated_snn_res.0.5"", ""seurat_clusters"", ""celltype_after"", ""dataset_id"", ""species"", ""accession"", ""tissue"", ""cell_type_original"", ""cell_type_canonical"", ""cell_type_mapping_status"", ""cell_type_is_unknown""]",True,[],[],Zea mays_PRJNA935359.h5ad,0,0,279.0,0.0,786432,1.0.0,Zea mays,ok,"{""G2/M-phase cell"": 393, ""Pericycle cell"": 479, ""Phloem"": 348, ""Root cortex"": 1067, ""Root endodermis"": 120, ""Root epidermis"": 699, ""Root stele"": 943, ""Xylem"": 54}",0,"[""conversion_provenance"", ""expression_representation"", ""schema_version"", ""source"", ""source_annotation_column_name_map""]","[""gene_id_original"", ""gene_id_canonical"", ""gene_mapping_status"", ""species"", ""dataset_id""]",True,[],"[""canonical_cell_type_mapping_empty"", ""canonical_gene_mapping_empty"", ""nonsemantic_expression_layer_name""]",_CSRDataset,int64,0.8656031290690104
