record_type	record_id	stage	metric	value	unit	source_path	source_sha256	authority_version	dataset_id	species	tissue	tissue_status	label_column	cells	labeled_cells	unknown_cells	unknown_fraction	readable	panel	candidate_label_count	labels_ge_100_cells	candidate_cells	panel_status	accepted	reason	workflow_order	description
collection_summary	readable_h5ad	resource_audit	readable_h5ad	121	files	internal_source_record:not_publicly_portable;internal_source_record:not_publicly_portable	c55fc29b9bd86f3795557a79faa9b58b390b4d7f43fea62c7263c35efa82e9d7;47c1a264a05492d2f8cbe4797082744135331e365ae67e3f6bae12b62ee5f35c	audit_20260910																			
collection_summary	cells	resource_audit	cells	3120007	cells	internal_source_record:not_publicly_portable;internal_source_record:not_publicly_portable	c55fc29b9bd86f3795557a79faa9b58b390b4d7f43fea62c7263c35efa82e9d7;47c1a264a05492d2f8cbe4797082744135331e365ae67e3f6bae12b62ee5f35c	audit_20260910																			
collection_summary	species	resource_audit	species	33	species	internal_source_record:not_publicly_portable;internal_source_record:not_publicly_portable	c55fc29b9bd86f3795557a79faa9b58b390b4d7f43fea62c7263c35efa82e9d7;47c1a264a05492d2f8cbe4797082744135331e365ae67e3f6bae12b62ee5f35c	audit_20260910																			
collection_summary	labeled_cells	resource_audit	labeled_cells	2149362	cells	internal_source_record:not_publicly_portable;internal_source_record:not_publicly_portable	c55fc29b9bd86f3795557a79faa9b58b390b4d7f43fea62c7263c35efa82e9d7;47c1a264a05492d2f8cbe4797082744135331e365ae67e3f6bae12b62ee5f35c	audit_20260910																			
collection_summary	unknown_or_missing_cells	resource_audit	unknown_or_missing_cells	970645	cells	internal_source_record:not_publicly_portable;internal_source_record:not_publicly_portable	c55fc29b9bd86f3795557a79faa9b58b390b4d7f43fea62c7263c35efa82e9d7;47c1a264a05492d2f8cbe4797082744135331e365ae67e3f6bae12b62ee5f35c	audit_20260910																			
collection_summary	unknown_or_missing_fraction	resource_audit	unknown_or_missing_fraction	0.31110346867811517	fraction	internal_source_record:not_publicly_portable;internal_source_record:not_publicly_portable	c55fc29b9bd86f3795557a79faa9b58b390b4d7f43fea62c7263c35efa82e9d7;47c1a264a05492d2f8cbe4797082744135331e365ae67e3f6bae12b62ee5f35c	audit_20260910																			
dataset	Arabidopsis thaliana_CNP0002469	resource_audit				internal_source_record:not_publicly_portable;internal_source_record:not_publicly_portable	c55fc29b9bd86f3795557a79faa9b58b390b4d7f43fea62c7263c35efa82e9d7;74218fbeb25ed470fd9ee6802a7c08ab3c5a4124abb092fd7d34f3cf7f683b35	audit_20260910+dataset_manifest_v1	Arabidopsis thaliana_CNP0002469	Arabidopsis thaliana	not explicitly recorded	missing	celltype_after	69520	67966	1554	0.022353279631760644	True									
dataset	Arabidopsis thaliana_CNP0004389	resource_audit				internal_source_record:not_publicly_portable;internal_source_record:not_publicly_portable	c55fc29b9bd86f3795557a79faa9b58b390b4d7f43fea62c7263c35efa82e9d7;74218fbeb25ed470fd9ee6802a7c08ab3c5a4124abb092fd7d34f3cf7f683b35	audit_20260910+dataset_manifest_v1	Arabidopsis thaliana_CNP0004389	Arabidopsis thaliana	not explicitly recorded	missing	celltype_after	102713	60335	42378	0.41258652750868924	True									
dataset	Arabidopsis thaliana_EMTAB11006	resource_audit				internal_source_record:not_publicly_portable;internal_source_record:not_publicly_portable	c55fc29b9bd86f3795557a79faa9b58b390b4d7f43fea62c7263c35efa82e9d7;74218fbeb25ed470fd9ee6802a7c08ab3c5a4124abb092fd7d34f3cf7f683b35	audit_20260910+dataset_manifest_v1	Arabidopsis thaliana_EMTAB11006	Arabidopsis thaliana	not explicitly recorded	missing	celltype_after	1560	1560	0	0.0	True									
dataset	Arabidopsis thaliana_EMTAB12532	resource_audit				internal_source_record:not_publicly_portable;internal_source_record:not_publicly_portable	c55fc29b9bd86f3795557a79faa9b58b390b4d7f43fea62c7263c35efa82e9d7;74218fbeb25ed470fd9ee6802a7c08ab3c5a4124abb092fd7d34f3cf7f683b35	audit_20260910+dataset_manifest_v1	Arabidopsis thaliana_EMTAB12532	Arabidopsis thaliana	not explicitly recorded	missing	celltype_after	13957	11303	2654	0.1901554775381529	True									
dataset	Arabidopsis thaliana_EMTAB9174	resource_audit				internal_source_record:not_publicly_portable;internal_source_record:not_publicly_portable	c55fc29b9bd86f3795557a79faa9b58b390b4d7f43fea62c7263c35efa82e9d7;74218fbeb25ed470fd9ee6802a7c08ab3c5a4124abb092fd7d34f3cf7f683b35	audit_20260910+dataset_manifest_v1	Arabidopsis thaliana_EMTAB9174	Arabidopsis thaliana	not explicitly recorded in source; annotation labels include flower meristem and anther	recorded	celltype_after	1348	1320	28	0.020771513353115726	True									
dataset	Arabidopsis thaliana_PRJCA003094	resource_audit				internal_source_record:not_publicly_portable;internal_source_record:not_publicly_portable	c55fc29b9bd86f3795557a79faa9b58b390b4d7f43fea62c7263c35efa82e9d7;74218fbeb25ed470fd9ee6802a7c08ab3c5a4124abb092fd7d34f3cf7f683b35	audit_20260910+dataset_manifest_v1	Arabidopsis thaliana_PRJCA003094	Arabidopsis thaliana	not explicitly recorded	missing	celltype_after	35199	30725	4474	0.12710588368987755	True									
dataset	Arabidopsis thaliana_PRJCA016521_Root	resource_audit				internal_source_record:not_publicly_portable;internal_source_record:not_publicly_portable	c55fc29b9bd86f3795557a79faa9b58b390b4d7f43fea62c7263c35efa82e9d7;74218fbeb25ed470fd9ee6802a7c08ab3c5a4124abb092fd7d34f3cf7f683b35	audit_20260910+dataset_manifest_v1	Arabidopsis thaliana_PRJCA016521_Root	Arabidopsis thaliana	root	recorded	celltype_after	54273	43340	10933	0.20144454885486338	True									
dataset	Arabidopsis thaliana_PRJCA016521_Shoot	resource_audit				internal_source_record:not_publicly_portable;internal_source_record:not_publicly_portable	c55fc29b9bd86f3795557a79faa9b58b390b4d7f43fea62c7263c35efa82e9d7;74218fbeb25ed470fd9ee6802a7c08ab3c5a4124abb092fd7d34f3cf7f683b35	audit_20260910+dataset_manifest_v1	Arabidopsis thaliana_PRJCA016521_Shoot	Arabidopsis thaliana	shoot	recorded	celltype_after	35503	27547	7956	0.22409373855730502	True									
dataset	Arabidopsis thaliana_PRJCA021408_Root	resource_audit				internal_source_record:not_publicly_portable;internal_source_record:not_publicly_portable	c55fc29b9bd86f3795557a79faa9b58b390b4d7f43fea62c7263c35efa82e9d7;74218fbeb25ed470fd9ee6802a7c08ab3c5a4124abb092fd7d34f3cf7f683b35	audit_20260910+dataset_manifest_v1	Arabidopsis thaliana_PRJCA021408_Root	Arabidopsis thaliana	root	recorded	celltype_after	21616	17803	3813	0.17639711324944485	True									
dataset	Arabidopsis thaliana_PRJCA021408_Shoot	resource_audit				internal_source_record:not_publicly_portable;internal_source_record:not_publicly_portable	c55fc29b9bd86f3795557a79faa9b58b390b4d7f43fea62c7263c35efa82e9d7;74218fbeb25ed470fd9ee6802a7c08ab3c5a4124abb092fd7d34f3cf7f683b35	audit_20260910+dataset_manifest_v1	Arabidopsis thaliana_PRJCA021408_Shoot	Arabidopsis thaliana	shoot	recorded	celltype_after	68134	41978	26156	0.3838905685854346	True									
dataset	Arabidopsis thaliana_PRJDB14071	resource_audit				internal_source_record:not_publicly_portable;internal_source_record:not_publicly_portable	c55fc29b9bd86f3795557a79faa9b58b390b4d7f43fea62c7263c35efa82e9d7;74218fbeb25ed470fd9ee6802a7c08ab3c5a4124abb092fd7d34f3cf7f683b35	audit_20260910+dataset_manifest_v1	Arabidopsis thaliana_PRJDB14071	Arabidopsis thaliana	not explicitly recorded	missing	celltype_after	18280	6274	12006	0.6567833698030635	True									
dataset	Arabidopsis thaliana_PRJEB47924	resource_audit				internal_source_record:not_publicly_portable;internal_source_record:not_publicly_portable	c55fc29b9bd86f3795557a79faa9b58b390b4d7f43fea62c7263c35efa82e9d7;74218fbeb25ed470fd9ee6802a7c08ab3c5a4124abb092fd7d34f3cf7f683b35	audit_20260910+dataset_manifest_v1	Arabidopsis thaliana_PRJEB47924	Arabidopsis thaliana	not explicitly recorded	missing	celltype_after	2286	721	1565	0.6846019247594051	True									
dataset	Arabidopsis thaliana_PRJEB61052	resource_audit				internal_source_record:not_publicly_portable;internal_source_record:not_publicly_portable	c55fc29b9bd86f3795557a79faa9b58b390b4d7f43fea62c7263c35efa82e9d7;74218fbeb25ed470fd9ee6802a7c08ab3c5a4124abb092fd7d34f3cf7f683b35	audit_20260910+dataset_manifest_v1	Arabidopsis thaliana_PRJEB61052	Arabidopsis thaliana	not explicitly recorded	missing	celltype_after	54066	21164	32902	0.6085525098953132	True									
dataset	Arabidopsis thaliana_PRJNA471914	resource_audit				internal_source_record:not_publicly_portable;internal_source_record:not_publicly_portable	c55fc29b9bd86f3795557a79faa9b58b390b4d7f43fea62c7263c35efa82e9d7;74218fbeb25ed470fd9ee6802a7c08ab3c5a4124abb092fd7d34f3cf7f683b35	audit_20260910+dataset_manifest_v1	Arabidopsis thaliana_PRJNA471914	Arabidopsis thaliana	not explicitly recorded	missing	celltype_after	5045	4204	841	0.16669970267591674	True									
dataset	Arabidopsis thaliana_PRJNA497883	resource_audit				internal_source_record:not_publicly_portable;internal_source_record:not_publicly_portable	c55fc29b9bd86f3795557a79faa9b58b390b4d7f43fea62c7263c35efa82e9d7;74218fbeb25ed470fd9ee6802a7c08ab3c5a4124abb092fd7d34f3cf7f683b35	audit_20260910+dataset_manifest_v1	Arabidopsis thaliana_PRJNA497883	Arabidopsis thaliana	not explicitly recorded	missing	celltype_after	15869	15869	0	0.0	True									
dataset	Arabidopsis thaliana_PRJNA506007	resource_audit				internal_source_record:not_publicly_portable;internal_source_record:not_publicly_portable	c55fc29b9bd86f3795557a79faa9b58b390b4d7f43fea62c7263c35efa82e9d7;74218fbeb25ed470fd9ee6802a7c08ab3c5a4124abb092fd7d34f3cf7f683b35	audit_20260910+dataset_manifest_v1	Arabidopsis thaliana_PRJNA506007	Arabidopsis thaliana	not explicitly recorded	missing	celltype_after	15843	15843	0	0.0	True									
dataset	Arabidopsis thaliana_PRJNA507252	resource_audit				internal_source_record:not_publicly_portable;internal_source_record:not_publicly_portable	c55fc29b9bd86f3795557a79faa9b58b390b4d7f43fea62c7263c35efa82e9d7;74218fbeb25ed470fd9ee6802a7c08ab3c5a4124abb092fd7d34f3cf7f683b35	audit_20260910+dataset_manifest_v1	Arabidopsis thaliana_PRJNA507252	Arabidopsis thaliana	not explicitly recorded	missing	celltype_after	17537	17537	0	0.0	True									
dataset	Arabidopsis thaliana_PRJNA509920	resource_audit				internal_source_record:not_publicly_portable;internal_source_record:not_publicly_portable	c55fc29b9bd86f3795557a79faa9b58b390b4d7f43fea62c7263c35efa82e9d7;74218fbeb25ed470fd9ee6802a7c08ab3c5a4124abb092fd7d34f3cf7f683b35	audit_20260910+dataset_manifest_v1	Arabidopsis thaliana_PRJNA509920	Arabidopsis thaliana	not explicitly recorded	missing	celltype_after	9928	9928	0	0.0	True									
dataset	Arabidopsis thaliana_PRJNA517021	resource_audit				internal_source_record:not_publicly_portable;internal_source_record:not_publicly_portable	c55fc29b9bd86f3795557a79faa9b58b390b4d7f43fea62c7263c35efa82e9d7;74218fbeb25ed470fd9ee6802a7c08ab3c5a4124abb092fd7d34f3cf7f683b35	audit_20260910+dataset_manifest_v1	Arabidopsis thaliana_PRJNA517021	Arabidopsis thaliana	not explicitly recorded	missing	celltype_after	12674	12674	0	0.0	True									
dataset	Arabidopsis thaliana_PRJNA551314	resource_audit				internal_source_record:not_publicly_portable;internal_source_record:not_publicly_portable	c55fc29b9bd86f3795557a79faa9b58b390b4d7f43fea62c7263c35efa82e9d7;74218fbeb25ed470fd9ee6802a7c08ab3c5a4124abb092fd7d34f3cf7f683b35	audit_20260910+dataset_manifest_v1	Arabidopsis thaliana_PRJNA551314	Arabidopsis thaliana	not explicitly recorded	missing	celltype_after	777	550	227	0.29214929214929214	True									
dataset	Arabidopsis thaliana_PRJNA577177	resource_audit				internal_source_record:not_publicly_portable;internal_source_record:not_publicly_portable	c55fc29b9bd86f3795557a79faa9b58b390b4d7f43fea62c7263c35efa82e9d7;74218fbeb25ed470fd9ee6802a7c08ab3c5a4124abb092fd7d34f3cf7f683b35	audit_20260910+dataset_manifest_v1	Arabidopsis thaliana_PRJNA577177	Arabidopsis thaliana	not explicitly recorded	missing	celltype_after	12492	10677	1815	0.1452929875120077	True									
dataset	Arabidopsis thaliana_PRJNA594539	resource_audit				internal_source_record:not_publicly_portable;internal_source_record:not_publicly_portable	c55fc29b9bd86f3795557a79faa9b58b390b4d7f43fea62c7263c35efa82e9d7;74218fbeb25ed470fd9ee6802a7c08ab3c5a4124abb092fd7d34f3cf7f683b35	audit_20260910+dataset_manifest_v1	Arabidopsis thaliana_PRJNA594539	Arabidopsis thaliana	not explicitly recorded	missing	celltype_after	15930	15930	0	0.0	True									
dataset	Arabidopsis thaliana_PRJNA605594	resource_audit				internal_source_record:not_publicly_portable;internal_source_record:not_publicly_portable	c55fc29b9bd86f3795557a79faa9b58b390b4d7f43fea62c7263c35efa82e9d7;74218fbeb25ed470fd9ee6802a7c08ab3c5a4124abb092fd7d34f3cf7f683b35	audit_20260910+dataset_manifest_v1	Arabidopsis thaliana_PRJNA605594	Arabidopsis thaliana	not explicitly recorded	missing	celltype_after	53461	36370	17091	0.31969098969342136	True									
dataset	Arabidopsis thaliana_PRJNA613684	resource_audit				internal_source_record:not_publicly_portable;internal_source_record:not_publicly_portable	c55fc29b9bd86f3795557a79faa9b58b390b4d7f43fea62c7263c35efa82e9d7;74218fbeb25ed470fd9ee6802a7c08ab3c5a4124abb092fd7d34f3cf7f683b35	audit_20260910+dataset_manifest_v1	Arabidopsis thaliana_PRJNA613684	Arabidopsis thaliana	not explicitly recorded	missing	celltype_after	16324	11508	4816	0.2950257289879931	True									
dataset	Arabidopsis thaliana_PRJNA640389	resource_audit				internal_source_record:not_publicly_portable;internal_source_record:not_publicly_portable	c55fc29b9bd86f3795557a79faa9b58b390b4d7f43fea62c7263c35efa82e9d7;74218fbeb25ed470fd9ee6802a7c08ab3c5a4124abb092fd7d34f3cf7f683b35	audit_20260910+dataset_manifest_v1	Arabidopsis thaliana_PRJNA640389	Arabidopsis thaliana	not explicitly recorded	missing	celltype_after	110427	110427	0	0.0	True									
dataset	Arabidopsis thaliana_PRJNA648028	resource_audit				internal_source_record:not_publicly_portable;internal_source_record:not_publicly_portable	c55fc29b9bd86f3795557a79faa9b58b390b4d7f43fea62c7263c35efa82e9d7;74218fbeb25ed470fd9ee6802a7c08ab3c5a4124abb092fd7d34f3cf7f683b35	audit_20260910+dataset_manifest_v1	Arabidopsis thaliana_PRJNA648028	Arabidopsis thaliana	not explicitly recorded	missing	celltype_after	25398	0	25398	1.0	True									
dataset	Arabidopsis thaliana_PRJNA649267	resource_audit				internal_source_record:not_publicly_portable;internal_source_record:not_publicly_portable	c55fc29b9bd86f3795557a79faa9b58b390b4d7f43fea62c7263c35efa82e9d7;74218fbeb25ed470fd9ee6802a7c08ab3c5a4124abb092fd7d34f3cf7f683b35	audit_20260910+dataset_manifest_v1	Arabidopsis thaliana_PRJNA649267	Arabidopsis thaliana	not explicitly recorded	missing	celltype_after	10990	10990	0	0.0	True									
dataset	Arabidopsis thaliana_PRJNA659737	resource_audit				internal_source_record:not_publicly_portable;internal_source_record:not_publicly_portable	c55fc29b9bd86f3795557a79faa9b58b390b4d7f43fea62c7263c35efa82e9d7;74218fbeb25ed470fd9ee6802a7c08ab3c5a4124abb092fd7d34f3cf7f683b35	audit_20260910+dataset_manifest_v1	Arabidopsis thaliana_PRJNA659737	Arabidopsis thaliana	not explicitly recorded	missing	celltype_after	5710	5344	366	0.06409807355516638	True									
dataset	Arabidopsis thaliana_PRJNA664874	resource_audit				internal_source_record:not_publicly_portable;internal_source_record:not_publicly_portable	c55fc29b9bd86f3795557a79faa9b58b390b4d7f43fea62c7263c35efa82e9d7;74218fbeb25ed470fd9ee6802a7c08ab3c5a4124abb092fd7d34f3cf7f683b35	audit_20260910+dataset_manifest_v1	Arabidopsis thaliana_PRJNA664874	Arabidopsis thaliana	not explicitly recorded	missing	celltype_after	1274	672	602	0.4725274725274725	True									
dataset	Arabidopsis thaliana_PRJNA666436	resource_audit				internal_source_record:not_publicly_portable;internal_source_record:not_publicly_portable	c55fc29b9bd86f3795557a79faa9b58b390b4d7f43fea62c7263c35efa82e9d7;74218fbeb25ed470fd9ee6802a7c08ab3c5a4124abb092fd7d34f3cf7f683b35	audit_20260910+dataset_manifest_v1	Arabidopsis thaliana_PRJNA666436	Arabidopsis thaliana	not explicitly recorded	missing	celltype_after	18859	18859	0	0.0	True									
dataset	Arabidopsis thaliana_PRJNA678377	resource_audit				internal_source_record:not_publicly_portable;internal_source_record:not_publicly_portable	c55fc29b9bd86f3795557a79faa9b58b390b4d7f43fea62c7263c35efa82e9d7;74218fbeb25ed470fd9ee6802a7c08ab3c5a4124abb092fd7d34f3cf7f683b35	audit_20260910+dataset_manifest_v1	Arabidopsis thaliana_PRJNA678377	Arabidopsis thaliana	not explicitly recorded	missing	celltype_after	5328	5328	0	0.0	True									
dataset	Arabidopsis thaliana_PRJNA680241	resource_audit				internal_source_record:not_publicly_portable;internal_source_record:not_publicly_portable	c55fc29b9bd86f3795557a79faa9b58b390b4d7f43fea62c7263c35efa82e9d7;74218fbeb25ed470fd9ee6802a7c08ab3c5a4124abb092fd7d34f3cf7f683b35	audit_20260910+dataset_manifest_v1	Arabidopsis thaliana_PRJNA680241	Arabidopsis thaliana	lateral root	recorded	celltype_after	345	135	210	0.6086956521739131	True									
dataset	Arabidopsis thaliana_PRJNA703045	resource_audit				internal_source_record:not_publicly_portable;internal_source_record:not_publicly_portable	c55fc29b9bd86f3795557a79faa9b58b390b4d7f43fea62c7263c35efa82e9d7;74218fbeb25ed470fd9ee6802a7c08ab3c5a4124abb092fd7d34f3cf7f683b35	audit_20260910+dataset_manifest_v1	Arabidopsis thaliana_PRJNA703045	Arabidopsis thaliana	not explicitly recorded	missing	celltype_after	17586	6473	11113	0.6319231206641647	True									
dataset	Arabidopsis thaliana_PRJNA716169	resource_audit				internal_source_record:not_publicly_portable;internal_source_record:not_publicly_portable	c55fc29b9bd86f3795557a79faa9b58b390b4d7f43fea62c7263c35efa82e9d7;74218fbeb25ed470fd9ee6802a7c08ab3c5a4124abb092fd7d34f3cf7f683b35	audit_20260910+dataset_manifest_v1	Arabidopsis thaliana_PRJNA716169	Arabidopsis thaliana	not explicitly recorded in source; annotation labels include root and shoot meristem initials	recorded	celltype_after	633	419	214	0.3380726698262243	True									
dataset	Arabidopsis thaliana_PRJNA730707	resource_audit				internal_source_record:not_publicly_portable;internal_source_record:not_publicly_portable	c55fc29b9bd86f3795557a79faa9b58b390b4d7f43fea62c7263c35efa82e9d7;74218fbeb25ed470fd9ee6802a7c08ab3c5a4124abb092fd7d34f3cf7f683b35	audit_20260910+dataset_manifest_v1	Arabidopsis thaliana_PRJNA730707	Arabidopsis thaliana	not explicitly recorded	missing	celltype_after	13384	12685	699	0.05222653915122535	True									
dataset	Arabidopsis thaliana_PRJNA742744	resource_audit				internal_source_record:not_publicly_portable;internal_source_record:not_publicly_portable	c55fc29b9bd86f3795557a79faa9b58b390b4d7f43fea62c7263c35efa82e9d7;74218fbeb25ed470fd9ee6802a7c08ab3c5a4124abb092fd7d34f3cf7f683b35	audit_20260910+dataset_manifest_v1	Arabidopsis thaliana_PRJNA742744	Arabidopsis thaliana	not explicitly recorded	missing	celltype_after	13057	5303	7754	0.5938577008501187	True									
dataset	Arabidopsis thaliana_PRJNA745175	resource_audit				internal_source_record:not_publicly_portable;internal_source_record:not_publicly_portable	c55fc29b9bd86f3795557a79faa9b58b390b4d7f43fea62c7263c35efa82e9d7;74218fbeb25ed470fd9ee6802a7c08ab3c5a4124abb092fd7d34f3cf7f683b35	audit_20260910+dataset_manifest_v1	Arabidopsis thaliana_PRJNA745175	Arabidopsis thaliana	not explicitly recorded	missing	celltype_after	8159	8159	0	0.0	True									
dataset	Arabidopsis thaliana_PRJNA750934	resource_audit				internal_source_record:not_publicly_portable;internal_source_record:not_publicly_portable	c55fc29b9bd86f3795557a79faa9b58b390b4d7f43fea62c7263c35efa82e9d7;74218fbeb25ed470fd9ee6802a7c08ab3c5a4124abb092fd7d34f3cf7f683b35	audit_20260910+dataset_manifest_v1	Arabidopsis thaliana_PRJNA750934	Arabidopsis thaliana	not explicitly recorded	missing	celltype_after	17165	17165	0	0.0	True									
dataset	Arabidopsis thaliana_PRJNA754157	resource_audit				internal_source_record:not_publicly_portable;internal_source_record:not_publicly_portable	c55fc29b9bd86f3795557a79faa9b58b390b4d7f43fea62c7263c35efa82e9d7;74218fbeb25ed470fd9ee6802a7c08ab3c5a4124abb092fd7d34f3cf7f683b35	audit_20260910+dataset_manifest_v1	Arabidopsis thaliana_PRJNA754157	Arabidopsis thaliana	not explicitly recorded	missing	celltype_after	10700	10228	472	0.04411214953271028	True									
dataset	Arabidopsis thaliana_PRJNA764868	resource_audit				internal_source_record:not_publicly_portable;internal_source_record:not_publicly_portable	c55fc29b9bd86f3795557a79faa9b58b390b4d7f43fea62c7263c35efa82e9d7;74218fbeb25ed470fd9ee6802a7c08ab3c5a4124abb092fd7d34f3cf7f683b35	audit_20260910+dataset_manifest_v1	Arabidopsis thaliana_PRJNA764868	Arabidopsis thaliana	not explicitly recorded	missing	celltype_after	29883	23105	6778	0.22681792323394573	True									
dataset	Arabidopsis thaliana_PRJNA796288	resource_audit				internal_source_record:not_publicly_portable;internal_source_record:not_publicly_portable	c55fc29b9bd86f3795557a79faa9b58b390b4d7f43fea62c7263c35efa82e9d7;74218fbeb25ed470fd9ee6802a7c08ab3c5a4124abb092fd7d34f3cf7f683b35	audit_20260910+dataset_manifest_v1	Arabidopsis thaliana_PRJNA796288	Arabidopsis thaliana	not explicitly recorded	missing	celltype_after	36093	23756	12337	0.34181143157953064	True									
dataset	Arabidopsis thaliana_PRJNA814870	resource_audit				internal_source_record:not_publicly_portable;internal_source_record:not_publicly_portable	c55fc29b9bd86f3795557a79faa9b58b390b4d7f43fea62c7263c35efa82e9d7;74218fbeb25ed470fd9ee6802a7c08ab3c5a4124abb092fd7d34f3cf7f683b35	audit_20260910+dataset_manifest_v1	Arabidopsis thaliana_PRJNA814870	Arabidopsis thaliana	not explicitly recorded	missing	celltype_after	149174	59944	89230	0.5981605373590572	True									
dataset	Arabidopsis thaliana_PRJNA835893	resource_audit				internal_source_record:not_publicly_portable;internal_source_record:not_publicly_portable	c55fc29b9bd86f3795557a79faa9b58b390b4d7f43fea62c7263c35efa82e9d7;74218fbeb25ed470fd9ee6802a7c08ab3c5a4124abb092fd7d34f3cf7f683b35	audit_20260910+dataset_manifest_v1	Arabidopsis thaliana_PRJNA835893	Arabidopsis thaliana	not explicitly recorded	missing	celltype_after	102921	78288	24633	0.2393389104264436	True									
dataset	Arabidopsis thaliana_PRJNA857332	resource_audit				internal_source_record:not_publicly_portable;internal_source_record:not_publicly_portable	c55fc29b9bd86f3795557a79faa9b58b390b4d7f43fea62c7263c35efa82e9d7;74218fbeb25ed470fd9ee6802a7c08ab3c5a4124abb092fd7d34f3cf7f683b35	audit_20260910+dataset_manifest_v1	Arabidopsis thaliana_PRJNA857332	Arabidopsis thaliana	not explicitly recorded	missing	celltype_after	38504	14203	24301	0.6311292333264077	True									
dataset	Arabidopsis thaliana_PRJNA881949	resource_audit				internal_source_record:not_publicly_portable;internal_source_record:not_publicly_portable	c55fc29b9bd86f3795557a79faa9b58b390b4d7f43fea62c7263c35efa82e9d7;74218fbeb25ed470fd9ee6802a7c08ab3c5a4124abb092fd7d34f3cf7f683b35	audit_20260910+dataset_manifest_v1	Arabidopsis thaliana_PRJNA881949	Arabidopsis thaliana	not explicitly recorded	missing	celltype_after	21339	12022	9317	0.43661839823796805	True									
dataset	Arabidopsis thaliana_PRJNA941845	resource_audit				internal_source_record:not_publicly_portable;internal_source_record:not_publicly_portable	c55fc29b9bd86f3795557a79faa9b58b390b4d7f43fea62c7263c35efa82e9d7;74218fbeb25ed470fd9ee6802a7c08ab3c5a4124abb092fd7d34f3cf7f683b35	audit_20260910+dataset_manifest_v1	Arabidopsis thaliana_PRJNA941845	Arabidopsis thaliana	not explicitly recorded	missing	celltype_after	57462	22641	34821	0.6059830844732171	True									
dataset	Arabidopsis thaliana_PRJNA945828	resource_audit				internal_source_record:not_publicly_portable;internal_source_record:not_publicly_portable	c55fc29b9bd86f3795557a79faa9b58b390b4d7f43fea62c7263c35efa82e9d7;74218fbeb25ed470fd9ee6802a7c08ab3c5a4124abb092fd7d34f3cf7f683b35	audit_20260910+dataset_manifest_v1	Arabidopsis thaliana_PRJNA945828	Arabidopsis thaliana	not explicitly recorded	missing	celltype_after	3788	812	2976	0.7856388595564942	True									
dataset	Arabidopsis thaliana_PRJNA995336	resource_audit				internal_source_record:not_publicly_portable;internal_source_record:not_publicly_portable	c55fc29b9bd86f3795557a79faa9b58b390b4d7f43fea62c7263c35efa82e9d7;74218fbeb25ed470fd9ee6802a7c08ab3c5a4124abb092fd7d34f3cf7f683b35	audit_20260910+dataset_manifest_v1	Arabidopsis thaliana_PRJNA995336	Arabidopsis thaliana	not explicitly recorded	missing	celltype_after	38379	13973	24406	0.635920685791709	True									
dataset	Bombax ceiba_PRJNA850395	resource_audit				internal_source_record:not_publicly_portable;internal_source_record:not_publicly_portable	c55fc29b9bd86f3795557a79faa9b58b390b4d7f43fea62c7263c35efa82e9d7;74218fbeb25ed470fd9ee6802a7c08ab3c5a4124abb092fd7d34f3cf7f683b35	audit_20260910+dataset_manifest_v1	Bombax ceiba_PRJNA850395	Bombax ceiba	not explicitly recorded	missing	celltype_after	13158	1496	11662	0.8863049095607235	True									
dataset	Brassica rapa_PRJCA009630	resource_audit				internal_source_record:not_publicly_portable;internal_source_record:not_publicly_portable	c55fc29b9bd86f3795557a79faa9b58b390b4d7f43fea62c7263c35efa82e9d7;74218fbeb25ed470fd9ee6802a7c08ab3c5a4124abb092fd7d34f3cf7f683b35	audit_20260910+dataset_manifest_v1	Brassica rapa_PRJCA009630	Brassica rapa	not explicitly recorded	missing	celltype_after	22021	14753	7268	0.33004858998228964	True									
dataset	Catharanthus roseus_PRJNA759937	resource_audit				internal_source_record:not_publicly_portable;internal_source_record:not_publicly_portable	c55fc29b9bd86f3795557a79faa9b58b390b4d7f43fea62c7263c35efa82e9d7;74218fbeb25ed470fd9ee6802a7c08ab3c5a4124abb092fd7d34f3cf7f683b35	audit_20260910+dataset_manifest_v1	Catharanthus roseus_PRJNA759937	Catharanthus roseus	not explicitly recorded	missing	celltype_after	41392	25570	15822	0.38224777734827986	True									
dataset	Catharanthus roseus_PRJNA847226_Leaf	resource_audit				internal_source_record:not_publicly_portable;internal_source_record:not_publicly_portable	c55fc29b9bd86f3795557a79faa9b58b390b4d7f43fea62c7263c35efa82e9d7;74218fbeb25ed470fd9ee6802a7c08ab3c5a4124abb092fd7d34f3cf7f683b35	audit_20260910+dataset_manifest_v1	Catharanthus roseus_PRJNA847226_Leaf	Catharanthus roseus	leaf	recorded	celltype_after	9833	8798	1035	0.10525780534933388	True									
dataset	Catharanthus roseus_PRJNA847226_Root	resource_audit				internal_source_record:not_publicly_portable;internal_source_record:not_publicly_portable	c55fc29b9bd86f3795557a79faa9b58b390b4d7f43fea62c7263c35efa82e9d7;74218fbeb25ed470fd9ee6802a7c08ab3c5a4124abb092fd7d34f3cf7f683b35	audit_20260910+dataset_manifest_v1	Catharanthus roseus_PRJNA847226_Root	Catharanthus roseus	root	recorded	celltype_after	1347	1197	150	0.111358574610245	True									
dataset	Cynodon dactylon_PRJNA918429	resource_audit				internal_source_record:not_publicly_portable;internal_source_record:not_publicly_portable	c55fc29b9bd86f3795557a79faa9b58b390b4d7f43fea62c7263c35efa82e9d7;74218fbeb25ed470fd9ee6802a7c08ab3c5a4124abb092fd7d34f3cf7f683b35	audit_20260910+dataset_manifest_v1	Cynodon dactylon_PRJNA918429	Cynodon dactylon	not explicitly recorded	missing	celltype_after	9936	7516	2420	0.24355877616747182	True									
dataset	Fragaria vesca_PRJCA006322	resource_audit				internal_source_record:not_publicly_portable;internal_source_record:not_publicly_portable	c55fc29b9bd86f3795557a79faa9b58b390b4d7f43fea62c7263c35efa82e9d7;74218fbeb25ed470fd9ee6802a7c08ab3c5a4124abb092fd7d34f3cf7f683b35	audit_20260910+dataset_manifest_v1	Fragaria vesca_PRJCA006322	Fragaria vesca	not explicitly recorded	missing	celltype_after	47894	45917	1977	0.041278657034284044	True									
dataset	Glycine max_GSE234864_Flower	resource_audit				internal_source_record:not_publicly_portable;internal_source_record:not_publicly_portable	c55fc29b9bd86f3795557a79faa9b58b390b4d7f43fea62c7263c35efa82e9d7;74218fbeb25ed470fd9ee6802a7c08ab3c5a4124abb092fd7d34f3cf7f683b35	audit_20260910+dataset_manifest_v1	Glycine max_GSE234864_Flower	Glycine max	not explicitly recorded	candidate_from_dataset_id	celltype_after	9839	8234	1605	0.1631263339770302	True									
dataset	Glycine max_GSE234864_SeedCotyledon	resource_audit				internal_source_record:not_publicly_portable;internal_source_record:not_publicly_portable	c55fc29b9bd86f3795557a79faa9b58b390b4d7f43fea62c7263c35efa82e9d7;74218fbeb25ed470fd9ee6802a7c08ab3c5a4124abb092fd7d34f3cf7f683b35	audit_20260910+dataset_manifest_v1	Glycine max_GSE234864_SeedCotyledon	Glycine max	not explicitly recorded	candidate_from_dataset_id	celltype_after	13326	8097	5229	0.39239081494822153	True									
dataset	Glycine max_GSE234864_SeedHeart	resource_audit				internal_source_record:not_publicly_portable;internal_source_record:not_publicly_portable	c55fc29b9bd86f3795557a79faa9b58b390b4d7f43fea62c7263c35efa82e9d7;74218fbeb25ed470fd9ee6802a7c08ab3c5a4124abb092fd7d34f3cf7f683b35	audit_20260910+dataset_manifest_v1	Glycine max_GSE234864_SeedHeart	Glycine max	not explicitly recorded	candidate_from_dataset_id	celltype_after	19357	14455	4902	0.2532417213411169	True									
dataset	Glycine max_GSE234864_SeedMidMaturation	resource_audit				internal_source_record:not_publicly_portable;internal_source_record:not_publicly_portable	c55fc29b9bd86f3795557a79faa9b58b390b4d7f43fea62c7263c35efa82e9d7;74218fbeb25ed470fd9ee6802a7c08ab3c5a4124abb092fd7d34f3cf7f683b35	audit_20260910+dataset_manifest_v1	Glycine max_GSE234864_SeedMidMaturation	Glycine max	not explicitly recorded	candidate_from_dataset_id	celltype_after	20580	7530	13050	0.6341107871720116	True									
dataset	Glycine max_GSE234864_Shoot	resource_audit				internal_source_record:not_publicly_portable;internal_source_record:not_publicly_portable	c55fc29b9bd86f3795557a79faa9b58b390b4d7f43fea62c7263c35efa82e9d7;74218fbeb25ed470fd9ee6802a7c08ab3c5a4124abb092fd7d34f3cf7f683b35	audit_20260910+dataset_manifest_v1	Glycine max_GSE234864_Shoot	Glycine max	not explicitly recorded	candidate_from_dataset_id	celltype_after	8244	5845	2399	0.29099951479864145	True									
dataset	Glycine max_GSE234864_TrifoliateLeaf	resource_audit				internal_source_record:not_publicly_portable;internal_source_record:not_publicly_portable	c55fc29b9bd86f3795557a79faa9b58b390b4d7f43fea62c7263c35efa82e9d7;74218fbeb25ed470fd9ee6802a7c08ab3c5a4124abb092fd7d34f3cf7f683b35	audit_20260910+dataset_manifest_v1	Glycine max_GSE234864_TrifoliateLeaf	Glycine max	not explicitly recorded	candidate_from_dataset_id	celltype_after	14925	12366	2559	0.1714572864321608	True									
dataset	Glycine max_GSE234864_TrueLeaf	resource_audit				internal_source_record:not_publicly_portable;internal_source_record:not_publicly_portable	c55fc29b9bd86f3795557a79faa9b58b390b4d7f43fea62c7263c35efa82e9d7;74218fbeb25ed470fd9ee6802a7c08ab3c5a4124abb092fd7d34f3cf7f683b35	audit_20260910+dataset_manifest_v1	Glycine max_GSE234864_TrueLeaf	Glycine max	not explicitly recorded	candidate_from_dataset_id	celltype_after	11229	9487	1742	0.1551340279633093	True									
dataset	Glycine max_PRJCA009893	resource_audit				internal_source_record:not_publicly_portable;internal_source_record:not_publicly_portable	c55fc29b9bd86f3795557a79faa9b58b390b4d7f43fea62c7263c35efa82e9d7;74218fbeb25ed470fd9ee6802a7c08ab3c5a4124abb092fd7d34f3cf7f683b35	audit_20260910+dataset_manifest_v1	Glycine max_PRJCA009893	Glycine max	not explicitly recorded	missing	celltype_after	26712	15551	11161	0.41782719377059	True									
dataset	Glycine max_PRJNA1124403_CSseed	resource_audit				internal_source_record:not_publicly_portable;internal_source_record:not_publicly_portable	c55fc29b9bd86f3795557a79faa9b58b390b4d7f43fea62c7263c35efa82e9d7;74218fbeb25ed470fd9ee6802a7c08ab3c5a4124abb092fd7d34f3cf7f683b35	audit_20260910+dataset_manifest_v1	Glycine max_PRJNA1124403_CSseed	Glycine max	not explicitly recorded	candidate_from_dataset_id	celltype_after	23227	12783	10444	0.44964911525379947	True									
dataset	Glycine max_PRJNA1124403_GSseed	resource_audit				internal_source_record:not_publicly_portable;internal_source_record:not_publicly_portable	c55fc29b9bd86f3795557a79faa9b58b390b4d7f43fea62c7263c35efa82e9d7;74218fbeb25ed470fd9ee6802a7c08ab3c5a4124abb092fd7d34f3cf7f683b35	audit_20260910+dataset_manifest_v1	Glycine max_PRJNA1124403_GSseed	Glycine max	not explicitly recorded	candidate_from_dataset_id	celltype_after	28042	21572	6470	0.2307253405605877	True									
dataset	Glycine max_PRJNA1124403_HSseed	resource_audit				internal_source_record:not_publicly_portable;internal_source_record:not_publicly_portable	c55fc29b9bd86f3795557a79faa9b58b390b4d7f43fea62c7263c35efa82e9d7;74218fbeb25ed470fd9ee6802a7c08ab3c5a4124abb092fd7d34f3cf7f683b35	audit_20260910+dataset_manifest_v1	Glycine max_PRJNA1124403_HSseed	Glycine max	not explicitly recorded	candidate_from_dataset_id	celltype_after	36857	28773	8084	0.2193341834658274	True									
dataset	Glycine max_PRJNA1124403_Nodule	resource_audit				internal_source_record:not_publicly_portable;internal_source_record:not_publicly_portable	c55fc29b9bd86f3795557a79faa9b58b390b4d7f43fea62c7263c35efa82e9d7;74218fbeb25ed470fd9ee6802a7c08ab3c5a4124abb092fd7d34f3cf7f683b35	audit_20260910+dataset_manifest_v1	Glycine max_PRJNA1124403_Nodule	Glycine max	not explicitly recorded	candidate_from_dataset_id	celltype_after	9083	4562	4521	0.49774303644170426	True									
dataset	Glycine max_PRJNA1124403_Root	resource_audit				internal_source_record:not_publicly_portable;internal_source_record:not_publicly_portable	c55fc29b9bd86f3795557a79faa9b58b390b4d7f43fea62c7263c35efa82e9d7;74218fbeb25ed470fd9ee6802a7c08ab3c5a4124abb092fd7d34f3cf7f683b35	audit_20260910+dataset_manifest_v1	Glycine max_PRJNA1124403_Root	Glycine max	root	recorded	celltype_after	25694	11972	13722	0.5340546431073402	True									
dataset	Glycine max_PRJNA1124403_Stem	resource_audit				internal_source_record:not_publicly_portable;internal_source_record:not_publicly_portable	c55fc29b9bd86f3795557a79faa9b58b390b4d7f43fea62c7263c35efa82e9d7;74218fbeb25ed470fd9ee6802a7c08ab3c5a4124abb092fd7d34f3cf7f683b35	audit_20260910+dataset_manifest_v1	Glycine max_PRJNA1124403_Stem	Glycine max	stem	recorded	celltype_after	22162	7394	14768	0.6663658514574496	True									
dataset	Gossypium arboreum_PRJNA939177	resource_audit				internal_source_record:not_publicly_portable;internal_source_record:not_publicly_portable	c55fc29b9bd86f3795557a79faa9b58b390b4d7f43fea62c7263c35efa82e9d7;74218fbeb25ed470fd9ee6802a7c08ab3c5a4124abb092fd7d34f3cf7f683b35	audit_20260910+dataset_manifest_v1	Gossypium arboreum_PRJNA939177	Gossypium arboreum	not explicitly recorded	missing	celltype_after	78313	63357	14956	0.19097723238798156	True									
dataset	Gossypium bickii_PRJNA934498	resource_audit				internal_source_record:not_publicly_portable;internal_source_record:not_publicly_portable	c55fc29b9bd86f3795557a79faa9b58b390b4d7f43fea62c7263c35efa82e9d7;74218fbeb25ed470fd9ee6802a7c08ab3c5a4124abb092fd7d34f3cf7f683b35	audit_20260910+dataset_manifest_v1	Gossypium bickii_PRJNA934498	Gossypium bickii	not explicitly recorded	missing	celltype_after	13488	13157	331	0.024540332147093714	True									
dataset	Gossypium hirsutum_PRJNA1010459	resource_audit				internal_source_record:not_publicly_portable;internal_source_record:not_publicly_portable	c55fc29b9bd86f3795557a79faa9b58b390b4d7f43fea62c7263c35efa82e9d7;74218fbeb25ed470fd9ee6802a7c08ab3c5a4124abb092fd7d34f3cf7f683b35	audit_20260910+dataset_manifest_v1	Gossypium hirsutum_PRJNA1010459	Gossypium hirsutum	not explicitly recorded	missing	celltype_after	37062	37062	0	0.0	True									
dataset	Gossypium hirsutum_PRJNA1018465	resource_audit				internal_source_record:not_publicly_portable;internal_source_record:not_publicly_portable	c55fc29b9bd86f3795557a79faa9b58b390b4d7f43fea62c7263c35efa82e9d7;74218fbeb25ed470fd9ee6802a7c08ab3c5a4124abb092fd7d34f3cf7f683b35	audit_20260910+dataset_manifest_v1	Gossypium hirsutum_PRJNA1018465	Gossypium hirsutum	not explicitly recorded	missing	celltype_after	39212	28973	10239	0.26111904519024787	True									
dataset	Gossypium hirsutum_PRJNA600131	resource_audit				internal_source_record:not_publicly_portable;internal_source_record:not_publicly_portable	c55fc29b9bd86f3795557a79faa9b58b390b4d7f43fea62c7263c35efa82e9d7;74218fbeb25ed470fd9ee6802a7c08ab3c5a4124abb092fd7d34f3cf7f683b35	audit_20260910+dataset_manifest_v1	Gossypium hirsutum_PRJNA600131	Gossypium hirsutum	not explicitly recorded	missing	celltype_after	17507	14229	3278	0.1872393899583024	True									
dataset	Gossypium hirsutum_PRJNA895970	resource_audit				internal_source_record:not_publicly_portable;internal_source_record:not_publicly_portable	c55fc29b9bd86f3795557a79faa9b58b390b4d7f43fea62c7263c35efa82e9d7;74218fbeb25ed470fd9ee6802a7c08ab3c5a4124abb092fd7d34f3cf7f683b35	audit_20260910+dataset_manifest_v1	Gossypium hirsutum_PRJNA895970	Gossypium hirsutum	not explicitly recorded	missing	celltype_after	99188	43538	55650	0.5610557728757511	True									
dataset	Hevea brasiliensis_PRJCA012893	resource_audit				internal_source_record:not_publicly_portable;internal_source_record:not_publicly_portable	c55fc29b9bd86f3795557a79faa9b58b390b4d7f43fea62c7263c35efa82e9d7;74218fbeb25ed470fd9ee6802a7c08ab3c5a4124abb092fd7d34f3cf7f683b35	audit_20260910+dataset_manifest_v1	Hevea brasiliensis_PRJCA012893	Hevea brasiliensis	not explicitly recorded	missing	celltype_after	47410	27301	20109	0.42415102299093016	True									
dataset	Hylocereus undatus_PRJNA974579	resource_audit				internal_source_record:not_publicly_portable;internal_source_record:not_publicly_portable	c55fc29b9bd86f3795557a79faa9b58b390b4d7f43fea62c7263c35efa82e9d7;74218fbeb25ed470fd9ee6802a7c08ab3c5a4124abb092fd7d34f3cf7f683b35	audit_20260910+dataset_manifest_v1	Hylocereus undatus_PRJNA974579	Hylocereus undatus	not explicitly recorded	missing	celltype_after	15768	8105	7663	0.48598427194317606	True									
dataset	Lemna minuta_PRJNA725879	resource_audit				internal_source_record:not_publicly_portable;internal_source_record:not_publicly_portable	c55fc29b9bd86f3795557a79faa9b58b390b4d7f43fea62c7263c35efa82e9d7;74218fbeb25ed470fd9ee6802a7c08ab3c5a4124abb092fd7d34f3cf7f683b35	audit_20260910+dataset_manifest_v1	Lemna minuta_PRJNA725879	Lemna minuta	not explicitly recorded in source; annotation labels include root and leaf-associated cell types	recorded	celltype_after	288	215	73	0.2534722222222222	True									
dataset	Limonium bicolor_PRJNA913259	resource_audit				internal_source_record:not_publicly_portable;internal_source_record:not_publicly_portable	c55fc29b9bd86f3795557a79faa9b58b390b4d7f43fea62c7263c35efa82e9d7;74218fbeb25ed470fd9ee6802a7c08ab3c5a4124abb092fd7d34f3cf7f683b35	audit_20260910+dataset_manifest_v1	Limonium bicolor_PRJNA913259	Limonium bicolor	not explicitly recorded	missing	celltype_after	40492	36950	3542	0.08747406895189173	True									
dataset	Manihot esculenta Crantz_PRJCA019992	resource_audit				internal_source_record:not_publicly_portable;internal_source_record:not_publicly_portable	c55fc29b9bd86f3795557a79faa9b58b390b4d7f43fea62c7263c35efa82e9d7;74218fbeb25ed470fd9ee6802a7c08ab3c5a4124abb092fd7d34f3cf7f683b35	audit_20260910+dataset_manifest_v1	Manihot esculenta Crantz_PRJCA019992	Manihot esculenta Crantz	not explicitly recorded	missing	celltype_after	7736	7736	0	0.0	True									
dataset	Manihot esculenta Crantz_PRJNA895163	resource_audit				internal_source_record:not_publicly_portable;internal_source_record:not_publicly_portable	c55fc29b9bd86f3795557a79faa9b58b390b4d7f43fea62c7263c35efa82e9d7;74218fbeb25ed470fd9ee6802a7c08ab3c5a4124abb092fd7d34f3cf7f683b35	audit_20260910+dataset_manifest_v1	Manihot esculenta Crantz_PRJNA895163	Manihot esculenta Crantz	not explicitly recorded	missing	celltype_after	50380	50380	0	0.0	True									
dataset	Medicago sativa_PRJNA885791	resource_audit				internal_source_record:not_publicly_portable;internal_source_record:not_publicly_portable	c55fc29b9bd86f3795557a79faa9b58b390b4d7f43fea62c7263c35efa82e9d7;74218fbeb25ed470fd9ee6802a7c08ab3c5a4124abb092fd7d34f3cf7f683b35	audit_20260910+dataset_manifest_v1	Medicago sativa_PRJNA885791	Medicago sativa	not explicitly recorded	missing	celltype_after	11640	8808	2832	0.24329896907216494	True									
dataset	Medicago truncatula_PRJCA011245	resource_audit				internal_source_record:not_publicly_portable;internal_source_record:not_publicly_portable	c55fc29b9bd86f3795557a79faa9b58b390b4d7f43fea62c7263c35efa82e9d7;74218fbeb25ed470fd9ee6802a7c08ab3c5a4124abb092fd7d34f3cf7f683b35	audit_20260910+dataset_manifest_v1	Medicago truncatula_PRJCA011245	Medicago truncatula	not explicitly recorded	missing	celltype_after	154571	69439	85132	0.550763079749759	True									
dataset	Medicago truncatula_PRJCA012129	resource_audit				internal_source_record:not_publicly_portable;internal_source_record:not_publicly_portable	c55fc29b9bd86f3795557a79faa9b58b390b4d7f43fea62c7263c35efa82e9d7;74218fbeb25ed470fd9ee6802a7c08ab3c5a4124abb092fd7d34f3cf7f683b35	audit_20260910+dataset_manifest_v1	Medicago truncatula_PRJCA012129	Medicago truncatula	not explicitly recorded	missing	celltype_after	11664	2895	8769	0.7518004115226338	True									
dataset	Medicago truncatula_PRJNA868047	resource_audit				internal_source_record:not_publicly_portable;internal_source_record:not_publicly_portable	c55fc29b9bd86f3795557a79faa9b58b390b4d7f43fea62c7263c35efa82e9d7;74218fbeb25ed470fd9ee6802a7c08ab3c5a4124abb092fd7d34f3cf7f683b35	audit_20260910+dataset_manifest_v1	Medicago truncatula_PRJNA868047	Medicago truncatula	not explicitly recorded	missing	celltype_after	31176	15356	15820	0.5074416217603285	True									
dataset	Medicago truncatula_PRJNA931615	resource_audit				internal_source_record:not_publicly_portable;internal_source_record:not_publicly_portable	c55fc29b9bd86f3795557a79faa9b58b390b4d7f43fea62c7263c35efa82e9d7;74218fbeb25ed470fd9ee6802a7c08ab3c5a4124abb092fd7d34f3cf7f683b35	audit_20260910+dataset_manifest_v1	Medicago truncatula_PRJNA931615	Medicago truncatula	not explicitly recorded	missing	celltype_after	32923	28111	4812	0.14615921999817758	True									
dataset	Nepeta tenuifolia_PRJNA743551	resource_audit				internal_source_record:not_publicly_portable;internal_source_record:not_publicly_portable	c55fc29b9bd86f3795557a79faa9b58b390b4d7f43fea62c7263c35efa82e9d7;74218fbeb25ed470fd9ee6802a7c08ab3c5a4124abb092fd7d34f3cf7f683b35	audit_20260910+dataset_manifest_v1	Nepeta tenuifolia_PRJNA743551	Nepeta tenuifolia	not explicitly recorded	missing	celltype_after	32899	31517	1382	0.04200735584668227	True									
dataset	Nicotiana attenuata_PRJNA796301	resource_audit				internal_source_record:not_publicly_portable;internal_source_record:not_publicly_portable	c55fc29b9bd86f3795557a79faa9b58b390b4d7f43fea62c7263c35efa82e9d7;74218fbeb25ed470fd9ee6802a7c08ab3c5a4124abb092fd7d34f3cf7f683b35	audit_20260910+dataset_manifest_v1	Nicotiana attenuata_PRJNA796301	Nicotiana attenuata	not explicitly recorded	missing	celltype_after	4004	3683	321	0.08016983016983018	True									
dataset	Nicotiana tabacum_PRJCA018794	resource_audit				internal_source_record:not_publicly_portable;internal_source_record:not_publicly_portable	c55fc29b9bd86f3795557a79faa9b58b390b4d7f43fea62c7263c35efa82e9d7;74218fbeb25ed470fd9ee6802a7c08ab3c5a4124abb092fd7d34f3cf7f683b35	audit_20260910+dataset_manifest_v1	Nicotiana tabacum_PRJCA018794	Nicotiana tabacum	not explicitly recorded	missing	celltype_after	22879	18470	4409	0.1927094715678133	True									
dataset	Nicotiana tabacum_PRJNA970858	resource_audit				internal_source_record:not_publicly_portable;internal_source_record:not_publicly_portable	c55fc29b9bd86f3795557a79faa9b58b390b4d7f43fea62c7263c35efa82e9d7;74218fbeb25ed470fd9ee6802a7c08ab3c5a4124abb092fd7d34f3cf7f683b35	audit_20260910+dataset_manifest_v1	Nicotiana tabacum_PRJNA970858	Nicotiana tabacum	not explicitly recorded	missing	celltype_after	5774	5774	0	0.0	True									
dataset	Oryza sativa_CNP0004152	resource_audit				internal_source_record:not_publicly_portable;internal_source_record:not_publicly_portable	c55fc29b9bd86f3795557a79faa9b58b390b4d7f43fea62c7263c35efa82e9d7;74218fbeb25ed470fd9ee6802a7c08ab3c5a4124abb092fd7d34f3cf7f683b35	audit_20260910+dataset_manifest_v1	Oryza sativa_CNP0004152	Oryza sativa	not explicitly recorded	missing	celltype_after	7135	2342	4793	0.6717589348283112	True									
dataset	Oryza sativa_CRA004082_Leaf	resource_audit				internal_source_record:not_publicly_portable;internal_source_record:not_publicly_portable	c55fc29b9bd86f3795557a79faa9b58b390b4d7f43fea62c7263c35efa82e9d7;74218fbeb25ed470fd9ee6802a7c08ab3c5a4124abb092fd7d34f3cf7f683b35	audit_20260910+dataset_manifest_v1	Oryza sativa_CRA004082_Leaf	Oryza sativa	not explicitly recorded	candidate_from_dataset_id	celltype_after	12263	10885	1378	0.11237054554350485	True									
dataset	Oryza sativa_CRA004082_Root	resource_audit				internal_source_record:not_publicly_portable;internal_source_record:not_publicly_portable	c55fc29b9bd86f3795557a79faa9b58b390b4d7f43fea62c7263c35efa82e9d7;74218fbeb25ed470fd9ee6802a7c08ab3c5a4124abb092fd7d34f3cf7f683b35	audit_20260910+dataset_manifest_v1	Oryza sativa_CRA004082_Root	Oryza sativa	not explicitly recorded	candidate_from_dataset_id	celltype_after	10285	9759	526	0.05114244044725328	True									
dataset	Oryza sativa_PRJNA609092	resource_audit				internal_source_record:not_publicly_portable;internal_source_record:not_publicly_portable	c55fc29b9bd86f3795557a79faa9b58b390b4d7f43fea62c7263c35efa82e9d7;74218fbeb25ed470fd9ee6802a7c08ab3c5a4124abb092fd7d34f3cf7f683b35	audit_20260910+dataset_manifest_v1	Oryza sativa_PRJNA609092	Oryza sativa	not explicitly recorded	missing	celltype_after	14760	14584	176	0.011924119241192412	True									
dataset	Oryza sativa_PRJNA706435	resource_audit				internal_source_record:not_publicly_portable;internal_source_record:not_publicly_portable	c55fc29b9bd86f3795557a79faa9b58b390b4d7f43fea62c7263c35efa82e9d7;74218fbeb25ed470fd9ee6802a7c08ab3c5a4124abb092fd7d34f3cf7f683b35	audit_20260910+dataset_manifest_v1	Oryza sativa_PRJNA706435	Oryza sativa	not explicitly recorded	missing	celltype_after	36407	35546	861	0.02364929821188233	True									
dataset	Oryza sativa_PRJNA767589_Inflorescence	resource_audit				internal_source_record:not_publicly_portable;internal_source_record:not_publicly_portable	c55fc29b9bd86f3795557a79faa9b58b390b4d7f43fea62c7263c35efa82e9d7;74218fbeb25ed470fd9ee6802a7c08ab3c5a4124abb092fd7d34f3cf7f683b35	audit_20260910+dataset_manifest_v1	Oryza sativa_PRJNA767589_Inflorescence	Oryza sativa	Inflorescence	recorded	celltype_after	32265	0	32265	1.0	True									
dataset	Oryza sativa_PRJNA767589_Spikelet	resource_audit				internal_source_record:not_publicly_portable;internal_source_record:not_publicly_portable	c55fc29b9bd86f3795557a79faa9b58b390b4d7f43fea62c7263c35efa82e9d7;74218fbeb25ed470fd9ee6802a7c08ab3c5a4124abb092fd7d34f3cf7f683b35	audit_20260910+dataset_manifest_v1	Oryza sativa_PRJNA767589_Spikelet	Oryza sativa	not explicitly recorded	candidate_from_dataset_id	celltype_after	6182	6182	0	0.0	True									
dataset	Phyllostachys edulis_PRJNA953008	resource_audit				internal_source_record:not_publicly_portable;internal_source_record:not_publicly_portable	c55fc29b9bd86f3795557a79faa9b58b390b4d7f43fea62c7263c35efa82e9d7;74218fbeb25ed470fd9ee6802a7c08ab3c5a4124abb092fd7d34f3cf7f683b35	audit_20260910+dataset_manifest_v1	Phyllostachys edulis_PRJNA953008	Phyllostachys edulis	not explicitly recorded	missing	celltype_after	15304	12591	2713	0.1772739153162572	True									
dataset	Pisum sativum_PRJNA983513	resource_audit				internal_source_record:not_publicly_portable;internal_source_record:not_publicly_portable	c55fc29b9bd86f3795557a79faa9b58b390b4d7f43fea62c7263c35efa82e9d7;74218fbeb25ed470fd9ee6802a7c08ab3c5a4124abb092fd7d34f3cf7f683b35	audit_20260910+dataset_manifest_v1	Pisum sativum_PRJNA983513	Pisum sativum	not explicitly recorded	missing	celltype_after	22268	21617	651	0.029234776360696966	True									
dataset	Populus alba x Populus glandulosa_PRJNA703312	resource_audit				internal_source_record:not_publicly_portable;internal_source_record:not_publicly_portable	c55fc29b9bd86f3795557a79faa9b58b390b4d7f43fea62c7263c35efa82e9d7;74218fbeb25ed470fd9ee6802a7c08ab3c5a4124abb092fd7d34f3cf7f683b35	audit_20260910+dataset_manifest_v1	Populus alba x Populus glandulosa_PRJNA703312	Populus alba x Populus glandulosa	not explicitly recorded	missing	celltype_after	9825	6626	3199	0.32559796437659033	True									
dataset	Populus alba x Populus tremula_PRJNA787915	resource_audit				internal_source_record:not_publicly_portable;internal_source_record:not_publicly_portable	c55fc29b9bd86f3795557a79faa9b58b390b4d7f43fea62c7263c35efa82e9d7;74218fbeb25ed470fd9ee6802a7c08ab3c5a4124abb092fd7d34f3cf7f683b35	audit_20260910+dataset_manifest_v1	Populus alba x Populus tremula_PRJNA787915	Populus alba x Populus tremula	not explicitly recorded	missing	celltype_after	19950	12364	7586	0.38025062656641606	True									
dataset	Populus alba_PRJCA005543	resource_audit				internal_source_record:not_publicly_portable;internal_source_record:not_publicly_portable	c55fc29b9bd86f3795557a79faa9b58b390b4d7f43fea62c7263c35efa82e9d7;74218fbeb25ed470fd9ee6802a7c08ab3c5a4124abb092fd7d34f3cf7f683b35	audit_20260910+dataset_manifest_v1	Populus alba_PRJCA005543	Populus alba	not explicitly recorded	missing	celltype_after	7059	5481	1578	0.22354441138971526	True									
dataset	Populus euramericana_PRJCA015012_Primary	resource_audit				internal_source_record:not_publicly_portable;internal_source_record:not_publicly_portable	c55fc29b9bd86f3795557a79faa9b58b390b4d7f43fea62c7263c35efa82e9d7;74218fbeb25ed470fd9ee6802a7c08ab3c5a4124abb092fd7d34f3cf7f683b35	audit_20260910+dataset_manifest_v1	Populus euramericana_PRJCA015012_Primary	Populus euramericana	not explicitly recorded	missing	celltype_after	8840	5418	3422	0.38710407239819006	True									
dataset	Populus euramericana_PRJCA015012_Secondary	resource_audit				internal_source_record:not_publicly_portable;internal_source_record:not_publicly_portable	c55fc29b9bd86f3795557a79faa9b58b390b4d7f43fea62c7263c35efa82e9d7;74218fbeb25ed470fd9ee6802a7c08ab3c5a4124abb092fd7d34f3cf7f683b35	audit_20260910+dataset_manifest_v1	Populus euramericana_PRJCA015012_Secondary	Populus euramericana	not explicitly recorded	missing	celltype_after	13593	12302	1291	0.09497535496211285	True									
dataset	Populus trichocarpa_PRJCA014789	resource_audit				internal_source_record:not_publicly_portable;internal_source_record:not_publicly_portable	c55fc29b9bd86f3795557a79faa9b58b390b4d7f43fea62c7263c35efa82e9d7;74218fbeb25ed470fd9ee6802a7c08ab3c5a4124abb092fd7d34f3cf7f683b35	audit_20260910+dataset_manifest_v1	Populus trichocarpa_PRJCA014789	Populus trichocarpa	not explicitly recorded	missing	celltype_after	12615	8145	4470	0.35434007134363854	True									
dataset	Populus trichocarpa_PRJNA746591	resource_audit				internal_source_record:not_publicly_portable;internal_source_record:not_publicly_portable	c55fc29b9bd86f3795557a79faa9b58b390b4d7f43fea62c7263c35efa82e9d7;74218fbeb25ed470fd9ee6802a7c08ab3c5a4124abb092fd7d34f3cf7f683b35	audit_20260910+dataset_manifest_v1	Populus trichocarpa_PRJNA746591	Populus trichocarpa	not explicitly recorded	missing	celltype_after	24265	17811	6454	0.2659798063053781	True									
dataset	Solanum lycopersicum_PRJNA667489	resource_audit				internal_source_record:not_publicly_portable;internal_source_record:not_publicly_portable	c55fc29b9bd86f3795557a79faa9b58b390b4d7f43fea62c7263c35efa82e9d7;74218fbeb25ed470fd9ee6802a7c08ab3c5a4124abb092fd7d34f3cf7f683b35	audit_20260910+dataset_manifest_v1	Solanum lycopersicum_PRJNA667489	Solanum lycopersicum	not explicitly recorded	missing	celltype_after	2998	754	2244	0.7484989993328885	True									
dataset	Solanum lycopersicum_PRJNA833659	resource_audit				internal_source_record:not_publicly_portable;internal_source_record:not_publicly_portable	c55fc29b9bd86f3795557a79faa9b58b390b4d7f43fea62c7263c35efa82e9d7;74218fbeb25ed470fd9ee6802a7c08ab3c5a4124abb092fd7d34f3cf7f683b35	audit_20260910+dataset_manifest_v1	Solanum lycopersicum_PRJNA833659	Solanum lycopersicum	not explicitly recorded	missing	celltype_after	68341	57975	10366	0.15168054315857246	True									
dataset	Sorghum bicolor_PRJNA935359	resource_audit				internal_source_record:not_publicly_portable;internal_source_record:not_publicly_portable	c55fc29b9bd86f3795557a79faa9b58b390b4d7f43fea62c7263c35efa82e9d7;74218fbeb25ed470fd9ee6802a7c08ab3c5a4124abb092fd7d34f3cf7f683b35	audit_20260910+dataset_manifest_v1	Sorghum bicolor_PRJNA935359	Sorghum bicolor	not explicitly recorded	missing	celltype_after	10580	8799	1781	0.16833648393194706	True									
dataset	Triticum aestivum_PRJCA012935	resource_audit				internal_source_record:not_publicly_portable;internal_source_record:not_publicly_portable	c55fc29b9bd86f3795557a79faa9b58b390b4d7f43fea62c7263c35efa82e9d7;74218fbeb25ed470fd9ee6802a7c08ab3c5a4124abb092fd7d34f3cf7f683b35	audit_20260910+dataset_manifest_v1	Triticum aestivum_PRJCA012935	Triticum aestivum	not explicitly recorded	missing	celltype_after	7154	4844	2310	0.32289628180039137	True									
dataset	Wolffia australiana_PRJNA809022	resource_audit				internal_source_record:not_publicly_portable;internal_source_record:not_publicly_portable	c55fc29b9bd86f3795557a79faa9b58b390b4d7f43fea62c7263c35efa82e9d7;74218fbeb25ed470fd9ee6802a7c08ab3c5a4124abb092fd7d34f3cf7f683b35	audit_20260910+dataset_manifest_v1	Wolffia australiana_PRJNA809022	Wolffia australiana	not explicitly recorded	missing	celltype_after	34058	25137	8921	0.26193552175700274	True									
dataset	Zea mays_PRJCA020760	resource_audit				internal_source_record:not_publicly_portable;internal_source_record:not_publicly_portable	c55fc29b9bd86f3795557a79faa9b58b390b4d7f43fea62c7263c35efa82e9d7;74218fbeb25ed470fd9ee6802a7c08ab3c5a4124abb092fd7d34f3cf7f683b35	audit_20260910+dataset_manifest_v1	Zea mays_PRJCA020760	Zea mays	not explicitly recorded	missing	celltype_after	7396	713	6683	0.9035965386695511	True									
dataset	Zea mays_PRJNA454730	resource_audit				internal_source_record:not_publicly_portable;internal_source_record:not_publicly_portable	c55fc29b9bd86f3795557a79faa9b58b390b4d7f43fea62c7263c35efa82e9d7;74218fbeb25ed470fd9ee6802a7c08ab3c5a4124abb092fd7d34f3cf7f683b35	audit_20260910+dataset_manifest_v1	Zea mays_PRJNA454730	Zea mays	not explicitly recorded	missing	celltype_after	10794	10463	331	0.030665184361682415	True									
dataset	Zea mays_PRJNA576240	resource_audit				internal_source_record:not_publicly_portable;internal_source_record:not_publicly_portable	c55fc29b9bd86f3795557a79faa9b58b390b4d7f43fea62c7263c35efa82e9d7;74218fbeb25ed470fd9ee6802a7c08ab3c5a4124abb092fd7d34f3cf7f683b35	audit_20260910+dataset_manifest_v1	Zea mays_PRJNA576240	Zea mays	not explicitly recorded	missing	celltype_after	7272	7219	53	0.007288228822882288	True									
dataset	Zea mays_PRJNA646989_PRJNA646996_PRJNA647001	resource_audit				internal_source_record:not_publicly_portable;internal_source_record:not_publicly_portable	c55fc29b9bd86f3795557a79faa9b58b390b4d7f43fea62c7263c35efa82e9d7;74218fbeb25ed470fd9ee6802a7c08ab3c5a4124abb092fd7d34f3cf7f683b35	audit_20260910+dataset_manifest_v1	Zea mays_PRJNA646989_PRJNA646996_PRJNA647001	Zea mays	not explicitly recorded	missing	celltype_after	18538	18538	0	0.0	True									
dataset	Zea mays_PRJNA662627	resource_audit				internal_source_record:not_publicly_portable;internal_source_record:not_publicly_portable	c55fc29b9bd86f3795557a79faa9b58b390b4d7f43fea62c7263c35efa82e9d7;74218fbeb25ed470fd9ee6802a7c08ab3c5a4124abb092fd7d34f3cf7f683b35	audit_20260910+dataset_manifest_v1	Zea mays_PRJNA662627	Zea mays	not explicitly recorded	missing	celltype_after	13337	13337	0	0.0	True									
dataset	Zea mays_PRJNA740934	resource_audit				internal_source_record:not_publicly_portable;internal_source_record:not_publicly_portable	c55fc29b9bd86f3795557a79faa9b58b390b4d7f43fea62c7263c35efa82e9d7;74218fbeb25ed470fd9ee6802a7c08ab3c5a4124abb092fd7d34f3cf7f683b35	audit_20260910+dataset_manifest_v1	Zea mays_PRJNA740934	Zea mays	not explicitly recorded	missing	celltype_after	33388	33388	0	0.0	True									
dataset	Zea mays_PRJNA759548	resource_audit				internal_source_record:not_publicly_portable;internal_source_record:not_publicly_portable	c55fc29b9bd86f3795557a79faa9b58b390b4d7f43fea62c7263c35efa82e9d7;74218fbeb25ed470fd9ee6802a7c08ab3c5a4124abb092fd7d34f3cf7f683b35	audit_20260910+dataset_manifest_v1	Zea mays_PRJNA759548	Zea mays	not explicitly recorded	missing	celltype_after	6633	6633	0	0.0	True									
dataset	Zea mays_PRJNA865791	resource_audit				internal_source_record:not_publicly_portable;internal_source_record:not_publicly_portable	c55fc29b9bd86f3795557a79faa9b58b390b4d7f43fea62c7263c35efa82e9d7;74218fbeb25ed470fd9ee6802a7c08ab3c5a4124abb092fd7d34f3cf7f683b35	audit_20260910+dataset_manifest_v1	Zea mays_PRJNA865791	Zea mays	not explicitly recorded	missing	celltype_after	40916	17592	23324	0.5700459477954835	True									
dataset	Zea mays_PRJNA924780	resource_audit				internal_source_record:not_publicly_portable;internal_source_record:not_publicly_portable	c55fc29b9bd86f3795557a79faa9b58b390b4d7f43fea62c7263c35efa82e9d7;74218fbeb25ed470fd9ee6802a7c08ab3c5a4124abb092fd7d34f3cf7f683b35	audit_20260910+dataset_manifest_v1	Zea mays_PRJNA924780	Zea mays	not explicitly recorded	missing	celltype_after	41358	25233	16125	0.38988829247062234	True									
dataset	Zea mays_PRJNA935359	resource_audit				internal_source_record:not_publicly_portable;internal_source_record:not_publicly_portable	c55fc29b9bd86f3795557a79faa9b58b390b4d7f43fea62c7263c35efa82e9d7;74218fbeb25ed470fd9ee6802a7c08ab3c5a4124abb092fd7d34f3cf7f683b35	audit_20260910+dataset_manifest_v1	Zea mays_PRJNA935359	Zea mays	not explicitly recorded	missing	celltype_after	4103	4103	0	0.0	True									
panel_decision	Arabidopsis thaliana_CNP0002469:root	freeze				internal_source_record:not_publicly_portable	a10efc95ebb148f9380c6f74fb9437c29b841d5b593a62e813b92183edee5e4c	panel_dataset_freeze_v1	Arabidopsis thaliana_CNP0002469	Arabidopsis thaliana									root	0	0	0	exclude	False	official_source_metadata_not_resolved;fewer_than_two_candidate_labels_with_100_cells		
panel_decision	Arabidopsis thaliana_CNP0002469:leaf	freeze				internal_source_record:not_publicly_portable	a10efc95ebb148f9380c6f74fb9437c29b841d5b593a62e813b92183edee5e4c	panel_dataset_freeze_v1	Arabidopsis thaliana_CNP0002469	Arabidopsis thaliana									leaf	4	4	65078	exclude	False	official_source_metadata_not_resolved		
panel_decision	Arabidopsis thaliana_CNP0002469:vascular	freeze				internal_source_record:not_publicly_portable	a10efc95ebb148f9380c6f74fb9437c29b841d5b593a62e813b92183edee5e4c	panel_dataset_freeze_v1	Arabidopsis thaliana_CNP0002469	Arabidopsis thaliana									vascular	2	2	3563	exclude	False	official_source_metadata_not_resolved		
panel_decision	Arabidopsis thaliana_CNP0004389:root	freeze				internal_source_record:not_publicly_portable	a10efc95ebb148f9380c6f74fb9437c29b841d5b593a62e813b92183edee5e4c	panel_dataset_freeze_v1	Arabidopsis thaliana_CNP0004389	Arabidopsis thaliana									root	0	0	0	exclude	False	orthogroup_coverage_below_60pct_or_unavailable;official_source_metadata_not_resolved;fewer_than_two_candidate_labels_with_100_cells		
panel_decision	Arabidopsis thaliana_CNP0004389:leaf	freeze				internal_source_record:not_publicly_portable	a10efc95ebb148f9380c6f74fb9437c29b841d5b593a62e813b92183edee5e4c	panel_dataset_freeze_v1	Arabidopsis thaliana_CNP0004389	Arabidopsis thaliana									leaf	0	0	0	exclude	False	orthogroup_coverage_below_60pct_or_unavailable;official_source_metadata_not_resolved;fewer_than_two_candidate_labels_with_100_cells		
panel_decision	Arabidopsis thaliana_CNP0004389:vascular	freeze				internal_source_record:not_publicly_portable	a10efc95ebb148f9380c6f74fb9437c29b841d5b593a62e813b92183edee5e4c	panel_dataset_freeze_v1	Arabidopsis thaliana_CNP0004389	Arabidopsis thaliana									vascular	0	0	0	exclude	False	orthogroup_coverage_below_60pct_or_unavailable;official_source_metadata_not_resolved;fewer_than_two_candidate_labels_with_100_cells		
panel_decision	Arabidopsis thaliana_EMTAB11006:root	freeze				internal_source_record:not_publicly_portable	a10efc95ebb148f9380c6f74fb9437c29b841d5b593a62e813b92183edee5e4c	panel_dataset_freeze_v1	Arabidopsis thaliana_EMTAB11006	Arabidopsis thaliana									root	0	0	0	exclude	False	fewer_than_two_candidate_labels_with_100_cells		
panel_decision	Arabidopsis thaliana_EMTAB11006:leaf	freeze				internal_source_record:not_publicly_portable	a10efc95ebb148f9380c6f74fb9437c29b841d5b593a62e813b92183edee5e4c	panel_dataset_freeze_v1	Arabidopsis thaliana_EMTAB11006	Arabidopsis thaliana									leaf	3	3	452	candidate_include	True	passes_provisional_panel_gates		
panel_decision	Arabidopsis thaliana_EMTAB11006:vascular	freeze				internal_source_record:not_publicly_portable	a10efc95ebb148f9380c6f74fb9437c29b841d5b593a62e813b92183edee5e4c	panel_dataset_freeze_v1	Arabidopsis thaliana_EMTAB11006	Arabidopsis thaliana									vascular	1	1	161	exclude	False	fewer_than_two_candidate_labels_with_100_cells		
panel_decision	Arabidopsis thaliana_EMTAB12532:root	freeze				internal_source_record:not_publicly_portable	a10efc95ebb148f9380c6f74fb9437c29b841d5b593a62e813b92183edee5e4c	panel_dataset_freeze_v1	Arabidopsis thaliana_EMTAB12532	Arabidopsis thaliana									root	0	0	0	exclude	False	fewer_than_two_candidate_labels_with_100_cells		
panel_decision	Arabidopsis thaliana_EMTAB12532:leaf	freeze				internal_source_record:not_publicly_portable	a10efc95ebb148f9380c6f74fb9437c29b841d5b593a62e813b92183edee5e4c	panel_dataset_freeze_v1	Arabidopsis thaliana_EMTAB12532	Arabidopsis thaliana									leaf	0	0	0	exclude	False	fewer_than_two_candidate_labels_with_100_cells		
panel_decision	Arabidopsis thaliana_EMTAB12532:vascular	freeze				internal_source_record:not_publicly_portable	a10efc95ebb148f9380c6f74fb9437c29b841d5b593a62e813b92183edee5e4c	panel_dataset_freeze_v1	Arabidopsis thaliana_EMTAB12532	Arabidopsis thaliana									vascular	0	0	0	exclude	False	fewer_than_two_candidate_labels_with_100_cells		
panel_decision	Arabidopsis thaliana_EMTAB9174:root	freeze				internal_source_record:not_publicly_portable	a10efc95ebb148f9380c6f74fb9437c29b841d5b593a62e813b92183edee5e4c	panel_dataset_freeze_v1	Arabidopsis thaliana_EMTAB9174	Arabidopsis thaliana									root	0	0	0	exclude	False	fewer_than_two_candidate_labels_with_100_cells		
panel_decision	Arabidopsis thaliana_EMTAB9174:leaf	freeze				internal_source_record:not_publicly_portable	a10efc95ebb148f9380c6f74fb9437c29b841d5b593a62e813b92183edee5e4c	panel_dataset_freeze_v1	Arabidopsis thaliana_EMTAB9174	Arabidopsis thaliana									leaf	0	0	0	exclude	False	fewer_than_two_candidate_labels_with_100_cells		
panel_decision	Arabidopsis thaliana_EMTAB9174:vascular	freeze				internal_source_record:not_publicly_portable	a10efc95ebb148f9380c6f74fb9437c29b841d5b593a62e813b92183edee5e4c	panel_dataset_freeze_v1	Arabidopsis thaliana_EMTAB9174	Arabidopsis thaliana									vascular	0	0	0	exclude	False	fewer_than_two_candidate_labels_with_100_cells		
panel_decision	Arabidopsis thaliana_PRJCA003094:root	freeze				internal_source_record:not_publicly_portable	a10efc95ebb148f9380c6f74fb9437c29b841d5b593a62e813b92183edee5e4c	panel_dataset_freeze_v1	Arabidopsis thaliana_PRJCA003094	Arabidopsis thaliana									root	0	0	0	exclude	False	orthogroup_coverage_below_60pct_or_unavailable;fewer_than_two_candidate_labels_with_100_cells		
panel_decision	Arabidopsis thaliana_PRJCA003094:leaf	freeze				internal_source_record:not_publicly_portable	a10efc95ebb148f9380c6f74fb9437c29b841d5b593a62e813b92183edee5e4c	panel_dataset_freeze_v1	Arabidopsis thaliana_PRJCA003094	Arabidopsis thaliana									leaf	0	0	0	exclude	False	orthogroup_coverage_below_60pct_or_unavailable;fewer_than_two_candidate_labels_with_100_cells		
panel_decision	Arabidopsis thaliana_PRJCA003094:vascular	freeze				internal_source_record:not_publicly_portable	a10efc95ebb148f9380c6f74fb9437c29b841d5b593a62e813b92183edee5e4c	panel_dataset_freeze_v1	Arabidopsis thaliana_PRJCA003094	Arabidopsis thaliana									vascular	0	0	0	exclude	False	orthogroup_coverage_below_60pct_or_unavailable;fewer_than_two_candidate_labels_with_100_cells		
panel_decision	Arabidopsis thaliana_PRJCA016521_Root:root	freeze				internal_source_record:not_publicly_portable	a10efc95ebb148f9380c6f74fb9437c29b841d5b593a62e813b92183edee5e4c	panel_dataset_freeze_v1	Arabidopsis thaliana_PRJCA016521_Root	Arabidopsis thaliana									root	7	7	24642	candidate_include	True	passes_provisional_panel_gates		
panel_decision	Arabidopsis thaliana_PRJCA016521_Root:leaf	freeze				internal_source_record:not_publicly_portable	a10efc95ebb148f9380c6f74fb9437c29b841d5b593a62e813b92183edee5e4c	panel_dataset_freeze_v1	Arabidopsis thaliana_PRJCA016521_Root	Arabidopsis thaliana									leaf	0	0	0	exclude	False	fewer_than_two_candidate_labels_with_100_cells		
panel_decision	Arabidopsis thaliana_PRJCA016521_Root:vascular	freeze				internal_source_record:not_publicly_portable	a10efc95ebb148f9380c6f74fb9437c29b841d5b593a62e813b92183edee5e4c	panel_dataset_freeze_v1	Arabidopsis thaliana_PRJCA016521_Root	Arabidopsis thaliana									vascular	3	3	7773	candidate_include	True	passes_provisional_panel_gates		
panel_decision	Arabidopsis thaliana_PRJCA016521_Shoot:root	freeze				internal_source_record:not_publicly_portable	a10efc95ebb148f9380c6f74fb9437c29b841d5b593a62e813b92183edee5e4c	panel_dataset_freeze_v1	Arabidopsis thaliana_PRJCA016521_Shoot	Arabidopsis thaliana									root	0	0	0	exclude	False	fewer_than_two_candidate_labels_with_100_cells		
panel_decision	Arabidopsis thaliana_PRJCA016521_Shoot:leaf	freeze				internal_source_record:not_publicly_portable	a10efc95ebb148f9380c6f74fb9437c29b841d5b593a62e813b92183edee5e4c	panel_dataset_freeze_v1	Arabidopsis thaliana_PRJCA016521_Shoot	Arabidopsis thaliana									leaf	1	1	7846	exclude	False	fewer_than_two_candidate_labels_with_100_cells		
panel_decision	Arabidopsis thaliana_PRJCA016521_Shoot:vascular	freeze				internal_source_record:not_publicly_portable	a10efc95ebb148f9380c6f74fb9437c29b841d5b593a62e813b92183edee5e4c	panel_dataset_freeze_v1	Arabidopsis thaliana_PRJCA016521_Shoot	Arabidopsis thaliana									vascular	4	4	6009	candidate_include	True	passes_provisional_panel_gates		
panel_decision	Arabidopsis thaliana_PRJCA021408_Root:root	freeze				internal_source_record:not_publicly_portable	a10efc95ebb148f9380c6f74fb9437c29b841d5b593a62e813b92183edee5e4c	panel_dataset_freeze_v1	Arabidopsis thaliana_PRJCA021408_Root	Arabidopsis thaliana									root	4	4	17803	candidate_include	True	passes_provisional_panel_gates		
panel_decision	Arabidopsis thaliana_PRJCA021408_Root:leaf	freeze				internal_source_record:not_publicly_portable	a10efc95ebb148f9380c6f74fb9437c29b841d5b593a62e813b92183edee5e4c	panel_dataset_freeze_v1	Arabidopsis thaliana_PRJCA021408_Root	Arabidopsis thaliana									leaf	0	0	0	exclude	False	fewer_than_two_candidate_labels_with_100_cells		
panel_decision	Arabidopsis thaliana_PRJCA021408_Root:vascular	freeze				internal_source_record:not_publicly_portable	a10efc95ebb148f9380c6f74fb9437c29b841d5b593a62e813b92183edee5e4c	panel_dataset_freeze_v1	Arabidopsis thaliana_PRJCA021408_Root	Arabidopsis thaliana									vascular	0	0	0	exclude	False	fewer_than_two_candidate_labels_with_100_cells		
panel_decision	Arabidopsis thaliana_PRJCA021408_Shoot:root	freeze				internal_source_record:not_publicly_portable	a10efc95ebb148f9380c6f74fb9437c29b841d5b593a62e813b92183edee5e4c	panel_dataset_freeze_v1	Arabidopsis thaliana_PRJCA021408_Shoot	Arabidopsis thaliana									root	0	0	0	exclude	False	fewer_than_two_candidate_labels_with_100_cells		
panel_decision	Arabidopsis thaliana_PRJCA021408_Shoot:leaf	freeze				internal_source_record:not_publicly_portable	a10efc95ebb148f9380c6f74fb9437c29b841d5b593a62e813b92183edee5e4c	panel_dataset_freeze_v1	Arabidopsis thaliana_PRJCA021408_Shoot	Arabidopsis thaliana									leaf	2	2	28402	candidate_include	True	passes_provisional_panel_gates		
panel_decision	Arabidopsis thaliana_PRJCA021408_Shoot:vascular	freeze				internal_source_record:not_publicly_portable	a10efc95ebb148f9380c6f74fb9437c29b841d5b593a62e813b92183edee5e4c	panel_dataset_freeze_v1	Arabidopsis thaliana_PRJCA021408_Shoot	Arabidopsis thaliana									vascular	0	0	0	exclude	False	fewer_than_two_candidate_labels_with_100_cells		
panel_decision	Arabidopsis thaliana_PRJDB14071:root	freeze				internal_source_record:not_publicly_portable	a10efc95ebb148f9380c6f74fb9437c29b841d5b593a62e813b92183edee5e4c	panel_dataset_freeze_v1	Arabidopsis thaliana_PRJDB14071	Arabidopsis thaliana									root	0	0	0	exclude	False	fewer_than_two_candidate_labels_with_100_cells		
panel_decision	Arabidopsis thaliana_PRJDB14071:leaf	freeze				internal_source_record:not_publicly_portable	a10efc95ebb148f9380c6f74fb9437c29b841d5b593a62e813b92183edee5e4c	panel_dataset_freeze_v1	Arabidopsis thaliana_PRJDB14071	Arabidopsis thaliana									leaf	4	4	3622	candidate_include	True	passes_provisional_panel_gates		
panel_decision	Arabidopsis thaliana_PRJDB14071:vascular	freeze				internal_source_record:not_publicly_portable	a10efc95ebb148f9380c6f74fb9437c29b841d5b593a62e813b92183edee5e4c	panel_dataset_freeze_v1	Arabidopsis thaliana_PRJDB14071	Arabidopsis thaliana									vascular	1	1	258	exclude	False	fewer_than_two_candidate_labels_with_100_cells		
panel_decision	Arabidopsis thaliana_PRJEB47924:root	freeze				internal_source_record:not_publicly_portable	a10efc95ebb148f9380c6f74fb9437c29b841d5b593a62e813b92183edee5e4c	panel_dataset_freeze_v1	Arabidopsis thaliana_PRJEB47924	Arabidopsis thaliana									root	0	0	0	exclude	False	orthogroup_coverage_below_60pct_or_unavailable;fewer_than_two_candidate_labels_with_100_cells		
panel_decision	Arabidopsis thaliana_PRJEB47924:leaf	freeze				internal_source_record:not_publicly_portable	a10efc95ebb148f9380c6f74fb9437c29b841d5b593a62e813b92183edee5e4c	panel_dataset_freeze_v1	Arabidopsis thaliana_PRJEB47924	Arabidopsis thaliana									leaf	0	0	0	exclude	False	orthogroup_coverage_below_60pct_or_unavailable;fewer_than_two_candidate_labels_with_100_cells		
panel_decision	Arabidopsis thaliana_PRJEB47924:vascular	freeze				internal_source_record:not_publicly_portable	a10efc95ebb148f9380c6f74fb9437c29b841d5b593a62e813b92183edee5e4c	panel_dataset_freeze_v1	Arabidopsis thaliana_PRJEB47924	Arabidopsis thaliana									vascular	0	0	0	exclude	False	orthogroup_coverage_below_60pct_or_unavailable;fewer_than_two_candidate_labels_with_100_cells		
panel_decision	Arabidopsis thaliana_PRJEB61052:root	freeze				internal_source_record:not_publicly_portable	a10efc95ebb148f9380c6f74fb9437c29b841d5b593a62e813b92183edee5e4c	panel_dataset_freeze_v1	Arabidopsis thaliana_PRJEB61052	Arabidopsis thaliana									root	0	0	0	exclude	False	fewer_than_two_candidate_labels_with_100_cells		
panel_decision	Arabidopsis thaliana_PRJEB61052:leaf	freeze				internal_source_record:not_publicly_portable	a10efc95ebb148f9380c6f74fb9437c29b841d5b593a62e813b92183edee5e4c	panel_dataset_freeze_v1	Arabidopsis thaliana_PRJEB61052	Arabidopsis thaliana									leaf	3	3	16108	candidate_include	True	passes_provisional_panel_gates		
panel_decision	Arabidopsis thaliana_PRJEB61052:vascular	freeze				internal_source_record:not_publicly_portable	a10efc95ebb148f9380c6f74fb9437c29b841d5b593a62e813b92183edee5e4c	panel_dataset_freeze_v1	Arabidopsis thaliana_PRJEB61052	Arabidopsis thaliana									vascular	2	2	2182	candidate_include	True	passes_provisional_panel_gates		
panel_decision	Arabidopsis thaliana_PRJNA471914:root	freeze				internal_source_record:not_publicly_portable	a10efc95ebb148f9380c6f74fb9437c29b841d5b593a62e813b92183edee5e4c	panel_dataset_freeze_v1	Arabidopsis thaliana_PRJNA471914	Arabidopsis thaliana									root	5	5	2313	candidate_include	True	passes_provisional_panel_gates		
panel_decision	Arabidopsis thaliana_PRJNA471914:leaf	freeze				internal_source_record:not_publicly_portable	a10efc95ebb148f9380c6f74fb9437c29b841d5b593a62e813b92183edee5e4c	panel_dataset_freeze_v1	Arabidopsis thaliana_PRJNA471914	Arabidopsis thaliana									leaf	0	0	0	exclude	False	fewer_than_two_candidate_labels_with_100_cells		
panel_decision	Arabidopsis thaliana_PRJNA471914:vascular	freeze				internal_source_record:not_publicly_portable	a10efc95ebb148f9380c6f74fb9437c29b841d5b593a62e813b92183edee5e4c	panel_dataset_freeze_v1	Arabidopsis thaliana_PRJNA471914	Arabidopsis thaliana									vascular	1	1	269	exclude	False	fewer_than_two_candidate_labels_with_100_cells		
panel_decision	Arabidopsis thaliana_PRJNA497883:root	freeze				internal_source_record:not_publicly_portable	a10efc95ebb148f9380c6f74fb9437c29b841d5b593a62e813b92183edee5e4c	panel_dataset_freeze_v1	Arabidopsis thaliana_PRJNA497883	Arabidopsis thaliana									root	5	5	7618	candidate_include	True	passes_provisional_panel_gates		
panel_decision	Arabidopsis thaliana_PRJNA497883:leaf	freeze				internal_source_record:not_publicly_portable	a10efc95ebb148f9380c6f74fb9437c29b841d5b593a62e813b92183edee5e4c	panel_dataset_freeze_v1	Arabidopsis thaliana_PRJNA497883	Arabidopsis thaliana									leaf	0	0	0	exclude	False	fewer_than_two_candidate_labels_with_100_cells		
panel_decision	Arabidopsis thaliana_PRJNA497883:vascular	freeze				internal_source_record:not_publicly_portable	a10efc95ebb148f9380c6f74fb9437c29b841d5b593a62e813b92183edee5e4c	panel_dataset_freeze_v1	Arabidopsis thaliana_PRJNA497883	Arabidopsis thaliana									vascular	2	2	2582	candidate_include	True	passes_provisional_panel_gates		
panel_decision	Arabidopsis thaliana_PRJNA506007:root	freeze				internal_source_record:not_publicly_portable	a10efc95ebb148f9380c6f74fb9437c29b841d5b593a62e813b92183edee5e4c	panel_dataset_freeze_v1	Arabidopsis thaliana_PRJNA506007	Arabidopsis thaliana									root	4	3	3858	candidate_include	True	passes_provisional_panel_gates		
panel_decision	Arabidopsis thaliana_PRJNA506007:leaf	freeze				internal_source_record:not_publicly_portable	a10efc95ebb148f9380c6f74fb9437c29b841d5b593a62e813b92183edee5e4c	panel_dataset_freeze_v1	Arabidopsis thaliana_PRJNA506007	Arabidopsis thaliana									leaf	0	0	0	exclude	False	fewer_than_two_candidate_labels_with_100_cells		
panel_decision	Arabidopsis thaliana_PRJNA506007:vascular	freeze				internal_source_record:not_publicly_portable	a10efc95ebb148f9380c6f74fb9437c29b841d5b593a62e813b92183edee5e4c	panel_dataset_freeze_v1	Arabidopsis thaliana_PRJNA506007	Arabidopsis thaliana									vascular	0	0	0	exclude	False	fewer_than_two_candidate_labels_with_100_cells		
panel_decision	Arabidopsis thaliana_PRJNA507252:root	freeze				internal_source_record:not_publicly_portable	a10efc95ebb148f9380c6f74fb9437c29b841d5b593a62e813b92183edee5e4c	panel_dataset_freeze_v1	Arabidopsis thaliana_PRJNA507252	Arabidopsis thaliana									root	5	5	10546	candidate_include	True	passes_provisional_panel_gates		
panel_decision	Arabidopsis thaliana_PRJNA507252:leaf	freeze				internal_source_record:not_publicly_portable	a10efc95ebb148f9380c6f74fb9437c29b841d5b593a62e813b92183edee5e4c	panel_dataset_freeze_v1	Arabidopsis thaliana_PRJNA507252	Arabidopsis thaliana									leaf	0	0	0	exclude	False	fewer_than_two_candidate_labels_with_100_cells		
panel_decision	Arabidopsis thaliana_PRJNA507252:vascular	freeze				internal_source_record:not_publicly_portable	a10efc95ebb148f9380c6f74fb9437c29b841d5b593a62e813b92183edee5e4c	panel_dataset_freeze_v1	Arabidopsis thaliana_PRJNA507252	Arabidopsis thaliana									vascular	2	2	1165	candidate_include	True	passes_provisional_panel_gates		
panel_decision	Arabidopsis thaliana_PRJNA509920:root	freeze				internal_source_record:not_publicly_portable	a10efc95ebb148f9380c6f74fb9437c29b841d5b593a62e813b92183edee5e4c	panel_dataset_freeze_v1	Arabidopsis thaliana_PRJNA509920	Arabidopsis thaliana									root	4	4	3749	candidate_include	True	passes_provisional_panel_gates		
panel_decision	Arabidopsis thaliana_PRJNA509920:leaf	freeze				internal_source_record:not_publicly_portable	a10efc95ebb148f9380c6f74fb9437c29b841d5b593a62e813b92183edee5e4c	panel_dataset_freeze_v1	Arabidopsis thaliana_PRJNA509920	Arabidopsis thaliana									leaf	0	0	0	exclude	False	fewer_than_two_candidate_labels_with_100_cells		
panel_decision	Arabidopsis thaliana_PRJNA509920:vascular	freeze				internal_source_record:not_publicly_portable	a10efc95ebb148f9380c6f74fb9437c29b841d5b593a62e813b92183edee5e4c	panel_dataset_freeze_v1	Arabidopsis thaliana_PRJNA509920	Arabidopsis thaliana									vascular	0	0	0	exclude	False	fewer_than_two_candidate_labels_with_100_cells		
panel_decision	Arabidopsis thaliana_PRJNA517021:root	freeze				internal_source_record:not_publicly_portable	a10efc95ebb148f9380c6f74fb9437c29b841d5b593a62e813b92183edee5e4c	panel_dataset_freeze_v1	Arabidopsis thaliana_PRJNA517021	Arabidopsis thaliana									root	5	5	7770	candidate_include	True	passes_provisional_panel_gates		
panel_decision	Arabidopsis thaliana_PRJNA517021:leaf	freeze				internal_source_record:not_publicly_portable	a10efc95ebb148f9380c6f74fb9437c29b841d5b593a62e813b92183edee5e4c	panel_dataset_freeze_v1	Arabidopsis thaliana_PRJNA517021	Arabidopsis thaliana									leaf	0	0	0	exclude	False	fewer_than_two_candidate_labels_with_100_cells		
panel_decision	Arabidopsis thaliana_PRJNA517021:vascular	freeze				internal_source_record:not_publicly_portable	a10efc95ebb148f9380c6f74fb9437c29b841d5b593a62e813b92183edee5e4c	panel_dataset_freeze_v1	Arabidopsis thaliana_PRJNA517021	Arabidopsis thaliana									vascular	2	2	1187	candidate_include	True	passes_provisional_panel_gates		
panel_decision	Arabidopsis thaliana_PRJNA551314:root	freeze				internal_source_record:not_publicly_portable	a10efc95ebb148f9380c6f74fb9437c29b841d5b593a62e813b92183edee5e4c	panel_dataset_freeze_v1	Arabidopsis thaliana_PRJNA551314	Arabidopsis thaliana									root	0	0	0	exclude	False	orthogroup_coverage_below_60pct_or_unavailable;fewer_than_two_candidate_labels_with_100_cells		
panel_decision	Arabidopsis thaliana_PRJNA551314:leaf	freeze				internal_source_record:not_publicly_portable	a10efc95ebb148f9380c6f74fb9437c29b841d5b593a62e813b92183edee5e4c	panel_dataset_freeze_v1	Arabidopsis thaliana_PRJNA551314	Arabidopsis thaliana									leaf	0	0	0	exclude	False	orthogroup_coverage_below_60pct_or_unavailable;fewer_than_two_candidate_labels_with_100_cells		
panel_decision	Arabidopsis thaliana_PRJNA551314:vascular	freeze				internal_source_record:not_publicly_portable	a10efc95ebb148f9380c6f74fb9437c29b841d5b593a62e813b92183edee5e4c	panel_dataset_freeze_v1	Arabidopsis thaliana_PRJNA551314	Arabidopsis thaliana									vascular	0	0	0	exclude	False	orthogroup_coverage_below_60pct_or_unavailable;fewer_than_two_candidate_labels_with_100_cells		
panel_decision	Arabidopsis thaliana_PRJNA577177:root	freeze				internal_source_record:not_publicly_portable	a10efc95ebb148f9380c6f74fb9437c29b841d5b593a62e813b92183edee5e4c	panel_dataset_freeze_v1	Arabidopsis thaliana_PRJNA577177	Arabidopsis thaliana									root	0	0	0	exclude	False	fewer_than_two_candidate_labels_with_100_cells		
panel_decision	Arabidopsis thaliana_PRJNA577177:leaf	freeze				internal_source_record:not_publicly_portable	a10efc95ebb148f9380c6f74fb9437c29b841d5b593a62e813b92183edee5e4c	panel_dataset_freeze_v1	Arabidopsis thaliana_PRJNA577177	Arabidopsis thaliana									leaf	3	3	5802	candidate_include	True	passes_provisional_panel_gates		
panel_decision	Arabidopsis thaliana_PRJNA577177:vascular	freeze				internal_source_record:not_publicly_portable	a10efc95ebb148f9380c6f74fb9437c29b841d5b593a62e813b92183edee5e4c	panel_dataset_freeze_v1	Arabidopsis thaliana_PRJNA577177	Arabidopsis thaliana									vascular	0	0	0	exclude	False	fewer_than_two_candidate_labels_with_100_cells		
panel_decision	Arabidopsis thaliana_PRJNA594539:root	freeze				internal_source_record:not_publicly_portable	a10efc95ebb148f9380c6f74fb9437c29b841d5b593a62e813b92183edee5e4c	panel_dataset_freeze_v1	Arabidopsis thaliana_PRJNA594539	Arabidopsis thaliana									root	7	7	8799	candidate_include	True	passes_provisional_panel_gates		
panel_decision	Arabidopsis thaliana_PRJNA594539:leaf	freeze				internal_source_record:not_publicly_portable	a10efc95ebb148f9380c6f74fb9437c29b841d5b593a62e813b92183edee5e4c	panel_dataset_freeze_v1	Arabidopsis thaliana_PRJNA594539	Arabidopsis thaliana									leaf	0	0	0	exclude	False	fewer_than_two_candidate_labels_with_100_cells		
panel_decision	Arabidopsis thaliana_PRJNA594539:vascular	freeze				internal_source_record:not_publicly_portable	a10efc95ebb148f9380c6f74fb9437c29b841d5b593a62e813b92183edee5e4c	panel_dataset_freeze_v1	Arabidopsis thaliana_PRJNA594539	Arabidopsis thaliana									vascular	2	2	1775	candidate_include	True	passes_provisional_panel_gates		
panel_decision	Arabidopsis thaliana_PRJNA605594:root	freeze				internal_source_record:not_publicly_portable	a10efc95ebb148f9380c6f74fb9437c29b841d5b593a62e813b92183edee5e4c	panel_dataset_freeze_v1	Arabidopsis thaliana_PRJNA605594	Arabidopsis thaliana									root	0	0	0	exclude	False	orthogroup_coverage_below_60pct_or_unavailable;species_not_officially_matched;fewer_than_two_candidate_labels_with_100_cells		
panel_decision	Arabidopsis thaliana_PRJNA605594:leaf	freeze				internal_source_record:not_publicly_portable	a10efc95ebb148f9380c6f74fb9437c29b841d5b593a62e813b92183edee5e4c	panel_dataset_freeze_v1	Arabidopsis thaliana_PRJNA605594	Arabidopsis thaliana									leaf	0	0	0	exclude	False	orthogroup_coverage_below_60pct_or_unavailable;species_not_officially_matched;fewer_than_two_candidate_labels_with_100_cells		
panel_decision	Arabidopsis thaliana_PRJNA605594:vascular	freeze				internal_source_record:not_publicly_portable	a10efc95ebb148f9380c6f74fb9437c29b841d5b593a62e813b92183edee5e4c	panel_dataset_freeze_v1	Arabidopsis thaliana_PRJNA605594	Arabidopsis thaliana									vascular	0	0	0	exclude	False	orthogroup_coverage_below_60pct_or_unavailable;species_not_officially_matched;fewer_than_two_candidate_labels_with_100_cells		
panel_decision	Arabidopsis thaliana_PRJNA613684:root	freeze				internal_source_record:not_publicly_portable	a10efc95ebb148f9380c6f74fb9437c29b841d5b593a62e813b92183edee5e4c	panel_dataset_freeze_v1	Arabidopsis thaliana_PRJNA613684	Arabidopsis thaliana									root	0	0	0	exclude	False	fewer_than_two_candidate_labels_with_100_cells		
panel_decision	Arabidopsis thaliana_PRJNA613684:leaf	freeze				internal_source_record:not_publicly_portable	a10efc95ebb148f9380c6f74fb9437c29b841d5b593a62e813b92183edee5e4c	panel_dataset_freeze_v1	Arabidopsis thaliana_PRJNA613684	Arabidopsis thaliana									leaf	3	3	10879	candidate_include	True	passes_provisional_panel_gates		
panel_decision	Arabidopsis thaliana_PRJNA613684:vascular	freeze				internal_source_record:not_publicly_portable	a10efc95ebb148f9380c6f74fb9437c29b841d5b593a62e813b92183edee5e4c	panel_dataset_freeze_v1	Arabidopsis thaliana_PRJNA613684	Arabidopsis thaliana									vascular	1	1	629	exclude	False	fewer_than_two_candidate_labels_with_100_cells		
panel_decision	Arabidopsis thaliana_PRJNA640389:root	freeze				internal_source_record:not_publicly_portable	a10efc95ebb148f9380c6f74fb9437c29b841d5b593a62e813b92183edee5e4c	panel_dataset_freeze_v1	Arabidopsis thaliana_PRJNA640389	Arabidopsis thaliana									root	5	5	54952	candidate_include	True	passes_provisional_panel_gates		
panel_decision	Arabidopsis thaliana_PRJNA640389:leaf	freeze				internal_source_record:not_publicly_portable	a10efc95ebb148f9380c6f74fb9437c29b841d5b593a62e813b92183edee5e4c	panel_dataset_freeze_v1	Arabidopsis thaliana_PRJNA640389	Arabidopsis thaliana									leaf	0	0	0	exclude	False	fewer_than_two_candidate_labels_with_100_cells		
panel_decision	Arabidopsis thaliana_PRJNA640389:vascular	freeze				internal_source_record:not_publicly_portable	a10efc95ebb148f9380c6f74fb9437c29b841d5b593a62e813b92183edee5e4c	panel_dataset_freeze_v1	Arabidopsis thaliana_PRJNA640389	Arabidopsis thaliana									vascular	2	2	10950	candidate_include	True	passes_provisional_panel_gates		
panel_decision	Arabidopsis thaliana_PRJNA648028:root	freeze				internal_source_record:not_publicly_portable	a10efc95ebb148f9380c6f74fb9437c29b841d5b593a62e813b92183edee5e4c	panel_dataset_freeze_v1	Arabidopsis thaliana_PRJNA648028	Arabidopsis thaliana									root	0	0	0	exclude	False	fewer_than_two_candidate_labels_with_100_cells		
panel_decision	Arabidopsis thaliana_PRJNA648028:leaf	freeze				internal_source_record:not_publicly_portable	a10efc95ebb148f9380c6f74fb9437c29b841d5b593a62e813b92183edee5e4c	panel_dataset_freeze_v1	Arabidopsis thaliana_PRJNA648028	Arabidopsis thaliana									leaf	0	0	0	exclude	False	fewer_than_two_candidate_labels_with_100_cells		
panel_decision	Arabidopsis thaliana_PRJNA648028:vascular	freeze				internal_source_record:not_publicly_portable	a10efc95ebb148f9380c6f74fb9437c29b841d5b593a62e813b92183edee5e4c	panel_dataset_freeze_v1	Arabidopsis thaliana_PRJNA648028	Arabidopsis thaliana									vascular	0	0	0	exclude	False	fewer_than_two_candidate_labels_with_100_cells		
panel_decision	Arabidopsis thaliana_PRJNA649267:root	freeze				internal_source_record:not_publicly_portable	a10efc95ebb148f9380c6f74fb9437c29b841d5b593a62e813b92183edee5e4c	panel_dataset_freeze_v1	Arabidopsis thaliana_PRJNA649267	Arabidopsis thaliana									root	5	5	5470	candidate_include	True	passes_provisional_panel_gates		
panel_decision	Arabidopsis thaliana_PRJNA649267:leaf	freeze				internal_source_record:not_publicly_portable	a10efc95ebb148f9380c6f74fb9437c29b841d5b593a62e813b92183edee5e4c	panel_dataset_freeze_v1	Arabidopsis thaliana_PRJNA649267	Arabidopsis thaliana									leaf	0	0	0	exclude	False	fewer_than_two_candidate_labels_with_100_cells		
panel_decision	Arabidopsis thaliana_PRJNA649267:vascular	freeze				internal_source_record:not_publicly_portable	a10efc95ebb148f9380c6f74fb9437c29b841d5b593a62e813b92183edee5e4c	panel_dataset_freeze_v1	Arabidopsis thaliana_PRJNA649267	Arabidopsis thaliana									vascular	2	2	1039	candidate_include	True	passes_provisional_panel_gates		
panel_decision	Arabidopsis thaliana_PRJNA659737:root	freeze				internal_source_record:not_publicly_portable	a10efc95ebb148f9380c6f74fb9437c29b841d5b593a62e813b92183edee5e4c	panel_dataset_freeze_v1	Arabidopsis thaliana_PRJNA659737	Arabidopsis thaliana									root	0	0	0	exclude	False	fewer_than_two_candidate_labels_with_100_cells		
panel_decision	Arabidopsis thaliana_PRJNA659737:leaf	freeze				internal_source_record:not_publicly_portable	a10efc95ebb148f9380c6f74fb9437c29b841d5b593a62e813b92183edee5e4c	panel_dataset_freeze_v1	Arabidopsis thaliana_PRJNA659737	Arabidopsis thaliana									leaf	0	0	0	exclude	False	fewer_than_two_candidate_labels_with_100_cells		
panel_decision	Arabidopsis thaliana_PRJNA659737:vascular	freeze				internal_source_record:not_publicly_portable	a10efc95ebb148f9380c6f74fb9437c29b841d5b593a62e813b92183edee5e4c	panel_dataset_freeze_v1	Arabidopsis thaliana_PRJNA659737	Arabidopsis thaliana									vascular	0	0	0	exclude	False	fewer_than_two_candidate_labels_with_100_cells		
panel_decision	Arabidopsis thaliana_PRJNA664874:root	freeze				internal_source_record:not_publicly_portable	a10efc95ebb148f9380c6f74fb9437c29b841d5b593a62e813b92183edee5e4c	panel_dataset_freeze_v1	Arabidopsis thaliana_PRJNA664874	Arabidopsis thaliana									root	4	0	277	exclude	False	fewer_than_two_candidate_labels_with_100_cells		
panel_decision	Arabidopsis thaliana_PRJNA664874:leaf	freeze				internal_source_record:not_publicly_portable	a10efc95ebb148f9380c6f74fb9437c29b841d5b593a62e813b92183edee5e4c	panel_dataset_freeze_v1	Arabidopsis thaliana_PRJNA664874	Arabidopsis thaliana									leaf	0	0	0	exclude	False	fewer_than_two_candidate_labels_with_100_cells		
panel_decision	Arabidopsis thaliana_PRJNA664874:vascular	freeze				internal_source_record:not_publicly_portable	a10efc95ebb148f9380c6f74fb9437c29b841d5b593a62e813b92183edee5e4c	panel_dataset_freeze_v1	Arabidopsis thaliana_PRJNA664874	Arabidopsis thaliana									vascular	0	0	0	exclude	False	fewer_than_two_candidate_labels_with_100_cells		
panel_decision	Arabidopsis thaliana_PRJNA666436:root	freeze				internal_source_record:not_publicly_portable	a10efc95ebb148f9380c6f74fb9437c29b841d5b593a62e813b92183edee5e4c	panel_dataset_freeze_v1	Arabidopsis thaliana_PRJNA666436	Arabidopsis thaliana									root	6	6	6725	candidate_include	True	passes_provisional_panel_gates		
panel_decision	Arabidopsis thaliana_PRJNA666436:leaf	freeze				internal_source_record:not_publicly_portable	a10efc95ebb148f9380c6f74fb9437c29b841d5b593a62e813b92183edee5e4c	panel_dataset_freeze_v1	Arabidopsis thaliana_PRJNA666436	Arabidopsis thaliana									leaf	0	0	0	exclude	False	fewer_than_two_candidate_labels_with_100_cells		
panel_decision	Arabidopsis thaliana_PRJNA666436:vascular	freeze				internal_source_record:not_publicly_portable	a10efc95ebb148f9380c6f74fb9437c29b841d5b593a62e813b92183edee5e4c	panel_dataset_freeze_v1	Arabidopsis thaliana_PRJNA666436	Arabidopsis thaliana									vascular	1	1	1214	exclude	False	fewer_than_two_candidate_labels_with_100_cells		
panel_decision	Arabidopsis thaliana_PRJNA678377:root	freeze				internal_source_record:not_publicly_portable	a10efc95ebb148f9380c6f74fb9437c29b841d5b593a62e813b92183edee5e4c	panel_dataset_freeze_v1	Arabidopsis thaliana_PRJNA678377	Arabidopsis thaliana									root	0	0	0	exclude	False	fewer_than_two_candidate_labels_with_100_cells		
panel_decision	Arabidopsis thaliana_PRJNA678377:leaf	freeze				internal_source_record:not_publicly_portable	a10efc95ebb148f9380c6f74fb9437c29b841d5b593a62e813b92183edee5e4c	panel_dataset_freeze_v1	Arabidopsis thaliana_PRJNA678377	Arabidopsis thaliana									leaf	4	3	4887	candidate_include	True	passes_provisional_panel_gates		
panel_decision	Arabidopsis thaliana_PRJNA678377:vascular	freeze				internal_source_record:not_publicly_portable	a10efc95ebb148f9380c6f74fb9437c29b841d5b593a62e813b92183edee5e4c	panel_dataset_freeze_v1	Arabidopsis thaliana_PRJNA678377	Arabidopsis thaliana									vascular	2	2	441	candidate_include	True	passes_provisional_panel_gates		
panel_decision	Arabidopsis thaliana_PRJNA680241:root	freeze				internal_source_record:not_publicly_portable	a10efc95ebb148f9380c6f74fb9437c29b841d5b593a62e813b92183edee5e4c	panel_dataset_freeze_v1	Arabidopsis thaliana_PRJNA680241	Arabidopsis thaliana									root	2	0	135	exclude	False	fewer_than_two_candidate_labels_with_100_cells		
panel_decision	Arabidopsis thaliana_PRJNA680241:leaf	freeze				internal_source_record:not_publicly_portable	a10efc95ebb148f9380c6f74fb9437c29b841d5b593a62e813b92183edee5e4c	panel_dataset_freeze_v1	Arabidopsis thaliana_PRJNA680241	Arabidopsis thaliana									leaf	0	0	0	exclude	False	fewer_than_two_candidate_labels_with_100_cells		
panel_decision	Arabidopsis thaliana_PRJNA680241:vascular	freeze				internal_source_record:not_publicly_portable	a10efc95ebb148f9380c6f74fb9437c29b841d5b593a62e813b92183edee5e4c	panel_dataset_freeze_v1	Arabidopsis thaliana_PRJNA680241	Arabidopsis thaliana									vascular	0	0	0	exclude	False	fewer_than_two_candidate_labels_with_100_cells		
panel_decision	Arabidopsis thaliana_PRJNA703045:root	freeze				internal_source_record:not_publicly_portable	a10efc95ebb148f9380c6f74fb9437c29b841d5b593a62e813b92183edee5e4c	panel_dataset_freeze_v1	Arabidopsis thaliana_PRJNA703045	Arabidopsis thaliana									root	0	0	0	exclude	False	fewer_than_two_candidate_labels_with_100_cells		
panel_decision	Arabidopsis thaliana_PRJNA703045:leaf	freeze				internal_source_record:not_publicly_portable	a10efc95ebb148f9380c6f74fb9437c29b841d5b593a62e813b92183edee5e4c	panel_dataset_freeze_v1	Arabidopsis thaliana_PRJNA703045	Arabidopsis thaliana									leaf	4	4	6473	candidate_include	True	passes_provisional_panel_gates		
panel_decision	Arabidopsis thaliana_PRJNA703045:vascular	freeze				internal_source_record:not_publicly_portable	a10efc95ebb148f9380c6f74fb9437c29b841d5b593a62e813b92183edee5e4c	panel_dataset_freeze_v1	Arabidopsis thaliana_PRJNA703045	Arabidopsis thaliana									vascular	1	1	2558	exclude	False	fewer_than_two_candidate_labels_with_100_cells		
panel_decision	Arabidopsis thaliana_PRJNA716169:root	freeze				internal_source_record:not_publicly_portable	a10efc95ebb148f9380c6f74fb9437c29b841d5b593a62e813b92183edee5e4c	panel_dataset_freeze_v1	Arabidopsis thaliana_PRJNA716169	Arabidopsis thaliana									root	0	0	0	exclude	False	fewer_than_two_candidate_labels_with_100_cells		
panel_decision	Arabidopsis thaliana_PRJNA716169:leaf	freeze				internal_source_record:not_publicly_portable	a10efc95ebb148f9380c6f74fb9437c29b841d5b593a62e813b92183edee5e4c	panel_dataset_freeze_v1	Arabidopsis thaliana_PRJNA716169	Arabidopsis thaliana									leaf	0	0	0	exclude	False	fewer_than_two_candidate_labels_with_100_cells		
panel_decision	Arabidopsis thaliana_PRJNA716169:vascular	freeze				internal_source_record:not_publicly_portable	a10efc95ebb148f9380c6f74fb9437c29b841d5b593a62e813b92183edee5e4c	panel_dataset_freeze_v1	Arabidopsis thaliana_PRJNA716169	Arabidopsis thaliana									vascular	0	0	0	exclude	False	fewer_than_two_candidate_labels_with_100_cells		
panel_decision	Arabidopsis thaliana_PRJNA730707:root	freeze				internal_source_record:not_publicly_portable	a10efc95ebb148f9380c6f74fb9437c29b841d5b593a62e813b92183edee5e4c	panel_dataset_freeze_v1	Arabidopsis thaliana_PRJNA730707	Arabidopsis thaliana									root	0	0	0	exclude	False	fewer_than_two_candidate_labels_with_100_cells		
panel_decision	Arabidopsis thaliana_PRJNA730707:leaf	freeze				internal_source_record:not_publicly_portable	a10efc95ebb148f9380c6f74fb9437c29b841d5b593a62e813b92183edee5e4c	panel_dataset_freeze_v1	Arabidopsis thaliana_PRJNA730707	Arabidopsis thaliana									leaf	1	0	55	exclude	False	fewer_than_two_candidate_labels_with_100_cells		
panel_decision	Arabidopsis thaliana_PRJNA730707:vascular	freeze				internal_source_record:not_publicly_portable	a10efc95ebb148f9380c6f74fb9437c29b841d5b593a62e813b92183edee5e4c	panel_dataset_freeze_v1	Arabidopsis thaliana_PRJNA730707	Arabidopsis thaliana									vascular	1	1	119	exclude	False	fewer_than_two_candidate_labels_with_100_cells		
panel_decision	Arabidopsis thaliana_PRJNA742744:root	freeze				internal_source_record:not_publicly_portable	a10efc95ebb148f9380c6f74fb9437c29b841d5b593a62e813b92183edee5e4c	panel_dataset_freeze_v1	Arabidopsis thaliana_PRJNA742744	Arabidopsis thaliana									root	6	6	3252	candidate_include	True	passes_provisional_panel_gates		
panel_decision	Arabidopsis thaliana_PRJNA742744:leaf	freeze				internal_source_record:not_publicly_portable	a10efc95ebb148f9380c6f74fb9437c29b841d5b593a62e813b92183edee5e4c	panel_dataset_freeze_v1	Arabidopsis thaliana_PRJNA742744	Arabidopsis thaliana									leaf	0	0	0	exclude	False	fewer_than_two_candidate_labels_with_100_cells		
panel_decision	Arabidopsis thaliana_PRJNA742744:vascular	freeze				internal_source_record:not_publicly_portable	a10efc95ebb148f9380c6f74fb9437c29b841d5b593a62e813b92183edee5e4c	panel_dataset_freeze_v1	Arabidopsis thaliana_PRJNA742744	Arabidopsis thaliana									vascular	2	1	658	exclude	False	fewer_than_two_candidate_labels_with_100_cells		
panel_decision	Arabidopsis thaliana_PRJNA745175:root	freeze				internal_source_record:not_publicly_portable	a10efc95ebb148f9380c6f74fb9437c29b841d5b593a62e813b92183edee5e4c	panel_dataset_freeze_v1	Arabidopsis thaliana_PRJNA745175	Arabidopsis thaliana									root	6	6	4746	candidate_include	True	passes_provisional_panel_gates		
panel_decision	Arabidopsis thaliana_PRJNA745175:leaf	freeze				internal_source_record:not_publicly_portable	a10efc95ebb148f9380c6f74fb9437c29b841d5b593a62e813b92183edee5e4c	panel_dataset_freeze_v1	Arabidopsis thaliana_PRJNA745175	Arabidopsis thaliana									leaf	0	0	0	exclude	False	fewer_than_two_candidate_labels_with_100_cells		
panel_decision	Arabidopsis thaliana_PRJNA745175:vascular	freeze				internal_source_record:not_publicly_portable	a10efc95ebb148f9380c6f74fb9437c29b841d5b593a62e813b92183edee5e4c	panel_dataset_freeze_v1	Arabidopsis thaliana_PRJNA745175	Arabidopsis thaliana									vascular	1	1	535	exclude	False	fewer_than_two_candidate_labels_with_100_cells		
panel_decision	Arabidopsis thaliana_PRJNA750934:root	freeze				internal_source_record:not_publicly_portable	a10efc95ebb148f9380c6f74fb9437c29b841d5b593a62e813b92183edee5e4c	panel_dataset_freeze_v1	Arabidopsis thaliana_PRJNA750934	Arabidopsis thaliana									root	6	6	6084	candidate_include	True	passes_provisional_panel_gates		
panel_decision	Arabidopsis thaliana_PRJNA750934:leaf	freeze				internal_source_record:not_publicly_portable	a10efc95ebb148f9380c6f74fb9437c29b841d5b593a62e813b92183edee5e4c	panel_dataset_freeze_v1	Arabidopsis thaliana_PRJNA750934	Arabidopsis thaliana									leaf	0	0	0	exclude	False	fewer_than_two_candidate_labels_with_100_cells		
panel_decision	Arabidopsis thaliana_PRJNA750934:vascular	freeze				internal_source_record:not_publicly_portable	a10efc95ebb148f9380c6f74fb9437c29b841d5b593a62e813b92183edee5e4c	panel_dataset_freeze_v1	Arabidopsis thaliana_PRJNA750934	Arabidopsis thaliana									vascular	2	2	1753	candidate_include	True	passes_provisional_panel_gates		
panel_decision	Arabidopsis thaliana_PRJNA754157:root	freeze				internal_source_record:not_publicly_portable	a10efc95ebb148f9380c6f74fb9437c29b841d5b593a62e813b92183edee5e4c	panel_dataset_freeze_v1	Arabidopsis thaliana_PRJNA754157	Arabidopsis thaliana									root	0	0	0	exclude	False	fewer_than_two_candidate_labels_with_100_cells		
panel_decision	Arabidopsis thaliana_PRJNA754157:leaf	freeze				internal_source_record:not_publicly_portable	a10efc95ebb148f9380c6f74fb9437c29b841d5b593a62e813b92183edee5e4c	panel_dataset_freeze_v1	Arabidopsis thaliana_PRJNA754157	Arabidopsis thaliana									leaf	0	0	0	exclude	False	fewer_than_two_candidate_labels_with_100_cells		
panel_decision	Arabidopsis thaliana_PRJNA754157:vascular	freeze				internal_source_record:not_publicly_portable	a10efc95ebb148f9380c6f74fb9437c29b841d5b593a62e813b92183edee5e4c	panel_dataset_freeze_v1	Arabidopsis thaliana_PRJNA754157	Arabidopsis thaliana									vascular	1	1	1287	exclude	False	fewer_than_two_candidate_labels_with_100_cells		
panel_decision	Arabidopsis thaliana_PRJNA764868:root	freeze				internal_source_record:not_publicly_portable	a10efc95ebb148f9380c6f74fb9437c29b841d5b593a62e813b92183edee5e4c	panel_dataset_freeze_v1	Arabidopsis thaliana_PRJNA764868	Arabidopsis thaliana									root	0	0	0	exclude	False	fewer_than_two_candidate_labels_with_100_cells		
panel_decision	Arabidopsis thaliana_PRJNA764868:leaf	freeze				internal_source_record:not_publicly_portable	a10efc95ebb148f9380c6f74fb9437c29b841d5b593a62e813b92183edee5e4c	panel_dataset_freeze_v1	Arabidopsis thaliana_PRJNA764868	Arabidopsis thaliana									leaf	4	4	18651	candidate_include	True	passes_provisional_panel_gates		
panel_decision	Arabidopsis thaliana_PRJNA764868:vascular	freeze				internal_source_record:not_publicly_portable	a10efc95ebb148f9380c6f74fb9437c29b841d5b593a62e813b92183edee5e4c	panel_dataset_freeze_v1	Arabidopsis thaliana_PRJNA764868	Arabidopsis thaliana									vascular	3	2	3421	candidate_include	True	passes_provisional_panel_gates		
panel_decision	Arabidopsis thaliana_PRJNA796288:root	freeze				internal_source_record:not_publicly_portable	a10efc95ebb148f9380c6f74fb9437c29b841d5b593a62e813b92183edee5e4c	panel_dataset_freeze_v1	Arabidopsis thaliana_PRJNA796288	Arabidopsis thaliana									root	0	0	0	exclude	False	fewer_than_two_candidate_labels_with_100_cells		
panel_decision	Arabidopsis thaliana_PRJNA796288:leaf	freeze				internal_source_record:not_publicly_portable	a10efc95ebb148f9380c6f74fb9437c29b841d5b593a62e813b92183edee5e4c	panel_dataset_freeze_v1	Arabidopsis thaliana_PRJNA796288	Arabidopsis thaliana									leaf	1	1	6254	exclude	False	fewer_than_two_candidate_labels_with_100_cells		
panel_decision	Arabidopsis thaliana_PRJNA796288:vascular	freeze				internal_source_record:not_publicly_portable	a10efc95ebb148f9380c6f74fb9437c29b841d5b593a62e813b92183edee5e4c	panel_dataset_freeze_v1	Arabidopsis thaliana_PRJNA796288	Arabidopsis thaliana									vascular	0	0	0	exclude	False	fewer_than_two_candidate_labels_with_100_cells		
panel_decision	Arabidopsis thaliana_PRJNA814870:root	freeze				internal_source_record:not_publicly_portable	a10efc95ebb148f9380c6f74fb9437c29b841d5b593a62e813b92183edee5e4c	panel_dataset_freeze_v1	Arabidopsis thaliana_PRJNA814870	Arabidopsis thaliana									root	5	5	28834	candidate_include	True	passes_provisional_panel_gates		
panel_decision	Arabidopsis thaliana_PRJNA814870:leaf	freeze				internal_source_record:not_publicly_portable	a10efc95ebb148f9380c6f74fb9437c29b841d5b593a62e813b92183edee5e4c	panel_dataset_freeze_v1	Arabidopsis thaliana_PRJNA814870	Arabidopsis thaliana									leaf	0	0	0	exclude	False	fewer_than_two_candidate_labels_with_100_cells		
panel_decision	Arabidopsis thaliana_PRJNA814870:vascular	freeze				internal_source_record:not_publicly_portable	a10efc95ebb148f9380c6f74fb9437c29b841d5b593a62e813b92183edee5e4c	panel_dataset_freeze_v1	Arabidopsis thaliana_PRJNA814870	Arabidopsis thaliana									vascular	4	4	21487	candidate_include	True	passes_provisional_panel_gates		
panel_decision	Arabidopsis thaliana_PRJNA835893:root	freeze				internal_source_record:not_publicly_portable	a10efc95ebb148f9380c6f74fb9437c29b841d5b593a62e813b92183edee5e4c	panel_dataset_freeze_v1	Arabidopsis thaliana_PRJNA835893	Arabidopsis thaliana									root	0	0	0	exclude	False	fewer_than_two_candidate_labels_with_100_cells		
panel_decision	Arabidopsis thaliana_PRJNA835893:leaf	freeze				internal_source_record:not_publicly_portable	a10efc95ebb148f9380c6f74fb9437c29b841d5b593a62e813b92183edee5e4c	panel_dataset_freeze_v1	Arabidopsis thaliana_PRJNA835893	Arabidopsis thaliana									leaf	0	0	0	exclude	False	fewer_than_two_candidate_labels_with_100_cells		
panel_decision	Arabidopsis thaliana_PRJNA835893:vascular	freeze				internal_source_record:not_publicly_portable	a10efc95ebb148f9380c6f74fb9437c29b841d5b593a62e813b92183edee5e4c	panel_dataset_freeze_v1	Arabidopsis thaliana_PRJNA835893	Arabidopsis thaliana									vascular	0	0	0	exclude	False	fewer_than_two_candidate_labels_with_100_cells		
panel_decision	Arabidopsis thaliana_PRJNA857332:root	freeze				internal_source_record:not_publicly_portable	a10efc95ebb148f9380c6f74fb9437c29b841d5b593a62e813b92183edee5e4c	panel_dataset_freeze_v1	Arabidopsis thaliana_PRJNA857332	Arabidopsis thaliana									root	0	0	0	exclude	False	fewer_than_two_candidate_labels_with_100_cells		
panel_decision	Arabidopsis thaliana_PRJNA857332:leaf	freeze				internal_source_record:not_publicly_portable	a10efc95ebb148f9380c6f74fb9437c29b841d5b593a62e813b92183edee5e4c	panel_dataset_freeze_v1	Arabidopsis thaliana_PRJNA857332	Arabidopsis thaliana									leaf	2	2	5200	candidate_include	True	passes_provisional_panel_gates		
panel_decision	Arabidopsis thaliana_PRJNA857332:vascular	freeze				internal_source_record:not_publicly_portable	a10efc95ebb148f9380c6f74fb9437c29b841d5b593a62e813b92183edee5e4c	panel_dataset_freeze_v1	Arabidopsis thaliana_PRJNA857332	Arabidopsis thaliana									vascular	1	1	317	exclude	False	fewer_than_two_candidate_labels_with_100_cells		
panel_decision	Arabidopsis thaliana_PRJNA881949:root	freeze				internal_source_record:not_publicly_portable	a10efc95ebb148f9380c6f74fb9437c29b841d5b593a62e813b92183edee5e4c	panel_dataset_freeze_v1	Arabidopsis thaliana_PRJNA881949	Arabidopsis thaliana									root	0	0	0	exclude	False	fewer_than_two_candidate_labels_with_100_cells		
panel_decision	Arabidopsis thaliana_PRJNA881949:leaf	freeze				internal_source_record:not_publicly_portable	a10efc95ebb148f9380c6f74fb9437c29b841d5b593a62e813b92183edee5e4c	panel_dataset_freeze_v1	Arabidopsis thaliana_PRJNA881949	Arabidopsis thaliana									leaf	2	2	10342	candidate_include	True	passes_provisional_panel_gates		
panel_decision	Arabidopsis thaliana_PRJNA881949:vascular	freeze				internal_source_record:not_publicly_portable	a10efc95ebb148f9380c6f74fb9437c29b841d5b593a62e813b92183edee5e4c	panel_dataset_freeze_v1	Arabidopsis thaliana_PRJNA881949	Arabidopsis thaliana									vascular	2	2	571	candidate_include	True	passes_provisional_panel_gates		
panel_decision	Arabidopsis thaliana_PRJNA941845:root	freeze				internal_source_record:not_publicly_portable	a10efc95ebb148f9380c6f74fb9437c29b841d5b593a62e813b92183edee5e4c	panel_dataset_freeze_v1	Arabidopsis thaliana_PRJNA941845	Arabidopsis thaliana									root	0	0	0	exclude	False	fewer_than_two_candidate_labels_with_100_cells		
panel_decision	Arabidopsis thaliana_PRJNA941845:leaf	freeze				internal_source_record:not_publicly_portable	a10efc95ebb148f9380c6f74fb9437c29b841d5b593a62e813b92183edee5e4c	panel_dataset_freeze_v1	Arabidopsis thaliana_PRJNA941845	Arabidopsis thaliana									leaf	3	3	22641	candidate_include	True	passes_provisional_panel_gates		
panel_decision	Arabidopsis thaliana_PRJNA941845:vascular	freeze				internal_source_record:not_publicly_portable	a10efc95ebb148f9380c6f74fb9437c29b841d5b593a62e813b92183edee5e4c	panel_dataset_freeze_v1	Arabidopsis thaliana_PRJNA941845	Arabidopsis thaliana									vascular	1	1	3618	exclude	False	fewer_than_two_candidate_labels_with_100_cells		
panel_decision	Arabidopsis thaliana_PRJNA945828:root	freeze				internal_source_record:not_publicly_portable	a10efc95ebb148f9380c6f74fb9437c29b841d5b593a62e813b92183edee5e4c	panel_dataset_freeze_v1	Arabidopsis thaliana_PRJNA945828	Arabidopsis thaliana									root	0	0	0	exclude	False	fewer_than_two_candidate_labels_with_100_cells		
panel_decision	Arabidopsis thaliana_PRJNA945828:leaf	freeze				internal_source_record:not_publicly_portable	a10efc95ebb148f9380c6f74fb9437c29b841d5b593a62e813b92183edee5e4c	panel_dataset_freeze_v1	Arabidopsis thaliana_PRJNA945828	Arabidopsis thaliana									leaf	0	0	0	exclude	False	fewer_than_two_candidate_labels_with_100_cells		
panel_decision	Arabidopsis thaliana_PRJNA945828:vascular	freeze				internal_source_record:not_publicly_portable	a10efc95ebb148f9380c6f74fb9437c29b841d5b593a62e813b92183edee5e4c	panel_dataset_freeze_v1	Arabidopsis thaliana_PRJNA945828	Arabidopsis thaliana									vascular	0	0	0	exclude	False	fewer_than_two_candidate_labels_with_100_cells		
panel_decision	Arabidopsis thaliana_PRJNA995336:root	freeze				internal_source_record:not_publicly_portable	a10efc95ebb148f9380c6f74fb9437c29b841d5b593a62e813b92183edee5e4c	panel_dataset_freeze_v1	Arabidopsis thaliana_PRJNA995336	Arabidopsis thaliana									root	0	0	0	exclude	False	fewer_than_two_candidate_labels_with_100_cells		
panel_decision	Arabidopsis thaliana_PRJNA995336:leaf	freeze				internal_source_record:not_publicly_portable	a10efc95ebb148f9380c6f74fb9437c29b841d5b593a62e813b92183edee5e4c	panel_dataset_freeze_v1	Arabidopsis thaliana_PRJNA995336	Arabidopsis thaliana									leaf	4	4	12454	candidate_include	True	passes_provisional_panel_gates		
panel_decision	Arabidopsis thaliana_PRJNA995336:vascular	freeze				internal_source_record:not_publicly_portable	a10efc95ebb148f9380c6f74fb9437c29b841d5b593a62e813b92183edee5e4c	panel_dataset_freeze_v1	Arabidopsis thaliana_PRJNA995336	Arabidopsis thaliana									vascular	1	1	362	exclude	False	fewer_than_two_candidate_labels_with_100_cells		
panel_decision	Bombax ceiba_PRJNA850395:root	freeze				internal_source_record:not_publicly_portable	a10efc95ebb148f9380c6f74fb9437c29b841d5b593a62e813b92183edee5e4c	panel_dataset_freeze_v1	Bombax ceiba_PRJNA850395	Bombax ceiba									root	0	0	0	exclude	False	orthogroup_coverage_below_60pct_or_unavailable;fewer_than_two_candidate_labels_with_100_cells		
panel_decision	Bombax ceiba_PRJNA850395:leaf	freeze				internal_source_record:not_publicly_portable	a10efc95ebb148f9380c6f74fb9437c29b841d5b593a62e813b92183edee5e4c	panel_dataset_freeze_v1	Bombax ceiba_PRJNA850395	Bombax ceiba									leaf	0	0	0	exclude	False	orthogroup_coverage_below_60pct_or_unavailable;fewer_than_two_candidate_labels_with_100_cells		
panel_decision	Bombax ceiba_PRJNA850395:vascular	freeze				internal_source_record:not_publicly_portable	a10efc95ebb148f9380c6f74fb9437c29b841d5b593a62e813b92183edee5e4c	panel_dataset_freeze_v1	Bombax ceiba_PRJNA850395	Bombax ceiba									vascular	0	0	0	exclude	False	orthogroup_coverage_below_60pct_or_unavailable;fewer_than_two_candidate_labels_with_100_cells		
panel_decision	Brassica rapa_PRJCA009630:root	freeze				internal_source_record:not_publicly_portable	a10efc95ebb148f9380c6f74fb9437c29b841d5b593a62e813b92183edee5e4c	panel_dataset_freeze_v1	Brassica rapa_PRJCA009630	Brassica rapa									root	0	0	0	exclude	False	fewer_than_two_candidate_labels_with_100_cells		
panel_decision	Brassica rapa_PRJCA009630:leaf	freeze				internal_source_record:not_publicly_portable	a10efc95ebb148f9380c6f74fb9437c29b841d5b593a62e813b92183edee5e4c	panel_dataset_freeze_v1	Brassica rapa_PRJCA009630	Brassica rapa									leaf	4	4	12689	candidate_include	True	passes_provisional_panel_gates		
panel_decision	Brassica rapa_PRJCA009630:vascular	freeze				internal_source_record:not_publicly_portable	a10efc95ebb148f9380c6f74fb9437c29b841d5b593a62e813b92183edee5e4c	panel_dataset_freeze_v1	Brassica rapa_PRJCA009630	Brassica rapa									vascular	2	1	240	exclude	False	fewer_than_two_candidate_labels_with_100_cells		
panel_decision	Catharanthus roseus_PRJNA759937:root	freeze				internal_source_record:not_publicly_portable	a10efc95ebb148f9380c6f74fb9437c29b841d5b593a62e813b92183edee5e4c	panel_dataset_freeze_v1	Catharanthus roseus_PRJNA759937	Catharanthus roseus									root	0	0	0	exclude	False	fewer_than_two_candidate_labels_with_100_cells		
panel_decision	Catharanthus roseus_PRJNA759937:leaf	freeze				internal_source_record:not_publicly_portable	a10efc95ebb148f9380c6f74fb9437c29b841d5b593a62e813b92183edee5e4c	panel_dataset_freeze_v1	Catharanthus roseus_PRJNA759937	Catharanthus roseus									leaf	4	4	24971	candidate_include	True	passes_provisional_panel_gates		
panel_decision	Catharanthus roseus_PRJNA759937:vascular	freeze				internal_source_record:not_publicly_portable	a10efc95ebb148f9380c6f74fb9437c29b841d5b593a62e813b92183edee5e4c	panel_dataset_freeze_v1	Catharanthus roseus_PRJNA759937	Catharanthus roseus									vascular	1	1	1648	exclude	False	fewer_than_two_candidate_labels_with_100_cells		
panel_decision	Catharanthus roseus_PRJNA847226_Leaf:root	freeze				internal_source_record:not_publicly_portable	a10efc95ebb148f9380c6f74fb9437c29b841d5b593a62e813b92183edee5e4c	panel_dataset_freeze_v1	Catharanthus roseus_PRJNA847226_Leaf	Catharanthus roseus									root	0	0	0	exclude	False	fewer_than_two_candidate_labels_with_100_cells		
panel_decision	Catharanthus roseus_PRJNA847226_Leaf:leaf	freeze				internal_source_record:not_publicly_portable	a10efc95ebb148f9380c6f74fb9437c29b841d5b593a62e813b92183edee5e4c	panel_dataset_freeze_v1	Catharanthus roseus_PRJNA847226_Leaf	Catharanthus roseus									leaf	4	3	8449	candidate_include	True	passes_provisional_panel_gates		
panel_decision	Catharanthus roseus_PRJNA847226_Leaf:vascular	freeze				internal_source_record:not_publicly_portable	a10efc95ebb148f9380c6f74fb9437c29b841d5b593a62e813b92183edee5e4c	panel_dataset_freeze_v1	Catharanthus roseus_PRJNA847226_Leaf	Catharanthus roseus									vascular	2	2	1529	candidate_include	True	passes_provisional_panel_gates		
panel_decision	Catharanthus roseus_PRJNA847226_Root:root	freeze				internal_source_record:not_publicly_portable	a10efc95ebb148f9380c6f74fb9437c29b841d5b593a62e813b92183edee5e4c	panel_dataset_freeze_v1	Catharanthus roseus_PRJNA847226_Root	Catharanthus roseus									root	2	2	845	candidate_include	True	passes_provisional_panel_gates		
panel_decision	Catharanthus roseus_PRJNA847226_Root:leaf	freeze				internal_source_record:not_publicly_portable	a10efc95ebb148f9380c6f74fb9437c29b841d5b593a62e813b92183edee5e4c	panel_dataset_freeze_v1	Catharanthus roseus_PRJNA847226_Root	Catharanthus roseus									leaf	0	0	0	exclude	False	fewer_than_two_candidate_labels_with_100_cells		
panel_decision	Catharanthus roseus_PRJNA847226_Root:vascular	freeze				internal_source_record:not_publicly_portable	a10efc95ebb148f9380c6f74fb9437c29b841d5b593a62e813b92183edee5e4c	panel_dataset_freeze_v1	Catharanthus roseus_PRJNA847226_Root	Catharanthus roseus									vascular	0	0	0	exclude	False	fewer_than_two_candidate_labels_with_100_cells		
panel_decision	Cynodon dactylon_PRJNA918429:root	freeze				internal_source_record:not_publicly_portable	a10efc95ebb148f9380c6f74fb9437c29b841d5b593a62e813b92183edee5e4c	panel_dataset_freeze_v1	Cynodon dactylon_PRJNA918429	Cynodon dactylon									root	0	0	0	exclude	False	orthogroup_coverage_below_60pct_or_unavailable;fewer_than_two_candidate_labels_with_100_cells		
panel_decision	Cynodon dactylon_PRJNA918429:leaf	freeze				internal_source_record:not_publicly_portable	a10efc95ebb148f9380c6f74fb9437c29b841d5b593a62e813b92183edee5e4c	panel_dataset_freeze_v1	Cynodon dactylon_PRJNA918429	Cynodon dactylon									leaf	0	0	0	exclude	False	orthogroup_coverage_below_60pct_or_unavailable;fewer_than_two_candidate_labels_with_100_cells		
panel_decision	Cynodon dactylon_PRJNA918429:vascular	freeze				internal_source_record:not_publicly_portable	a10efc95ebb148f9380c6f74fb9437c29b841d5b593a62e813b92183edee5e4c	panel_dataset_freeze_v1	Cynodon dactylon_PRJNA918429	Cynodon dactylon									vascular	0	0	0	exclude	False	orthogroup_coverage_below_60pct_or_unavailable;fewer_than_two_candidate_labels_with_100_cells		
panel_decision	Fragaria vesca_PRJCA006322:root	freeze				internal_source_record:not_publicly_portable	a10efc95ebb148f9380c6f74fb9437c29b841d5b593a62e813b92183edee5e4c	panel_dataset_freeze_v1	Fragaria vesca_PRJCA006322	Fragaria vesca									root	0	0	0	exclude	False	orthogroup_coverage_below_60pct_or_unavailable;fewer_than_two_candidate_labels_with_100_cells		
panel_decision	Fragaria vesca_PRJCA006322:leaf	freeze				internal_source_record:not_publicly_portable	a10efc95ebb148f9380c6f74fb9437c29b841d5b593a62e813b92183edee5e4c	panel_dataset_freeze_v1	Fragaria vesca_PRJCA006322	Fragaria vesca									leaf	0	0	0	exclude	False	orthogroup_coverage_below_60pct_or_unavailable;fewer_than_two_candidate_labels_with_100_cells		
panel_decision	Fragaria vesca_PRJCA006322:vascular	freeze				internal_source_record:not_publicly_portable	a10efc95ebb148f9380c6f74fb9437c29b841d5b593a62e813b92183edee5e4c	panel_dataset_freeze_v1	Fragaria vesca_PRJCA006322	Fragaria vesca									vascular	0	0	0	exclude	False	orthogroup_coverage_below_60pct_or_unavailable;fewer_than_two_candidate_labels_with_100_cells		
panel_decision	Glycine max_GSE234864_Flower:root	freeze				internal_source_record:not_publicly_portable	a10efc95ebb148f9380c6f74fb9437c29b841d5b593a62e813b92183edee5e4c	panel_dataset_freeze_v1	Glycine max_GSE234864_Flower	Glycine max									root	0	0	0	exclude	False	fewer_than_two_candidate_labels_with_100_cells		
panel_decision	Glycine max_GSE234864_Flower:leaf	freeze				internal_source_record:not_publicly_portable	a10efc95ebb148f9380c6f74fb9437c29b841d5b593a62e813b92183edee5e4c	panel_dataset_freeze_v1	Glycine max_GSE234864_Flower	Glycine max									leaf	1	1	162	exclude	False	fewer_than_two_candidate_labels_with_100_cells		
panel_decision	Glycine max_GSE234864_Flower:vascular	freeze				internal_source_record:not_publicly_portable	a10efc95ebb148f9380c6f74fb9437c29b841d5b593a62e813b92183edee5e4c	panel_dataset_freeze_v1	Glycine max_GSE234864_Flower	Glycine max									vascular	0	0	0	exclude	False	fewer_than_two_candidate_labels_with_100_cells		
panel_decision	Glycine max_GSE234864_SeedCotyledon:root	freeze				internal_source_record:not_publicly_portable	a10efc95ebb148f9380c6f74fb9437c29b841d5b593a62e813b92183edee5e4c	panel_dataset_freeze_v1	Glycine max_GSE234864_SeedCotyledon	Glycine max									root	0	0	0	exclude	False	fewer_than_two_candidate_labels_with_100_cells		
panel_decision	Glycine max_GSE234864_SeedCotyledon:leaf	freeze				internal_source_record:not_publicly_portable	a10efc95ebb148f9380c6f74fb9437c29b841d5b593a62e813b92183edee5e4c	panel_dataset_freeze_v1	Glycine max_GSE234864_SeedCotyledon	Glycine max									leaf	0	0	0	exclude	False	fewer_than_two_candidate_labels_with_100_cells		
panel_decision	Glycine max_GSE234864_SeedCotyledon:vascular	freeze				internal_source_record:not_publicly_portable	a10efc95ebb148f9380c6f74fb9437c29b841d5b593a62e813b92183edee5e4c	panel_dataset_freeze_v1	Glycine max_GSE234864_SeedCotyledon	Glycine max									vascular	0	0	0	exclude	False	fewer_than_two_candidate_labels_with_100_cells		
panel_decision	Glycine max_GSE234864_SeedHeart:root	freeze				internal_source_record:not_publicly_portable	a10efc95ebb148f9380c6f74fb9437c29b841d5b593a62e813b92183edee5e4c	panel_dataset_freeze_v1	Glycine max_GSE234864_SeedHeart	Glycine max									root	0	0	0	exclude	False	fewer_than_two_candidate_labels_with_100_cells		
panel_decision	Glycine max_GSE234864_SeedHeart:leaf	freeze				internal_source_record:not_publicly_portable	a10efc95ebb148f9380c6f74fb9437c29b841d5b593a62e813b92183edee5e4c	panel_dataset_freeze_v1	Glycine max_GSE234864_SeedHeart	Glycine max									leaf	0	0	0	exclude	False	fewer_than_two_candidate_labels_with_100_cells		
panel_decision	Glycine max_GSE234864_SeedHeart:vascular	freeze				internal_source_record:not_publicly_portable	a10efc95ebb148f9380c6f74fb9437c29b841d5b593a62e813b92183edee5e4c	panel_dataset_freeze_v1	Glycine max_GSE234864_SeedHeart	Glycine max									vascular	0	0	0	exclude	False	fewer_than_two_candidate_labels_with_100_cells		
panel_decision	Glycine max_GSE234864_SeedMidMaturation:root	freeze				internal_source_record:not_publicly_portable	a10efc95ebb148f9380c6f74fb9437c29b841d5b593a62e813b92183edee5e4c	panel_dataset_freeze_v1	Glycine max_GSE234864_SeedMidMaturation	Glycine max									root	0	0	0	exclude	False	fewer_than_two_candidate_labels_with_100_cells		
panel_decision	Glycine max_GSE234864_SeedMidMaturation:leaf	freeze				internal_source_record:not_publicly_portable	a10efc95ebb148f9380c6f74fb9437c29b841d5b593a62e813b92183edee5e4c	panel_dataset_freeze_v1	Glycine max_GSE234864_SeedMidMaturation	Glycine max									leaf	0	0	0	exclude	False	fewer_than_two_candidate_labels_with_100_cells		
panel_decision	Glycine max_GSE234864_SeedMidMaturation:vascular	freeze				internal_source_record:not_publicly_portable	a10efc95ebb148f9380c6f74fb9437c29b841d5b593a62e813b92183edee5e4c	panel_dataset_freeze_v1	Glycine max_GSE234864_SeedMidMaturation	Glycine max									vascular	0	0	0	exclude	False	fewer_than_two_candidate_labels_with_100_cells		
panel_decision	Glycine max_GSE234864_Shoot:root	freeze				internal_source_record:not_publicly_portable	a10efc95ebb148f9380c6f74fb9437c29b841d5b593a62e813b92183edee5e4c	panel_dataset_freeze_v1	Glycine max_GSE234864_Shoot	Glycine max									root	0	0	0	exclude	False	fewer_than_two_candidate_labels_with_100_cells		
panel_decision	Glycine max_GSE234864_Shoot:leaf	freeze				internal_source_record:not_publicly_portable	a10efc95ebb148f9380c6f74fb9437c29b841d5b593a62e813b92183edee5e4c	panel_dataset_freeze_v1	Glycine max_GSE234864_Shoot	Glycine max									leaf	2	2	1023	candidate_include	True	passes_provisional_panel_gates		
panel_decision	Glycine max_GSE234864_Shoot:vascular	freeze				internal_source_record:not_publicly_portable	a10efc95ebb148f9380c6f74fb9437c29b841d5b593a62e813b92183edee5e4c	panel_dataset_freeze_v1	Glycine max_GSE234864_Shoot	Glycine max									vascular	2	2	1219	candidate_include	True	passes_provisional_panel_gates		
panel_decision	Glycine max_GSE234864_TrifoliateLeaf:root	freeze				internal_source_record:not_publicly_portable	a10efc95ebb148f9380c6f74fb9437c29b841d5b593a62e813b92183edee5e4c	panel_dataset_freeze_v1	Glycine max_GSE234864_TrifoliateLeaf	Glycine max									root	0	0	0	exclude	False	fewer_than_two_candidate_labels_with_100_cells		
panel_decision	Glycine max_GSE234864_TrifoliateLeaf:leaf	freeze				internal_source_record:not_publicly_portable	a10efc95ebb148f9380c6f74fb9437c29b841d5b593a62e813b92183edee5e4c	panel_dataset_freeze_v1	Glycine max_GSE234864_TrifoliateLeaf	Glycine max									leaf	5	5	9723	candidate_include	True	passes_provisional_panel_gates		
panel_decision	Glycine max_GSE234864_TrifoliateLeaf:vascular	freeze				internal_source_record:not_publicly_portable	a10efc95ebb148f9380c6f74fb9437c29b841d5b593a62e813b92183edee5e4c	panel_dataset_freeze_v1	Glycine max_GSE234864_TrifoliateLeaf	Glycine max									vascular	2	2	1332	candidate_include	True	passes_provisional_panel_gates		
panel_decision	Glycine max_GSE234864_TrueLeaf:root	freeze				internal_source_record:not_publicly_portable	a10efc95ebb148f9380c6f74fb9437c29b841d5b593a62e813b92183edee5e4c	panel_dataset_freeze_v1	Glycine max_GSE234864_TrueLeaf	Glycine max									root	0	0	0	exclude	False	fewer_than_two_candidate_labels_with_100_cells		
panel_decision	Glycine max_GSE234864_TrueLeaf:leaf	freeze				internal_source_record:not_publicly_portable	a10efc95ebb148f9380c6f74fb9437c29b841d5b593a62e813b92183edee5e4c	panel_dataset_freeze_v1	Glycine max_GSE234864_TrueLeaf	Glycine max									leaf	5	5	8927	candidate_include	True	passes_provisional_panel_gates		
panel_decision	Glycine max_GSE234864_TrueLeaf:vascular	freeze				internal_source_record:not_publicly_portable	a10efc95ebb148f9380c6f74fb9437c29b841d5b593a62e813b92183edee5e4c	panel_dataset_freeze_v1	Glycine max_GSE234864_TrueLeaf	Glycine max									vascular	2	2	844	candidate_include	True	passes_provisional_panel_gates		
panel_decision	Glycine max_PRJCA009893:root	freeze				internal_source_record:not_publicly_portable	a10efc95ebb148f9380c6f74fb9437c29b841d5b593a62e813b92183edee5e4c	panel_dataset_freeze_v1	Glycine max_PRJCA009893	Glycine max									root	2	2	11662	candidate_include	True	passes_provisional_panel_gates		
panel_decision	Glycine max_PRJCA009893:leaf	freeze				internal_source_record:not_publicly_portable	a10efc95ebb148f9380c6f74fb9437c29b841d5b593a62e813b92183edee5e4c	panel_dataset_freeze_v1	Glycine max_PRJCA009893	Glycine max									leaf	0	0	0	exclude	False	fewer_than_two_candidate_labels_with_100_cells		
panel_decision	Glycine max_PRJCA009893:vascular	freeze				internal_source_record:not_publicly_portable	a10efc95ebb148f9380c6f74fb9437c29b841d5b593a62e813b92183edee5e4c	panel_dataset_freeze_v1	Glycine max_PRJCA009893	Glycine max									vascular	1	1	3359	exclude	False	fewer_than_two_candidate_labels_with_100_cells		
panel_decision	Glycine max_PRJNA1124403_CSseed:root	freeze				internal_source_record:not_publicly_portable	a10efc95ebb148f9380c6f74fb9437c29b841d5b593a62e813b92183edee5e4c	panel_dataset_freeze_v1	Glycine max_PRJNA1124403_CSseed	Glycine max									root	0	0	0	exclude	False	fewer_than_two_candidate_labels_with_100_cells		
panel_decision	Glycine max_PRJNA1124403_CSseed:leaf	freeze				internal_source_record:not_publicly_portable	a10efc95ebb148f9380c6f74fb9437c29b841d5b593a62e813b92183edee5e4c	panel_dataset_freeze_v1	Glycine max_PRJNA1124403_CSseed	Glycine max									leaf	0	0	0	exclude	False	fewer_than_two_candidate_labels_with_100_cells		
panel_decision	Glycine max_PRJNA1124403_CSseed:vascular	freeze				internal_source_record:not_publicly_portable	a10efc95ebb148f9380c6f74fb9437c29b841d5b593a62e813b92183edee5e4c	panel_dataset_freeze_v1	Glycine max_PRJNA1124403_CSseed	Glycine max									vascular	0	0	0	exclude	False	fewer_than_two_candidate_labels_with_100_cells		
panel_decision	Glycine max_PRJNA1124403_GSseed:root	freeze				internal_source_record:not_publicly_portable	a10efc95ebb148f9380c6f74fb9437c29b841d5b593a62e813b92183edee5e4c	panel_dataset_freeze_v1	Glycine max_PRJNA1124403_GSseed	Glycine max									root	0	0	0	exclude	False	fewer_than_two_candidate_labels_with_100_cells		
panel_decision	Glycine max_PRJNA1124403_GSseed:leaf	freeze				internal_source_record:not_publicly_portable	a10efc95ebb148f9380c6f74fb9437c29b841d5b593a62e813b92183edee5e4c	panel_dataset_freeze_v1	Glycine max_PRJNA1124403_GSseed	Glycine max									leaf	0	0	0	exclude	False	fewer_than_two_candidate_labels_with_100_cells		
panel_decision	Glycine max_PRJNA1124403_GSseed:vascular	freeze				internal_source_record:not_publicly_portable	a10efc95ebb148f9380c6f74fb9437c29b841d5b593a62e813b92183edee5e4c	panel_dataset_freeze_v1	Glycine max_PRJNA1124403_GSseed	Glycine max									vascular	0	0	0	exclude	False	fewer_than_two_candidate_labels_with_100_cells		
panel_decision	Glycine max_PRJNA1124403_HSseed:root	freeze				internal_source_record:not_publicly_portable	a10efc95ebb148f9380c6f74fb9437c29b841d5b593a62e813b92183edee5e4c	panel_dataset_freeze_v1	Glycine max_PRJNA1124403_HSseed	Glycine max									root	0	0	0	exclude	False	fewer_than_two_candidate_labels_with_100_cells		
panel_decision	Glycine max_PRJNA1124403_HSseed:leaf	freeze				internal_source_record:not_publicly_portable	a10efc95ebb148f9380c6f74fb9437c29b841d5b593a62e813b92183edee5e4c	panel_dataset_freeze_v1	Glycine max_PRJNA1124403_HSseed	Glycine max									leaf	0	0	0	exclude	False	fewer_than_two_candidate_labels_with_100_cells		
panel_decision	Glycine max_PRJNA1124403_HSseed:vascular	freeze				internal_source_record:not_publicly_portable	a10efc95ebb148f9380c6f74fb9437c29b841d5b593a62e813b92183edee5e4c	panel_dataset_freeze_v1	Glycine max_PRJNA1124403_HSseed	Glycine max									vascular	0	0	0	exclude	False	fewer_than_two_candidate_labels_with_100_cells		
panel_decision	Glycine max_PRJNA1124403_Nodule:root	freeze				internal_source_record:not_publicly_portable	a10efc95ebb148f9380c6f74fb9437c29b841d5b593a62e813b92183edee5e4c	panel_dataset_freeze_v1	Glycine max_PRJNA1124403_Nodule	Glycine max									root	3	2	3392	candidate_include	True	passes_provisional_panel_gates		
panel_decision	Glycine max_PRJNA1124403_Nodule:leaf	freeze				internal_source_record:not_publicly_portable	a10efc95ebb148f9380c6f74fb9437c29b841d5b593a62e813b92183edee5e4c	panel_dataset_freeze_v1	Glycine max_PRJNA1124403_Nodule	Glycine max									leaf	0	0	0	exclude	False	fewer_than_two_candidate_labels_with_100_cells		
panel_decision	Glycine max_PRJNA1124403_Nodule:vascular	freeze				internal_source_record:not_publicly_portable	a10efc95ebb148f9380c6f74fb9437c29b841d5b593a62e813b92183edee5e4c	panel_dataset_freeze_v1	Glycine max_PRJNA1124403_Nodule	Glycine max									vascular	3	3	1710	candidate_include	True	passes_provisional_panel_gates		
panel_decision	Glycine max_PRJNA1124403_Root:root	freeze				internal_source_record:not_publicly_portable	a10efc95ebb148f9380c6f74fb9437c29b841d5b593a62e813b92183edee5e4c	panel_dataset_freeze_v1	Glycine max_PRJNA1124403_Root	Glycine max									root	6	6	9733	candidate_include	True	passes_provisional_panel_gates		
panel_decision	Glycine max_PRJNA1124403_Root:leaf	freeze				internal_source_record:not_publicly_portable	a10efc95ebb148f9380c6f74fb9437c29b841d5b593a62e813b92183edee5e4c	panel_dataset_freeze_v1	Glycine max_PRJNA1124403_Root	Glycine max									leaf	0	0	0	exclude	False	fewer_than_two_candidate_labels_with_100_cells		
panel_decision	Glycine max_PRJNA1124403_Root:vascular	freeze				internal_source_record:not_publicly_portable	a10efc95ebb148f9380c6f74fb9437c29b841d5b593a62e813b92183edee5e4c	panel_dataset_freeze_v1	Glycine max_PRJNA1124403_Root	Glycine max									vascular	2	2	2239	candidate_include	True	passes_provisional_panel_gates		
panel_decision	Glycine max_PRJNA1124403_Stem:root	freeze				internal_source_record:not_publicly_portable	a10efc95ebb148f9380c6f74fb9437c29b841d5b593a62e813b92183edee5e4c	panel_dataset_freeze_v1	Glycine max_PRJNA1124403_Stem	Glycine max									root	0	0	0	exclude	False	fewer_than_two_candidate_labels_with_100_cells		
panel_decision	Glycine max_PRJNA1124403_Stem:leaf	freeze				internal_source_record:not_publicly_portable	a10efc95ebb148f9380c6f74fb9437c29b841d5b593a62e813b92183edee5e4c	panel_dataset_freeze_v1	Glycine max_PRJNA1124403_Stem	Glycine max									leaf	0	0	0	exclude	False	fewer_than_two_candidate_labels_with_100_cells		
panel_decision	Glycine max_PRJNA1124403_Stem:vascular	freeze				internal_source_record:not_publicly_portable	a10efc95ebb148f9380c6f74fb9437c29b841d5b593a62e813b92183edee5e4c	panel_dataset_freeze_v1	Glycine max_PRJNA1124403_Stem	Glycine max									vascular	2	2	1178	candidate_include	True	passes_provisional_panel_gates		
panel_decision	Gossypium arboreum_PRJNA939177:root	freeze				internal_source_record:not_publicly_portable	a10efc95ebb148f9380c6f74fb9437c29b841d5b593a62e813b92183edee5e4c	panel_dataset_freeze_v1	Gossypium arboreum_PRJNA939177	Gossypium arboreum									root	0	0	0	exclude	False	orthogroup_coverage_below_60pct_or_unavailable;fewer_than_two_candidate_labels_with_100_cells		
panel_decision	Gossypium arboreum_PRJNA939177:leaf	freeze				internal_source_record:not_publicly_portable	a10efc95ebb148f9380c6f74fb9437c29b841d5b593a62e813b92183edee5e4c	panel_dataset_freeze_v1	Gossypium arboreum_PRJNA939177	Gossypium arboreum									leaf	0	0	0	exclude	False	orthogroup_coverage_below_60pct_or_unavailable;fewer_than_two_candidate_labels_with_100_cells		
panel_decision	Gossypium arboreum_PRJNA939177:vascular	freeze				internal_source_record:not_publicly_portable	a10efc95ebb148f9380c6f74fb9437c29b841d5b593a62e813b92183edee5e4c	panel_dataset_freeze_v1	Gossypium arboreum_PRJNA939177	Gossypium arboreum									vascular	0	0	0	exclude	False	orthogroup_coverage_below_60pct_or_unavailable;fewer_than_two_candidate_labels_with_100_cells		
panel_decision	Gossypium bickii_PRJNA934498:root	freeze				internal_source_record:not_publicly_portable	a10efc95ebb148f9380c6f74fb9437c29b841d5b593a62e813b92183edee5e4c	panel_dataset_freeze_v1	Gossypium bickii_PRJNA934498	Gossypium bickii									root	0	0	0	exclude	False	orthogroup_coverage_below_60pct_or_unavailable;fewer_than_two_candidate_labels_with_100_cells		
panel_decision	Gossypium bickii_PRJNA934498:leaf	freeze				internal_source_record:not_publicly_portable	a10efc95ebb148f9380c6f74fb9437c29b841d5b593a62e813b92183edee5e4c	panel_dataset_freeze_v1	Gossypium bickii_PRJNA934498	Gossypium bickii									leaf	0	0	0	exclude	False	orthogroup_coverage_below_60pct_or_unavailable;fewer_than_two_candidate_labels_with_100_cells		
panel_decision	Gossypium bickii_PRJNA934498:vascular	freeze				internal_source_record:not_publicly_portable	a10efc95ebb148f9380c6f74fb9437c29b841d5b593a62e813b92183edee5e4c	panel_dataset_freeze_v1	Gossypium bickii_PRJNA934498	Gossypium bickii									vascular	0	0	0	exclude	False	orthogroup_coverage_below_60pct_or_unavailable;fewer_than_two_candidate_labels_with_100_cells		
panel_decision	Gossypium hirsutum_PRJNA1010459:root	freeze				internal_source_record:not_publicly_portable	a10efc95ebb148f9380c6f74fb9437c29b841d5b593a62e813b92183edee5e4c	panel_dataset_freeze_v1	Gossypium hirsutum_PRJNA1010459	Gossypium hirsutum									root	0	0	0	exclude	False	orthogroup_coverage_below_60pct_or_unavailable;fewer_than_two_candidate_labels_with_100_cells		
panel_decision	Gossypium hirsutum_PRJNA1010459:leaf	freeze				internal_source_record:not_publicly_portable	a10efc95ebb148f9380c6f74fb9437c29b841d5b593a62e813b92183edee5e4c	panel_dataset_freeze_v1	Gossypium hirsutum_PRJNA1010459	Gossypium hirsutum									leaf	0	0	0	exclude	False	orthogroup_coverage_below_60pct_or_unavailable;fewer_than_two_candidate_labels_with_100_cells		
panel_decision	Gossypium hirsutum_PRJNA1010459:vascular	freeze				internal_source_record:not_publicly_portable	a10efc95ebb148f9380c6f74fb9437c29b841d5b593a62e813b92183edee5e4c	panel_dataset_freeze_v1	Gossypium hirsutum_PRJNA1010459	Gossypium hirsutum									vascular	0	0	0	exclude	False	orthogroup_coverage_below_60pct_or_unavailable;fewer_than_two_candidate_labels_with_100_cells		
panel_decision	Gossypium hirsutum_PRJNA1018465:root	freeze				internal_source_record:not_publicly_portable	a10efc95ebb148f9380c6f74fb9437c29b841d5b593a62e813b92183edee5e4c	panel_dataset_freeze_v1	Gossypium hirsutum_PRJNA1018465	Gossypium hirsutum									root	0	0	0	exclude	False	orthogroup_coverage_below_60pct_or_unavailable;fewer_than_two_candidate_labels_with_100_cells		
panel_decision	Gossypium hirsutum_PRJNA1018465:leaf	freeze				internal_source_record:not_publicly_portable	a10efc95ebb148f9380c6f74fb9437c29b841d5b593a62e813b92183edee5e4c	panel_dataset_freeze_v1	Gossypium hirsutum_PRJNA1018465	Gossypium hirsutum									leaf	0	0	0	exclude	False	orthogroup_coverage_below_60pct_or_unavailable;fewer_than_two_candidate_labels_with_100_cells		
panel_decision	Gossypium hirsutum_PRJNA1018465:vascular	freeze				internal_source_record:not_publicly_portable	a10efc95ebb148f9380c6f74fb9437c29b841d5b593a62e813b92183edee5e4c	panel_dataset_freeze_v1	Gossypium hirsutum_PRJNA1018465	Gossypium hirsutum									vascular	0	0	0	exclude	False	orthogroup_coverage_below_60pct_or_unavailable;fewer_than_two_candidate_labels_with_100_cells		
panel_decision	Gossypium hirsutum_PRJNA600131:root	freeze				internal_source_record:not_publicly_portable	a10efc95ebb148f9380c6f74fb9437c29b841d5b593a62e813b92183edee5e4c	panel_dataset_freeze_v1	Gossypium hirsutum_PRJNA600131	Gossypium hirsutum									root	0	0	0	exclude	False	orthogroup_coverage_below_60pct_or_unavailable;fewer_than_two_candidate_labels_with_100_cells		
panel_decision	Gossypium hirsutum_PRJNA600131:leaf	freeze				internal_source_record:not_publicly_portable	a10efc95ebb148f9380c6f74fb9437c29b841d5b593a62e813b92183edee5e4c	panel_dataset_freeze_v1	Gossypium hirsutum_PRJNA600131	Gossypium hirsutum									leaf	0	0	0	exclude	False	orthogroup_coverage_below_60pct_or_unavailable;fewer_than_two_candidate_labels_with_100_cells		
panel_decision	Gossypium hirsutum_PRJNA600131:vascular	freeze				internal_source_record:not_publicly_portable	a10efc95ebb148f9380c6f74fb9437c29b841d5b593a62e813b92183edee5e4c	panel_dataset_freeze_v1	Gossypium hirsutum_PRJNA600131	Gossypium hirsutum									vascular	0	0	0	exclude	False	orthogroup_coverage_below_60pct_or_unavailable;fewer_than_two_candidate_labels_with_100_cells		
panel_decision	Gossypium hirsutum_PRJNA895970:root	freeze				internal_source_record:not_publicly_portable	a10efc95ebb148f9380c6f74fb9437c29b841d5b593a62e813b92183edee5e4c	panel_dataset_freeze_v1	Gossypium hirsutum_PRJNA895970	Gossypium hirsutum									root	0	0	0	exclude	False	orthogroup_coverage_below_60pct_or_unavailable;fewer_than_two_candidate_labels_with_100_cells		
panel_decision	Gossypium hirsutum_PRJNA895970:leaf	freeze				internal_source_record:not_publicly_portable	a10efc95ebb148f9380c6f74fb9437c29b841d5b593a62e813b92183edee5e4c	panel_dataset_freeze_v1	Gossypium hirsutum_PRJNA895970	Gossypium hirsutum									leaf	0	0	0	exclude	False	orthogroup_coverage_below_60pct_or_unavailable;fewer_than_two_candidate_labels_with_100_cells		
panel_decision	Gossypium hirsutum_PRJNA895970:vascular	freeze				internal_source_record:not_publicly_portable	a10efc95ebb148f9380c6f74fb9437c29b841d5b593a62e813b92183edee5e4c	panel_dataset_freeze_v1	Gossypium hirsutum_PRJNA895970	Gossypium hirsutum									vascular	0	0	0	exclude	False	orthogroup_coverage_below_60pct_or_unavailable;fewer_than_two_candidate_labels_with_100_cells		
panel_decision	Hevea brasiliensis_PRJCA012893:root	freeze				internal_source_record:not_publicly_portable	a10efc95ebb148f9380c6f74fb9437c29b841d5b593a62e813b92183edee5e4c	panel_dataset_freeze_v1	Hevea brasiliensis_PRJCA012893	Hevea brasiliensis									root	0	0	0	exclude	False	orthogroup_coverage_below_60pct_or_unavailable;fewer_than_two_candidate_labels_with_100_cells		
panel_decision	Hevea brasiliensis_PRJCA012893:leaf	freeze				internal_source_record:not_publicly_portable	a10efc95ebb148f9380c6f74fb9437c29b841d5b593a62e813b92183edee5e4c	panel_dataset_freeze_v1	Hevea brasiliensis_PRJCA012893	Hevea brasiliensis									leaf	0	0	0	exclude	False	orthogroup_coverage_below_60pct_or_unavailable;fewer_than_two_candidate_labels_with_100_cells		
panel_decision	Hevea brasiliensis_PRJCA012893:vascular	freeze				internal_source_record:not_publicly_portable	a10efc95ebb148f9380c6f74fb9437c29b841d5b593a62e813b92183edee5e4c	panel_dataset_freeze_v1	Hevea brasiliensis_PRJCA012893	Hevea brasiliensis									vascular	0	0	0	exclude	False	orthogroup_coverage_below_60pct_or_unavailable;fewer_than_two_candidate_labels_with_100_cells		
panel_decision	Hylocereus undatus_PRJNA974579:root	freeze				internal_source_record:not_publicly_portable	a10efc95ebb148f9380c6f74fb9437c29b841d5b593a62e813b92183edee5e4c	panel_dataset_freeze_v1	Hylocereus undatus_PRJNA974579	Hylocereus undatus									root	0	0	0	exclude	False	orthogroup_coverage_below_60pct_or_unavailable;species_not_officially_matched;fewer_than_two_candidate_labels_with_100_cells		
panel_decision	Hylocereus undatus_PRJNA974579:leaf	freeze				internal_source_record:not_publicly_portable	a10efc95ebb148f9380c6f74fb9437c29b841d5b593a62e813b92183edee5e4c	panel_dataset_freeze_v1	Hylocereus undatus_PRJNA974579	Hylocereus undatus									leaf	0	0	0	exclude	False	orthogroup_coverage_below_60pct_or_unavailable;species_not_officially_matched;fewer_than_two_candidate_labels_with_100_cells		
panel_decision	Hylocereus undatus_PRJNA974579:vascular	freeze				internal_source_record:not_publicly_portable	a10efc95ebb148f9380c6f74fb9437c29b841d5b593a62e813b92183edee5e4c	panel_dataset_freeze_v1	Hylocereus undatus_PRJNA974579	Hylocereus undatus									vascular	0	0	0	exclude	False	orthogroup_coverage_below_60pct_or_unavailable;species_not_officially_matched;fewer_than_two_candidate_labels_with_100_cells		
panel_decision	Lemna minuta_PRJNA725879:root	freeze				internal_source_record:not_publicly_portable	a10efc95ebb148f9380c6f74fb9437c29b841d5b593a62e813b92183edee5e4c	panel_dataset_freeze_v1	Lemna minuta_PRJNA725879	Lemna minuta									root	0	0	0	exclude	False	orthogroup_coverage_below_60pct_or_unavailable;fewer_than_two_candidate_labels_with_100_cells		
panel_decision	Lemna minuta_PRJNA725879:leaf	freeze				internal_source_record:not_publicly_portable	a10efc95ebb148f9380c6f74fb9437c29b841d5b593a62e813b92183edee5e4c	panel_dataset_freeze_v1	Lemna minuta_PRJNA725879	Lemna minuta									leaf	0	0	0	exclude	False	orthogroup_coverage_below_60pct_or_unavailable;fewer_than_two_candidate_labels_with_100_cells		
panel_decision	Lemna minuta_PRJNA725879:vascular	freeze				internal_source_record:not_publicly_portable	a10efc95ebb148f9380c6f74fb9437c29b841d5b593a62e813b92183edee5e4c	panel_dataset_freeze_v1	Lemna minuta_PRJNA725879	Lemna minuta									vascular	0	0	0	exclude	False	orthogroup_coverage_below_60pct_or_unavailable;fewer_than_two_candidate_labels_with_100_cells		
panel_decision	Limonium bicolor_PRJNA913259:root	freeze				internal_source_record:not_publicly_portable	a10efc95ebb148f9380c6f74fb9437c29b841d5b593a62e813b92183edee5e4c	panel_dataset_freeze_v1	Limonium bicolor_PRJNA913259	Limonium bicolor									root	0	0	0	exclude	False	orthogroup_coverage_below_60pct_or_unavailable;fewer_than_two_candidate_labels_with_100_cells		
panel_decision	Limonium bicolor_PRJNA913259:leaf	freeze				internal_source_record:not_publicly_portable	a10efc95ebb148f9380c6f74fb9437c29b841d5b593a62e813b92183edee5e4c	panel_dataset_freeze_v1	Limonium bicolor_PRJNA913259	Limonium bicolor									leaf	0	0	0	exclude	False	orthogroup_coverage_below_60pct_or_unavailable;fewer_than_two_candidate_labels_with_100_cells		
panel_decision	Limonium bicolor_PRJNA913259:vascular	freeze				internal_source_record:not_publicly_portable	a10efc95ebb148f9380c6f74fb9437c29b841d5b593a62e813b92183edee5e4c	panel_dataset_freeze_v1	Limonium bicolor_PRJNA913259	Limonium bicolor									vascular	0	0	0	exclude	False	orthogroup_coverage_below_60pct_or_unavailable;fewer_than_two_candidate_labels_with_100_cells		
panel_decision	Manihot esculenta Crantz_PRJCA019992:root	freeze				internal_source_record:not_publicly_portable	a10efc95ebb148f9380c6f74fb9437c29b841d5b593a62e813b92183edee5e4c	panel_dataset_freeze_v1	Manihot esculenta Crantz_PRJCA019992	Manihot esculenta Crantz									root	0	0	0	exclude	False	orthogroup_coverage_below_60pct_or_unavailable;fewer_than_two_candidate_labels_with_100_cells		
panel_decision	Manihot esculenta Crantz_PRJCA019992:leaf	freeze				internal_source_record:not_publicly_portable	a10efc95ebb148f9380c6f74fb9437c29b841d5b593a62e813b92183edee5e4c	panel_dataset_freeze_v1	Manihot esculenta Crantz_PRJCA019992	Manihot esculenta Crantz									leaf	0	0	0	exclude	False	orthogroup_coverage_below_60pct_or_unavailable;fewer_than_two_candidate_labels_with_100_cells		
panel_decision	Manihot esculenta Crantz_PRJCA019992:vascular	freeze				internal_source_record:not_publicly_portable	a10efc95ebb148f9380c6f74fb9437c29b841d5b593a62e813b92183edee5e4c	panel_dataset_freeze_v1	Manihot esculenta Crantz_PRJCA019992	Manihot esculenta Crantz									vascular	0	0	0	exclude	False	orthogroup_coverage_below_60pct_or_unavailable;fewer_than_two_candidate_labels_with_100_cells		
panel_decision	Manihot esculenta Crantz_PRJNA895163:root	freeze				internal_source_record:not_publicly_portable	a10efc95ebb148f9380c6f74fb9437c29b841d5b593a62e813b92183edee5e4c	panel_dataset_freeze_v1	Manihot esculenta Crantz_PRJNA895163	Manihot esculenta Crantz									root	0	0	0	exclude	False	orthogroup_coverage_below_60pct_or_unavailable;fewer_than_two_candidate_labels_with_100_cells		
panel_decision	Manihot esculenta Crantz_PRJNA895163:leaf	freeze				internal_source_record:not_publicly_portable	a10efc95ebb148f9380c6f74fb9437c29b841d5b593a62e813b92183edee5e4c	panel_dataset_freeze_v1	Manihot esculenta Crantz_PRJNA895163	Manihot esculenta Crantz									leaf	0	0	0	exclude	False	orthogroup_coverage_below_60pct_or_unavailable;fewer_than_two_candidate_labels_with_100_cells		
panel_decision	Manihot esculenta Crantz_PRJNA895163:vascular	freeze				internal_source_record:not_publicly_portable	a10efc95ebb148f9380c6f74fb9437c29b841d5b593a62e813b92183edee5e4c	panel_dataset_freeze_v1	Manihot esculenta Crantz_PRJNA895163	Manihot esculenta Crantz									vascular	0	0	0	exclude	False	orthogroup_coverage_below_60pct_or_unavailable;fewer_than_two_candidate_labels_with_100_cells		
panel_decision	Medicago sativa_PRJNA885791:root	freeze				internal_source_record:not_publicly_portable	a10efc95ebb148f9380c6f74fb9437c29b841d5b593a62e813b92183edee5e4c	panel_dataset_freeze_v1	Medicago sativa_PRJNA885791	Medicago sativa									root	0	0	0	exclude	False	orthogroup_coverage_below_60pct_or_unavailable;fewer_than_two_candidate_labels_with_100_cells		
panel_decision	Medicago sativa_PRJNA885791:leaf	freeze				internal_source_record:not_publicly_portable	a10efc95ebb148f9380c6f74fb9437c29b841d5b593a62e813b92183edee5e4c	panel_dataset_freeze_v1	Medicago sativa_PRJNA885791	Medicago sativa									leaf	0	0	0	exclude	False	orthogroup_coverage_below_60pct_or_unavailable;fewer_than_two_candidate_labels_with_100_cells		
panel_decision	Medicago sativa_PRJNA885791:vascular	freeze				internal_source_record:not_publicly_portable	a10efc95ebb148f9380c6f74fb9437c29b841d5b593a62e813b92183edee5e4c	panel_dataset_freeze_v1	Medicago sativa_PRJNA885791	Medicago sativa									vascular	0	0	0	exclude	False	orthogroup_coverage_below_60pct_or_unavailable;fewer_than_two_candidate_labels_with_100_cells		
panel_decision	Medicago truncatula_PRJCA011245:root	freeze				internal_source_record:not_publicly_portable	a10efc95ebb148f9380c6f74fb9437c29b841d5b593a62e813b92183edee5e4c	panel_dataset_freeze_v1	Medicago truncatula_PRJCA011245	Medicago truncatula									root	0	0	0	exclude	False	orthogroup_coverage_below_60pct_or_unavailable;fewer_than_two_candidate_labels_with_100_cells		
panel_decision	Medicago truncatula_PRJCA011245:leaf	freeze				internal_source_record:not_publicly_portable	a10efc95ebb148f9380c6f74fb9437c29b841d5b593a62e813b92183edee5e4c	panel_dataset_freeze_v1	Medicago truncatula_PRJCA011245	Medicago truncatula									leaf	0	0	0	exclude	False	orthogroup_coverage_below_60pct_or_unavailable;fewer_than_two_candidate_labels_with_100_cells		
panel_decision	Medicago truncatula_PRJCA011245:vascular	freeze				internal_source_record:not_publicly_portable	a10efc95ebb148f9380c6f74fb9437c29b841d5b593a62e813b92183edee5e4c	panel_dataset_freeze_v1	Medicago truncatula_PRJCA011245	Medicago truncatula									vascular	0	0	0	exclude	False	orthogroup_coverage_below_60pct_or_unavailable;fewer_than_two_candidate_labels_with_100_cells		
panel_decision	Medicago truncatula_PRJCA012129:root	freeze				internal_source_record:not_publicly_portable	a10efc95ebb148f9380c6f74fb9437c29b841d5b593a62e813b92183edee5e4c	panel_dataset_freeze_v1	Medicago truncatula_PRJCA012129	Medicago truncatula									root	0	0	0	exclude	False	orthogroup_coverage_below_60pct_or_unavailable;fewer_than_two_candidate_labels_with_100_cells		
panel_decision	Medicago truncatula_PRJCA012129:leaf	freeze				internal_source_record:not_publicly_portable	a10efc95ebb148f9380c6f74fb9437c29b841d5b593a62e813b92183edee5e4c	panel_dataset_freeze_v1	Medicago truncatula_PRJCA012129	Medicago truncatula									leaf	0	0	0	exclude	False	orthogroup_coverage_below_60pct_or_unavailable;fewer_than_two_candidate_labels_with_100_cells		
panel_decision	Medicago truncatula_PRJCA012129:vascular	freeze				internal_source_record:not_publicly_portable	a10efc95ebb148f9380c6f74fb9437c29b841d5b593a62e813b92183edee5e4c	panel_dataset_freeze_v1	Medicago truncatula_PRJCA012129	Medicago truncatula									vascular	0	0	0	exclude	False	orthogroup_coverage_below_60pct_or_unavailable;fewer_than_two_candidate_labels_with_100_cells		
panel_decision	Medicago truncatula_PRJNA868047:root	freeze				internal_source_record:not_publicly_portable	a10efc95ebb148f9380c6f74fb9437c29b841d5b593a62e813b92183edee5e4c	panel_dataset_freeze_v1	Medicago truncatula_PRJNA868047	Medicago truncatula									root	0	0	0	exclude	False	orthogroup_coverage_below_60pct_or_unavailable;fewer_than_two_candidate_labels_with_100_cells		
panel_decision	Medicago truncatula_PRJNA868047:leaf	freeze				internal_source_record:not_publicly_portable	a10efc95ebb148f9380c6f74fb9437c29b841d5b593a62e813b92183edee5e4c	panel_dataset_freeze_v1	Medicago truncatula_PRJNA868047	Medicago truncatula									leaf	0	0	0	exclude	False	orthogroup_coverage_below_60pct_or_unavailable;fewer_than_two_candidate_labels_with_100_cells		
panel_decision	Medicago truncatula_PRJNA868047:vascular	freeze				internal_source_record:not_publicly_portable	a10efc95ebb148f9380c6f74fb9437c29b841d5b593a62e813b92183edee5e4c	panel_dataset_freeze_v1	Medicago truncatula_PRJNA868047	Medicago truncatula									vascular	0	0	0	exclude	False	orthogroup_coverage_below_60pct_or_unavailable;fewer_than_two_candidate_labels_with_100_cells		
panel_decision	Medicago truncatula_PRJNA931615:root	freeze				internal_source_record:not_publicly_portable	a10efc95ebb148f9380c6f74fb9437c29b841d5b593a62e813b92183edee5e4c	panel_dataset_freeze_v1	Medicago truncatula_PRJNA931615	Medicago truncatula									root	0	0	0	exclude	False	orthogroup_coverage_below_60pct_or_unavailable;fewer_than_two_candidate_labels_with_100_cells		
panel_decision	Medicago truncatula_PRJNA931615:leaf	freeze				internal_source_record:not_publicly_portable	a10efc95ebb148f9380c6f74fb9437c29b841d5b593a62e813b92183edee5e4c	panel_dataset_freeze_v1	Medicago truncatula_PRJNA931615	Medicago truncatula									leaf	0	0	0	exclude	False	orthogroup_coverage_below_60pct_or_unavailable;fewer_than_two_candidate_labels_with_100_cells		
panel_decision	Medicago truncatula_PRJNA931615:vascular	freeze				internal_source_record:not_publicly_portable	a10efc95ebb148f9380c6f74fb9437c29b841d5b593a62e813b92183edee5e4c	panel_dataset_freeze_v1	Medicago truncatula_PRJNA931615	Medicago truncatula									vascular	0	0	0	exclude	False	orthogroup_coverage_below_60pct_or_unavailable;fewer_than_two_candidate_labels_with_100_cells		
panel_decision	Nepeta tenuifolia_PRJNA743551:root	freeze				internal_source_record:not_publicly_portable	a10efc95ebb148f9380c6f74fb9437c29b841d5b593a62e813b92183edee5e4c	panel_dataset_freeze_v1	Nepeta tenuifolia_PRJNA743551	Nepeta tenuifolia									root	0	0	0	exclude	False	orthogroup_coverage_below_60pct_or_unavailable;fewer_than_two_candidate_labels_with_100_cells		
panel_decision	Nepeta tenuifolia_PRJNA743551:leaf	freeze				internal_source_record:not_publicly_portable	a10efc95ebb148f9380c6f74fb9437c29b841d5b593a62e813b92183edee5e4c	panel_dataset_freeze_v1	Nepeta tenuifolia_PRJNA743551	Nepeta tenuifolia									leaf	0	0	0	exclude	False	orthogroup_coverage_below_60pct_or_unavailable;fewer_than_two_candidate_labels_with_100_cells		
panel_decision	Nepeta tenuifolia_PRJNA743551:vascular	freeze				internal_source_record:not_publicly_portable	a10efc95ebb148f9380c6f74fb9437c29b841d5b593a62e813b92183edee5e4c	panel_dataset_freeze_v1	Nepeta tenuifolia_PRJNA743551	Nepeta tenuifolia									vascular	0	0	0	exclude	False	orthogroup_coverage_below_60pct_or_unavailable;fewer_than_two_candidate_labels_with_100_cells		
panel_decision	Nicotiana attenuata_PRJNA796301:root	freeze				internal_source_record:not_publicly_portable	a10efc95ebb148f9380c6f74fb9437c29b841d5b593a62e813b92183edee5e4c	panel_dataset_freeze_v1	Nicotiana attenuata_PRJNA796301	Nicotiana attenuata									root	0	0	0	exclude	False	orthogroup_coverage_below_60pct_or_unavailable;fewer_than_two_candidate_labels_with_100_cells		
panel_decision	Nicotiana attenuata_PRJNA796301:leaf	freeze				internal_source_record:not_publicly_portable	a10efc95ebb148f9380c6f74fb9437c29b841d5b593a62e813b92183edee5e4c	panel_dataset_freeze_v1	Nicotiana attenuata_PRJNA796301	Nicotiana attenuata									leaf	0	0	0	exclude	False	orthogroup_coverage_below_60pct_or_unavailable;fewer_than_two_candidate_labels_with_100_cells		
panel_decision	Nicotiana attenuata_PRJNA796301:vascular	freeze				internal_source_record:not_publicly_portable	a10efc95ebb148f9380c6f74fb9437c29b841d5b593a62e813b92183edee5e4c	panel_dataset_freeze_v1	Nicotiana attenuata_PRJNA796301	Nicotiana attenuata									vascular	0	0	0	exclude	False	orthogroup_coverage_below_60pct_or_unavailable;fewer_than_two_candidate_labels_with_100_cells		
panel_decision	Nicotiana tabacum_PRJCA018794:root	freeze				internal_source_record:not_publicly_portable	a10efc95ebb148f9380c6f74fb9437c29b841d5b593a62e813b92183edee5e4c	panel_dataset_freeze_v1	Nicotiana tabacum_PRJCA018794	Nicotiana tabacum									root	0	0	0	exclude	False	orthogroup_coverage_below_60pct_or_unavailable;fewer_than_two_candidate_labels_with_100_cells		
panel_decision	Nicotiana tabacum_PRJCA018794:leaf	freeze				internal_source_record:not_publicly_portable	a10efc95ebb148f9380c6f74fb9437c29b841d5b593a62e813b92183edee5e4c	panel_dataset_freeze_v1	Nicotiana tabacum_PRJCA018794	Nicotiana tabacum									leaf	0	0	0	exclude	False	orthogroup_coverage_below_60pct_or_unavailable;fewer_than_two_candidate_labels_with_100_cells		
panel_decision	Nicotiana tabacum_PRJCA018794:vascular	freeze				internal_source_record:not_publicly_portable	a10efc95ebb148f9380c6f74fb9437c29b841d5b593a62e813b92183edee5e4c	panel_dataset_freeze_v1	Nicotiana tabacum_PRJCA018794	Nicotiana tabacum									vascular	0	0	0	exclude	False	orthogroup_coverage_below_60pct_or_unavailable;fewer_than_two_candidate_labels_with_100_cells		
panel_decision	Nicotiana tabacum_PRJNA970858:root	freeze				internal_source_record:not_publicly_portable	a10efc95ebb148f9380c6f74fb9437c29b841d5b593a62e813b92183edee5e4c	panel_dataset_freeze_v1	Nicotiana tabacum_PRJNA970858	Nicotiana tabacum									root	0	0	0	exclude	False	orthogroup_coverage_below_60pct_or_unavailable;fewer_than_two_candidate_labels_with_100_cells		
panel_decision	Nicotiana tabacum_PRJNA970858:leaf	freeze				internal_source_record:not_publicly_portable	a10efc95ebb148f9380c6f74fb9437c29b841d5b593a62e813b92183edee5e4c	panel_dataset_freeze_v1	Nicotiana tabacum_PRJNA970858	Nicotiana tabacum									leaf	0	0	0	exclude	False	orthogroup_coverage_below_60pct_or_unavailable;fewer_than_two_candidate_labels_with_100_cells		
panel_decision	Nicotiana tabacum_PRJNA970858:vascular	freeze				internal_source_record:not_publicly_portable	a10efc95ebb148f9380c6f74fb9437c29b841d5b593a62e813b92183edee5e4c	panel_dataset_freeze_v1	Nicotiana tabacum_PRJNA970858	Nicotiana tabacum									vascular	0	0	0	exclude	False	orthogroup_coverage_below_60pct_or_unavailable;fewer_than_two_candidate_labels_with_100_cells		
panel_decision	Oryza sativa_CNP0004152:root	freeze				internal_source_record:not_publicly_portable	a10efc95ebb148f9380c6f74fb9437c29b841d5b593a62e813b92183edee5e4c	panel_dataset_freeze_v1	Oryza sativa_CNP0004152	Oryza sativa									root	0	0	0	exclude	False	official_source_metadata_not_resolved;fewer_than_two_candidate_labels_with_100_cells		
panel_decision	Oryza sativa_CNP0004152:leaf	freeze				internal_source_record:not_publicly_portable	a10efc95ebb148f9380c6f74fb9437c29b841d5b593a62e813b92183edee5e4c	panel_dataset_freeze_v1	Oryza sativa_CNP0004152	Oryza sativa									leaf	0	0	0	exclude	False	official_source_metadata_not_resolved;fewer_than_two_candidate_labels_with_100_cells		
panel_decision	Oryza sativa_CNP0004152:vascular	freeze				internal_source_record:not_publicly_portable	a10efc95ebb148f9380c6f74fb9437c29b841d5b593a62e813b92183edee5e4c	panel_dataset_freeze_v1	Oryza sativa_CNP0004152	Oryza sativa									vascular	0	0	0	exclude	False	official_source_metadata_not_resolved;fewer_than_two_candidate_labels_with_100_cells		
panel_decision	Oryza sativa_CRA004082_Leaf:root	freeze				internal_source_record:not_publicly_portable	a10efc95ebb148f9380c6f74fb9437c29b841d5b593a62e813b92183edee5e4c	panel_dataset_freeze_v1	Oryza sativa_CRA004082_Leaf	Oryza sativa									root	0	0	0	exclude	False	official_source_metadata_not_resolved;fewer_than_two_candidate_labels_with_100_cells		
panel_decision	Oryza sativa_CRA004082_Leaf:leaf	freeze				internal_source_record:not_publicly_portable	a10efc95ebb148f9380c6f74fb9437c29b841d5b593a62e813b92183edee5e4c	panel_dataset_freeze_v1	Oryza sativa_CRA004082_Leaf	Oryza sativa									leaf	2	2	3434	exclude	False	official_source_metadata_not_resolved		
panel_decision	Oryza sativa_CRA004082_Leaf:vascular	freeze				internal_source_record:not_publicly_portable	a10efc95ebb148f9380c6f74fb9437c29b841d5b593a62e813b92183edee5e4c	panel_dataset_freeze_v1	Oryza sativa_CRA004082_Leaf	Oryza sativa									vascular	2	2	866	exclude	False	official_source_metadata_not_resolved		
panel_decision	Oryza sativa_CRA004082_Root:root	freeze				internal_source_record:not_publicly_portable	a10efc95ebb148f9380c6f74fb9437c29b841d5b593a62e813b92183edee5e4c	panel_dataset_freeze_v1	Oryza sativa_CRA004082_Root	Oryza sativa									root	5	5	8964	exclude	False	official_source_metadata_not_resolved		
panel_decision	Oryza sativa_CRA004082_Root:leaf	freeze				internal_source_record:not_publicly_portable	a10efc95ebb148f9380c6f74fb9437c29b841d5b593a62e813b92183edee5e4c	panel_dataset_freeze_v1	Oryza sativa_CRA004082_Root	Oryza sativa									leaf	0	0	0	exclude	False	official_source_metadata_not_resolved;fewer_than_two_candidate_labels_with_100_cells		
panel_decision	Oryza sativa_CRA004082_Root:vascular	freeze				internal_source_record:not_publicly_portable	a10efc95ebb148f9380c6f74fb9437c29b841d5b593a62e813b92183edee5e4c	panel_dataset_freeze_v1	Oryza sativa_CRA004082_Root	Oryza sativa									vascular	3	2	2214	exclude	False	official_source_metadata_not_resolved		
panel_decision	Oryza sativa_PRJNA609092:root	freeze				internal_source_record:not_publicly_portable	a10efc95ebb148f9380c6f74fb9437c29b841d5b593a62e813b92183edee5e4c	panel_dataset_freeze_v1	Oryza sativa_PRJNA609092	Oryza sativa									root	5	5	14435	candidate_include	True	passes_provisional_panel_gates		
panel_decision	Oryza sativa_PRJNA609092:leaf	freeze				internal_source_record:not_publicly_portable	a10efc95ebb148f9380c6f74fb9437c29b841d5b593a62e813b92183edee5e4c	panel_dataset_freeze_v1	Oryza sativa_PRJNA609092	Oryza sativa									leaf	0	0	0	exclude	False	fewer_than_two_candidate_labels_with_100_cells		
panel_decision	Oryza sativa_PRJNA609092:vascular	freeze				internal_source_record:not_publicly_portable	a10efc95ebb148f9380c6f74fb9437c29b841d5b593a62e813b92183edee5e4c	panel_dataset_freeze_v1	Oryza sativa_PRJNA609092	Oryza sativa									vascular	1	1	149	exclude	False	fewer_than_two_candidate_labels_with_100_cells		
panel_decision	Oryza sativa_PRJNA706435:root	freeze				internal_source_record:not_publicly_portable	a10efc95ebb148f9380c6f74fb9437c29b841d5b593a62e813b92183edee5e4c	panel_dataset_freeze_v1	Oryza sativa_PRJNA706435	Oryza sativa									root	5	5	14143	candidate_include	True	passes_provisional_panel_gates		
panel_decision	Oryza sativa_PRJNA706435:leaf	freeze				internal_source_record:not_publicly_portable	a10efc95ebb148f9380c6f74fb9437c29b841d5b593a62e813b92183edee5e4c	panel_dataset_freeze_v1	Oryza sativa_PRJNA706435	Oryza sativa									leaf	0	0	0	exclude	False	fewer_than_two_candidate_labels_with_100_cells		
panel_decision	Oryza sativa_PRJNA706435:vascular	freeze				internal_source_record:not_publicly_portable	a10efc95ebb148f9380c6f74fb9437c29b841d5b593a62e813b92183edee5e4c	panel_dataset_freeze_v1	Oryza sativa_PRJNA706435	Oryza sativa									vascular	2	2	2899	candidate_include	True	passes_provisional_panel_gates		
panel_decision	Oryza sativa_PRJNA767589_Inflorescence:root	freeze				internal_source_record:not_publicly_portable	a10efc95ebb148f9380c6f74fb9437c29b841d5b593a62e813b92183edee5e4c	panel_dataset_freeze_v1	Oryza sativa_PRJNA767589_Inflorescence	Oryza sativa									root	0	0	0	exclude	False	fewer_than_two_candidate_labels_with_100_cells		
panel_decision	Oryza sativa_PRJNA767589_Inflorescence:leaf	freeze				internal_source_record:not_publicly_portable	a10efc95ebb148f9380c6f74fb9437c29b841d5b593a62e813b92183edee5e4c	panel_dataset_freeze_v1	Oryza sativa_PRJNA767589_Inflorescence	Oryza sativa									leaf	0	0	0	exclude	False	fewer_than_two_candidate_labels_with_100_cells		
panel_decision	Oryza sativa_PRJNA767589_Inflorescence:vascular	freeze				internal_source_record:not_publicly_portable	a10efc95ebb148f9380c6f74fb9437c29b841d5b593a62e813b92183edee5e4c	panel_dataset_freeze_v1	Oryza sativa_PRJNA767589_Inflorescence	Oryza sativa									vascular	0	0	0	exclude	False	fewer_than_two_candidate_labels_with_100_cells		
panel_decision	Oryza sativa_PRJNA767589_Spikelet:root	freeze				internal_source_record:not_publicly_portable	a10efc95ebb148f9380c6f74fb9437c29b841d5b593a62e813b92183edee5e4c	panel_dataset_freeze_v1	Oryza sativa_PRJNA767589_Spikelet	Oryza sativa									root	0	0	0	exclude	False	fewer_than_two_candidate_labels_with_100_cells		
panel_decision	Oryza sativa_PRJNA767589_Spikelet:leaf	freeze				internal_source_record:not_publicly_portable	a10efc95ebb148f9380c6f74fb9437c29b841d5b593a62e813b92183edee5e4c	panel_dataset_freeze_v1	Oryza sativa_PRJNA767589_Spikelet	Oryza sativa									leaf	0	0	0	exclude	False	fewer_than_two_candidate_labels_with_100_cells		
panel_decision	Oryza sativa_PRJNA767589_Spikelet:vascular	freeze				internal_source_record:not_publicly_portable	a10efc95ebb148f9380c6f74fb9437c29b841d5b593a62e813b92183edee5e4c	panel_dataset_freeze_v1	Oryza sativa_PRJNA767589_Spikelet	Oryza sativa									vascular	0	0	0	exclude	False	fewer_than_two_candidate_labels_with_100_cells		
panel_decision	Phyllostachys edulis_PRJNA953008:root	freeze				internal_source_record:not_publicly_portable	a10efc95ebb148f9380c6f74fb9437c29b841d5b593a62e813b92183edee5e4c	panel_dataset_freeze_v1	Phyllostachys edulis_PRJNA953008	Phyllostachys edulis									root	0	0	0	exclude	False	orthogroup_coverage_below_60pct_or_unavailable;fewer_than_two_candidate_labels_with_100_cells		
panel_decision	Phyllostachys edulis_PRJNA953008:leaf	freeze				internal_source_record:not_publicly_portable	a10efc95ebb148f9380c6f74fb9437c29b841d5b593a62e813b92183edee5e4c	panel_dataset_freeze_v1	Phyllostachys edulis_PRJNA953008	Phyllostachys edulis									leaf	0	0	0	exclude	False	orthogroup_coverage_below_60pct_or_unavailable;fewer_than_two_candidate_labels_with_100_cells		
panel_decision	Phyllostachys edulis_PRJNA953008:vascular	freeze				internal_source_record:not_publicly_portable	a10efc95ebb148f9380c6f74fb9437c29b841d5b593a62e813b92183edee5e4c	panel_dataset_freeze_v1	Phyllostachys edulis_PRJNA953008	Phyllostachys edulis									vascular	0	0	0	exclude	False	orthogroup_coverage_below_60pct_or_unavailable;fewer_than_two_candidate_labels_with_100_cells		
panel_decision	Pisum sativum_PRJNA983513:root	freeze				internal_source_record:not_publicly_portable	a10efc95ebb148f9380c6f74fb9437c29b841d5b593a62e813b92183edee5e4c	panel_dataset_freeze_v1	Pisum sativum_PRJNA983513	Pisum sativum									root	0	0	0	exclude	False	orthogroup_coverage_below_60pct_or_unavailable;fewer_than_two_candidate_labels_with_100_cells		
panel_decision	Pisum sativum_PRJNA983513:leaf	freeze				internal_source_record:not_publicly_portable	a10efc95ebb148f9380c6f74fb9437c29b841d5b593a62e813b92183edee5e4c	panel_dataset_freeze_v1	Pisum sativum_PRJNA983513	Pisum sativum									leaf	0	0	0	exclude	False	orthogroup_coverage_below_60pct_or_unavailable;fewer_than_two_candidate_labels_with_100_cells		
panel_decision	Pisum sativum_PRJNA983513:vascular	freeze				internal_source_record:not_publicly_portable	a10efc95ebb148f9380c6f74fb9437c29b841d5b593a62e813b92183edee5e4c	panel_dataset_freeze_v1	Pisum sativum_PRJNA983513	Pisum sativum									vascular	0	0	0	exclude	False	orthogroup_coverage_below_60pct_or_unavailable;fewer_than_two_candidate_labels_with_100_cells		
panel_decision	Populus alba x Populus glandulosa_PRJNA703312:root	freeze				internal_source_record:not_publicly_portable	a10efc95ebb148f9380c6f74fb9437c29b841d5b593a62e813b92183edee5e4c	panel_dataset_freeze_v1	Populus alba x Populus glandulosa_PRJNA703312	Populus alba x Populus glandulosa									root	0	0	0	exclude	False	orthogroup_coverage_below_60pct_or_unavailable;fewer_than_two_candidate_labels_with_100_cells		
panel_decision	Populus alba x Populus glandulosa_PRJNA703312:leaf	freeze				internal_source_record:not_publicly_portable	a10efc95ebb148f9380c6f74fb9437c29b841d5b593a62e813b92183edee5e4c	panel_dataset_freeze_v1	Populus alba x Populus glandulosa_PRJNA703312	Populus alba x Populus glandulosa									leaf	0	0	0	exclude	False	orthogroup_coverage_below_60pct_or_unavailable;fewer_than_two_candidate_labels_with_100_cells		
panel_decision	Populus alba x Populus glandulosa_PRJNA703312:vascular	freeze				internal_source_record:not_publicly_portable	a10efc95ebb148f9380c6f74fb9437c29b841d5b593a62e813b92183edee5e4c	panel_dataset_freeze_v1	Populus alba x Populus glandulosa_PRJNA703312	Populus alba x Populus glandulosa									vascular	0	0	0	exclude	False	orthogroup_coverage_below_60pct_or_unavailable;fewer_than_two_candidate_labels_with_100_cells		
panel_decision	Populus alba x Populus tremula_PRJNA787915:root	freeze				internal_source_record:not_publicly_portable	a10efc95ebb148f9380c6f74fb9437c29b841d5b593a62e813b92183edee5e4c	panel_dataset_freeze_v1	Populus alba x Populus tremula_PRJNA787915	Populus alba x Populus tremula									root	0	0	0	exclude	False	orthogroup_coverage_below_60pct_or_unavailable;species_not_officially_matched;fewer_than_two_candidate_labels_with_100_cells		
panel_decision	Populus alba x Populus tremula_PRJNA787915:leaf	freeze				internal_source_record:not_publicly_portable	a10efc95ebb148f9380c6f74fb9437c29b841d5b593a62e813b92183edee5e4c	panel_dataset_freeze_v1	Populus alba x Populus tremula_PRJNA787915	Populus alba x Populus tremula									leaf	0	0	0	exclude	False	orthogroup_coverage_below_60pct_or_unavailable;species_not_officially_matched;fewer_than_two_candidate_labels_with_100_cells		
panel_decision	Populus alba x Populus tremula_PRJNA787915:vascular	freeze				internal_source_record:not_publicly_portable	a10efc95ebb148f9380c6f74fb9437c29b841d5b593a62e813b92183edee5e4c	panel_dataset_freeze_v1	Populus alba x Populus tremula_PRJNA787915	Populus alba x Populus tremula									vascular	0	0	0	exclude	False	orthogroup_coverage_below_60pct_or_unavailable;species_not_officially_matched;fewer_than_two_candidate_labels_with_100_cells		
panel_decision	Populus alba_PRJCA005543:root	freeze				internal_source_record:not_publicly_portable	a10efc95ebb148f9380c6f74fb9437c29b841d5b593a62e813b92183edee5e4c	panel_dataset_freeze_v1	Populus alba_PRJCA005543	Populus alba									root	0	0	0	exclude	False	orthogroup_coverage_below_60pct_or_unavailable;fewer_than_two_candidate_labels_with_100_cells		
panel_decision	Populus alba_PRJCA005543:leaf	freeze				internal_source_record:not_publicly_portable	a10efc95ebb148f9380c6f74fb9437c29b841d5b593a62e813b92183edee5e4c	panel_dataset_freeze_v1	Populus alba_PRJCA005543	Populus alba									leaf	0	0	0	exclude	False	orthogroup_coverage_below_60pct_or_unavailable;fewer_than_two_candidate_labels_with_100_cells		
panel_decision	Populus alba_PRJCA005543:vascular	freeze				internal_source_record:not_publicly_portable	a10efc95ebb148f9380c6f74fb9437c29b841d5b593a62e813b92183edee5e4c	panel_dataset_freeze_v1	Populus alba_PRJCA005543	Populus alba									vascular	0	0	0	exclude	False	orthogroup_coverage_below_60pct_or_unavailable;fewer_than_two_candidate_labels_with_100_cells		
panel_decision	Populus euramericana_PRJCA015012_Primary:root	freeze				internal_source_record:not_publicly_portable	a10efc95ebb148f9380c6f74fb9437c29b841d5b593a62e813b92183edee5e4c	panel_dataset_freeze_v1	Populus euramericana_PRJCA015012_Primary	Populus euramericana									root	0	0	0	exclude	False	orthogroup_coverage_below_60pct_or_unavailable;fewer_than_two_candidate_labels_with_100_cells		
panel_decision	Populus euramericana_PRJCA015012_Primary:leaf	freeze				internal_source_record:not_publicly_portable	a10efc95ebb148f9380c6f74fb9437c29b841d5b593a62e813b92183edee5e4c	panel_dataset_freeze_v1	Populus euramericana_PRJCA015012_Primary	Populus euramericana									leaf	0	0	0	exclude	False	orthogroup_coverage_below_60pct_or_unavailable;fewer_than_two_candidate_labels_with_100_cells		
panel_decision	Populus euramericana_PRJCA015012_Primary:vascular	freeze				internal_source_record:not_publicly_portable	a10efc95ebb148f9380c6f74fb9437c29b841d5b593a62e813b92183edee5e4c	panel_dataset_freeze_v1	Populus euramericana_PRJCA015012_Primary	Populus euramericana									vascular	0	0	0	exclude	False	orthogroup_coverage_below_60pct_or_unavailable;fewer_than_two_candidate_labels_with_100_cells		
panel_decision	Populus euramericana_PRJCA015012_Secondary:root	freeze				internal_source_record:not_publicly_portable	a10efc95ebb148f9380c6f74fb9437c29b841d5b593a62e813b92183edee5e4c	panel_dataset_freeze_v1	Populus euramericana_PRJCA015012_Secondary	Populus euramericana									root	0	0	0	exclude	False	orthogroup_coverage_below_60pct_or_unavailable;fewer_than_two_candidate_labels_with_100_cells		
panel_decision	Populus euramericana_PRJCA015012_Secondary:leaf	freeze				internal_source_record:not_publicly_portable	a10efc95ebb148f9380c6f74fb9437c29b841d5b593a62e813b92183edee5e4c	panel_dataset_freeze_v1	Populus euramericana_PRJCA015012_Secondary	Populus euramericana									leaf	0	0	0	exclude	False	orthogroup_coverage_below_60pct_or_unavailable;fewer_than_two_candidate_labels_with_100_cells		
panel_decision	Populus euramericana_PRJCA015012_Secondary:vascular	freeze				internal_source_record:not_publicly_portable	a10efc95ebb148f9380c6f74fb9437c29b841d5b593a62e813b92183edee5e4c	panel_dataset_freeze_v1	Populus euramericana_PRJCA015012_Secondary	Populus euramericana									vascular	0	0	0	exclude	False	orthogroup_coverage_below_60pct_or_unavailable;fewer_than_two_candidate_labels_with_100_cells		
panel_decision	Populus trichocarpa_PRJCA014789:root	freeze				internal_source_record:not_publicly_portable	a10efc95ebb148f9380c6f74fb9437c29b841d5b593a62e813b92183edee5e4c	panel_dataset_freeze_v1	Populus trichocarpa_PRJCA014789	Populus trichocarpa									root	0	0	0	exclude	False	fewer_than_two_candidate_labels_with_100_cells		
panel_decision	Populus trichocarpa_PRJCA014789:leaf	freeze				internal_source_record:not_publicly_portable	a10efc95ebb148f9380c6f74fb9437c29b841d5b593a62e813b92183edee5e4c	panel_dataset_freeze_v1	Populus trichocarpa_PRJCA014789	Populus trichocarpa									leaf	0	0	0	exclude	False	fewer_than_two_candidate_labels_with_100_cells		
panel_decision	Populus trichocarpa_PRJCA014789:vascular	freeze				internal_source_record:not_publicly_portable	a10efc95ebb148f9380c6f74fb9437c29b841d5b593a62e813b92183edee5e4c	panel_dataset_freeze_v1	Populus trichocarpa_PRJCA014789	Populus trichocarpa									vascular	1	1	580	exclude	False	fewer_than_two_candidate_labels_with_100_cells		
panel_decision	Populus trichocarpa_PRJNA746591:root	freeze				internal_source_record:not_publicly_portable	a10efc95ebb148f9380c6f74fb9437c29b841d5b593a62e813b92183edee5e4c	panel_dataset_freeze_v1	Populus trichocarpa_PRJNA746591	Populus trichocarpa									root	0	0	0	exclude	False	fewer_than_two_candidate_labels_with_100_cells		
panel_decision	Populus trichocarpa_PRJNA746591:leaf	freeze				internal_source_record:not_publicly_portable	a10efc95ebb148f9380c6f74fb9437c29b841d5b593a62e813b92183edee5e4c	panel_dataset_freeze_v1	Populus trichocarpa_PRJNA746591	Populus trichocarpa									leaf	0	0	0	exclude	False	fewer_than_two_candidate_labels_with_100_cells		
panel_decision	Populus trichocarpa_PRJNA746591:vascular	freeze				internal_source_record:not_publicly_portable	a10efc95ebb148f9380c6f74fb9437c29b841d5b593a62e813b92183edee5e4c	panel_dataset_freeze_v1	Populus trichocarpa_PRJNA746591	Populus trichocarpa									vascular	0	0	0	exclude	False	fewer_than_two_candidate_labels_with_100_cells		
panel_decision	Solanum lycopersicum_PRJNA667489:root	freeze				internal_source_record:not_publicly_portable	a10efc95ebb148f9380c6f74fb9437c29b841d5b593a62e813b92183edee5e4c	panel_dataset_freeze_v1	Solanum lycopersicum_PRJNA667489	Solanum lycopersicum									root	0	0	0	exclude	False	orthogroup_coverage_below_60pct_or_unavailable;fewer_than_two_candidate_labels_with_100_cells		
panel_decision	Solanum lycopersicum_PRJNA667489:leaf	freeze				internal_source_record:not_publicly_portable	a10efc95ebb148f9380c6f74fb9437c29b841d5b593a62e813b92183edee5e4c	panel_dataset_freeze_v1	Solanum lycopersicum_PRJNA667489	Solanum lycopersicum									leaf	0	0	0	exclude	False	orthogroup_coverage_below_60pct_or_unavailable;fewer_than_two_candidate_labels_with_100_cells		
panel_decision	Solanum lycopersicum_PRJNA667489:vascular	freeze				internal_source_record:not_publicly_portable	a10efc95ebb148f9380c6f74fb9437c29b841d5b593a62e813b92183edee5e4c	panel_dataset_freeze_v1	Solanum lycopersicum_PRJNA667489	Solanum lycopersicum									vascular	0	0	0	exclude	False	orthogroup_coverage_below_60pct_or_unavailable;fewer_than_two_candidate_labels_with_100_cells		
panel_decision	Solanum lycopersicum_PRJNA833659:root	freeze				internal_source_record:not_publicly_portable	a10efc95ebb148f9380c6f74fb9437c29b841d5b593a62e813b92183edee5e4c	panel_dataset_freeze_v1	Solanum lycopersicum_PRJNA833659	Solanum lycopersicum									root	0	0	0	exclude	False	orthogroup_coverage_below_60pct_or_unavailable;fewer_than_two_candidate_labels_with_100_cells		
panel_decision	Solanum lycopersicum_PRJNA833659:leaf	freeze				internal_source_record:not_publicly_portable	a10efc95ebb148f9380c6f74fb9437c29b841d5b593a62e813b92183edee5e4c	panel_dataset_freeze_v1	Solanum lycopersicum_PRJNA833659	Solanum lycopersicum									leaf	0	0	0	exclude	False	orthogroup_coverage_below_60pct_or_unavailable;fewer_than_two_candidate_labels_with_100_cells		
panel_decision	Solanum lycopersicum_PRJNA833659:vascular	freeze				internal_source_record:not_publicly_portable	a10efc95ebb148f9380c6f74fb9437c29b841d5b593a62e813b92183edee5e4c	panel_dataset_freeze_v1	Solanum lycopersicum_PRJNA833659	Solanum lycopersicum									vascular	0	0	0	exclude	False	orthogroup_coverage_below_60pct_or_unavailable;fewer_than_two_candidate_labels_with_100_cells		
panel_decision	Sorghum bicolor_PRJNA935359:root	freeze				internal_source_record:not_publicly_portable	a10efc95ebb148f9380c6f74fb9437c29b841d5b593a62e813b92183edee5e4c	panel_dataset_freeze_v1	Sorghum bicolor_PRJNA935359	Sorghum bicolor									root	6	6	7201	candidate_include	True	passes_provisional_panel_gates		
panel_decision	Sorghum bicolor_PRJNA935359:leaf	freeze				internal_source_record:not_publicly_portable	a10efc95ebb148f9380c6f74fb9437c29b841d5b593a62e813b92183edee5e4c	panel_dataset_freeze_v1	Sorghum bicolor_PRJNA935359	Sorghum bicolor									leaf	0	0	0	exclude	False	fewer_than_two_candidate_labels_with_100_cells		
panel_decision	Sorghum bicolor_PRJNA935359:vascular	freeze				internal_source_record:not_publicly_portable	a10efc95ebb148f9380c6f74fb9437c29b841d5b593a62e813b92183edee5e4c	panel_dataset_freeze_v1	Sorghum bicolor_PRJNA935359	Sorghum bicolor									vascular	2	2	493	candidate_include	True	passes_provisional_panel_gates		
panel_decision	Triticum aestivum_PRJCA012935:root	freeze				internal_source_record:not_publicly_portable	a10efc95ebb148f9380c6f74fb9437c29b841d5b593a62e813b92183edee5e4c	panel_dataset_freeze_v1	Triticum aestivum_PRJCA012935	Triticum aestivum									root	0	0	0	exclude	False	orthogroup_coverage_below_60pct_or_unavailable;fewer_than_two_candidate_labels_with_100_cells		
panel_decision	Triticum aestivum_PRJCA012935:leaf	freeze				internal_source_record:not_publicly_portable	a10efc95ebb148f9380c6f74fb9437c29b841d5b593a62e813b92183edee5e4c	panel_dataset_freeze_v1	Triticum aestivum_PRJCA012935	Triticum aestivum									leaf	0	0	0	exclude	False	orthogroup_coverage_below_60pct_or_unavailable;fewer_than_two_candidate_labels_with_100_cells		
panel_decision	Triticum aestivum_PRJCA012935:vascular	freeze				internal_source_record:not_publicly_portable	a10efc95ebb148f9380c6f74fb9437c29b841d5b593a62e813b92183edee5e4c	panel_dataset_freeze_v1	Triticum aestivum_PRJCA012935	Triticum aestivum									vascular	0	0	0	exclude	False	orthogroup_coverage_below_60pct_or_unavailable;fewer_than_two_candidate_labels_with_100_cells		
panel_decision	Wolffia australiana_PRJNA809022:root	freeze				internal_source_record:not_publicly_portable	a10efc95ebb148f9380c6f74fb9437c29b841d5b593a62e813b92183edee5e4c	panel_dataset_freeze_v1	Wolffia australiana_PRJNA809022	Wolffia australiana									root	0	0	0	exclude	False	orthogroup_coverage_below_60pct_or_unavailable;fewer_than_two_candidate_labels_with_100_cells		
panel_decision	Wolffia australiana_PRJNA809022:leaf	freeze				internal_source_record:not_publicly_portable	a10efc95ebb148f9380c6f74fb9437c29b841d5b593a62e813b92183edee5e4c	panel_dataset_freeze_v1	Wolffia australiana_PRJNA809022	Wolffia australiana									leaf	0	0	0	exclude	False	orthogroup_coverage_below_60pct_or_unavailable;fewer_than_two_candidate_labels_with_100_cells		
panel_decision	Wolffia australiana_PRJNA809022:vascular	freeze				internal_source_record:not_publicly_portable	a10efc95ebb148f9380c6f74fb9437c29b841d5b593a62e813b92183edee5e4c	panel_dataset_freeze_v1	Wolffia australiana_PRJNA809022	Wolffia australiana									vascular	0	0	0	exclude	False	orthogroup_coverage_below_60pct_or_unavailable;fewer_than_two_candidate_labels_with_100_cells		
panel_decision	Zea mays_PRJCA020760:root	freeze				internal_source_record:not_publicly_portable	a10efc95ebb148f9380c6f74fb9437c29b841d5b593a62e813b92183edee5e4c	panel_dataset_freeze_v1	Zea mays_PRJCA020760	Zea mays									root	0	0	0	exclude	False	orthogroup_coverage_below_60pct_or_unavailable;fewer_than_two_candidate_labels_with_100_cells		
panel_decision	Zea mays_PRJCA020760:leaf	freeze				internal_source_record:not_publicly_portable	a10efc95ebb148f9380c6f74fb9437c29b841d5b593a62e813b92183edee5e4c	panel_dataset_freeze_v1	Zea mays_PRJCA020760	Zea mays									leaf	0	0	0	exclude	False	orthogroup_coverage_below_60pct_or_unavailable;fewer_than_two_candidate_labels_with_100_cells		
panel_decision	Zea mays_PRJCA020760:vascular	freeze				internal_source_record:not_publicly_portable	a10efc95ebb148f9380c6f74fb9437c29b841d5b593a62e813b92183edee5e4c	panel_dataset_freeze_v1	Zea mays_PRJCA020760	Zea mays									vascular	0	0	0	exclude	False	orthogroup_coverage_below_60pct_or_unavailable;fewer_than_two_candidate_labels_with_100_cells		
panel_decision	Zea mays_PRJNA454730:root	freeze				internal_source_record:not_publicly_portable	a10efc95ebb148f9380c6f74fb9437c29b841d5b593a62e813b92183edee5e4c	panel_dataset_freeze_v1	Zea mays_PRJNA454730	Zea mays									root	0	0	0	exclude	False	orthogroup_coverage_below_60pct_or_unavailable;fewer_than_two_candidate_labels_with_100_cells		
panel_decision	Zea mays_PRJNA454730:leaf	freeze				internal_source_record:not_publicly_portable	a10efc95ebb148f9380c6f74fb9437c29b841d5b593a62e813b92183edee5e4c	panel_dataset_freeze_v1	Zea mays_PRJNA454730	Zea mays									leaf	0	0	0	exclude	False	orthogroup_coverage_below_60pct_or_unavailable;fewer_than_two_candidate_labels_with_100_cells		
panel_decision	Zea mays_PRJNA454730:vascular	freeze				internal_source_record:not_publicly_portable	a10efc95ebb148f9380c6f74fb9437c29b841d5b593a62e813b92183edee5e4c	panel_dataset_freeze_v1	Zea mays_PRJNA454730	Zea mays									vascular	0	0	0	exclude	False	orthogroup_coverage_below_60pct_or_unavailable;fewer_than_two_candidate_labels_with_100_cells		
panel_decision	Zea mays_PRJNA576240:root	freeze				internal_source_record:not_publicly_portable	a10efc95ebb148f9380c6f74fb9437c29b841d5b593a62e813b92183edee5e4c	panel_dataset_freeze_v1	Zea mays_PRJNA576240	Zea mays									root	0	0	0	exclude	False	orthogroup_coverage_below_60pct_or_unavailable;fewer_than_two_candidate_labels_with_100_cells		
panel_decision	Zea mays_PRJNA576240:leaf	freeze				internal_source_record:not_publicly_portable	a10efc95ebb148f9380c6f74fb9437c29b841d5b593a62e813b92183edee5e4c	panel_dataset_freeze_v1	Zea mays_PRJNA576240	Zea mays									leaf	0	0	0	exclude	False	orthogroup_coverage_below_60pct_or_unavailable;fewer_than_two_candidate_labels_with_100_cells		
panel_decision	Zea mays_PRJNA576240:vascular	freeze				internal_source_record:not_publicly_portable	a10efc95ebb148f9380c6f74fb9437c29b841d5b593a62e813b92183edee5e4c	panel_dataset_freeze_v1	Zea mays_PRJNA576240	Zea mays									vascular	0	0	0	exclude	False	orthogroup_coverage_below_60pct_or_unavailable;fewer_than_two_candidate_labels_with_100_cells		
panel_decision	Zea mays_PRJNA646989_PRJNA646996_PRJNA647001:root	freeze				internal_source_record:not_publicly_portable	a10efc95ebb148f9380c6f74fb9437c29b841d5b593a62e813b92183edee5e4c	panel_dataset_freeze_v1	Zea mays_PRJNA646989_PRJNA646996_PRJNA647001	Zea mays									root	0	0	0	exclude	False	orthogroup_coverage_below_60pct_or_unavailable;fewer_than_two_candidate_labels_with_100_cells		
panel_decision	Zea mays_PRJNA646989_PRJNA646996_PRJNA647001:leaf	freeze				internal_source_record:not_publicly_portable	a10efc95ebb148f9380c6f74fb9437c29b841d5b593a62e813b92183edee5e4c	panel_dataset_freeze_v1	Zea mays_PRJNA646989_PRJNA646996_PRJNA647001	Zea mays									leaf	0	0	0	exclude	False	orthogroup_coverage_below_60pct_or_unavailable;fewer_than_two_candidate_labels_with_100_cells		
panel_decision	Zea mays_PRJNA646989_PRJNA646996_PRJNA647001:vascular	freeze				internal_source_record:not_publicly_portable	a10efc95ebb148f9380c6f74fb9437c29b841d5b593a62e813b92183edee5e4c	panel_dataset_freeze_v1	Zea mays_PRJNA646989_PRJNA646996_PRJNA647001	Zea mays									vascular	0	0	0	exclude	False	orthogroup_coverage_below_60pct_or_unavailable;fewer_than_two_candidate_labels_with_100_cells		
panel_decision	Zea mays_PRJNA662627:root	freeze				internal_source_record:not_publicly_portable	a10efc95ebb148f9380c6f74fb9437c29b841d5b593a62e813b92183edee5e4c	panel_dataset_freeze_v1	Zea mays_PRJNA662627	Zea mays									root	0	0	0	exclude	False	orthogroup_coverage_below_60pct_or_unavailable;fewer_than_two_candidate_labels_with_100_cells		
panel_decision	Zea mays_PRJNA662627:leaf	freeze				internal_source_record:not_publicly_portable	a10efc95ebb148f9380c6f74fb9437c29b841d5b593a62e813b92183edee5e4c	panel_dataset_freeze_v1	Zea mays_PRJNA662627	Zea mays									leaf	0	0	0	exclude	False	orthogroup_coverage_below_60pct_or_unavailable;fewer_than_two_candidate_labels_with_100_cells		
panel_decision	Zea mays_PRJNA662627:vascular	freeze				internal_source_record:not_publicly_portable	a10efc95ebb148f9380c6f74fb9437c29b841d5b593a62e813b92183edee5e4c	panel_dataset_freeze_v1	Zea mays_PRJNA662627	Zea mays									vascular	0	0	0	exclude	False	orthogroup_coverage_below_60pct_or_unavailable;fewer_than_two_candidate_labels_with_100_cells		
panel_decision	Zea mays_PRJNA740934:root	freeze				internal_source_record:not_publicly_portable	a10efc95ebb148f9380c6f74fb9437c29b841d5b593a62e813b92183edee5e4c	panel_dataset_freeze_v1	Zea mays_PRJNA740934	Zea mays									root	0	0	0	exclude	False	orthogroup_coverage_below_60pct_or_unavailable;fewer_than_two_candidate_labels_with_100_cells		
panel_decision	Zea mays_PRJNA740934:leaf	freeze				internal_source_record:not_publicly_portable	a10efc95ebb148f9380c6f74fb9437c29b841d5b593a62e813b92183edee5e4c	panel_dataset_freeze_v1	Zea mays_PRJNA740934	Zea mays									leaf	0	0	0	exclude	False	orthogroup_coverage_below_60pct_or_unavailable;fewer_than_two_candidate_labels_with_100_cells		
panel_decision	Zea mays_PRJNA740934:vascular	freeze				internal_source_record:not_publicly_portable	a10efc95ebb148f9380c6f74fb9437c29b841d5b593a62e813b92183edee5e4c	panel_dataset_freeze_v1	Zea mays_PRJNA740934	Zea mays									vascular	0	0	0	exclude	False	orthogroup_coverage_below_60pct_or_unavailable;fewer_than_two_candidate_labels_with_100_cells		
panel_decision	Zea mays_PRJNA759548:root	freeze				internal_source_record:not_publicly_portable	a10efc95ebb148f9380c6f74fb9437c29b841d5b593a62e813b92183edee5e4c	panel_dataset_freeze_v1	Zea mays_PRJNA759548	Zea mays									root	0	0	0	exclude	False	orthogroup_coverage_below_60pct_or_unavailable;fewer_than_two_candidate_labels_with_100_cells		
panel_decision	Zea mays_PRJNA759548:leaf	freeze				internal_source_record:not_publicly_portable	a10efc95ebb148f9380c6f74fb9437c29b841d5b593a62e813b92183edee5e4c	panel_dataset_freeze_v1	Zea mays_PRJNA759548	Zea mays									leaf	0	0	0	exclude	False	orthogroup_coverage_below_60pct_or_unavailable;fewer_than_two_candidate_labels_with_100_cells		
panel_decision	Zea mays_PRJNA759548:vascular	freeze				internal_source_record:not_publicly_portable	a10efc95ebb148f9380c6f74fb9437c29b841d5b593a62e813b92183edee5e4c	panel_dataset_freeze_v1	Zea mays_PRJNA759548	Zea mays									vascular	0	0	0	exclude	False	orthogroup_coverage_below_60pct_or_unavailable;fewer_than_two_candidate_labels_with_100_cells		
panel_decision	Zea mays_PRJNA865791:root	freeze				internal_source_record:not_publicly_portable	a10efc95ebb148f9380c6f74fb9437c29b841d5b593a62e813b92183edee5e4c	panel_dataset_freeze_v1	Zea mays_PRJNA865791	Zea mays									root	0	0	0	exclude	False	orthogroup_coverage_below_60pct_or_unavailable;fewer_than_two_candidate_labels_with_100_cells		
panel_decision	Zea mays_PRJNA865791:leaf	freeze				internal_source_record:not_publicly_portable	a10efc95ebb148f9380c6f74fb9437c29b841d5b593a62e813b92183edee5e4c	panel_dataset_freeze_v1	Zea mays_PRJNA865791	Zea mays									leaf	0	0	0	exclude	False	orthogroup_coverage_below_60pct_or_unavailable;fewer_than_two_candidate_labels_with_100_cells		
panel_decision	Zea mays_PRJNA865791:vascular	freeze				internal_source_record:not_publicly_portable	a10efc95ebb148f9380c6f74fb9437c29b841d5b593a62e813b92183edee5e4c	panel_dataset_freeze_v1	Zea mays_PRJNA865791	Zea mays									vascular	0	0	0	exclude	False	orthogroup_coverage_below_60pct_or_unavailable;fewer_than_two_candidate_labels_with_100_cells		
panel_decision	Zea mays_PRJNA924780:root	freeze				internal_source_record:not_publicly_portable	a10efc95ebb148f9380c6f74fb9437c29b841d5b593a62e813b92183edee5e4c	panel_dataset_freeze_v1	Zea mays_PRJNA924780	Zea mays									root	0	0	0	exclude	False	orthogroup_coverage_below_60pct_or_unavailable;fewer_than_two_candidate_labels_with_100_cells		
panel_decision	Zea mays_PRJNA924780:leaf	freeze				internal_source_record:not_publicly_portable	a10efc95ebb148f9380c6f74fb9437c29b841d5b593a62e813b92183edee5e4c	panel_dataset_freeze_v1	Zea mays_PRJNA924780	Zea mays									leaf	0	0	0	exclude	False	orthogroup_coverage_below_60pct_or_unavailable;fewer_than_two_candidate_labels_with_100_cells		
panel_decision	Zea mays_PRJNA924780:vascular	freeze				internal_source_record:not_publicly_portable	a10efc95ebb148f9380c6f74fb9437c29b841d5b593a62e813b92183edee5e4c	panel_dataset_freeze_v1	Zea mays_PRJNA924780	Zea mays									vascular	0	0	0	exclude	False	orthogroup_coverage_below_60pct_or_unavailable;fewer_than_two_candidate_labels_with_100_cells		
panel_decision	Zea mays_PRJNA935359:root	freeze				internal_source_record:not_publicly_portable	a10efc95ebb148f9380c6f74fb9437c29b841d5b593a62e813b92183edee5e4c	panel_dataset_freeze_v1	Zea mays_PRJNA935359	Zea mays									root	0	0	0	exclude	False	orthogroup_coverage_below_60pct_or_unavailable;fewer_than_two_candidate_labels_with_100_cells		
panel_decision	Zea mays_PRJNA935359:leaf	freeze				internal_source_record:not_publicly_portable	a10efc95ebb148f9380c6f74fb9437c29b841d5b593a62e813b92183edee5e4c	panel_dataset_freeze_v1	Zea mays_PRJNA935359	Zea mays									leaf	0	0	0	exclude	False	orthogroup_coverage_below_60pct_or_unavailable;fewer_than_two_candidate_labels_with_100_cells		
panel_decision	Zea mays_PRJNA935359:vascular	freeze				internal_source_record:not_publicly_portable	a10efc95ebb148f9380c6f74fb9437c29b841d5b593a62e813b92183edee5e4c	panel_dataset_freeze_v1	Zea mays_PRJNA935359	Zea mays									vascular	0	0	0	exclude	False	orthogroup_coverage_below_60pct_or_unavailable;fewer_than_two_candidate_labels_with_100_cells		
workflow	discovery	discovery				internal_source_record:not_publicly_portable;internal_source_record:not_publicly_portable;internal_source_record:not_publicly_portable;internal_source_record:not_publicly_portable;internal_source_record:not_publicly_portable	a10efc95ebb148f9380c6f74fb9437c29b841d5b593a62e813b92183edee5e4c;cb1d6e8d564be8b96279e4e1e1d974f79ce1ee153b8a39662ddd95827f814b63;910467374a45b2391a45d5346e8b63f08b373253f3d1b934d1f0ccc100fbcd81;ddbf41e4f41ca573baab5f53a53116731b614001fe040794f77e9d97df499447;8b49a4a66098cae5cbadbf065c5d214591165f20e400ab60777b3570c9b60ab6	manuscript_claim_freeze_v2_scope																		1	Audited H5AD resource collection and label availability
workflow	freeze	freeze				internal_source_record:not_publicly_portable;internal_source_record:not_publicly_portable;internal_source_record:not_publicly_portable;internal_source_record:not_publicly_portable;internal_source_record:not_publicly_portable	a10efc95ebb148f9380c6f74fb9437c29b841d5b593a62e813b92183edee5e4c;cb1d6e8d564be8b96279e4e1e1d974f79ce1ee153b8a39662ddd95827f814b63;910467374a45b2391a45d5346e8b63f08b373253f3d1b934d1f0ccc100fbcd81;ddbf41e4f41ca573baab5f53a53116731b614001fe040794f77e9d97df499447;8b49a4a66098cae5cbadbf065c5d214591165f20e400ab60777b3570c9b60ab6	manuscript_claim_freeze_v2_scope																		2	Frozen datasets, labels, programs, mappings and success gates before scoring
workflow	independent_validation	independent_validation				internal_source_record:not_publicly_portable;internal_source_record:not_publicly_portable;internal_source_record:not_publicly_portable;internal_source_record:not_publicly_portable;internal_source_record:not_publicly_portable	a10efc95ebb148f9380c6f74fb9437c29b841d5b593a62e813b92183edee5e4c;cb1d6e8d564be8b96279e4e1e1d974f79ce1ee153b8a39662ddd95827f814b63;910467374a45b2391a45d5346e8b63f08b373253f3d1b934d1f0ccc100fbcd81;ddbf41e4f41ca573baab5f53a53116731b614001fe040794f77e9d97df499447;8b49a4a66098cae5cbadbf065c5d214591165f20e400ab60777b3570c9b60ab6	manuscript_claim_freeze_v2_scope																		3	Applied frozen programs to unseen rice, Moricandia and wheat cohorts
workflow	prospective_validation	prospective_validation				internal_source_record:not_publicly_portable;internal_source_record:not_publicly_portable;internal_source_record:not_publicly_portable;internal_source_record:not_publicly_portable;internal_source_record:not_publicly_portable	a10efc95ebb148f9380c6f74fb9437c29b841d5b593a62e813b92183edee5e4c;cb1d6e8d564be8b96279e4e1e1d974f79ce1ee153b8a39662ddd95827f814b63;910467374a45b2391a45d5346e8b63f08b373253f3d1b934d1f0ccc100fbcd81;ddbf41e4f41ca573baab5f53a53116731b614001fe040794f77e9d97df499447;8b49a4a66098cae5cbadbf065c5d214591165f20e400ab60777b3570c9b60ab6	manuscript_claim_freeze_v2_scope																		4	Applied the frozen xylem program to GSE268881; Esa and Sir eligible, Spa excluded prospectively
