dataset_id	accession	species	panel	tissue	feature_namespace	total_features	gene_mapped_features	mapped_features	mapping_fraction	mapping_fraction_recomputed	fraction_absolute_difference	reference_version	bridge_version	discovery_eligibility	eligibility_reason	matrix_layer	matrix_type	expression_dtype	source_h5ad_path	source_annotation_path	source_annotation_sha256	mapping_source_path	mapping_source_sha256	missing_value_reason
Arabidopsis thaliana_CNP0002469	CNP0002469	Arabidopsis thaliana	leaf		standardized H5AD var_names mapped to species reference-gene candidates	19242	18718	17641	0.9167965907909781	0.9167965907909781	0.0	reference_longest_protein_v1	gene_mapping_candidates_v1 + gene_orthogroup_candidates_v1	excluded	official_source_metadata_not_resolved	X	nonnegative_integer_unverified;csr	int64	/data/datasets/Bioinformatics/h5ad/Arabidopsis thaliana_CNP0002469.h5ad	/root/autodl-tmp/project/plant-cell/data_raw/Arabidopsis thaliana_CNP0002469.anno.csv	b44f2e893dc17352c808e2270bb3c14869e95c6ec63b04221e42947f4fe56b2e	/workspace/projects/PhyloOpenCell/metadata/gene_mapping_candidate_summary.tsv;/workspace/projects/PhyloOpenCell/metadata/dataset_orthogroup_coverage_v1.tsv	c1b43878a37f9df6b71d43837c126fa75978f4fbf274dbe36de802713efc926f;5bf556f16a0a3dc2bc78cea55cd5a1e852aef9f302ee79aee0e1baf98f8104b3	
Arabidopsis thaliana_CNP0002469	CNP0002469	Arabidopsis thaliana	root		standardized H5AD var_names mapped to species reference-gene candidates	19242	18718	17641	0.9167965907909781	0.9167965907909781	0.0	reference_longest_protein_v1	gene_mapping_candidates_v1 + gene_orthogroup_candidates_v1	excluded	official_source_metadata_not_resolved;fewer_than_two_candidate_labels_with_100_cells	X	nonnegative_integer_unverified;csr	int64	/data/datasets/Bioinformatics/h5ad/Arabidopsis thaliana_CNP0002469.h5ad	/root/autodl-tmp/project/plant-cell/data_raw/Arabidopsis thaliana_CNP0002469.anno.csv	b44f2e893dc17352c808e2270bb3c14869e95c6ec63b04221e42947f4fe56b2e	/workspace/projects/PhyloOpenCell/metadata/gene_mapping_candidate_summary.tsv;/workspace/projects/PhyloOpenCell/metadata/dataset_orthogroup_coverage_v1.tsv	c1b43878a37f9df6b71d43837c126fa75978f4fbf274dbe36de802713efc926f;5bf556f16a0a3dc2bc78cea55cd5a1e852aef9f302ee79aee0e1baf98f8104b3	
Arabidopsis thaliana_CNP0002469	CNP0002469	Arabidopsis thaliana	vascular		standardized H5AD var_names mapped to species reference-gene candidates	19242	18718	17641	0.9167965907909781	0.9167965907909781	0.0	reference_longest_protein_v1	gene_mapping_candidates_v1 + gene_orthogroup_candidates_v1	excluded	official_source_metadata_not_resolved	X	nonnegative_integer_unverified;csr	int64	/data/datasets/Bioinformatics/h5ad/Arabidopsis thaliana_CNP0002469.h5ad	/root/autodl-tmp/project/plant-cell/data_raw/Arabidopsis thaliana_CNP0002469.anno.csv	b44f2e893dc17352c808e2270bb3c14869e95c6ec63b04221e42947f4fe56b2e	/workspace/projects/PhyloOpenCell/metadata/gene_mapping_candidate_summary.tsv;/workspace/projects/PhyloOpenCell/metadata/dataset_orthogroup_coverage_v1.tsv	c1b43878a37f9df6b71d43837c126fa75978f4fbf274dbe36de802713efc926f;5bf556f16a0a3dc2bc78cea55cd5a1e852aef9f302ee79aee0e1baf98f8104b3	
Arabidopsis thaliana_CNP0004389	CNP0004389	Arabidopsis thaliana	leaf		standardized H5AD var_names mapped to species reference-gene candidates	25416						reference_longest_protein_v1	gene_mapping_candidates_v1 + gene_orthogroup_candidates_v1	excluded	orthogroup_coverage_below_60pct_or_unavailable;official_source_metadata_not_resolved;fewer_than_two_candidate_labels_with_100_cells	X	nonnegative_integer_unverified;csr	int64	/data/datasets/Bioinformatics/h5ad/Arabidopsis thaliana_CNP0004389.h5ad	/root/autodl-tmp/project/plant-cell/data_raw/Arabidopsis thaliana_CNP0004389.anno.csv	01ed111cb6c0caf566b46cfc48b2a9639c7a61d446b04cf6b950b6d641fc66ca	/workspace/projects/PhyloOpenCell/metadata/gene_mapping_candidate_summary.tsv;/workspace/projects/PhyloOpenCell/metadata/dataset_orthogroup_coverage_v1.tsv	c1b43878a37f9df6b71d43837c126fa75978f4fbf274dbe36de802713efc926f;5bf556f16a0a3dc2bc78cea55cd5a1e852aef9f302ee79aee0e1baf98f8104b3	orthogroup mapping coverage not evaluated for this manifest dataset; values retained blank
Arabidopsis thaliana_CNP0004389	CNP0004389	Arabidopsis thaliana	root		standardized H5AD var_names mapped to species reference-gene candidates	25416						reference_longest_protein_v1	gene_mapping_candidates_v1 + gene_orthogroup_candidates_v1	excluded	orthogroup_coverage_below_60pct_or_unavailable;official_source_metadata_not_resolved;fewer_than_two_candidate_labels_with_100_cells	X	nonnegative_integer_unverified;csr	int64	/data/datasets/Bioinformatics/h5ad/Arabidopsis thaliana_CNP0004389.h5ad	/root/autodl-tmp/project/plant-cell/data_raw/Arabidopsis thaliana_CNP0004389.anno.csv	01ed111cb6c0caf566b46cfc48b2a9639c7a61d446b04cf6b950b6d641fc66ca	/workspace/projects/PhyloOpenCell/metadata/gene_mapping_candidate_summary.tsv;/workspace/projects/PhyloOpenCell/metadata/dataset_orthogroup_coverage_v1.tsv	c1b43878a37f9df6b71d43837c126fa75978f4fbf274dbe36de802713efc926f;5bf556f16a0a3dc2bc78cea55cd5a1e852aef9f302ee79aee0e1baf98f8104b3	orthogroup mapping coverage not evaluated for this manifest dataset; values retained blank
Arabidopsis thaliana_CNP0004389	CNP0004389	Arabidopsis thaliana	vascular		standardized H5AD var_names mapped to species reference-gene candidates	25416						reference_longest_protein_v1	gene_mapping_candidates_v1 + gene_orthogroup_candidates_v1	excluded	orthogroup_coverage_below_60pct_or_unavailable;official_source_metadata_not_resolved;fewer_than_two_candidate_labels_with_100_cells	X	nonnegative_integer_unverified;csr	int64	/data/datasets/Bioinformatics/h5ad/Arabidopsis thaliana_CNP0004389.h5ad	/root/autodl-tmp/project/plant-cell/data_raw/Arabidopsis thaliana_CNP0004389.anno.csv	01ed111cb6c0caf566b46cfc48b2a9639c7a61d446b04cf6b950b6d641fc66ca	/workspace/projects/PhyloOpenCell/metadata/gene_mapping_candidate_summary.tsv;/workspace/projects/PhyloOpenCell/metadata/dataset_orthogroup_coverage_v1.tsv	c1b43878a37f9df6b71d43837c126fa75978f4fbf274dbe36de802713efc926f;5bf556f16a0a3dc2bc78cea55cd5a1e852aef9f302ee79aee0e1baf98f8104b3	orthogroup mapping coverage not evaluated for this manifest dataset; values retained blank
Arabidopsis thaliana_EMTAB11006	E-MTAB-11006	Arabidopsis thaliana	leaf		standardized H5AD var_names mapped to species reference-gene candidates	3552	3523	3388	0.9538288288288288	0.9538288288288288	0.0	reference_longest_protein_v1	gene_mapping_candidates_v1 + gene_orthogroup_candidates_v1	eligible	passes_provisional_panel_gates	X	scaled_continuous;dense	float32	/data/datasets/Bioinformatics/h5ad/Arabidopsis thaliana_EMTAB11006.h5ad	/root/autodl-tmp/project/plant-cell/data_raw/Arabidopsis thaliana_EMTAB11006.anno.csv	bdc6493acac503b7e79a3227d8fc795304aed6dda9e9b0879d3da33a12ce9a59	/workspace/projects/PhyloOpenCell/metadata/gene_mapping_candidate_summary.tsv;/workspace/projects/PhyloOpenCell/metadata/dataset_orthogroup_coverage_v1.tsv	c1b43878a37f9df6b71d43837c126fa75978f4fbf274dbe36de802713efc926f;5bf556f16a0a3dc2bc78cea55cd5a1e852aef9f302ee79aee0e1baf98f8104b3	
Arabidopsis thaliana_EMTAB11006	E-MTAB-11006	Arabidopsis thaliana	root		standardized H5AD var_names mapped to species reference-gene candidates	3552	3523	3388	0.9538288288288288	0.9538288288288288	0.0	reference_longest_protein_v1	gene_mapping_candidates_v1 + gene_orthogroup_candidates_v1	excluded	fewer_than_two_candidate_labels_with_100_cells	X	scaled_continuous;dense	float32	/data/datasets/Bioinformatics/h5ad/Arabidopsis thaliana_EMTAB11006.h5ad	/root/autodl-tmp/project/plant-cell/data_raw/Arabidopsis thaliana_EMTAB11006.anno.csv	bdc6493acac503b7e79a3227d8fc795304aed6dda9e9b0879d3da33a12ce9a59	/workspace/projects/PhyloOpenCell/metadata/gene_mapping_candidate_summary.tsv;/workspace/projects/PhyloOpenCell/metadata/dataset_orthogroup_coverage_v1.tsv	c1b43878a37f9df6b71d43837c126fa75978f4fbf274dbe36de802713efc926f;5bf556f16a0a3dc2bc78cea55cd5a1e852aef9f302ee79aee0e1baf98f8104b3	
Arabidopsis thaliana_EMTAB11006	E-MTAB-11006	Arabidopsis thaliana	vascular		standardized H5AD var_names mapped to species reference-gene candidates	3552	3523	3388	0.9538288288288288	0.9538288288288288	0.0	reference_longest_protein_v1	gene_mapping_candidates_v1 + gene_orthogroup_candidates_v1	excluded	fewer_than_two_candidate_labels_with_100_cells	X	scaled_continuous;dense	float32	/data/datasets/Bioinformatics/h5ad/Arabidopsis thaliana_EMTAB11006.h5ad	/root/autodl-tmp/project/plant-cell/data_raw/Arabidopsis thaliana_EMTAB11006.anno.csv	bdc6493acac503b7e79a3227d8fc795304aed6dda9e9b0879d3da33a12ce9a59	/workspace/projects/PhyloOpenCell/metadata/gene_mapping_candidate_summary.tsv;/workspace/projects/PhyloOpenCell/metadata/dataset_orthogroup_coverage_v1.tsv	c1b43878a37f9df6b71d43837c126fa75978f4fbf274dbe36de802713efc926f;5bf556f16a0a3dc2bc78cea55cd5a1e852aef9f302ee79aee0e1baf98f8104b3	
Arabidopsis thaliana_EMTAB12532	E-MTAB-12532	Arabidopsis thaliana	leaf		standardized H5AD var_names mapped to species reference-gene candidates	22799	22799	20345	0.8923637001622878	0.8923637001622878	0.0	reference_longest_protein_v1	gene_mapping_candidates_v1 + gene_orthogroup_candidates_v1	excluded	fewer_than_two_candidate_labels_with_100_cells	X	nonnegative_integer_unverified;csr	int64	/data/datasets/Bioinformatics/h5ad/Arabidopsis thaliana_EMTAB12532.h5ad	/root/autodl-tmp/project/plant-cell/data_raw/Arabidopsis thaliana_EMTAB12532.anno.csv	ee8f1e637d0c59a1491e697af352c95121c05a947125bc9b6f24ef62c7496ef9	/workspace/projects/PhyloOpenCell/metadata/gene_mapping_candidate_summary.tsv;/workspace/projects/PhyloOpenCell/metadata/dataset_orthogroup_coverage_v1.tsv	c1b43878a37f9df6b71d43837c126fa75978f4fbf274dbe36de802713efc926f;5bf556f16a0a3dc2bc78cea55cd5a1e852aef9f302ee79aee0e1baf98f8104b3	
Arabidopsis thaliana_EMTAB12532	E-MTAB-12532	Arabidopsis thaliana	root		standardized H5AD var_names mapped to species reference-gene candidates	22799	22799	20345	0.8923637001622878	0.8923637001622878	0.0	reference_longest_protein_v1	gene_mapping_candidates_v1 + gene_orthogroup_candidates_v1	excluded	fewer_than_two_candidate_labels_with_100_cells	X	nonnegative_integer_unverified;csr	int64	/data/datasets/Bioinformatics/h5ad/Arabidopsis thaliana_EMTAB12532.h5ad	/root/autodl-tmp/project/plant-cell/data_raw/Arabidopsis thaliana_EMTAB12532.anno.csv	ee8f1e637d0c59a1491e697af352c95121c05a947125bc9b6f24ef62c7496ef9	/workspace/projects/PhyloOpenCell/metadata/gene_mapping_candidate_summary.tsv;/workspace/projects/PhyloOpenCell/metadata/dataset_orthogroup_coverage_v1.tsv	c1b43878a37f9df6b71d43837c126fa75978f4fbf274dbe36de802713efc926f;5bf556f16a0a3dc2bc78cea55cd5a1e852aef9f302ee79aee0e1baf98f8104b3	
Arabidopsis thaliana_EMTAB12532	E-MTAB-12532	Arabidopsis thaliana	vascular		standardized H5AD var_names mapped to species reference-gene candidates	22799	22799	20345	0.8923637001622878	0.8923637001622878	0.0	reference_longest_protein_v1	gene_mapping_candidates_v1 + gene_orthogroup_candidates_v1	excluded	fewer_than_two_candidate_labels_with_100_cells	X	nonnegative_integer_unverified;csr	int64	/data/datasets/Bioinformatics/h5ad/Arabidopsis thaliana_EMTAB12532.h5ad	/root/autodl-tmp/project/plant-cell/data_raw/Arabidopsis thaliana_EMTAB12532.anno.csv	ee8f1e637d0c59a1491e697af352c95121c05a947125bc9b6f24ef62c7496ef9	/workspace/projects/PhyloOpenCell/metadata/gene_mapping_candidate_summary.tsv;/workspace/projects/PhyloOpenCell/metadata/dataset_orthogroup_coverage_v1.tsv	c1b43878a37f9df6b71d43837c126fa75978f4fbf274dbe36de802713efc926f;5bf556f16a0a3dc2bc78cea55cd5a1e852aef9f302ee79aee0e1baf98f8104b3	
Arabidopsis thaliana_EMTAB9174	E-MTAB-9174	Arabidopsis thaliana	leaf	not explicitly recorded in source; annotation labels include flower meristem and anther	standardized H5AD var_names mapped to species reference-gene candidates	2000	1898	1719	0.8595	0.8595	0.0	reference_longest_protein_v1	gene_mapping_candidates_v1 + gene_orthogroup_candidates_v1	excluded	fewer_than_two_candidate_labels_with_100_cells	X	scaled_continuous;dense	float32	/data/datasets/Bioinformatics/h5ad/Arabidopsis thaliana_EMTAB9174.h5ad	data_raw/Arabidopsis thaliana_EMTAB9174.anno.csv	8628cc6ce7ad97fb875f69ff835331e8aaac009049db69a7a3a99b00e0a8cc46	/workspace/projects/PhyloOpenCell/metadata/gene_mapping_candidate_summary.tsv;/workspace/projects/PhyloOpenCell/metadata/dataset_orthogroup_coverage_v1.tsv	c1b43878a37f9df6b71d43837c126fa75978f4fbf274dbe36de802713efc926f;5bf556f16a0a3dc2bc78cea55cd5a1e852aef9f302ee79aee0e1baf98f8104b3	
Arabidopsis thaliana_EMTAB9174	E-MTAB-9174	Arabidopsis thaliana	root	not explicitly recorded in source; annotation labels include flower meristem and anther	standardized H5AD var_names mapped to species reference-gene candidates	2000	1898	1719	0.8595	0.8595	0.0	reference_longest_protein_v1	gene_mapping_candidates_v1 + gene_orthogroup_candidates_v1	excluded	fewer_than_two_candidate_labels_with_100_cells	X	scaled_continuous;dense	float32	/data/datasets/Bioinformatics/h5ad/Arabidopsis thaliana_EMTAB9174.h5ad	data_raw/Arabidopsis thaliana_EMTAB9174.anno.csv	8628cc6ce7ad97fb875f69ff835331e8aaac009049db69a7a3a99b00e0a8cc46	/workspace/projects/PhyloOpenCell/metadata/gene_mapping_candidate_summary.tsv;/workspace/projects/PhyloOpenCell/metadata/dataset_orthogroup_coverage_v1.tsv	c1b43878a37f9df6b71d43837c126fa75978f4fbf274dbe36de802713efc926f;5bf556f16a0a3dc2bc78cea55cd5a1e852aef9f302ee79aee0e1baf98f8104b3	
Arabidopsis thaliana_EMTAB9174	E-MTAB-9174	Arabidopsis thaliana	vascular	not explicitly recorded in source; annotation labels include flower meristem and anther	standardized H5AD var_names mapped to species reference-gene candidates	2000	1898	1719	0.8595	0.8595	0.0	reference_longest_protein_v1	gene_mapping_candidates_v1 + gene_orthogroup_candidates_v1	excluded	fewer_than_two_candidate_labels_with_100_cells	X	scaled_continuous;dense	float32	/data/datasets/Bioinformatics/h5ad/Arabidopsis thaliana_EMTAB9174.h5ad	data_raw/Arabidopsis thaliana_EMTAB9174.anno.csv	8628cc6ce7ad97fb875f69ff835331e8aaac009049db69a7a3a99b00e0a8cc46	/workspace/projects/PhyloOpenCell/metadata/gene_mapping_candidate_summary.tsv;/workspace/projects/PhyloOpenCell/metadata/dataset_orthogroup_coverage_v1.tsv	c1b43878a37f9df6b71d43837c126fa75978f4fbf274dbe36de802713efc926f;5bf556f16a0a3dc2bc78cea55cd5a1e852aef9f302ee79aee0e1baf98f8104b3	
Arabidopsis thaliana_PRJCA003094	PRJCA003094	Arabidopsis thaliana	leaf		standardized H5AD var_names mapped to species reference-gene candidates	34220						reference_longest_protein_v1	gene_mapping_candidates_v1 + gene_orthogroup_candidates_v1	excluded	orthogroup_coverage_below_60pct_or_unavailable;fewer_than_two_candidate_labels_with_100_cells	X	nonnegative_integer_unverified;csr	int64	/data/datasets/Bioinformatics/h5ad/Arabidopsis thaliana_PRJCA003094.h5ad	/root/autodl-tmp/project/plant-cell/data_raw/Arabidopsis thaliana_PRJCA003094.anno.csv	79ecd7b76c9b8d7d10c81eb37b5ecd1b93c22398e37c04ec23996e5c488c45e3	/workspace/projects/PhyloOpenCell/metadata/gene_mapping_candidate_summary.tsv;/workspace/projects/PhyloOpenCell/metadata/dataset_orthogroup_coverage_v1.tsv	c1b43878a37f9df6b71d43837c126fa75978f4fbf274dbe36de802713efc926f;5bf556f16a0a3dc2bc78cea55cd5a1e852aef9f302ee79aee0e1baf98f8104b3	orthogroup mapping coverage not evaluated for this manifest dataset; values retained blank
Arabidopsis thaliana_PRJCA003094	PRJCA003094	Arabidopsis thaliana	root		standardized H5AD var_names mapped to species reference-gene candidates	34220						reference_longest_protein_v1	gene_mapping_candidates_v1 + gene_orthogroup_candidates_v1	excluded	orthogroup_coverage_below_60pct_or_unavailable;fewer_than_two_candidate_labels_with_100_cells	X	nonnegative_integer_unverified;csr	int64	/data/datasets/Bioinformatics/h5ad/Arabidopsis thaliana_PRJCA003094.h5ad	/root/autodl-tmp/project/plant-cell/data_raw/Arabidopsis thaliana_PRJCA003094.anno.csv	79ecd7b76c9b8d7d10c81eb37b5ecd1b93c22398e37c04ec23996e5c488c45e3	/workspace/projects/PhyloOpenCell/metadata/gene_mapping_candidate_summary.tsv;/workspace/projects/PhyloOpenCell/metadata/dataset_orthogroup_coverage_v1.tsv	c1b43878a37f9df6b71d43837c126fa75978f4fbf274dbe36de802713efc926f;5bf556f16a0a3dc2bc78cea55cd5a1e852aef9f302ee79aee0e1baf98f8104b3	orthogroup mapping coverage not evaluated for this manifest dataset; values retained blank
Arabidopsis thaliana_PRJCA003094	PRJCA003094	Arabidopsis thaliana	vascular		standardized H5AD var_names mapped to species reference-gene candidates	34220						reference_longest_protein_v1	gene_mapping_candidates_v1 + gene_orthogroup_candidates_v1	excluded	orthogroup_coverage_below_60pct_or_unavailable;fewer_than_two_candidate_labels_with_100_cells	X	nonnegative_integer_unverified;csr	int64	/data/datasets/Bioinformatics/h5ad/Arabidopsis thaliana_PRJCA003094.h5ad	/root/autodl-tmp/project/plant-cell/data_raw/Arabidopsis thaliana_PRJCA003094.anno.csv	79ecd7b76c9b8d7d10c81eb37b5ecd1b93c22398e37c04ec23996e5c488c45e3	/workspace/projects/PhyloOpenCell/metadata/gene_mapping_candidate_summary.tsv;/workspace/projects/PhyloOpenCell/metadata/dataset_orthogroup_coverage_v1.tsv	c1b43878a37f9df6b71d43837c126fa75978f4fbf274dbe36de802713efc926f;5bf556f16a0a3dc2bc78cea55cd5a1e852aef9f302ee79aee0e1baf98f8104b3	orthogroup mapping coverage not evaluated for this manifest dataset; values retained blank
Arabidopsis thaliana_PRJCA016521_Root	PRJCA016521	Arabidopsis thaliana	leaf	root	standardized H5AD var_names mapped to species reference-gene candidates	24756	24756	21649	0.8744950719017612	0.8744950719017612	0.0	reference_longest_protein_v1	gene_mapping_candidates_v1 + gene_orthogroup_candidates_v1	excluded	fewer_than_two_candidate_labels_with_100_cells	X	nonnegative_integer_unverified;csr	int64	/data/datasets/Bioinformatics/h5ad/Arabidopsis thaliana_PRJCA016521_Root.h5ad	/root/autodl-tmp/project/plant-cell/data_raw/Arabidopsis thaliana_PRJCA016521_Root.anno.csv	8b924a9e375ea3a2dca5f4ea0d68e73e31fe1f87d1c1d231afbbe933d0d845d2	/workspace/projects/PhyloOpenCell/metadata/gene_mapping_candidate_summary.tsv;/workspace/projects/PhyloOpenCell/metadata/dataset_orthogroup_coverage_v1.tsv	c1b43878a37f9df6b71d43837c126fa75978f4fbf274dbe36de802713efc926f;5bf556f16a0a3dc2bc78cea55cd5a1e852aef9f302ee79aee0e1baf98f8104b3	
Arabidopsis thaliana_PRJCA016521_Root	PRJCA016521	Arabidopsis thaliana	root	root	standardized H5AD var_names mapped to species reference-gene candidates	24756	24756	21649	0.8744950719017612	0.8744950719017612	0.0	reference_longest_protein_v1	gene_mapping_candidates_v1 + gene_orthogroup_candidates_v1	eligible	passes_provisional_panel_gates	X	nonnegative_integer_unverified;csr	int64	/data/datasets/Bioinformatics/h5ad/Arabidopsis thaliana_PRJCA016521_Root.h5ad	/root/autodl-tmp/project/plant-cell/data_raw/Arabidopsis thaliana_PRJCA016521_Root.anno.csv	8b924a9e375ea3a2dca5f4ea0d68e73e31fe1f87d1c1d231afbbe933d0d845d2	/workspace/projects/PhyloOpenCell/metadata/gene_mapping_candidate_summary.tsv;/workspace/projects/PhyloOpenCell/metadata/dataset_orthogroup_coverage_v1.tsv	c1b43878a37f9df6b71d43837c126fa75978f4fbf274dbe36de802713efc926f;5bf556f16a0a3dc2bc78cea55cd5a1e852aef9f302ee79aee0e1baf98f8104b3	
Arabidopsis thaliana_PRJCA016521_Root	PRJCA016521	Arabidopsis thaliana	vascular	root	standardized H5AD var_names mapped to species reference-gene candidates	24756	24756	21649	0.8744950719017612	0.8744950719017612	0.0	reference_longest_protein_v1	gene_mapping_candidates_v1 + gene_orthogroup_candidates_v1	eligible	passes_provisional_panel_gates	X	nonnegative_integer_unverified;csr	int64	/data/datasets/Bioinformatics/h5ad/Arabidopsis thaliana_PRJCA016521_Root.h5ad	/root/autodl-tmp/project/plant-cell/data_raw/Arabidopsis thaliana_PRJCA016521_Root.anno.csv	8b924a9e375ea3a2dca5f4ea0d68e73e31fe1f87d1c1d231afbbe933d0d845d2	/workspace/projects/PhyloOpenCell/metadata/gene_mapping_candidate_summary.tsv;/workspace/projects/PhyloOpenCell/metadata/dataset_orthogroup_coverage_v1.tsv	c1b43878a37f9df6b71d43837c126fa75978f4fbf274dbe36de802713efc926f;5bf556f16a0a3dc2bc78cea55cd5a1e852aef9f302ee79aee0e1baf98f8104b3	
Arabidopsis thaliana_PRJCA016521_Shoot	PRJCA016521	Arabidopsis thaliana	leaf	shoot	standardized H5AD var_names mapped to species reference-gene candidates	24669	24669	21581	0.8748226519113057	0.8748226519113057	0.0	reference_longest_protein_v1	gene_mapping_candidates_v1 + gene_orthogroup_candidates_v1	excluded	fewer_than_two_candidate_labels_with_100_cells	X	nonnegative_integer_unverified;csr	int64	/data/datasets/Bioinformatics/h5ad/Arabidopsis thaliana_PRJCA016521_Shoot.h5ad	/root/autodl-tmp/project/plant-cell/data_raw/Arabidopsis thaliana_PRJCA016521_Shoot.anno.csv	892eab5ad576f0cd3a451ad9105863b557a91344c591f4ae1f5e3c04ea4aed9c	/workspace/projects/PhyloOpenCell/metadata/gene_mapping_candidate_summary.tsv;/workspace/projects/PhyloOpenCell/metadata/dataset_orthogroup_coverage_v1.tsv	c1b43878a37f9df6b71d43837c126fa75978f4fbf274dbe36de802713efc926f;5bf556f16a0a3dc2bc78cea55cd5a1e852aef9f302ee79aee0e1baf98f8104b3	
Arabidopsis thaliana_PRJCA016521_Shoot	PRJCA016521	Arabidopsis thaliana	root	shoot	standardized H5AD var_names mapped to species reference-gene candidates	24669	24669	21581	0.8748226519113057	0.8748226519113057	0.0	reference_longest_protein_v1	gene_mapping_candidates_v1 + gene_orthogroup_candidates_v1	excluded	fewer_than_two_candidate_labels_with_100_cells	X	nonnegative_integer_unverified;csr	int64	/data/datasets/Bioinformatics/h5ad/Arabidopsis thaliana_PRJCA016521_Shoot.h5ad	/root/autodl-tmp/project/plant-cell/data_raw/Arabidopsis thaliana_PRJCA016521_Shoot.anno.csv	892eab5ad576f0cd3a451ad9105863b557a91344c591f4ae1f5e3c04ea4aed9c	/workspace/projects/PhyloOpenCell/metadata/gene_mapping_candidate_summary.tsv;/workspace/projects/PhyloOpenCell/metadata/dataset_orthogroup_coverage_v1.tsv	c1b43878a37f9df6b71d43837c126fa75978f4fbf274dbe36de802713efc926f;5bf556f16a0a3dc2bc78cea55cd5a1e852aef9f302ee79aee0e1baf98f8104b3	
Arabidopsis thaliana_PRJCA016521_Shoot	PRJCA016521	Arabidopsis thaliana	vascular	shoot	standardized H5AD var_names mapped to species reference-gene candidates	24669	24669	21581	0.8748226519113057	0.8748226519113057	0.0	reference_longest_protein_v1	gene_mapping_candidates_v1 + gene_orthogroup_candidates_v1	eligible	passes_provisional_panel_gates	X	nonnegative_integer_unverified;csr	int64	/data/datasets/Bioinformatics/h5ad/Arabidopsis thaliana_PRJCA016521_Shoot.h5ad	/root/autodl-tmp/project/plant-cell/data_raw/Arabidopsis thaliana_PRJCA016521_Shoot.anno.csv	892eab5ad576f0cd3a451ad9105863b557a91344c591f4ae1f5e3c04ea4aed9c	/workspace/projects/PhyloOpenCell/metadata/gene_mapping_candidate_summary.tsv;/workspace/projects/PhyloOpenCell/metadata/dataset_orthogroup_coverage_v1.tsv	c1b43878a37f9df6b71d43837c126fa75978f4fbf274dbe36de802713efc926f;5bf556f16a0a3dc2bc78cea55cd5a1e852aef9f302ee79aee0e1baf98f8104b3	
Arabidopsis thaliana_PRJCA021408_Root	PRJCA021408	Arabidopsis thaliana	leaf	root	standardized H5AD var_names mapped to species reference-gene candidates	25102	25102	21616	0.8611266034578918	0.8611266034578918	0.0	reference_longest_protein_v1	gene_mapping_candidates_v1 + gene_orthogroup_candidates_v1	excluded	fewer_than_two_candidate_labels_with_100_cells	X	nonnegative_integer_unverified;csr	int64	/data/datasets/Bioinformatics/h5ad/Arabidopsis thaliana_PRJCA021408_Root.h5ad	/root/autodl-tmp/project/plant-cell/data_raw/Arabidopsis thaliana_PRJCA021408_Root.anno.csv	680c2896847d0c524dbe4e771098e35f2398a3e39f67498e9fa51610341ccbc3	/workspace/projects/PhyloOpenCell/metadata/gene_mapping_candidate_summary.tsv;/workspace/projects/PhyloOpenCell/metadata/dataset_orthogroup_coverage_v1.tsv	c1b43878a37f9df6b71d43837c126fa75978f4fbf274dbe36de802713efc926f;5bf556f16a0a3dc2bc78cea55cd5a1e852aef9f302ee79aee0e1baf98f8104b3	
Arabidopsis thaliana_PRJCA021408_Root	PRJCA021408	Arabidopsis thaliana	root	root	standardized H5AD var_names mapped to species reference-gene candidates	25102	25102	21616	0.8611266034578918	0.8611266034578918	0.0	reference_longest_protein_v1	gene_mapping_candidates_v1 + gene_orthogroup_candidates_v1	eligible	passes_provisional_panel_gates	X	nonnegative_integer_unverified;csr	int64	/data/datasets/Bioinformatics/h5ad/Arabidopsis thaliana_PRJCA021408_Root.h5ad	/root/autodl-tmp/project/plant-cell/data_raw/Arabidopsis thaliana_PRJCA021408_Root.anno.csv	680c2896847d0c524dbe4e771098e35f2398a3e39f67498e9fa51610341ccbc3	/workspace/projects/PhyloOpenCell/metadata/gene_mapping_candidate_summary.tsv;/workspace/projects/PhyloOpenCell/metadata/dataset_orthogroup_coverage_v1.tsv	c1b43878a37f9df6b71d43837c126fa75978f4fbf274dbe36de802713efc926f;5bf556f16a0a3dc2bc78cea55cd5a1e852aef9f302ee79aee0e1baf98f8104b3	
Arabidopsis thaliana_PRJCA021408_Root	PRJCA021408	Arabidopsis thaliana	vascular	root	standardized H5AD var_names mapped to species reference-gene candidates	25102	25102	21616	0.8611266034578918	0.8611266034578918	0.0	reference_longest_protein_v1	gene_mapping_candidates_v1 + gene_orthogroup_candidates_v1	excluded	fewer_than_two_candidate_labels_with_100_cells	X	nonnegative_integer_unverified;csr	int64	/data/datasets/Bioinformatics/h5ad/Arabidopsis thaliana_PRJCA021408_Root.h5ad	/root/autodl-tmp/project/plant-cell/data_raw/Arabidopsis thaliana_PRJCA021408_Root.anno.csv	680c2896847d0c524dbe4e771098e35f2398a3e39f67498e9fa51610341ccbc3	/workspace/projects/PhyloOpenCell/metadata/gene_mapping_candidate_summary.tsv;/workspace/projects/PhyloOpenCell/metadata/dataset_orthogroup_coverage_v1.tsv	c1b43878a37f9df6b71d43837c126fa75978f4fbf274dbe36de802713efc926f;5bf556f16a0a3dc2bc78cea55cd5a1e852aef9f302ee79aee0e1baf98f8104b3	
Arabidopsis thaliana_PRJCA021408_Shoot	PRJCA021408	Arabidopsis thaliana	leaf	shoot	standardized H5AD var_names mapped to species reference-gene candidates	25102	25102	21616	0.8611266034578918	0.8611266034578918	0.0	reference_longest_protein_v1	gene_mapping_candidates_v1 + gene_orthogroup_candidates_v1	eligible	passes_provisional_panel_gates	X	nonnegative_integer_unverified;csr	int64	/data/datasets/Bioinformatics/h5ad/Arabidopsis thaliana_PRJCA021408_Shoot.h5ad	/root/autodl-tmp/project/plant-cell/data_raw/Arabidopsis thaliana_PRJCA021408_Shoot.anno.csv	e270a2f93999b4292aec6974c95c2bcd30d23d3d89f95a6b29e5314d628e5e4c	/workspace/projects/PhyloOpenCell/metadata/gene_mapping_candidate_summary.tsv;/workspace/projects/PhyloOpenCell/metadata/dataset_orthogroup_coverage_v1.tsv	c1b43878a37f9df6b71d43837c126fa75978f4fbf274dbe36de802713efc926f;5bf556f16a0a3dc2bc78cea55cd5a1e852aef9f302ee79aee0e1baf98f8104b3	
Arabidopsis thaliana_PRJCA021408_Shoot	PRJCA021408	Arabidopsis thaliana	root	shoot	standardized H5AD var_names mapped to species reference-gene candidates	25102	25102	21616	0.8611266034578918	0.8611266034578918	0.0	reference_longest_protein_v1	gene_mapping_candidates_v1 + gene_orthogroup_candidates_v1	excluded	fewer_than_two_candidate_labels_with_100_cells	X	nonnegative_integer_unverified;csr	int64	/data/datasets/Bioinformatics/h5ad/Arabidopsis thaliana_PRJCA021408_Shoot.h5ad	/root/autodl-tmp/project/plant-cell/data_raw/Arabidopsis thaliana_PRJCA021408_Shoot.anno.csv	e270a2f93999b4292aec6974c95c2bcd30d23d3d89f95a6b29e5314d628e5e4c	/workspace/projects/PhyloOpenCell/metadata/gene_mapping_candidate_summary.tsv;/workspace/projects/PhyloOpenCell/metadata/dataset_orthogroup_coverage_v1.tsv	c1b43878a37f9df6b71d43837c126fa75978f4fbf274dbe36de802713efc926f;5bf556f16a0a3dc2bc78cea55cd5a1e852aef9f302ee79aee0e1baf98f8104b3	
Arabidopsis thaliana_PRJCA021408_Shoot	PRJCA021408	Arabidopsis thaliana	vascular	shoot	standardized H5AD var_names mapped to species reference-gene candidates	25102	25102	21616	0.8611266034578918	0.8611266034578918	0.0	reference_longest_protein_v1	gene_mapping_candidates_v1 + gene_orthogroup_candidates_v1	excluded	fewer_than_two_candidate_labels_with_100_cells	X	nonnegative_integer_unverified;csr	int64	/data/datasets/Bioinformatics/h5ad/Arabidopsis thaliana_PRJCA021408_Shoot.h5ad	/root/autodl-tmp/project/plant-cell/data_raw/Arabidopsis thaliana_PRJCA021408_Shoot.anno.csv	e270a2f93999b4292aec6974c95c2bcd30d23d3d89f95a6b29e5314d628e5e4c	/workspace/projects/PhyloOpenCell/metadata/gene_mapping_candidate_summary.tsv;/workspace/projects/PhyloOpenCell/metadata/dataset_orthogroup_coverage_v1.tsv	c1b43878a37f9df6b71d43837c126fa75978f4fbf274dbe36de802713efc926f;5bf556f16a0a3dc2bc78cea55cd5a1e852aef9f302ee79aee0e1baf98f8104b3	
Arabidopsis thaliana_PRJDB14071	not explicitly recorded	Arabidopsis thaliana	leaf		standardized H5AD var_names mapped to species reference-gene candidates	19051	19051	17625	0.9251482861792032	0.9251482861792032	0.0	reference_longest_protein_v1	gene_mapping_candidates_v1 + gene_orthogroup_candidates_v1	eligible	passes_provisional_panel_gates	X	normalized_nonnegative_continuous;csr	float32	/data/datasets/Bioinformatics/h5ad/Arabidopsis thaliana_PRJDB14071.h5ad	/root/autodl-tmp/project/plant-cell/data_raw/Arabidopsis thaliana_PRJDB14071.anno.csv	8eefdbb75f594f1a2a068f99b39f4c11bb2f58cbe19164560ce2c8e7637bec79	/workspace/projects/PhyloOpenCell/metadata/gene_mapping_candidate_summary.tsv;/workspace/projects/PhyloOpenCell/metadata/dataset_orthogroup_coverage_v1.tsv	c1b43878a37f9df6b71d43837c126fa75978f4fbf274dbe36de802713efc926f;5bf556f16a0a3dc2bc78cea55cd5a1e852aef9f302ee79aee0e1baf98f8104b3	
Arabidopsis thaliana_PRJDB14071	not explicitly recorded	Arabidopsis thaliana	root		standardized H5AD var_names mapped to species reference-gene candidates	19051	19051	17625	0.9251482861792032	0.9251482861792032	0.0	reference_longest_protein_v1	gene_mapping_candidates_v1 + gene_orthogroup_candidates_v1	excluded	fewer_than_two_candidate_labels_with_100_cells	X	normalized_nonnegative_continuous;csr	float32	/data/datasets/Bioinformatics/h5ad/Arabidopsis thaliana_PRJDB14071.h5ad	/root/autodl-tmp/project/plant-cell/data_raw/Arabidopsis thaliana_PRJDB14071.anno.csv	8eefdbb75f594f1a2a068f99b39f4c11bb2f58cbe19164560ce2c8e7637bec79	/workspace/projects/PhyloOpenCell/metadata/gene_mapping_candidate_summary.tsv;/workspace/projects/PhyloOpenCell/metadata/dataset_orthogroup_coverage_v1.tsv	c1b43878a37f9df6b71d43837c126fa75978f4fbf274dbe36de802713efc926f;5bf556f16a0a3dc2bc78cea55cd5a1e852aef9f302ee79aee0e1baf98f8104b3	
Arabidopsis thaliana_PRJDB14071	not explicitly recorded	Arabidopsis thaliana	vascular		standardized H5AD var_names mapped to species reference-gene candidates	19051	19051	17625	0.9251482861792032	0.9251482861792032	0.0	reference_longest_protein_v1	gene_mapping_candidates_v1 + gene_orthogroup_candidates_v1	excluded	fewer_than_two_candidate_labels_with_100_cells	X	normalized_nonnegative_continuous;csr	float32	/data/datasets/Bioinformatics/h5ad/Arabidopsis thaliana_PRJDB14071.h5ad	/root/autodl-tmp/project/plant-cell/data_raw/Arabidopsis thaliana_PRJDB14071.anno.csv	8eefdbb75f594f1a2a068f99b39f4c11bb2f58cbe19164560ce2c8e7637bec79	/workspace/projects/PhyloOpenCell/metadata/gene_mapping_candidate_summary.tsv;/workspace/projects/PhyloOpenCell/metadata/dataset_orthogroup_coverage_v1.tsv	c1b43878a37f9df6b71d43837c126fa75978f4fbf274dbe36de802713efc926f;5bf556f16a0a3dc2bc78cea55cd5a1e852aef9f302ee79aee0e1baf98f8104b3	
Arabidopsis thaliana_PRJEB47924	PRJEB47924	Arabidopsis thaliana	leaf		standardized H5AD var_names mapped to species reference-gene candidates	19120						reference_longest_protein_v1	gene_mapping_candidates_v1 + gene_orthogroup_candidates_v1	excluded	orthogroup_coverage_below_60pct_or_unavailable;fewer_than_two_candidate_labels_with_100_cells	X	nonnegative_integer_unverified;csr	int64	/data/datasets/Bioinformatics/h5ad/Arabidopsis thaliana_PRJEB47924.h5ad	/root/autodl-tmp/project/plant-cell/data_raw/Arabidopsis thaliana_PRJEB47924.anno.csv	ec245dff31219ea342e291dea121733528d675c4cf95fa1292f4b7acdb1533d3	/workspace/projects/PhyloOpenCell/metadata/gene_mapping_candidate_summary.tsv;/workspace/projects/PhyloOpenCell/metadata/dataset_orthogroup_coverage_v1.tsv	c1b43878a37f9df6b71d43837c126fa75978f4fbf274dbe36de802713efc926f;5bf556f16a0a3dc2bc78cea55cd5a1e852aef9f302ee79aee0e1baf98f8104b3	orthogroup mapping coverage not evaluated for this manifest dataset; values retained blank
Arabidopsis thaliana_PRJEB47924	PRJEB47924	Arabidopsis thaliana	root		standardized H5AD var_names mapped to species reference-gene candidates	19120						reference_longest_protein_v1	gene_mapping_candidates_v1 + gene_orthogroup_candidates_v1	excluded	orthogroup_coverage_below_60pct_or_unavailable;fewer_than_two_candidate_labels_with_100_cells	X	nonnegative_integer_unverified;csr	int64	/data/datasets/Bioinformatics/h5ad/Arabidopsis thaliana_PRJEB47924.h5ad	/root/autodl-tmp/project/plant-cell/data_raw/Arabidopsis thaliana_PRJEB47924.anno.csv	ec245dff31219ea342e291dea121733528d675c4cf95fa1292f4b7acdb1533d3	/workspace/projects/PhyloOpenCell/metadata/gene_mapping_candidate_summary.tsv;/workspace/projects/PhyloOpenCell/metadata/dataset_orthogroup_coverage_v1.tsv	c1b43878a37f9df6b71d43837c126fa75978f4fbf274dbe36de802713efc926f;5bf556f16a0a3dc2bc78cea55cd5a1e852aef9f302ee79aee0e1baf98f8104b3	orthogroup mapping coverage not evaluated for this manifest dataset; values retained blank
Arabidopsis thaliana_PRJEB47924	PRJEB47924	Arabidopsis thaliana	vascular		standardized H5AD var_names mapped to species reference-gene candidates	19120						reference_longest_protein_v1	gene_mapping_candidates_v1 + gene_orthogroup_candidates_v1	excluded	orthogroup_coverage_below_60pct_or_unavailable;fewer_than_two_candidate_labels_with_100_cells	X	nonnegative_integer_unverified;csr	int64	/data/datasets/Bioinformatics/h5ad/Arabidopsis thaliana_PRJEB47924.h5ad	/root/autodl-tmp/project/plant-cell/data_raw/Arabidopsis thaliana_PRJEB47924.anno.csv	ec245dff31219ea342e291dea121733528d675c4cf95fa1292f4b7acdb1533d3	/workspace/projects/PhyloOpenCell/metadata/gene_mapping_candidate_summary.tsv;/workspace/projects/PhyloOpenCell/metadata/dataset_orthogroup_coverage_v1.tsv	c1b43878a37f9df6b71d43837c126fa75978f4fbf274dbe36de802713efc926f;5bf556f16a0a3dc2bc78cea55cd5a1e852aef9f302ee79aee0e1baf98f8104b3	orthogroup mapping coverage not evaluated for this manifest dataset; values retained blank
Arabidopsis thaliana_PRJEB61052	PRJEB61052	Arabidopsis thaliana	leaf		standardized H5AD var_names mapped to species reference-gene candidates	6466	6466	6205	0.9596350139189607	0.9596350139189607	0.0	reference_longest_protein_v1	gene_mapping_candidates_v1 + gene_orthogroup_candidates_v1	eligible	passes_provisional_panel_gates	X	scaled_continuous;dense	float32	/data/datasets/Bioinformatics/h5ad/Arabidopsis thaliana_PRJEB61052.h5ad	/root/autodl-tmp/project/plant-cell/data_raw/Arabidopsis thaliana_PRJEB61052.anno.csv	7b705dc9de199355fb778ccb04fafa1673e73f701a167923bc1a2480018b1365	/workspace/projects/PhyloOpenCell/metadata/gene_mapping_candidate_summary.tsv;/workspace/projects/PhyloOpenCell/metadata/dataset_orthogroup_coverage_v1.tsv	c1b43878a37f9df6b71d43837c126fa75978f4fbf274dbe36de802713efc926f;5bf556f16a0a3dc2bc78cea55cd5a1e852aef9f302ee79aee0e1baf98f8104b3	
Arabidopsis thaliana_PRJEB61052	PRJEB61052	Arabidopsis thaliana	root		standardized H5AD var_names mapped to species reference-gene candidates	6466	6466	6205	0.9596350139189607	0.9596350139189607	0.0	reference_longest_protein_v1	gene_mapping_candidates_v1 + gene_orthogroup_candidates_v1	excluded	fewer_than_two_candidate_labels_with_100_cells	X	scaled_continuous;dense	float32	/data/datasets/Bioinformatics/h5ad/Arabidopsis thaliana_PRJEB61052.h5ad	/root/autodl-tmp/project/plant-cell/data_raw/Arabidopsis thaliana_PRJEB61052.anno.csv	7b705dc9de199355fb778ccb04fafa1673e73f701a167923bc1a2480018b1365	/workspace/projects/PhyloOpenCell/metadata/gene_mapping_candidate_summary.tsv;/workspace/projects/PhyloOpenCell/metadata/dataset_orthogroup_coverage_v1.tsv	c1b43878a37f9df6b71d43837c126fa75978f4fbf274dbe36de802713efc926f;5bf556f16a0a3dc2bc78cea55cd5a1e852aef9f302ee79aee0e1baf98f8104b3	
Arabidopsis thaliana_PRJEB61052	PRJEB61052	Arabidopsis thaliana	vascular		standardized H5AD var_names mapped to species reference-gene candidates	6466	6466	6205	0.9596350139189607	0.9596350139189607	0.0	reference_longest_protein_v1	gene_mapping_candidates_v1 + gene_orthogroup_candidates_v1	eligible	passes_provisional_panel_gates	X	scaled_continuous;dense	float32	/data/datasets/Bioinformatics/h5ad/Arabidopsis thaliana_PRJEB61052.h5ad	/root/autodl-tmp/project/plant-cell/data_raw/Arabidopsis thaliana_PRJEB61052.anno.csv	7b705dc9de199355fb778ccb04fafa1673e73f701a167923bc1a2480018b1365	/workspace/projects/PhyloOpenCell/metadata/gene_mapping_candidate_summary.tsv;/workspace/projects/PhyloOpenCell/metadata/dataset_orthogroup_coverage_v1.tsv	c1b43878a37f9df6b71d43837c126fa75978f4fbf274dbe36de802713efc926f;5bf556f16a0a3dc2bc78cea55cd5a1e852aef9f302ee79aee0e1baf98f8104b3	
Arabidopsis thaliana_PRJNA471914	PRJNA471914	Arabidopsis thaliana	leaf		standardized H5AD var_names mapped to species reference-gene candidates	5312	5271	4998	0.9408885542168675	0.9408885542168675	0.0	reference_longest_protein_v1	gene_mapping_candidates_v1 + gene_orthogroup_candidates_v1	excluded	fewer_than_two_candidate_labels_with_100_cells	X	scaled_continuous;dense	float32	/data/datasets/Bioinformatics/h5ad/Arabidopsis thaliana_PRJNA471914.h5ad	/root/autodl-tmp/project/plant-cell/data_raw/Arabidopsis thaliana_PRJNA471914.anno.csv	84c4860b741543f088f276a2f2a42fea92a2b9d8c97321df444fbfdb03fd24c2	/workspace/projects/PhyloOpenCell/metadata/gene_mapping_candidate_summary.tsv;/workspace/projects/PhyloOpenCell/metadata/dataset_orthogroup_coverage_v1.tsv	c1b43878a37f9df6b71d43837c126fa75978f4fbf274dbe36de802713efc926f;5bf556f16a0a3dc2bc78cea55cd5a1e852aef9f302ee79aee0e1baf98f8104b3	
Arabidopsis thaliana_PRJNA471914	PRJNA471914	Arabidopsis thaliana	root		standardized H5AD var_names mapped to species reference-gene candidates	5312	5271	4998	0.9408885542168675	0.9408885542168675	0.0	reference_longest_protein_v1	gene_mapping_candidates_v1 + gene_orthogroup_candidates_v1	eligible	passes_provisional_panel_gates	X	scaled_continuous;dense	float32	/data/datasets/Bioinformatics/h5ad/Arabidopsis thaliana_PRJNA471914.h5ad	/root/autodl-tmp/project/plant-cell/data_raw/Arabidopsis thaliana_PRJNA471914.anno.csv	84c4860b741543f088f276a2f2a42fea92a2b9d8c97321df444fbfdb03fd24c2	/workspace/projects/PhyloOpenCell/metadata/gene_mapping_candidate_summary.tsv;/workspace/projects/PhyloOpenCell/metadata/dataset_orthogroup_coverage_v1.tsv	c1b43878a37f9df6b71d43837c126fa75978f4fbf274dbe36de802713efc926f;5bf556f16a0a3dc2bc78cea55cd5a1e852aef9f302ee79aee0e1baf98f8104b3	
Arabidopsis thaliana_PRJNA471914	PRJNA471914	Arabidopsis thaliana	vascular		standardized H5AD var_names mapped to species reference-gene candidates	5312	5271	4998	0.9408885542168675	0.9408885542168675	0.0	reference_longest_protein_v1	gene_mapping_candidates_v1 + gene_orthogroup_candidates_v1	excluded	fewer_than_two_candidate_labels_with_100_cells	X	scaled_continuous;dense	float32	/data/datasets/Bioinformatics/h5ad/Arabidopsis thaliana_PRJNA471914.h5ad	/root/autodl-tmp/project/plant-cell/data_raw/Arabidopsis thaliana_PRJNA471914.anno.csv	84c4860b741543f088f276a2f2a42fea92a2b9d8c97321df444fbfdb03fd24c2	/workspace/projects/PhyloOpenCell/metadata/gene_mapping_candidate_summary.tsv;/workspace/projects/PhyloOpenCell/metadata/dataset_orthogroup_coverage_v1.tsv	c1b43878a37f9df6b71d43837c126fa75978f4fbf274dbe36de802713efc926f;5bf556f16a0a3dc2bc78cea55cd5a1e852aef9f302ee79aee0e1baf98f8104b3	
Arabidopsis thaliana_PRJNA497883	PRJNA497883	Arabidopsis thaliana	leaf		standardized H5AD var_names mapped to species reference-gene candidates	3851	3807	3564	0.9254739028823682	0.9254739028823682	0.0	reference_longest_protein_v1	gene_mapping_candidates_v1 + gene_orthogroup_candidates_v1	excluded	fewer_than_two_candidate_labels_with_100_cells	X	scaled_continuous;dense	float32	/data/datasets/Bioinformatics/h5ad/Arabidopsis thaliana_PRJNA497883.h5ad	/root/autodl-tmp/project/plant-cell/data_raw/Arabidopsis thaliana_PRJNA497883.anno.csv	22c00f43ad00912a07d4b1a06dff9ece516f872939e7117dffd6a3708a366338	/workspace/projects/PhyloOpenCell/metadata/gene_mapping_candidate_summary.tsv;/workspace/projects/PhyloOpenCell/metadata/dataset_orthogroup_coverage_v1.tsv	c1b43878a37f9df6b71d43837c126fa75978f4fbf274dbe36de802713efc926f;5bf556f16a0a3dc2bc78cea55cd5a1e852aef9f302ee79aee0e1baf98f8104b3	
Arabidopsis thaliana_PRJNA497883	PRJNA497883	Arabidopsis thaliana	root		standardized H5AD var_names mapped to species reference-gene candidates	3851	3807	3564	0.9254739028823682	0.9254739028823682	0.0	reference_longest_protein_v1	gene_mapping_candidates_v1 + gene_orthogroup_candidates_v1	eligible	passes_provisional_panel_gates	X	scaled_continuous;dense	float32	/data/datasets/Bioinformatics/h5ad/Arabidopsis thaliana_PRJNA497883.h5ad	/root/autodl-tmp/project/plant-cell/data_raw/Arabidopsis thaliana_PRJNA497883.anno.csv	22c00f43ad00912a07d4b1a06dff9ece516f872939e7117dffd6a3708a366338	/workspace/projects/PhyloOpenCell/metadata/gene_mapping_candidate_summary.tsv;/workspace/projects/PhyloOpenCell/metadata/dataset_orthogroup_coverage_v1.tsv	c1b43878a37f9df6b71d43837c126fa75978f4fbf274dbe36de802713efc926f;5bf556f16a0a3dc2bc78cea55cd5a1e852aef9f302ee79aee0e1baf98f8104b3	
Arabidopsis thaliana_PRJNA497883	PRJNA497883	Arabidopsis thaliana	vascular		standardized H5AD var_names mapped to species reference-gene candidates	3851	3807	3564	0.9254739028823682	0.9254739028823682	0.0	reference_longest_protein_v1	gene_mapping_candidates_v1 + gene_orthogroup_candidates_v1	eligible	passes_provisional_panel_gates	X	scaled_continuous;dense	float32	/data/datasets/Bioinformatics/h5ad/Arabidopsis thaliana_PRJNA497883.h5ad	/root/autodl-tmp/project/plant-cell/data_raw/Arabidopsis thaliana_PRJNA497883.anno.csv	22c00f43ad00912a07d4b1a06dff9ece516f872939e7117dffd6a3708a366338	/workspace/projects/PhyloOpenCell/metadata/gene_mapping_candidate_summary.tsv;/workspace/projects/PhyloOpenCell/metadata/dataset_orthogroup_coverage_v1.tsv	c1b43878a37f9df6b71d43837c126fa75978f4fbf274dbe36de802713efc926f;5bf556f16a0a3dc2bc78cea55cd5a1e852aef9f302ee79aee0e1baf98f8104b3	
Arabidopsis thaliana_PRJNA506007	PRJNA506007	Arabidopsis thaliana	leaf		standardized H5AD var_names mapped to species reference-gene candidates	6635	6593	6308	0.9507159005275057	0.9507159005275057	0.0	reference_longest_protein_v1	gene_mapping_candidates_v1 + gene_orthogroup_candidates_v1	excluded	fewer_than_two_candidate_labels_with_100_cells	X	scaled_continuous;dense	float32	/data/datasets/Bioinformatics/h5ad/Arabidopsis thaliana_PRJNA506007.h5ad	/root/autodl-tmp/project/plant-cell/data_raw/Arabidopsis thaliana_PRJNA506007.anno.csv	4dc94fd5dabf9fc880615e62b954bddb08a140ef27f62904ba0b4be5a8abe459	/workspace/projects/PhyloOpenCell/metadata/gene_mapping_candidate_summary.tsv;/workspace/projects/PhyloOpenCell/metadata/dataset_orthogroup_coverage_v1.tsv	c1b43878a37f9df6b71d43837c126fa75978f4fbf274dbe36de802713efc926f;5bf556f16a0a3dc2bc78cea55cd5a1e852aef9f302ee79aee0e1baf98f8104b3	
Arabidopsis thaliana_PRJNA506007	PRJNA506007	Arabidopsis thaliana	root		standardized H5AD var_names mapped to species reference-gene candidates	6635	6593	6308	0.9507159005275057	0.9507159005275057	0.0	reference_longest_protein_v1	gene_mapping_candidates_v1 + gene_orthogroup_candidates_v1	eligible	passes_provisional_panel_gates	X	scaled_continuous;dense	float32	/data/datasets/Bioinformatics/h5ad/Arabidopsis thaliana_PRJNA506007.h5ad	/root/autodl-tmp/project/plant-cell/data_raw/Arabidopsis thaliana_PRJNA506007.anno.csv	4dc94fd5dabf9fc880615e62b954bddb08a140ef27f62904ba0b4be5a8abe459	/workspace/projects/PhyloOpenCell/metadata/gene_mapping_candidate_summary.tsv;/workspace/projects/PhyloOpenCell/metadata/dataset_orthogroup_coverage_v1.tsv	c1b43878a37f9df6b71d43837c126fa75978f4fbf274dbe36de802713efc926f;5bf556f16a0a3dc2bc78cea55cd5a1e852aef9f302ee79aee0e1baf98f8104b3	
Arabidopsis thaliana_PRJNA506007	PRJNA506007	Arabidopsis thaliana	vascular		standardized H5AD var_names mapped to species reference-gene candidates	6635	6593	6308	0.9507159005275057	0.9507159005275057	0.0	reference_longest_protein_v1	gene_mapping_candidates_v1 + gene_orthogroup_candidates_v1	excluded	fewer_than_two_candidate_labels_with_100_cells	X	scaled_continuous;dense	float32	/data/datasets/Bioinformatics/h5ad/Arabidopsis thaliana_PRJNA506007.h5ad	/root/autodl-tmp/project/plant-cell/data_raw/Arabidopsis thaliana_PRJNA506007.anno.csv	4dc94fd5dabf9fc880615e62b954bddb08a140ef27f62904ba0b4be5a8abe459	/workspace/projects/PhyloOpenCell/metadata/gene_mapping_candidate_summary.tsv;/workspace/projects/PhyloOpenCell/metadata/dataset_orthogroup_coverage_v1.tsv	c1b43878a37f9df6b71d43837c126fa75978f4fbf274dbe36de802713efc926f;5bf556f16a0a3dc2bc78cea55cd5a1e852aef9f302ee79aee0e1baf98f8104b3	
Arabidopsis thaliana_PRJNA507252	PRJNA507252	Arabidopsis thaliana	leaf		standardized H5AD var_names mapped to species reference-gene candidates	4214	4178	3915	0.929046037019459	0.929046037019459	0.0	reference_longest_protein_v1	gene_mapping_candidates_v1 + gene_orthogroup_candidates_v1	excluded	fewer_than_two_candidate_labels_with_100_cells	X	scaled_continuous;dense	float32	/data/datasets/Bioinformatics/h5ad/Arabidopsis thaliana_PRJNA507252.h5ad	/root/autodl-tmp/project/plant-cell/data_raw/Arabidopsis thaliana_PRJNA507252.anno.csv	cd34477c0b02b2401c16ce5a46e840c0c566b72797aa971a23c96e892b15ec1f	/workspace/projects/PhyloOpenCell/metadata/gene_mapping_candidate_summary.tsv;/workspace/projects/PhyloOpenCell/metadata/dataset_orthogroup_coverage_v1.tsv	c1b43878a37f9df6b71d43837c126fa75978f4fbf274dbe36de802713efc926f;5bf556f16a0a3dc2bc78cea55cd5a1e852aef9f302ee79aee0e1baf98f8104b3	
Arabidopsis thaliana_PRJNA507252	PRJNA507252	Arabidopsis thaliana	root		standardized H5AD var_names mapped to species reference-gene candidates	4214	4178	3915	0.929046037019459	0.929046037019459	0.0	reference_longest_protein_v1	gene_mapping_candidates_v1 + gene_orthogroup_candidates_v1	eligible	passes_provisional_panel_gates	X	scaled_continuous;dense	float32	/data/datasets/Bioinformatics/h5ad/Arabidopsis thaliana_PRJNA507252.h5ad	/root/autodl-tmp/project/plant-cell/data_raw/Arabidopsis thaliana_PRJNA507252.anno.csv	cd34477c0b02b2401c16ce5a46e840c0c566b72797aa971a23c96e892b15ec1f	/workspace/projects/PhyloOpenCell/metadata/gene_mapping_candidate_summary.tsv;/workspace/projects/PhyloOpenCell/metadata/dataset_orthogroup_coverage_v1.tsv	c1b43878a37f9df6b71d43837c126fa75978f4fbf274dbe36de802713efc926f;5bf556f16a0a3dc2bc78cea55cd5a1e852aef9f302ee79aee0e1baf98f8104b3	
Arabidopsis thaliana_PRJNA507252	PRJNA507252	Arabidopsis thaliana	vascular		standardized H5AD var_names mapped to species reference-gene candidates	4214	4178	3915	0.929046037019459	0.929046037019459	0.0	reference_longest_protein_v1	gene_mapping_candidates_v1 + gene_orthogroup_candidates_v1	eligible	passes_provisional_panel_gates	X	scaled_continuous;dense	float32	/data/datasets/Bioinformatics/h5ad/Arabidopsis thaliana_PRJNA507252.h5ad	/root/autodl-tmp/project/plant-cell/data_raw/Arabidopsis thaliana_PRJNA507252.anno.csv	cd34477c0b02b2401c16ce5a46e840c0c566b72797aa971a23c96e892b15ec1f	/workspace/projects/PhyloOpenCell/metadata/gene_mapping_candidate_summary.tsv;/workspace/projects/PhyloOpenCell/metadata/dataset_orthogroup_coverage_v1.tsv	c1b43878a37f9df6b71d43837c126fa75978f4fbf274dbe36de802713efc926f;5bf556f16a0a3dc2bc78cea55cd5a1e852aef9f302ee79aee0e1baf98f8104b3	
Arabidopsis thaliana_PRJNA509920	PRJNA509920	Arabidopsis thaliana	leaf		standardized H5AD var_names mapped to species reference-gene candidates	23898	23374	20993	0.8784417106033978	0.8784417106033978	0.0	reference_longest_protein_v1	gene_mapping_candidates_v1 + gene_orthogroup_candidates_v1	excluded	fewer_than_two_candidate_labels_with_100_cells	X	nonnegative_integer_unverified;csr	int64	/data/datasets/Bioinformatics/h5ad/Arabidopsis thaliana_PRJNA509920.h5ad	/root/autodl-tmp/project/plant-cell/data_raw/Arabidopsis thaliana_PRJNA509920.anno.csv	f76f4518101c6d7db558040931370b831fa113785ed8d703693c6b9602d63a2b	/workspace/projects/PhyloOpenCell/metadata/gene_mapping_candidate_summary.tsv;/workspace/projects/PhyloOpenCell/metadata/dataset_orthogroup_coverage_v1.tsv	c1b43878a37f9df6b71d43837c126fa75978f4fbf274dbe36de802713efc926f;5bf556f16a0a3dc2bc78cea55cd5a1e852aef9f302ee79aee0e1baf98f8104b3	
Arabidopsis thaliana_PRJNA509920	PRJNA509920	Arabidopsis thaliana	root		standardized H5AD var_names mapped to species reference-gene candidates	23898	23374	20993	0.8784417106033978	0.8784417106033978	0.0	reference_longest_protein_v1	gene_mapping_candidates_v1 + gene_orthogroup_candidates_v1	eligible	passes_provisional_panel_gates	X	nonnegative_integer_unverified;csr	int64	/data/datasets/Bioinformatics/h5ad/Arabidopsis thaliana_PRJNA509920.h5ad	/root/autodl-tmp/project/plant-cell/data_raw/Arabidopsis thaliana_PRJNA509920.anno.csv	f76f4518101c6d7db558040931370b831fa113785ed8d703693c6b9602d63a2b	/workspace/projects/PhyloOpenCell/metadata/gene_mapping_candidate_summary.tsv;/workspace/projects/PhyloOpenCell/metadata/dataset_orthogroup_coverage_v1.tsv	c1b43878a37f9df6b71d43837c126fa75978f4fbf274dbe36de802713efc926f;5bf556f16a0a3dc2bc78cea55cd5a1e852aef9f302ee79aee0e1baf98f8104b3	
Arabidopsis thaliana_PRJNA509920	PRJNA509920	Arabidopsis thaliana	vascular		standardized H5AD var_names mapped to species reference-gene candidates	23898	23374	20993	0.8784417106033978	0.8784417106033978	0.0	reference_longest_protein_v1	gene_mapping_candidates_v1 + gene_orthogroup_candidates_v1	excluded	fewer_than_two_candidate_labels_with_100_cells	X	nonnegative_integer_unverified;csr	int64	/data/datasets/Bioinformatics/h5ad/Arabidopsis thaliana_PRJNA509920.h5ad	/root/autodl-tmp/project/plant-cell/data_raw/Arabidopsis thaliana_PRJNA509920.anno.csv	f76f4518101c6d7db558040931370b831fa113785ed8d703693c6b9602d63a2b	/workspace/projects/PhyloOpenCell/metadata/gene_mapping_candidate_summary.tsv;/workspace/projects/PhyloOpenCell/metadata/dataset_orthogroup_coverage_v1.tsv	c1b43878a37f9df6b71d43837c126fa75978f4fbf274dbe36de802713efc926f;5bf556f16a0a3dc2bc78cea55cd5a1e852aef9f302ee79aee0e1baf98f8104b3	
Arabidopsis thaliana_PRJNA517021	PRJNA517021	Arabidopsis thaliana	leaf		standardized H5AD var_names mapped to species reference-gene candidates	2000	1979	1867	0.9335	0.9335	0.0	reference_longest_protein_v1	gene_mapping_candidates_v1 + gene_orthogroup_candidates_v1	excluded	fewer_than_two_candidate_labels_with_100_cells	X	scaled_continuous;dense	float32	/data/datasets/Bioinformatics/h5ad/Arabidopsis thaliana_PRJNA517021.h5ad	/root/autodl-tmp/project/plant-cell/data_raw/Arabidopsis thaliana_PRJNA517021.anno.csv	f3157e3e8d5e831b0d152465779afa717dfb9a4b5dd552dfa6679752eeb98b04	/workspace/projects/PhyloOpenCell/metadata/gene_mapping_candidate_summary.tsv;/workspace/projects/PhyloOpenCell/metadata/dataset_orthogroup_coverage_v1.tsv	c1b43878a37f9df6b71d43837c126fa75978f4fbf274dbe36de802713efc926f;5bf556f16a0a3dc2bc78cea55cd5a1e852aef9f302ee79aee0e1baf98f8104b3	
Arabidopsis thaliana_PRJNA517021	PRJNA517021	Arabidopsis thaliana	root		standardized H5AD var_names mapped to species reference-gene candidates	2000	1979	1867	0.9335	0.9335	0.0	reference_longest_protein_v1	gene_mapping_candidates_v1 + gene_orthogroup_candidates_v1	eligible	passes_provisional_panel_gates	X	scaled_continuous;dense	float32	/data/datasets/Bioinformatics/h5ad/Arabidopsis thaliana_PRJNA517021.h5ad	/root/autodl-tmp/project/plant-cell/data_raw/Arabidopsis thaliana_PRJNA517021.anno.csv	f3157e3e8d5e831b0d152465779afa717dfb9a4b5dd552dfa6679752eeb98b04	/workspace/projects/PhyloOpenCell/metadata/gene_mapping_candidate_summary.tsv;/workspace/projects/PhyloOpenCell/metadata/dataset_orthogroup_coverage_v1.tsv	c1b43878a37f9df6b71d43837c126fa75978f4fbf274dbe36de802713efc926f;5bf556f16a0a3dc2bc78cea55cd5a1e852aef9f302ee79aee0e1baf98f8104b3	
Arabidopsis thaliana_PRJNA517021	PRJNA517021	Arabidopsis thaliana	vascular		standardized H5AD var_names mapped to species reference-gene candidates	2000	1979	1867	0.9335	0.9335	0.0	reference_longest_protein_v1	gene_mapping_candidates_v1 + gene_orthogroup_candidates_v1	eligible	passes_provisional_panel_gates	X	scaled_continuous;dense	float32	/data/datasets/Bioinformatics/h5ad/Arabidopsis thaliana_PRJNA517021.h5ad	/root/autodl-tmp/project/plant-cell/data_raw/Arabidopsis thaliana_PRJNA517021.anno.csv	f3157e3e8d5e831b0d152465779afa717dfb9a4b5dd552dfa6679752eeb98b04	/workspace/projects/PhyloOpenCell/metadata/gene_mapping_candidate_summary.tsv;/workspace/projects/PhyloOpenCell/metadata/dataset_orthogroup_coverage_v1.tsv	c1b43878a37f9df6b71d43837c126fa75978f4fbf274dbe36de802713efc926f;5bf556f16a0a3dc2bc78cea55cd5a1e852aef9f302ee79aee0e1baf98f8104b3	
Arabidopsis thaliana_PRJNA551314	PRJNA551314	Arabidopsis thaliana	leaf		standardized H5AD var_names mapped to species reference-gene candidates	35858						reference_longest_protein_v1	gene_mapping_candidates_v1 + gene_orthogroup_candidates_v1	excluded	orthogroup_coverage_below_60pct_or_unavailable;fewer_than_two_candidate_labels_with_100_cells	X	normalized_nonnegative_continuous;csr	float32	/data/datasets/Bioinformatics/h5ad/Arabidopsis thaliana_PRJNA551314.h5ad	/root/autodl-tmp/project/plant-cell/data_raw/Arabidopsis thaliana_PRJNA551314.anno.csv	16f55da4364a85e0c665ee8ccd4c737ad5472ad22acb49ed33cdb3e3482e0c15	/workspace/projects/PhyloOpenCell/metadata/gene_mapping_candidate_summary.tsv;/workspace/projects/PhyloOpenCell/metadata/dataset_orthogroup_coverage_v1.tsv	c1b43878a37f9df6b71d43837c126fa75978f4fbf274dbe36de802713efc926f;5bf556f16a0a3dc2bc78cea55cd5a1e852aef9f302ee79aee0e1baf98f8104b3	orthogroup mapping coverage not evaluated for this manifest dataset; values retained blank
Arabidopsis thaliana_PRJNA551314	PRJNA551314	Arabidopsis thaliana	root		standardized H5AD var_names mapped to species reference-gene candidates	35858						reference_longest_protein_v1	gene_mapping_candidates_v1 + gene_orthogroup_candidates_v1	excluded	orthogroup_coverage_below_60pct_or_unavailable;fewer_than_two_candidate_labels_with_100_cells	X	normalized_nonnegative_continuous;csr	float32	/data/datasets/Bioinformatics/h5ad/Arabidopsis thaliana_PRJNA551314.h5ad	/root/autodl-tmp/project/plant-cell/data_raw/Arabidopsis thaliana_PRJNA551314.anno.csv	16f55da4364a85e0c665ee8ccd4c737ad5472ad22acb49ed33cdb3e3482e0c15	/workspace/projects/PhyloOpenCell/metadata/gene_mapping_candidate_summary.tsv;/workspace/projects/PhyloOpenCell/metadata/dataset_orthogroup_coverage_v1.tsv	c1b43878a37f9df6b71d43837c126fa75978f4fbf274dbe36de802713efc926f;5bf556f16a0a3dc2bc78cea55cd5a1e852aef9f302ee79aee0e1baf98f8104b3	orthogroup mapping coverage not evaluated for this manifest dataset; values retained blank
Arabidopsis thaliana_PRJNA551314	PRJNA551314	Arabidopsis thaliana	vascular		standardized H5AD var_names mapped to species reference-gene candidates	35858						reference_longest_protein_v1	gene_mapping_candidates_v1 + gene_orthogroup_candidates_v1	excluded	orthogroup_coverage_below_60pct_or_unavailable;fewer_than_two_candidate_labels_with_100_cells	X	normalized_nonnegative_continuous;csr	float32	/data/datasets/Bioinformatics/h5ad/Arabidopsis thaliana_PRJNA551314.h5ad	/root/autodl-tmp/project/plant-cell/data_raw/Arabidopsis thaliana_PRJNA551314.anno.csv	16f55da4364a85e0c665ee8ccd4c737ad5472ad22acb49ed33cdb3e3482e0c15	/workspace/projects/PhyloOpenCell/metadata/gene_mapping_candidate_summary.tsv;/workspace/projects/PhyloOpenCell/metadata/dataset_orthogroup_coverage_v1.tsv	c1b43878a37f9df6b71d43837c126fa75978f4fbf274dbe36de802713efc926f;5bf556f16a0a3dc2bc78cea55cd5a1e852aef9f302ee79aee0e1baf98f8104b3	orthogroup mapping coverage not evaluated for this manifest dataset; values retained blank
Arabidopsis thaliana_PRJNA577177	PRJNA577177	Arabidopsis thaliana	leaf		standardized H5AD var_names mapped to species reference-gene candidates	22368	21940	19976	0.8930615164520744	0.8930615164520744	0.0	reference_longest_protein_v1	gene_mapping_candidates_v1 + gene_orthogroup_candidates_v1	eligible	passes_provisional_panel_gates	X	normalized_nonnegative_continuous;csr	float32	/data/datasets/Bioinformatics/h5ad/Arabidopsis thaliana_PRJNA577177.h5ad	/root/autodl-tmp/project/plant-cell/data_raw/Arabidopsis thaliana_PRJNA577177.anno.csv	bd1e7a0ac84abc8a2f24d4a15311e68f33398da945ef069ecc0a37905c849477	/workspace/projects/PhyloOpenCell/metadata/gene_mapping_candidate_summary.tsv;/workspace/projects/PhyloOpenCell/metadata/dataset_orthogroup_coverage_v1.tsv	c1b43878a37f9df6b71d43837c126fa75978f4fbf274dbe36de802713efc926f;5bf556f16a0a3dc2bc78cea55cd5a1e852aef9f302ee79aee0e1baf98f8104b3	
Arabidopsis thaliana_PRJNA577177	PRJNA577177	Arabidopsis thaliana	root		standardized H5AD var_names mapped to species reference-gene candidates	22368	21940	19976	0.8930615164520744	0.8930615164520744	0.0	reference_longest_protein_v1	gene_mapping_candidates_v1 + gene_orthogroup_candidates_v1	excluded	fewer_than_two_candidate_labels_with_100_cells	X	normalized_nonnegative_continuous;csr	float32	/data/datasets/Bioinformatics/h5ad/Arabidopsis thaliana_PRJNA577177.h5ad	/root/autodl-tmp/project/plant-cell/data_raw/Arabidopsis thaliana_PRJNA577177.anno.csv	bd1e7a0ac84abc8a2f24d4a15311e68f33398da945ef069ecc0a37905c849477	/workspace/projects/PhyloOpenCell/metadata/gene_mapping_candidate_summary.tsv;/workspace/projects/PhyloOpenCell/metadata/dataset_orthogroup_coverage_v1.tsv	c1b43878a37f9df6b71d43837c126fa75978f4fbf274dbe36de802713efc926f;5bf556f16a0a3dc2bc78cea55cd5a1e852aef9f302ee79aee0e1baf98f8104b3	
Arabidopsis thaliana_PRJNA577177	PRJNA577177	Arabidopsis thaliana	vascular		standardized H5AD var_names mapped to species reference-gene candidates	22368	21940	19976	0.8930615164520744	0.8930615164520744	0.0	reference_longest_protein_v1	gene_mapping_candidates_v1 + gene_orthogroup_candidates_v1	excluded	fewer_than_two_candidate_labels_with_100_cells	X	normalized_nonnegative_continuous;csr	float32	/data/datasets/Bioinformatics/h5ad/Arabidopsis thaliana_PRJNA577177.h5ad	/root/autodl-tmp/project/plant-cell/data_raw/Arabidopsis thaliana_PRJNA577177.anno.csv	bd1e7a0ac84abc8a2f24d4a15311e68f33398da945ef069ecc0a37905c849477	/workspace/projects/PhyloOpenCell/metadata/gene_mapping_candidate_summary.tsv;/workspace/projects/PhyloOpenCell/metadata/dataset_orthogroup_coverage_v1.tsv	c1b43878a37f9df6b71d43837c126fa75978f4fbf274dbe36de802713efc926f;5bf556f16a0a3dc2bc78cea55cd5a1e852aef9f302ee79aee0e1baf98f8104b3	
Arabidopsis thaliana_PRJNA594539	PRJNA594539	Arabidopsis thaliana	leaf		standardized H5AD var_names mapped to species reference-gene candidates	24027	23477	20973	0.8728929953801973	0.8728929953801973	0.0	reference_longest_protein_v1	gene_mapping_candidates_v1 + gene_orthogroup_candidates_v1	excluded	fewer_than_two_candidate_labels_with_100_cells	X	nonnegative_integer_unverified;csr	int64	/data/datasets/Bioinformatics/h5ad/Arabidopsis thaliana_PRJNA594539.h5ad	/root/autodl-tmp/project/plant-cell/data_raw/Arabidopsis thaliana_PRJNA594539.anno.csv	7ffeb5ce96d7f067af07f3dd2339ca5ffccf6457c643d56ae20cc7be170afe2e	/workspace/projects/PhyloOpenCell/metadata/gene_mapping_candidate_summary.tsv;/workspace/projects/PhyloOpenCell/metadata/dataset_orthogroup_coverage_v1.tsv	c1b43878a37f9df6b71d43837c126fa75978f4fbf274dbe36de802713efc926f;5bf556f16a0a3dc2bc78cea55cd5a1e852aef9f302ee79aee0e1baf98f8104b3	
Arabidopsis thaliana_PRJNA594539	PRJNA594539	Arabidopsis thaliana	root		standardized H5AD var_names mapped to species reference-gene candidates	24027	23477	20973	0.8728929953801973	0.8728929953801973	0.0	reference_longest_protein_v1	gene_mapping_candidates_v1 + gene_orthogroup_candidates_v1	eligible	passes_provisional_panel_gates	X	nonnegative_integer_unverified;csr	int64	/data/datasets/Bioinformatics/h5ad/Arabidopsis thaliana_PRJNA594539.h5ad	/root/autodl-tmp/project/plant-cell/data_raw/Arabidopsis thaliana_PRJNA594539.anno.csv	7ffeb5ce96d7f067af07f3dd2339ca5ffccf6457c643d56ae20cc7be170afe2e	/workspace/projects/PhyloOpenCell/metadata/gene_mapping_candidate_summary.tsv;/workspace/projects/PhyloOpenCell/metadata/dataset_orthogroup_coverage_v1.tsv	c1b43878a37f9df6b71d43837c126fa75978f4fbf274dbe36de802713efc926f;5bf556f16a0a3dc2bc78cea55cd5a1e852aef9f302ee79aee0e1baf98f8104b3	
Arabidopsis thaliana_PRJNA594539	PRJNA594539	Arabidopsis thaliana	vascular		standardized H5AD var_names mapped to species reference-gene candidates	24027	23477	20973	0.8728929953801973	0.8728929953801973	0.0	reference_longest_protein_v1	gene_mapping_candidates_v1 + gene_orthogroup_candidates_v1	eligible	passes_provisional_panel_gates	X	nonnegative_integer_unverified;csr	int64	/data/datasets/Bioinformatics/h5ad/Arabidopsis thaliana_PRJNA594539.h5ad	/root/autodl-tmp/project/plant-cell/data_raw/Arabidopsis thaliana_PRJNA594539.anno.csv	7ffeb5ce96d7f067af07f3dd2339ca5ffccf6457c643d56ae20cc7be170afe2e	/workspace/projects/PhyloOpenCell/metadata/gene_mapping_candidate_summary.tsv;/workspace/projects/PhyloOpenCell/metadata/dataset_orthogroup_coverage_v1.tsv	c1b43878a37f9df6b71d43837c126fa75978f4fbf274dbe36de802713efc926f;5bf556f16a0a3dc2bc78cea55cd5a1e852aef9f302ee79aee0e1baf98f8104b3	
Arabidopsis thaliana_PRJNA605594	PRJNA605594	Arabidopsis thaliana	leaf		standardized H5AD var_names mapped to species reference-gene candidates	3969						reference_longest_protein_v1	gene_mapping_candidates_v1 + gene_orthogroup_candidates_v1	excluded	orthogroup_coverage_below_60pct_or_unavailable;species_not_officially_matched;fewer_than_two_candidate_labels_with_100_cells	X	scaled_continuous;dense	float32	/data/datasets/Bioinformatics/h5ad/Arabidopsis thaliana_PRJNA605594.h5ad	/root/autodl-tmp/project/plant-cell/data_raw/Arabidopsis thaliana_PRJNA605594.anno.csv	7886cc894700ce70b4b6177445aca02d1854266a9c83e982cd69ecbdc9f3531d	/workspace/projects/PhyloOpenCell/metadata/gene_mapping_candidate_summary.tsv;/workspace/projects/PhyloOpenCell/metadata/dataset_orthogroup_coverage_v1.tsv	c1b43878a37f9df6b71d43837c126fa75978f4fbf274dbe36de802713efc926f;5bf556f16a0a3dc2bc78cea55cd5a1e852aef9f302ee79aee0e1baf98f8104b3	orthogroup mapping coverage not evaluated for this manifest dataset; values retained blank
Arabidopsis thaliana_PRJNA605594	PRJNA605594	Arabidopsis thaliana	root		standardized H5AD var_names mapped to species reference-gene candidates	3969						reference_longest_protein_v1	gene_mapping_candidates_v1 + gene_orthogroup_candidates_v1	excluded	orthogroup_coverage_below_60pct_or_unavailable;species_not_officially_matched;fewer_than_two_candidate_labels_with_100_cells	X	scaled_continuous;dense	float32	/data/datasets/Bioinformatics/h5ad/Arabidopsis thaliana_PRJNA605594.h5ad	/root/autodl-tmp/project/plant-cell/data_raw/Arabidopsis thaliana_PRJNA605594.anno.csv	7886cc894700ce70b4b6177445aca02d1854266a9c83e982cd69ecbdc9f3531d	/workspace/projects/PhyloOpenCell/metadata/gene_mapping_candidate_summary.tsv;/workspace/projects/PhyloOpenCell/metadata/dataset_orthogroup_coverage_v1.tsv	c1b43878a37f9df6b71d43837c126fa75978f4fbf274dbe36de802713efc926f;5bf556f16a0a3dc2bc78cea55cd5a1e852aef9f302ee79aee0e1baf98f8104b3	orthogroup mapping coverage not evaluated for this manifest dataset; values retained blank
Arabidopsis thaliana_PRJNA605594	PRJNA605594	Arabidopsis thaliana	vascular		standardized H5AD var_names mapped to species reference-gene candidates	3969						reference_longest_protein_v1	gene_mapping_candidates_v1 + gene_orthogroup_candidates_v1	excluded	orthogroup_coverage_below_60pct_or_unavailable;species_not_officially_matched;fewer_than_two_candidate_labels_with_100_cells	X	scaled_continuous;dense	float32	/data/datasets/Bioinformatics/h5ad/Arabidopsis thaliana_PRJNA605594.h5ad	/root/autodl-tmp/project/plant-cell/data_raw/Arabidopsis thaliana_PRJNA605594.anno.csv	7886cc894700ce70b4b6177445aca02d1854266a9c83e982cd69ecbdc9f3531d	/workspace/projects/PhyloOpenCell/metadata/gene_mapping_candidate_summary.tsv;/workspace/projects/PhyloOpenCell/metadata/dataset_orthogroup_coverage_v1.tsv	c1b43878a37f9df6b71d43837c126fa75978f4fbf274dbe36de802713efc926f;5bf556f16a0a3dc2bc78cea55cd5a1e852aef9f302ee79aee0e1baf98f8104b3	orthogroup mapping coverage not evaluated for this manifest dataset; values retained blank
Arabidopsis thaliana_PRJNA613684	PRJNA613684	Arabidopsis thaliana	leaf		standardized H5AD var_names mapped to species reference-gene candidates	22124	21676	19611	0.886412945217863	0.886412945217863	0.0	reference_longest_protein_v1	gene_mapping_candidates_v1 + gene_orthogroup_candidates_v1	eligible	passes_provisional_panel_gates	X	nonnegative_integer_unverified;csr	int64	/data/datasets/Bioinformatics/h5ad/Arabidopsis thaliana_PRJNA613684.h5ad	/root/autodl-tmp/project/plant-cell/data_raw/Arabidopsis thaliana_PRJNA613684.anno.csv	8419d59c91135eaf06586e202062ebce425aa6319f31a73cf1759b228494305c	/workspace/projects/PhyloOpenCell/metadata/gene_mapping_candidate_summary.tsv;/workspace/projects/PhyloOpenCell/metadata/dataset_orthogroup_coverage_v1.tsv	c1b43878a37f9df6b71d43837c126fa75978f4fbf274dbe36de802713efc926f;5bf556f16a0a3dc2bc78cea55cd5a1e852aef9f302ee79aee0e1baf98f8104b3	
Arabidopsis thaliana_PRJNA613684	PRJNA613684	Arabidopsis thaliana	root		standardized H5AD var_names mapped to species reference-gene candidates	22124	21676	19611	0.886412945217863	0.886412945217863	0.0	reference_longest_protein_v1	gene_mapping_candidates_v1 + gene_orthogroup_candidates_v1	excluded	fewer_than_two_candidate_labels_with_100_cells	X	nonnegative_integer_unverified;csr	int64	/data/datasets/Bioinformatics/h5ad/Arabidopsis thaliana_PRJNA613684.h5ad	/root/autodl-tmp/project/plant-cell/data_raw/Arabidopsis thaliana_PRJNA613684.anno.csv	8419d59c91135eaf06586e202062ebce425aa6319f31a73cf1759b228494305c	/workspace/projects/PhyloOpenCell/metadata/gene_mapping_candidate_summary.tsv;/workspace/projects/PhyloOpenCell/metadata/dataset_orthogroup_coverage_v1.tsv	c1b43878a37f9df6b71d43837c126fa75978f4fbf274dbe36de802713efc926f;5bf556f16a0a3dc2bc78cea55cd5a1e852aef9f302ee79aee0e1baf98f8104b3	
Arabidopsis thaliana_PRJNA613684	PRJNA613684	Arabidopsis thaliana	vascular		standardized H5AD var_names mapped to species reference-gene candidates	22124	21676	19611	0.886412945217863	0.886412945217863	0.0	reference_longest_protein_v1	gene_mapping_candidates_v1 + gene_orthogroup_candidates_v1	excluded	fewer_than_two_candidate_labels_with_100_cells	X	nonnegative_integer_unverified;csr	int64	/data/datasets/Bioinformatics/h5ad/Arabidopsis thaliana_PRJNA613684.h5ad	/root/autodl-tmp/project/plant-cell/data_raw/Arabidopsis thaliana_PRJNA613684.anno.csv	8419d59c91135eaf06586e202062ebce425aa6319f31a73cf1759b228494305c	/workspace/projects/PhyloOpenCell/metadata/gene_mapping_candidate_summary.tsv;/workspace/projects/PhyloOpenCell/metadata/dataset_orthogroup_coverage_v1.tsv	c1b43878a37f9df6b71d43837c126fa75978f4fbf274dbe36de802713efc926f;5bf556f16a0a3dc2bc78cea55cd5a1e852aef9f302ee79aee0e1baf98f8104b3	
Arabidopsis thaliana_PRJNA640389	PRJNA640389	Arabidopsis thaliana	leaf		standardized H5AD var_names mapped to species reference-gene candidates	17513	17513	16243	0.9274824416148004	0.9274824416148004	0.0	reference_longest_protein_v1	gene_mapping_candidates_v1 + gene_orthogroup_candidates_v1	excluded	fewer_than_two_candidate_labels_with_100_cells	X	scaled_continuous;dense	float32	/data/datasets/Bioinformatics/h5ad/Arabidopsis thaliana_PRJNA640389.h5ad	/root/autodl-tmp/project/plant-cell/data_raw/Arabidopsis thaliana_PRJNA640389.anno.csv	07f9999c49eb8fc6c71afa11ef72fd3d3329134a8774c8e82956f637589d7eb0	/workspace/projects/PhyloOpenCell/metadata/gene_mapping_candidate_summary.tsv;/workspace/projects/PhyloOpenCell/metadata/dataset_orthogroup_coverage_v1.tsv	c1b43878a37f9df6b71d43837c126fa75978f4fbf274dbe36de802713efc926f;5bf556f16a0a3dc2bc78cea55cd5a1e852aef9f302ee79aee0e1baf98f8104b3	
Arabidopsis thaliana_PRJNA640389	PRJNA640389	Arabidopsis thaliana	root		standardized H5AD var_names mapped to species reference-gene candidates	17513	17513	16243	0.9274824416148004	0.9274824416148004	0.0	reference_longest_protein_v1	gene_mapping_candidates_v1 + gene_orthogroup_candidates_v1	eligible	passes_provisional_panel_gates	X	scaled_continuous;dense	float32	/data/datasets/Bioinformatics/h5ad/Arabidopsis thaliana_PRJNA640389.h5ad	/root/autodl-tmp/project/plant-cell/data_raw/Arabidopsis thaliana_PRJNA640389.anno.csv	07f9999c49eb8fc6c71afa11ef72fd3d3329134a8774c8e82956f637589d7eb0	/workspace/projects/PhyloOpenCell/metadata/gene_mapping_candidate_summary.tsv;/workspace/projects/PhyloOpenCell/metadata/dataset_orthogroup_coverage_v1.tsv	c1b43878a37f9df6b71d43837c126fa75978f4fbf274dbe36de802713efc926f;5bf556f16a0a3dc2bc78cea55cd5a1e852aef9f302ee79aee0e1baf98f8104b3	
Arabidopsis thaliana_PRJNA640389	PRJNA640389	Arabidopsis thaliana	vascular		standardized H5AD var_names mapped to species reference-gene candidates	17513	17513	16243	0.9274824416148004	0.9274824416148004	0.0	reference_longest_protein_v1	gene_mapping_candidates_v1 + gene_orthogroup_candidates_v1	eligible	passes_provisional_panel_gates	X	scaled_continuous;dense	float32	/data/datasets/Bioinformatics/h5ad/Arabidopsis thaliana_PRJNA640389.h5ad	/root/autodl-tmp/project/plant-cell/data_raw/Arabidopsis thaliana_PRJNA640389.anno.csv	07f9999c49eb8fc6c71afa11ef72fd3d3329134a8774c8e82956f637589d7eb0	/workspace/projects/PhyloOpenCell/metadata/gene_mapping_candidate_summary.tsv;/workspace/projects/PhyloOpenCell/metadata/dataset_orthogroup_coverage_v1.tsv	c1b43878a37f9df6b71d43837c126fa75978f4fbf274dbe36de802713efc926f;5bf556f16a0a3dc2bc78cea55cd5a1e852aef9f302ee79aee0e1baf98f8104b3	
Arabidopsis thaliana_PRJNA648028	PRJNA648028	Arabidopsis thaliana	leaf		standardized H5AD var_names mapped to species reference-gene candidates	4870	4827	4635	0.9517453798767967	0.9517453798767967	0.0	reference_longest_protein_v1	gene_mapping_candidates_v1 + gene_orthogroup_candidates_v1	excluded	fewer_than_two_candidate_labels_with_100_cells	X	scaled_continuous;dense	float32	/data/datasets/Bioinformatics/h5ad/Arabidopsis thaliana_PRJNA648028.h5ad	/data/datasets/Bioinformatics/expression/Arabidopsis thaliana_PRJNA648028.anno.csv	0f31bb40568d12fc04757da3f77b7664af163e09b9985ba67dc1b9f8d06810e5	/workspace/projects/PhyloOpenCell/metadata/gene_mapping_candidate_summary.tsv;/workspace/projects/PhyloOpenCell/metadata/dataset_orthogroup_coverage_v1.tsv	c1b43878a37f9df6b71d43837c126fa75978f4fbf274dbe36de802713efc926f;5bf556f16a0a3dc2bc78cea55cd5a1e852aef9f302ee79aee0e1baf98f8104b3	
Arabidopsis thaliana_PRJNA648028	PRJNA648028	Arabidopsis thaliana	root		standardized H5AD var_names mapped to species reference-gene candidates	4870	4827	4635	0.9517453798767967	0.9517453798767967	0.0	reference_longest_protein_v1	gene_mapping_candidates_v1 + gene_orthogroup_candidates_v1	excluded	fewer_than_two_candidate_labels_with_100_cells	X	scaled_continuous;dense	float32	/data/datasets/Bioinformatics/h5ad/Arabidopsis thaliana_PRJNA648028.h5ad	/data/datasets/Bioinformatics/expression/Arabidopsis thaliana_PRJNA648028.anno.csv	0f31bb40568d12fc04757da3f77b7664af163e09b9985ba67dc1b9f8d06810e5	/workspace/projects/PhyloOpenCell/metadata/gene_mapping_candidate_summary.tsv;/workspace/projects/PhyloOpenCell/metadata/dataset_orthogroup_coverage_v1.tsv	c1b43878a37f9df6b71d43837c126fa75978f4fbf274dbe36de802713efc926f;5bf556f16a0a3dc2bc78cea55cd5a1e852aef9f302ee79aee0e1baf98f8104b3	
Arabidopsis thaliana_PRJNA648028	PRJNA648028	Arabidopsis thaliana	vascular		standardized H5AD var_names mapped to species reference-gene candidates	4870	4827	4635	0.9517453798767967	0.9517453798767967	0.0	reference_longest_protein_v1	gene_mapping_candidates_v1 + gene_orthogroup_candidates_v1	excluded	fewer_than_two_candidate_labels_with_100_cells	X	scaled_continuous;dense	float32	/data/datasets/Bioinformatics/h5ad/Arabidopsis thaliana_PRJNA648028.h5ad	/data/datasets/Bioinformatics/expression/Arabidopsis thaliana_PRJNA648028.anno.csv	0f31bb40568d12fc04757da3f77b7664af163e09b9985ba67dc1b9f8d06810e5	/workspace/projects/PhyloOpenCell/metadata/gene_mapping_candidate_summary.tsv;/workspace/projects/PhyloOpenCell/metadata/dataset_orthogroup_coverage_v1.tsv	c1b43878a37f9df6b71d43837c126fa75978f4fbf274dbe36de802713efc926f;5bf556f16a0a3dc2bc78cea55cd5a1e852aef9f302ee79aee0e1baf98f8104b3	
Arabidopsis thaliana_PRJNA649267	PRJNA649267	Arabidopsis thaliana	leaf		standardized H5AD var_names mapped to species reference-gene candidates	23260	22786	20424	0.8780739466895958	0.8780739466895958	0.0	reference_longest_protein_v1	gene_mapping_candidates_v1 + gene_orthogroup_candidates_v1	excluded	fewer_than_two_candidate_labels_with_100_cells	X	nonnegative_integer_unverified;csr	int64	/data/datasets/Bioinformatics/h5ad/Arabidopsis thaliana_PRJNA649267.h5ad	/root/autodl-tmp/project/plant-cell/data_raw/Arabidopsis thaliana_PRJNA649267.anno.csv	01ed8a8bd04fc49f6aacc3c2f30faa993ecf5338d7432845b75a743b5873098d	/workspace/projects/PhyloOpenCell/metadata/gene_mapping_candidate_summary.tsv;/workspace/projects/PhyloOpenCell/metadata/dataset_orthogroup_coverage_v1.tsv	c1b43878a37f9df6b71d43837c126fa75978f4fbf274dbe36de802713efc926f;5bf556f16a0a3dc2bc78cea55cd5a1e852aef9f302ee79aee0e1baf98f8104b3	
Arabidopsis thaliana_PRJNA649267	PRJNA649267	Arabidopsis thaliana	root		standardized H5AD var_names mapped to species reference-gene candidates	23260	22786	20424	0.8780739466895958	0.8780739466895958	0.0	reference_longest_protein_v1	gene_mapping_candidates_v1 + gene_orthogroup_candidates_v1	eligible	passes_provisional_panel_gates	X	nonnegative_integer_unverified;csr	int64	/data/datasets/Bioinformatics/h5ad/Arabidopsis thaliana_PRJNA649267.h5ad	/root/autodl-tmp/project/plant-cell/data_raw/Arabidopsis thaliana_PRJNA649267.anno.csv	01ed8a8bd04fc49f6aacc3c2f30faa993ecf5338d7432845b75a743b5873098d	/workspace/projects/PhyloOpenCell/metadata/gene_mapping_candidate_summary.tsv;/workspace/projects/PhyloOpenCell/metadata/dataset_orthogroup_coverage_v1.tsv	c1b43878a37f9df6b71d43837c126fa75978f4fbf274dbe36de802713efc926f;5bf556f16a0a3dc2bc78cea55cd5a1e852aef9f302ee79aee0e1baf98f8104b3	
Arabidopsis thaliana_PRJNA649267	PRJNA649267	Arabidopsis thaliana	vascular		standardized H5AD var_names mapped to species reference-gene candidates	23260	22786	20424	0.8780739466895958	0.8780739466895958	0.0	reference_longest_protein_v1	gene_mapping_candidates_v1 + gene_orthogroup_candidates_v1	eligible	passes_provisional_panel_gates	X	nonnegative_integer_unverified;csr	int64	/data/datasets/Bioinformatics/h5ad/Arabidopsis thaliana_PRJNA649267.h5ad	/root/autodl-tmp/project/plant-cell/data_raw/Arabidopsis thaliana_PRJNA649267.anno.csv	01ed8a8bd04fc49f6aacc3c2f30faa993ecf5338d7432845b75a743b5873098d	/workspace/projects/PhyloOpenCell/metadata/gene_mapping_candidate_summary.tsv;/workspace/projects/PhyloOpenCell/metadata/dataset_orthogroup_coverage_v1.tsv	c1b43878a37f9df6b71d43837c126fa75978f4fbf274dbe36de802713efc926f;5bf556f16a0a3dc2bc78cea55cd5a1e852aef9f302ee79aee0e1baf98f8104b3	
Arabidopsis thaliana_PRJNA659737	PRJNA659737	Arabidopsis thaliana	leaf		standardized H5AD var_names mapped to species reference-gene candidates	23206	23206	20502	0.883478410755839	0.883478410755839	0.0	reference_longest_protein_v1	gene_mapping_candidates_v1 + gene_orthogroup_candidates_v1	excluded	fewer_than_two_candidate_labels_with_100_cells	X	scaled_continuous;dense	float32	/data/datasets/Bioinformatics/h5ad/Arabidopsis thaliana_PRJNA659737.h5ad	/root/autodl-tmp/project/plant-cell/data_raw/Arabidopsis thaliana_PRJNA659737.anno.csv	dccd70bd3c5d29995368870557620239e2fa5babb2ba708bb58b873196f7ae3e	/workspace/projects/PhyloOpenCell/metadata/gene_mapping_candidate_summary.tsv;/workspace/projects/PhyloOpenCell/metadata/dataset_orthogroup_coverage_v1.tsv	c1b43878a37f9df6b71d43837c126fa75978f4fbf274dbe36de802713efc926f;5bf556f16a0a3dc2bc78cea55cd5a1e852aef9f302ee79aee0e1baf98f8104b3	
Arabidopsis thaliana_PRJNA659737	PRJNA659737	Arabidopsis thaliana	root		standardized H5AD var_names mapped to species reference-gene candidates	23206	23206	20502	0.883478410755839	0.883478410755839	0.0	reference_longest_protein_v1	gene_mapping_candidates_v1 + gene_orthogroup_candidates_v1	excluded	fewer_than_two_candidate_labels_with_100_cells	X	scaled_continuous;dense	float32	/data/datasets/Bioinformatics/h5ad/Arabidopsis thaliana_PRJNA659737.h5ad	/root/autodl-tmp/project/plant-cell/data_raw/Arabidopsis thaliana_PRJNA659737.anno.csv	dccd70bd3c5d29995368870557620239e2fa5babb2ba708bb58b873196f7ae3e	/workspace/projects/PhyloOpenCell/metadata/gene_mapping_candidate_summary.tsv;/workspace/projects/PhyloOpenCell/metadata/dataset_orthogroup_coverage_v1.tsv	c1b43878a37f9df6b71d43837c126fa75978f4fbf274dbe36de802713efc926f;5bf556f16a0a3dc2bc78cea55cd5a1e852aef9f302ee79aee0e1baf98f8104b3	
Arabidopsis thaliana_PRJNA659737	PRJNA659737	Arabidopsis thaliana	vascular		standardized H5AD var_names mapped to species reference-gene candidates	23206	23206	20502	0.883478410755839	0.883478410755839	0.0	reference_longest_protein_v1	gene_mapping_candidates_v1 + gene_orthogroup_candidates_v1	excluded	fewer_than_two_candidate_labels_with_100_cells	X	scaled_continuous;dense	float32	/data/datasets/Bioinformatics/h5ad/Arabidopsis thaliana_PRJNA659737.h5ad	/root/autodl-tmp/project/plant-cell/data_raw/Arabidopsis thaliana_PRJNA659737.anno.csv	dccd70bd3c5d29995368870557620239e2fa5babb2ba708bb58b873196f7ae3e	/workspace/projects/PhyloOpenCell/metadata/gene_mapping_candidate_summary.tsv;/workspace/projects/PhyloOpenCell/metadata/dataset_orthogroup_coverage_v1.tsv	c1b43878a37f9df6b71d43837c126fa75978f4fbf274dbe36de802713efc926f;5bf556f16a0a3dc2bc78cea55cd5a1e852aef9f302ee79aee0e1baf98f8104b3	
Arabidopsis thaliana_PRJNA664874	PRJNA664874	Arabidopsis thaliana	leaf		standardized H5AD var_names mapped to species reference-gene candidates	19089	18860	17566	0.9202158311069202	0.9202158311069202	0.0	reference_longest_protein_v1	gene_mapping_candidates_v1 + gene_orthogroup_candidates_v1	excluded	fewer_than_two_candidate_labels_with_100_cells	X	scaled_continuous;dense	float32	/data/datasets/Bioinformatics/h5ad/Arabidopsis thaliana_PRJNA664874.h5ad	/root/autodl-tmp/project/plant-cell/data_raw/Arabidopsis thaliana_PRJNA664874.anno.csv	19bd114dec6034770d9c3021029978ce759d0139986bc3661415190e37644384	/workspace/projects/PhyloOpenCell/metadata/gene_mapping_candidate_summary.tsv;/workspace/projects/PhyloOpenCell/metadata/dataset_orthogroup_coverage_v1.tsv	c1b43878a37f9df6b71d43837c126fa75978f4fbf274dbe36de802713efc926f;5bf556f16a0a3dc2bc78cea55cd5a1e852aef9f302ee79aee0e1baf98f8104b3	
Arabidopsis thaliana_PRJNA664874	PRJNA664874	Arabidopsis thaliana	root		standardized H5AD var_names mapped to species reference-gene candidates	19089	18860	17566	0.9202158311069202	0.9202158311069202	0.0	reference_longest_protein_v1	gene_mapping_candidates_v1 + gene_orthogroup_candidates_v1	excluded	fewer_than_two_candidate_labels_with_100_cells	X	scaled_continuous;dense	float32	/data/datasets/Bioinformatics/h5ad/Arabidopsis thaliana_PRJNA664874.h5ad	/root/autodl-tmp/project/plant-cell/data_raw/Arabidopsis thaliana_PRJNA664874.anno.csv	19bd114dec6034770d9c3021029978ce759d0139986bc3661415190e37644384	/workspace/projects/PhyloOpenCell/metadata/gene_mapping_candidate_summary.tsv;/workspace/projects/PhyloOpenCell/metadata/dataset_orthogroup_coverage_v1.tsv	c1b43878a37f9df6b71d43837c126fa75978f4fbf274dbe36de802713efc926f;5bf556f16a0a3dc2bc78cea55cd5a1e852aef9f302ee79aee0e1baf98f8104b3	
Arabidopsis thaliana_PRJNA664874	PRJNA664874	Arabidopsis thaliana	vascular		standardized H5AD var_names mapped to species reference-gene candidates	19089	18860	17566	0.9202158311069202	0.9202158311069202	0.0	reference_longest_protein_v1	gene_mapping_candidates_v1 + gene_orthogroup_candidates_v1	excluded	fewer_than_two_candidate_labels_with_100_cells	X	scaled_continuous;dense	float32	/data/datasets/Bioinformatics/h5ad/Arabidopsis thaliana_PRJNA664874.h5ad	/root/autodl-tmp/project/plant-cell/data_raw/Arabidopsis thaliana_PRJNA664874.anno.csv	19bd114dec6034770d9c3021029978ce759d0139986bc3661415190e37644384	/workspace/projects/PhyloOpenCell/metadata/gene_mapping_candidate_summary.tsv;/workspace/projects/PhyloOpenCell/metadata/dataset_orthogroup_coverage_v1.tsv	c1b43878a37f9df6b71d43837c126fa75978f4fbf274dbe36de802713efc926f;5bf556f16a0a3dc2bc78cea55cd5a1e852aef9f302ee79aee0e1baf98f8104b3	
Arabidopsis thaliana_PRJNA666436	PRJNA666436	Arabidopsis thaliana	leaf		standardized H5AD var_names mapped to species reference-gene candidates	21262	20969	19214	0.9036779230552159	0.9036779230552159	0.0	reference_longest_protein_v1	gene_mapping_candidates_v1 + gene_orthogroup_candidates_v1	excluded	fewer_than_two_candidate_labels_with_100_cells	X	nonnegative_integer_unverified;csr	int64	/data/datasets/Bioinformatics/h5ad/Arabidopsis thaliana_PRJNA666436.h5ad	/root/autodl-tmp/project/plant-cell/data_raw/Arabidopsis thaliana_PRJNA666436.anno.csv	4d488c29a75f03f8cb25e637c1bc05a400186aa43e456da2de71f7dd59b14f6e	/workspace/projects/PhyloOpenCell/metadata/gene_mapping_candidate_summary.tsv;/workspace/projects/PhyloOpenCell/metadata/dataset_orthogroup_coverage_v1.tsv	c1b43878a37f9df6b71d43837c126fa75978f4fbf274dbe36de802713efc926f;5bf556f16a0a3dc2bc78cea55cd5a1e852aef9f302ee79aee0e1baf98f8104b3	
Arabidopsis thaliana_PRJNA666436	PRJNA666436	Arabidopsis thaliana	root		standardized H5AD var_names mapped to species reference-gene candidates	21262	20969	19214	0.9036779230552159	0.9036779230552159	0.0	reference_longest_protein_v1	gene_mapping_candidates_v1 + gene_orthogroup_candidates_v1	eligible	passes_provisional_panel_gates	X	nonnegative_integer_unverified;csr	int64	/data/datasets/Bioinformatics/h5ad/Arabidopsis thaliana_PRJNA666436.h5ad	/root/autodl-tmp/project/plant-cell/data_raw/Arabidopsis thaliana_PRJNA666436.anno.csv	4d488c29a75f03f8cb25e637c1bc05a400186aa43e456da2de71f7dd59b14f6e	/workspace/projects/PhyloOpenCell/metadata/gene_mapping_candidate_summary.tsv;/workspace/projects/PhyloOpenCell/metadata/dataset_orthogroup_coverage_v1.tsv	c1b43878a37f9df6b71d43837c126fa75978f4fbf274dbe36de802713efc926f;5bf556f16a0a3dc2bc78cea55cd5a1e852aef9f302ee79aee0e1baf98f8104b3	
Arabidopsis thaliana_PRJNA666436	PRJNA666436	Arabidopsis thaliana	vascular		standardized H5AD var_names mapped to species reference-gene candidates	21262	20969	19214	0.9036779230552159	0.9036779230552159	0.0	reference_longest_protein_v1	gene_mapping_candidates_v1 + gene_orthogroup_candidates_v1	excluded	fewer_than_two_candidate_labels_with_100_cells	X	nonnegative_integer_unverified;csr	int64	/data/datasets/Bioinformatics/h5ad/Arabidopsis thaliana_PRJNA666436.h5ad	/root/autodl-tmp/project/plant-cell/data_raw/Arabidopsis thaliana_PRJNA666436.anno.csv	4d488c29a75f03f8cb25e637c1bc05a400186aa43e456da2de71f7dd59b14f6e	/workspace/projects/PhyloOpenCell/metadata/gene_mapping_candidate_summary.tsv;/workspace/projects/PhyloOpenCell/metadata/dataset_orthogroup_coverage_v1.tsv	c1b43878a37f9df6b71d43837c126fa75978f4fbf274dbe36de802713efc926f;5bf556f16a0a3dc2bc78cea55cd5a1e852aef9f302ee79aee0e1baf98f8104b3	
Arabidopsis thaliana_PRJNA678377	PRJNA678377	Arabidopsis thaliana	leaf		standardized H5AD var_names mapped to species reference-gene candidates	3265	3236	3086	0.9451761102603369	0.9451761102603369	0.0	reference_longest_protein_v1	gene_mapping_candidates_v1 + gene_orthogroup_candidates_v1	eligible	passes_provisional_panel_gates	X	scaled_continuous;dense	float32	/data/datasets/Bioinformatics/h5ad/Arabidopsis thaliana_PRJNA678377.h5ad	/root/autodl-tmp/project/plant-cell/data_raw/Arabidopsis thaliana_PRJNA678377.anno.csv	8da4619f556e935a8a8a8443e772553953da7129650edce453b8d4ca424c6ce4	/workspace/projects/PhyloOpenCell/metadata/gene_mapping_candidate_summary.tsv;/workspace/projects/PhyloOpenCell/metadata/dataset_orthogroup_coverage_v1.tsv	c1b43878a37f9df6b71d43837c126fa75978f4fbf274dbe36de802713efc926f;5bf556f16a0a3dc2bc78cea55cd5a1e852aef9f302ee79aee0e1baf98f8104b3	
Arabidopsis thaliana_PRJNA678377	PRJNA678377	Arabidopsis thaliana	root		standardized H5AD var_names mapped to species reference-gene candidates	3265	3236	3086	0.9451761102603369	0.9451761102603369	0.0	reference_longest_protein_v1	gene_mapping_candidates_v1 + gene_orthogroup_candidates_v1	excluded	fewer_than_two_candidate_labels_with_100_cells	X	scaled_continuous;dense	float32	/data/datasets/Bioinformatics/h5ad/Arabidopsis thaliana_PRJNA678377.h5ad	/root/autodl-tmp/project/plant-cell/data_raw/Arabidopsis thaliana_PRJNA678377.anno.csv	8da4619f556e935a8a8a8443e772553953da7129650edce453b8d4ca424c6ce4	/workspace/projects/PhyloOpenCell/metadata/gene_mapping_candidate_summary.tsv;/workspace/projects/PhyloOpenCell/metadata/dataset_orthogroup_coverage_v1.tsv	c1b43878a37f9df6b71d43837c126fa75978f4fbf274dbe36de802713efc926f;5bf556f16a0a3dc2bc78cea55cd5a1e852aef9f302ee79aee0e1baf98f8104b3	
Arabidopsis thaliana_PRJNA678377	PRJNA678377	Arabidopsis thaliana	vascular		standardized H5AD var_names mapped to species reference-gene candidates	3265	3236	3086	0.9451761102603369	0.9451761102603369	0.0	reference_longest_protein_v1	gene_mapping_candidates_v1 + gene_orthogroup_candidates_v1	eligible	passes_provisional_panel_gates	X	scaled_continuous;dense	float32	/data/datasets/Bioinformatics/h5ad/Arabidopsis thaliana_PRJNA678377.h5ad	/root/autodl-tmp/project/plant-cell/data_raw/Arabidopsis thaliana_PRJNA678377.anno.csv	8da4619f556e935a8a8a8443e772553953da7129650edce453b8d4ca424c6ce4	/workspace/projects/PhyloOpenCell/metadata/gene_mapping_candidate_summary.tsv;/workspace/projects/PhyloOpenCell/metadata/dataset_orthogroup_coverage_v1.tsv	c1b43878a37f9df6b71d43837c126fa75978f4fbf274dbe36de802713efc926f;5bf556f16a0a3dc2bc78cea55cd5a1e852aef9f302ee79aee0e1baf98f8104b3	
Arabidopsis thaliana_PRJNA680241	PRJNA680241	Arabidopsis thaliana	leaf	lateral root	standardized H5AD var_names mapped to species reference-gene candidates	24151	22425	20303	0.8406691234317419	0.8406691234317419	0.0	reference_longest_protein_v1	gene_mapping_candidates_v1 + gene_orthogroup_candidates_v1	excluded	fewer_than_two_candidate_labels_with_100_cells	X	normalized_nonnegative_continuous;csr	float32	/data/datasets/Bioinformatics/h5ad/Arabidopsis thaliana_PRJNA680241.h5ad	data_raw/Arabidopsis thaliana_PRJNA680241.anno.csv	8e2a9d741ca833454f084971e7b02ba8211ac2e3ac5a88ff96d9731dc340f966	/workspace/projects/PhyloOpenCell/metadata/gene_mapping_candidate_summary.tsv;/workspace/projects/PhyloOpenCell/metadata/dataset_orthogroup_coverage_v1.tsv	c1b43878a37f9df6b71d43837c126fa75978f4fbf274dbe36de802713efc926f;5bf556f16a0a3dc2bc78cea55cd5a1e852aef9f302ee79aee0e1baf98f8104b3	
Arabidopsis thaliana_PRJNA680241	PRJNA680241	Arabidopsis thaliana	root	lateral root	standardized H5AD var_names mapped to species reference-gene candidates	24151	22425	20303	0.8406691234317419	0.8406691234317419	0.0	reference_longest_protein_v1	gene_mapping_candidates_v1 + gene_orthogroup_candidates_v1	excluded	fewer_than_two_candidate_labels_with_100_cells	X	normalized_nonnegative_continuous;csr	float32	/data/datasets/Bioinformatics/h5ad/Arabidopsis thaliana_PRJNA680241.h5ad	data_raw/Arabidopsis thaliana_PRJNA680241.anno.csv	8e2a9d741ca833454f084971e7b02ba8211ac2e3ac5a88ff96d9731dc340f966	/workspace/projects/PhyloOpenCell/metadata/gene_mapping_candidate_summary.tsv;/workspace/projects/PhyloOpenCell/metadata/dataset_orthogroup_coverage_v1.tsv	c1b43878a37f9df6b71d43837c126fa75978f4fbf274dbe36de802713efc926f;5bf556f16a0a3dc2bc78cea55cd5a1e852aef9f302ee79aee0e1baf98f8104b3	
Arabidopsis thaliana_PRJNA680241	PRJNA680241	Arabidopsis thaliana	vascular	lateral root	standardized H5AD var_names mapped to species reference-gene candidates	24151	22425	20303	0.8406691234317419	0.8406691234317419	0.0	reference_longest_protein_v1	gene_mapping_candidates_v1 + gene_orthogroup_candidates_v1	excluded	fewer_than_two_candidate_labels_with_100_cells	X	normalized_nonnegative_continuous;csr	float32	/data/datasets/Bioinformatics/h5ad/Arabidopsis thaliana_PRJNA680241.h5ad	data_raw/Arabidopsis thaliana_PRJNA680241.anno.csv	8e2a9d741ca833454f084971e7b02ba8211ac2e3ac5a88ff96d9731dc340f966	/workspace/projects/PhyloOpenCell/metadata/gene_mapping_candidate_summary.tsv;/workspace/projects/PhyloOpenCell/metadata/dataset_orthogroup_coverage_v1.tsv	c1b43878a37f9df6b71d43837c126fa75978f4fbf274dbe36de802713efc926f;5bf556f16a0a3dc2bc78cea55cd5a1e852aef9f302ee79aee0e1baf98f8104b3	
Arabidopsis thaliana_PRJNA703045	PRJNA703045	Arabidopsis thaliana	leaf		standardized H5AD var_names mapped to species reference-gene candidates	22323	21660	19400	0.8690588182591945	0.8690588182591945	0.0	reference_longest_protein_v1	gene_mapping_candidates_v1 + gene_orthogroup_candidates_v1	eligible	passes_provisional_panel_gates	X	nonnegative_integer_unverified;csr	int64	/data/datasets/Bioinformatics/h5ad/Arabidopsis thaliana_PRJNA703045.h5ad	/root/autodl-tmp/project/plant-cell/data_raw/Arabidopsis thaliana_PRJNA703045.anno.csv	d3adc1221b2293332fc5cab85dba16f708da92db0bfbac05d6ed3fb3fac7d5ae	/workspace/projects/PhyloOpenCell/metadata/gene_mapping_candidate_summary.tsv;/workspace/projects/PhyloOpenCell/metadata/dataset_orthogroup_coverage_v1.tsv	c1b43878a37f9df6b71d43837c126fa75978f4fbf274dbe36de802713efc926f;5bf556f16a0a3dc2bc78cea55cd5a1e852aef9f302ee79aee0e1baf98f8104b3	
Arabidopsis thaliana_PRJNA703045	PRJNA703045	Arabidopsis thaliana	root		standardized H5AD var_names mapped to species reference-gene candidates	22323	21660	19400	0.8690588182591945	0.8690588182591945	0.0	reference_longest_protein_v1	gene_mapping_candidates_v1 + gene_orthogroup_candidates_v1	excluded	fewer_than_two_candidate_labels_with_100_cells	X	nonnegative_integer_unverified;csr	int64	/data/datasets/Bioinformatics/h5ad/Arabidopsis thaliana_PRJNA703045.h5ad	/root/autodl-tmp/project/plant-cell/data_raw/Arabidopsis thaliana_PRJNA703045.anno.csv	d3adc1221b2293332fc5cab85dba16f708da92db0bfbac05d6ed3fb3fac7d5ae	/workspace/projects/PhyloOpenCell/metadata/gene_mapping_candidate_summary.tsv;/workspace/projects/PhyloOpenCell/metadata/dataset_orthogroup_coverage_v1.tsv	c1b43878a37f9df6b71d43837c126fa75978f4fbf274dbe36de802713efc926f;5bf556f16a0a3dc2bc78cea55cd5a1e852aef9f302ee79aee0e1baf98f8104b3	
Arabidopsis thaliana_PRJNA703045	PRJNA703045	Arabidopsis thaliana	vascular		standardized H5AD var_names mapped to species reference-gene candidates	22323	21660	19400	0.8690588182591945	0.8690588182591945	0.0	reference_longest_protein_v1	gene_mapping_candidates_v1 + gene_orthogroup_candidates_v1	excluded	fewer_than_two_candidate_labels_with_100_cells	X	nonnegative_integer_unverified;csr	int64	/data/datasets/Bioinformatics/h5ad/Arabidopsis thaliana_PRJNA703045.h5ad	/root/autodl-tmp/project/plant-cell/data_raw/Arabidopsis thaliana_PRJNA703045.anno.csv	d3adc1221b2293332fc5cab85dba16f708da92db0bfbac05d6ed3fb3fac7d5ae	/workspace/projects/PhyloOpenCell/metadata/gene_mapping_candidate_summary.tsv;/workspace/projects/PhyloOpenCell/metadata/dataset_orthogroup_coverage_v1.tsv	c1b43878a37f9df6b71d43837c126fa75978f4fbf274dbe36de802713efc926f;5bf556f16a0a3dc2bc78cea55cd5a1e852aef9f302ee79aee0e1baf98f8104b3	
Arabidopsis thaliana_PRJNA716169	PRJNA716169	Arabidopsis thaliana	leaf	not explicitly recorded in source; annotation labels include root and shoot meristem initials	standardized H5AD var_names mapped to species reference-gene candidates	2000	1999	1895	0.9475	0.9475	0.0	reference_longest_protein_v1	gene_mapping_candidates_v1 + gene_orthogroup_candidates_v1	excluded	fewer_than_two_candidate_labels_with_100_cells	X	scaled_continuous;dense	float32	/data/datasets/Bioinformatics/h5ad/Arabidopsis thaliana_PRJNA716169.h5ad	data_raw/Arabidopsis thaliana_PRJNA716169.anno.csv	2e9a12c6762ec579df4bf61a8e3d19f8eb339d1cf728c2bc1237593a67e5ebe5	/workspace/projects/PhyloOpenCell/metadata/gene_mapping_candidate_summary.tsv;/workspace/projects/PhyloOpenCell/metadata/dataset_orthogroup_coverage_v1.tsv	c1b43878a37f9df6b71d43837c126fa75978f4fbf274dbe36de802713efc926f;5bf556f16a0a3dc2bc78cea55cd5a1e852aef9f302ee79aee0e1baf98f8104b3	
Arabidopsis thaliana_PRJNA716169	PRJNA716169	Arabidopsis thaliana	root	not explicitly recorded in source; annotation labels include root and shoot meristem initials	standardized H5AD var_names mapped to species reference-gene candidates	2000	1999	1895	0.9475	0.9475	0.0	reference_longest_protein_v1	gene_mapping_candidates_v1 + gene_orthogroup_candidates_v1	excluded	fewer_than_two_candidate_labels_with_100_cells	X	scaled_continuous;dense	float32	/data/datasets/Bioinformatics/h5ad/Arabidopsis thaliana_PRJNA716169.h5ad	data_raw/Arabidopsis thaliana_PRJNA716169.anno.csv	2e9a12c6762ec579df4bf61a8e3d19f8eb339d1cf728c2bc1237593a67e5ebe5	/workspace/projects/PhyloOpenCell/metadata/gene_mapping_candidate_summary.tsv;/workspace/projects/PhyloOpenCell/metadata/dataset_orthogroup_coverage_v1.tsv	c1b43878a37f9df6b71d43837c126fa75978f4fbf274dbe36de802713efc926f;5bf556f16a0a3dc2bc78cea55cd5a1e852aef9f302ee79aee0e1baf98f8104b3	
Arabidopsis thaliana_PRJNA716169	PRJNA716169	Arabidopsis thaliana	vascular	not explicitly recorded in source; annotation labels include root and shoot meristem initials	standardized H5AD var_names mapped to species reference-gene candidates	2000	1999	1895	0.9475	0.9475	0.0	reference_longest_protein_v1	gene_mapping_candidates_v1 + gene_orthogroup_candidates_v1	excluded	fewer_than_two_candidate_labels_with_100_cells	X	scaled_continuous;dense	float32	/data/datasets/Bioinformatics/h5ad/Arabidopsis thaliana_PRJNA716169.h5ad	data_raw/Arabidopsis thaliana_PRJNA716169.anno.csv	2e9a12c6762ec579df4bf61a8e3d19f8eb339d1cf728c2bc1237593a67e5ebe5	/workspace/projects/PhyloOpenCell/metadata/gene_mapping_candidate_summary.tsv;/workspace/projects/PhyloOpenCell/metadata/dataset_orthogroup_coverage_v1.tsv	c1b43878a37f9df6b71d43837c126fa75978f4fbf274dbe36de802713efc926f;5bf556f16a0a3dc2bc78cea55cd5a1e852aef9f302ee79aee0e1baf98f8104b3	
Arabidopsis thaliana_PRJNA730707	PRJNA730707	Arabidopsis thaliana	leaf		standardized H5AD var_names mapped to species reference-gene candidates	20964	20528	18744	0.8941041785918717	0.8941041785918717	0.0	reference_longest_protein_v1	gene_mapping_candidates_v1 + gene_orthogroup_candidates_v1	excluded	fewer_than_two_candidate_labels_with_100_cells	X	nonnegative_integer_unverified;csr	int64	/data/datasets/Bioinformatics/h5ad/Arabidopsis thaliana_PRJNA730707.h5ad	/root/autodl-tmp/project/plant-cell/data_raw/Arabidopsis thaliana_PRJNA730707.anno.csv	36a56938fdefe29a23a22d94005baa5b650c7ebc39b14b987d02b55d8829192a	/workspace/projects/PhyloOpenCell/metadata/gene_mapping_candidate_summary.tsv;/workspace/projects/PhyloOpenCell/metadata/dataset_orthogroup_coverage_v1.tsv	c1b43878a37f9df6b71d43837c126fa75978f4fbf274dbe36de802713efc926f;5bf556f16a0a3dc2bc78cea55cd5a1e852aef9f302ee79aee0e1baf98f8104b3	
Arabidopsis thaliana_PRJNA730707	PRJNA730707	Arabidopsis thaliana	root		standardized H5AD var_names mapped to species reference-gene candidates	20964	20528	18744	0.8941041785918717	0.8941041785918717	0.0	reference_longest_protein_v1	gene_mapping_candidates_v1 + gene_orthogroup_candidates_v1	excluded	fewer_than_two_candidate_labels_with_100_cells	X	nonnegative_integer_unverified;csr	int64	/data/datasets/Bioinformatics/h5ad/Arabidopsis thaliana_PRJNA730707.h5ad	/root/autodl-tmp/project/plant-cell/data_raw/Arabidopsis thaliana_PRJNA730707.anno.csv	36a56938fdefe29a23a22d94005baa5b650c7ebc39b14b987d02b55d8829192a	/workspace/projects/PhyloOpenCell/metadata/gene_mapping_candidate_summary.tsv;/workspace/projects/PhyloOpenCell/metadata/dataset_orthogroup_coverage_v1.tsv	c1b43878a37f9df6b71d43837c126fa75978f4fbf274dbe36de802713efc926f;5bf556f16a0a3dc2bc78cea55cd5a1e852aef9f302ee79aee0e1baf98f8104b3	
Arabidopsis thaliana_PRJNA730707	PRJNA730707	Arabidopsis thaliana	vascular		standardized H5AD var_names mapped to species reference-gene candidates	20964	20528	18744	0.8941041785918717	0.8941041785918717	0.0	reference_longest_protein_v1	gene_mapping_candidates_v1 + gene_orthogroup_candidates_v1	excluded	fewer_than_two_candidate_labels_with_100_cells	X	nonnegative_integer_unverified;csr	int64	/data/datasets/Bioinformatics/h5ad/Arabidopsis thaliana_PRJNA730707.h5ad	/root/autodl-tmp/project/plant-cell/data_raw/Arabidopsis thaliana_PRJNA730707.anno.csv	36a56938fdefe29a23a22d94005baa5b650c7ebc39b14b987d02b55d8829192a	/workspace/projects/PhyloOpenCell/metadata/gene_mapping_candidate_summary.tsv;/workspace/projects/PhyloOpenCell/metadata/dataset_orthogroup_coverage_v1.tsv	c1b43878a37f9df6b71d43837c126fa75978f4fbf274dbe36de802713efc926f;5bf556f16a0a3dc2bc78cea55cd5a1e852aef9f302ee79aee0e1baf98f8104b3	
Arabidopsis thaliana_PRJNA742744	PRJNA742744	Arabidopsis thaliana	leaf		standardized H5AD var_names mapped to species reference-gene candidates	23548	22812	20457	0.8687361984032614	0.8687361984032614	0.0	reference_longest_protein_v1	gene_mapping_candidates_v1 + gene_orthogroup_candidates_v1	excluded	fewer_than_two_candidate_labels_with_100_cells	X	nonnegative_integer_unverified;csr	int64	/data/datasets/Bioinformatics/h5ad/Arabidopsis thaliana_PRJNA742744.h5ad	/root/autodl-tmp/project/plant-cell/data_raw/Arabidopsis thaliana_PRJNA742744.anno.csv	7901c23938e28b9c8dc37301b7f1367f06bf4a12547d385e77fe1df0bb19c9ea	/workspace/projects/PhyloOpenCell/metadata/gene_mapping_candidate_summary.tsv;/workspace/projects/PhyloOpenCell/metadata/dataset_orthogroup_coverage_v1.tsv	c1b43878a37f9df6b71d43837c126fa75978f4fbf274dbe36de802713efc926f;5bf556f16a0a3dc2bc78cea55cd5a1e852aef9f302ee79aee0e1baf98f8104b3	
Arabidopsis thaliana_PRJNA742744	PRJNA742744	Arabidopsis thaliana	root		standardized H5AD var_names mapped to species reference-gene candidates	23548	22812	20457	0.8687361984032614	0.8687361984032614	0.0	reference_longest_protein_v1	gene_mapping_candidates_v1 + gene_orthogroup_candidates_v1	eligible	passes_provisional_panel_gates	X	nonnegative_integer_unverified;csr	int64	/data/datasets/Bioinformatics/h5ad/Arabidopsis thaliana_PRJNA742744.h5ad	/root/autodl-tmp/project/plant-cell/data_raw/Arabidopsis thaliana_PRJNA742744.anno.csv	7901c23938e28b9c8dc37301b7f1367f06bf4a12547d385e77fe1df0bb19c9ea	/workspace/projects/PhyloOpenCell/metadata/gene_mapping_candidate_summary.tsv;/workspace/projects/PhyloOpenCell/metadata/dataset_orthogroup_coverage_v1.tsv	c1b43878a37f9df6b71d43837c126fa75978f4fbf274dbe36de802713efc926f;5bf556f16a0a3dc2bc78cea55cd5a1e852aef9f302ee79aee0e1baf98f8104b3	
Arabidopsis thaliana_PRJNA742744	PRJNA742744	Arabidopsis thaliana	vascular		standardized H5AD var_names mapped to species reference-gene candidates	23548	22812	20457	0.8687361984032614	0.8687361984032614	0.0	reference_longest_protein_v1	gene_mapping_candidates_v1 + gene_orthogroup_candidates_v1	excluded	fewer_than_two_candidate_labels_with_100_cells	X	nonnegative_integer_unverified;csr	int64	/data/datasets/Bioinformatics/h5ad/Arabidopsis thaliana_PRJNA742744.h5ad	/root/autodl-tmp/project/plant-cell/data_raw/Arabidopsis thaliana_PRJNA742744.anno.csv	7901c23938e28b9c8dc37301b7f1367f06bf4a12547d385e77fe1df0bb19c9ea	/workspace/projects/PhyloOpenCell/metadata/gene_mapping_candidate_summary.tsv;/workspace/projects/PhyloOpenCell/metadata/dataset_orthogroup_coverage_v1.tsv	c1b43878a37f9df6b71d43837c126fa75978f4fbf274dbe36de802713efc926f;5bf556f16a0a3dc2bc78cea55cd5a1e852aef9f302ee79aee0e1baf98f8104b3	
Arabidopsis thaliana_PRJNA745175	PRJNA745175	Arabidopsis thaliana	leaf		standardized H5AD var_names mapped to species reference-gene candidates	2000	2000	1878	0.939	0.939	0.0	reference_longest_protein_v1	gene_mapping_candidates_v1 + gene_orthogroup_candidates_v1	excluded	fewer_than_two_candidate_labels_with_100_cells	X	scaled_continuous;dense	float32	/data/datasets/Bioinformatics/h5ad/Arabidopsis thaliana_PRJNA745175.h5ad	/root/autodl-tmp/project/plant-cell/data_raw/Arabidopsis thaliana_PRJNA745175.anno.csv	b74df459a9db7acfb95e629124b5e4d7ba088d9c589c21810b41eb428c283e6a	/workspace/projects/PhyloOpenCell/metadata/gene_mapping_candidate_summary.tsv;/workspace/projects/PhyloOpenCell/metadata/dataset_orthogroup_coverage_v1.tsv	c1b43878a37f9df6b71d43837c126fa75978f4fbf274dbe36de802713efc926f;5bf556f16a0a3dc2bc78cea55cd5a1e852aef9f302ee79aee0e1baf98f8104b3	
Arabidopsis thaliana_PRJNA745175	PRJNA745175	Arabidopsis thaliana	root		standardized H5AD var_names mapped to species reference-gene candidates	2000	2000	1878	0.939	0.939	0.0	reference_longest_protein_v1	gene_mapping_candidates_v1 + gene_orthogroup_candidates_v1	eligible	passes_provisional_panel_gates	X	scaled_continuous;dense	float32	/data/datasets/Bioinformatics/h5ad/Arabidopsis thaliana_PRJNA745175.h5ad	/root/autodl-tmp/project/plant-cell/data_raw/Arabidopsis thaliana_PRJNA745175.anno.csv	b74df459a9db7acfb95e629124b5e4d7ba088d9c589c21810b41eb428c283e6a	/workspace/projects/PhyloOpenCell/metadata/gene_mapping_candidate_summary.tsv;/workspace/projects/PhyloOpenCell/metadata/dataset_orthogroup_coverage_v1.tsv	c1b43878a37f9df6b71d43837c126fa75978f4fbf274dbe36de802713efc926f;5bf556f16a0a3dc2bc78cea55cd5a1e852aef9f302ee79aee0e1baf98f8104b3	
Arabidopsis thaliana_PRJNA745175	PRJNA745175	Arabidopsis thaliana	vascular		standardized H5AD var_names mapped to species reference-gene candidates	2000	2000	1878	0.939	0.939	0.0	reference_longest_protein_v1	gene_mapping_candidates_v1 + gene_orthogroup_candidates_v1	excluded	fewer_than_two_candidate_labels_with_100_cells	X	scaled_continuous;dense	float32	/data/datasets/Bioinformatics/h5ad/Arabidopsis thaliana_PRJNA745175.h5ad	/root/autodl-tmp/project/plant-cell/data_raw/Arabidopsis thaliana_PRJNA745175.anno.csv	b74df459a9db7acfb95e629124b5e4d7ba088d9c589c21810b41eb428c283e6a	/workspace/projects/PhyloOpenCell/metadata/gene_mapping_candidate_summary.tsv;/workspace/projects/PhyloOpenCell/metadata/dataset_orthogroup_coverage_v1.tsv	c1b43878a37f9df6b71d43837c126fa75978f4fbf274dbe36de802713efc926f;5bf556f16a0a3dc2bc78cea55cd5a1e852aef9f302ee79aee0e1baf98f8104b3	
Arabidopsis thaliana_PRJNA750934	PRJNA750934	Arabidopsis thaliana	leaf		standardized H5AD var_names mapped to species reference-gene candidates	25842	25129	21931	0.848657224673013	0.848657224673013	0.0	reference_longest_protein_v1	gene_mapping_candidates_v1 + gene_orthogroup_candidates_v1	excluded	fewer_than_two_candidate_labels_with_100_cells	X	nonnegative_integer_unverified;csr	int64	/data/datasets/Bioinformatics/h5ad/Arabidopsis thaliana_PRJNA750934.h5ad	/root/autodl-tmp/project/plant-cell/data_raw/Arabidopsis thaliana_PRJNA750934.anno.csv	b849c05f9c149fe232977ece498ef4ffa0661c8afaeade5f7af671e0fe23701c	/workspace/projects/PhyloOpenCell/metadata/gene_mapping_candidate_summary.tsv;/workspace/projects/PhyloOpenCell/metadata/dataset_orthogroup_coverage_v1.tsv	c1b43878a37f9df6b71d43837c126fa75978f4fbf274dbe36de802713efc926f;5bf556f16a0a3dc2bc78cea55cd5a1e852aef9f302ee79aee0e1baf98f8104b3	
Arabidopsis thaliana_PRJNA750934	PRJNA750934	Arabidopsis thaliana	root		standardized H5AD var_names mapped to species reference-gene candidates	25842	25129	21931	0.848657224673013	0.848657224673013	0.0	reference_longest_protein_v1	gene_mapping_candidates_v1 + gene_orthogroup_candidates_v1	eligible	passes_provisional_panel_gates	X	nonnegative_integer_unverified;csr	int64	/data/datasets/Bioinformatics/h5ad/Arabidopsis thaliana_PRJNA750934.h5ad	/root/autodl-tmp/project/plant-cell/data_raw/Arabidopsis thaliana_PRJNA750934.anno.csv	b849c05f9c149fe232977ece498ef4ffa0661c8afaeade5f7af671e0fe23701c	/workspace/projects/PhyloOpenCell/metadata/gene_mapping_candidate_summary.tsv;/workspace/projects/PhyloOpenCell/metadata/dataset_orthogroup_coverage_v1.tsv	c1b43878a37f9df6b71d43837c126fa75978f4fbf274dbe36de802713efc926f;5bf556f16a0a3dc2bc78cea55cd5a1e852aef9f302ee79aee0e1baf98f8104b3	
Arabidopsis thaliana_PRJNA750934	PRJNA750934	Arabidopsis thaliana	vascular		standardized H5AD var_names mapped to species reference-gene candidates	25842	25129	21931	0.848657224673013	0.848657224673013	0.0	reference_longest_protein_v1	gene_mapping_candidates_v1 + gene_orthogroup_candidates_v1	eligible	passes_provisional_panel_gates	X	nonnegative_integer_unverified;csr	int64	/data/datasets/Bioinformatics/h5ad/Arabidopsis thaliana_PRJNA750934.h5ad	/root/autodl-tmp/project/plant-cell/data_raw/Arabidopsis thaliana_PRJNA750934.anno.csv	b849c05f9c149fe232977ece498ef4ffa0661c8afaeade5f7af671e0fe23701c	/workspace/projects/PhyloOpenCell/metadata/gene_mapping_candidate_summary.tsv;/workspace/projects/PhyloOpenCell/metadata/dataset_orthogroup_coverage_v1.tsv	c1b43878a37f9df6b71d43837c126fa75978f4fbf274dbe36de802713efc926f;5bf556f16a0a3dc2bc78cea55cd5a1e852aef9f302ee79aee0e1baf98f8104b3	
Arabidopsis thaliana_PRJNA754157	PRJNA754157	Arabidopsis thaliana	leaf		standardized H5AD var_names mapped to species reference-gene candidates	4174	4145	3933	0.9422616195495928	0.9422616195495928	0.0	reference_longest_protein_v1	gene_mapping_candidates_v1 + gene_orthogroup_candidates_v1	excluded	fewer_than_two_candidate_labels_with_100_cells	X	scaled_continuous;dense	float32	/data/datasets/Bioinformatics/h5ad/Arabidopsis thaliana_PRJNA754157.h5ad	/root/autodl-tmp/project/plant-cell/data_raw/Arabidopsis thaliana_PRJNA754157.anno.csv	21358a432bac55a1d0879deb18efbf3daeee9477145e07327d7e91cd1cdb047b	/workspace/projects/PhyloOpenCell/metadata/gene_mapping_candidate_summary.tsv;/workspace/projects/PhyloOpenCell/metadata/dataset_orthogroup_coverage_v1.tsv	c1b43878a37f9df6b71d43837c126fa75978f4fbf274dbe36de802713efc926f;5bf556f16a0a3dc2bc78cea55cd5a1e852aef9f302ee79aee0e1baf98f8104b3	
Arabidopsis thaliana_PRJNA754157	PRJNA754157	Arabidopsis thaliana	root		standardized H5AD var_names mapped to species reference-gene candidates	4174	4145	3933	0.9422616195495928	0.9422616195495928	0.0	reference_longest_protein_v1	gene_mapping_candidates_v1 + gene_orthogroup_candidates_v1	excluded	fewer_than_two_candidate_labels_with_100_cells	X	scaled_continuous;dense	float32	/data/datasets/Bioinformatics/h5ad/Arabidopsis thaliana_PRJNA754157.h5ad	/root/autodl-tmp/project/plant-cell/data_raw/Arabidopsis thaliana_PRJNA754157.anno.csv	21358a432bac55a1d0879deb18efbf3daeee9477145e07327d7e91cd1cdb047b	/workspace/projects/PhyloOpenCell/metadata/gene_mapping_candidate_summary.tsv;/workspace/projects/PhyloOpenCell/metadata/dataset_orthogroup_coverage_v1.tsv	c1b43878a37f9df6b71d43837c126fa75978f4fbf274dbe36de802713efc926f;5bf556f16a0a3dc2bc78cea55cd5a1e852aef9f302ee79aee0e1baf98f8104b3	
Arabidopsis thaliana_PRJNA754157	PRJNA754157	Arabidopsis thaliana	vascular		standardized H5AD var_names mapped to species reference-gene candidates	4174	4145	3933	0.9422616195495928	0.9422616195495928	0.0	reference_longest_protein_v1	gene_mapping_candidates_v1 + gene_orthogroup_candidates_v1	excluded	fewer_than_two_candidate_labels_with_100_cells	X	scaled_continuous;dense	float32	/data/datasets/Bioinformatics/h5ad/Arabidopsis thaliana_PRJNA754157.h5ad	/root/autodl-tmp/project/plant-cell/data_raw/Arabidopsis thaliana_PRJNA754157.anno.csv	21358a432bac55a1d0879deb18efbf3daeee9477145e07327d7e91cd1cdb047b	/workspace/projects/PhyloOpenCell/metadata/gene_mapping_candidate_summary.tsv;/workspace/projects/PhyloOpenCell/metadata/dataset_orthogroup_coverage_v1.tsv	c1b43878a37f9df6b71d43837c126fa75978f4fbf274dbe36de802713efc926f;5bf556f16a0a3dc2bc78cea55cd5a1e852aef9f302ee79aee0e1baf98f8104b3	
Arabidopsis thaliana_PRJNA764868	PRJNA764868	Arabidopsis thaliana	leaf		standardized H5AD var_names mapped to species reference-gene candidates	22965	22397	20224	0.8806444589592859	0.8806444589592859	0.0	reference_longest_protein_v1	gene_mapping_candidates_v1 + gene_orthogroup_candidates_v1	eligible	passes_provisional_panel_gates	X	scaled_continuous;dense	float32	/data/datasets/Bioinformatics/h5ad/Arabidopsis thaliana_PRJNA764868.h5ad	/root/autodl-tmp/project/plant-cell/data_raw/Arabidopsis thaliana_PRJNA764868.anno.csv	a901c3de1fe723662770af96900248463ce9ca3cb2f99462cf55e3335654f485	/workspace/projects/PhyloOpenCell/metadata/gene_mapping_candidate_summary.tsv;/workspace/projects/PhyloOpenCell/metadata/dataset_orthogroup_coverage_v1.tsv	c1b43878a37f9df6b71d43837c126fa75978f4fbf274dbe36de802713efc926f;5bf556f16a0a3dc2bc78cea55cd5a1e852aef9f302ee79aee0e1baf98f8104b3	
Arabidopsis thaliana_PRJNA764868	PRJNA764868	Arabidopsis thaliana	root		standardized H5AD var_names mapped to species reference-gene candidates	22965	22397	20224	0.8806444589592859	0.8806444589592859	0.0	reference_longest_protein_v1	gene_mapping_candidates_v1 + gene_orthogroup_candidates_v1	excluded	fewer_than_two_candidate_labels_with_100_cells	X	scaled_continuous;dense	float32	/data/datasets/Bioinformatics/h5ad/Arabidopsis thaliana_PRJNA764868.h5ad	/root/autodl-tmp/project/plant-cell/data_raw/Arabidopsis thaliana_PRJNA764868.anno.csv	a901c3de1fe723662770af96900248463ce9ca3cb2f99462cf55e3335654f485	/workspace/projects/PhyloOpenCell/metadata/gene_mapping_candidate_summary.tsv;/workspace/projects/PhyloOpenCell/metadata/dataset_orthogroup_coverage_v1.tsv	c1b43878a37f9df6b71d43837c126fa75978f4fbf274dbe36de802713efc926f;5bf556f16a0a3dc2bc78cea55cd5a1e852aef9f302ee79aee0e1baf98f8104b3	
Arabidopsis thaliana_PRJNA764868	PRJNA764868	Arabidopsis thaliana	vascular		standardized H5AD var_names mapped to species reference-gene candidates	22965	22397	20224	0.8806444589592859	0.8806444589592859	0.0	reference_longest_protein_v1	gene_mapping_candidates_v1 + gene_orthogroup_candidates_v1	eligible	passes_provisional_panel_gates	X	scaled_continuous;dense	float32	/data/datasets/Bioinformatics/h5ad/Arabidopsis thaliana_PRJNA764868.h5ad	/root/autodl-tmp/project/plant-cell/data_raw/Arabidopsis thaliana_PRJNA764868.anno.csv	a901c3de1fe723662770af96900248463ce9ca3cb2f99462cf55e3335654f485	/workspace/projects/PhyloOpenCell/metadata/gene_mapping_candidate_summary.tsv;/workspace/projects/PhyloOpenCell/metadata/dataset_orthogroup_coverage_v1.tsv	c1b43878a37f9df6b71d43837c126fa75978f4fbf274dbe36de802713efc926f;5bf556f16a0a3dc2bc78cea55cd5a1e852aef9f302ee79aee0e1baf98f8104b3	
Arabidopsis thaliana_PRJNA796288	PRJNA796288	Arabidopsis thaliana	leaf		standardized H5AD var_names mapped to species reference-gene candidates	24113	22934	20546	0.8520714967030233	0.8520714967030233	0.0	reference_longest_protein_v1	gene_mapping_candidates_v1 + gene_orthogroup_candidates_v1	excluded	fewer_than_two_candidate_labels_with_100_cells	X	nonnegative_integer_unverified;csr	int64	/data/datasets/Bioinformatics/h5ad/Arabidopsis thaliana_PRJNA796288.h5ad	/root/autodl-tmp/project/plant-cell/data_raw/Arabidopsis thaliana_PRJNA796288.anno.csv	98c98091913edba13bbd1a96783318e04025a8610b13e913ebdfed4ff71f3b43	/workspace/projects/PhyloOpenCell/metadata/gene_mapping_candidate_summary.tsv;/workspace/projects/PhyloOpenCell/metadata/dataset_orthogroup_coverage_v1.tsv	c1b43878a37f9df6b71d43837c126fa75978f4fbf274dbe36de802713efc926f;5bf556f16a0a3dc2bc78cea55cd5a1e852aef9f302ee79aee0e1baf98f8104b3	
Arabidopsis thaliana_PRJNA796288	PRJNA796288	Arabidopsis thaliana	root		standardized H5AD var_names mapped to species reference-gene candidates	24113	22934	20546	0.8520714967030233	0.8520714967030233	0.0	reference_longest_protein_v1	gene_mapping_candidates_v1 + gene_orthogroup_candidates_v1	excluded	fewer_than_two_candidate_labels_with_100_cells	X	nonnegative_integer_unverified;csr	int64	/data/datasets/Bioinformatics/h5ad/Arabidopsis thaliana_PRJNA796288.h5ad	/root/autodl-tmp/project/plant-cell/data_raw/Arabidopsis thaliana_PRJNA796288.anno.csv	98c98091913edba13bbd1a96783318e04025a8610b13e913ebdfed4ff71f3b43	/workspace/projects/PhyloOpenCell/metadata/gene_mapping_candidate_summary.tsv;/workspace/projects/PhyloOpenCell/metadata/dataset_orthogroup_coverage_v1.tsv	c1b43878a37f9df6b71d43837c126fa75978f4fbf274dbe36de802713efc926f;5bf556f16a0a3dc2bc78cea55cd5a1e852aef9f302ee79aee0e1baf98f8104b3	
Arabidopsis thaliana_PRJNA796288	PRJNA796288	Arabidopsis thaliana	vascular		standardized H5AD var_names mapped to species reference-gene candidates	24113	22934	20546	0.8520714967030233	0.8520714967030233	0.0	reference_longest_protein_v1	gene_mapping_candidates_v1 + gene_orthogroup_candidates_v1	excluded	fewer_than_two_candidate_labels_with_100_cells	X	nonnegative_integer_unverified;csr	int64	/data/datasets/Bioinformatics/h5ad/Arabidopsis thaliana_PRJNA796288.h5ad	/root/autodl-tmp/project/plant-cell/data_raw/Arabidopsis thaliana_PRJNA796288.anno.csv	98c98091913edba13bbd1a96783318e04025a8610b13e913ebdfed4ff71f3b43	/workspace/projects/PhyloOpenCell/metadata/gene_mapping_candidate_summary.tsv;/workspace/projects/PhyloOpenCell/metadata/dataset_orthogroup_coverage_v1.tsv	c1b43878a37f9df6b71d43837c126fa75978f4fbf274dbe36de802713efc926f;5bf556f16a0a3dc2bc78cea55cd5a1e852aef9f302ee79aee0e1baf98f8104b3	
Arabidopsis thaliana_PRJNA814870	PRJNA814870	Arabidopsis thaliana	leaf		standardized H5AD var_names mapped to species reference-gene candidates	4317	4317	4055	0.9393097058142228	0.9393097058142228	0.0	reference_longest_protein_v1	gene_mapping_candidates_v1 + gene_orthogroup_candidates_v1	excluded	fewer_than_two_candidate_labels_with_100_cells	X	scaled_continuous;dense	float32	/data/datasets/Bioinformatics/h5ad/Arabidopsis thaliana_PRJNA814870.h5ad	/root/autodl-tmp/project/plant-cell/data_raw/Arabidopsis thaliana_PRJNA814870.anno.csv	f2ff015de72bcf1560f11c313bd041bd87937e5d37eedde8ff3375b7eff99ab3	/workspace/projects/PhyloOpenCell/metadata/gene_mapping_candidate_summary.tsv;/workspace/projects/PhyloOpenCell/metadata/dataset_orthogroup_coverage_v1.tsv	c1b43878a37f9df6b71d43837c126fa75978f4fbf274dbe36de802713efc926f;5bf556f16a0a3dc2bc78cea55cd5a1e852aef9f302ee79aee0e1baf98f8104b3	
Arabidopsis thaliana_PRJNA814870	PRJNA814870	Arabidopsis thaliana	root		standardized H5AD var_names mapped to species reference-gene candidates	4317	4317	4055	0.9393097058142228	0.9393097058142228	0.0	reference_longest_protein_v1	gene_mapping_candidates_v1 + gene_orthogroup_candidates_v1	eligible	passes_provisional_panel_gates	X	scaled_continuous;dense	float32	/data/datasets/Bioinformatics/h5ad/Arabidopsis thaliana_PRJNA814870.h5ad	/root/autodl-tmp/project/plant-cell/data_raw/Arabidopsis thaliana_PRJNA814870.anno.csv	f2ff015de72bcf1560f11c313bd041bd87937e5d37eedde8ff3375b7eff99ab3	/workspace/projects/PhyloOpenCell/metadata/gene_mapping_candidate_summary.tsv;/workspace/projects/PhyloOpenCell/metadata/dataset_orthogroup_coverage_v1.tsv	c1b43878a37f9df6b71d43837c126fa75978f4fbf274dbe36de802713efc926f;5bf556f16a0a3dc2bc78cea55cd5a1e852aef9f302ee79aee0e1baf98f8104b3	
Arabidopsis thaliana_PRJNA814870	PRJNA814870	Arabidopsis thaliana	vascular		standardized H5AD var_names mapped to species reference-gene candidates	4317	4317	4055	0.9393097058142228	0.9393097058142228	0.0	reference_longest_protein_v1	gene_mapping_candidates_v1 + gene_orthogroup_candidates_v1	eligible	passes_provisional_panel_gates	X	scaled_continuous;dense	float32	/data/datasets/Bioinformatics/h5ad/Arabidopsis thaliana_PRJNA814870.h5ad	/root/autodl-tmp/project/plant-cell/data_raw/Arabidopsis thaliana_PRJNA814870.anno.csv	f2ff015de72bcf1560f11c313bd041bd87937e5d37eedde8ff3375b7eff99ab3	/workspace/projects/PhyloOpenCell/metadata/gene_mapping_candidate_summary.tsv;/workspace/projects/PhyloOpenCell/metadata/dataset_orthogroup_coverage_v1.tsv	c1b43878a37f9df6b71d43837c126fa75978f4fbf274dbe36de802713efc926f;5bf556f16a0a3dc2bc78cea55cd5a1e852aef9f302ee79aee0e1baf98f8104b3	
Arabidopsis thaliana_PRJNA835893	PRJNA835893	Arabidopsis thaliana	leaf		standardized H5AD var_names mapped to species reference-gene candidates	4768	4614	4257	0.8928271812080537	0.8928271812080537	0.0	reference_longest_protein_v1	gene_mapping_candidates_v1 + gene_orthogroup_candidates_v1	excluded	fewer_than_two_candidate_labels_with_100_cells	X	scaled_continuous;dense	float32	/data/datasets/Bioinformatics/h5ad/Arabidopsis thaliana_PRJNA835893.h5ad	/root/autodl-tmp/project/plant-cell/data_raw/Arabidopsis thaliana_PRJNA835893.anno.csv	e671b41acc49f6596435c5577a097a4b6afd6d71e4c78b24a25618780c8f86b4	/workspace/projects/PhyloOpenCell/metadata/gene_mapping_candidate_summary.tsv;/workspace/projects/PhyloOpenCell/metadata/dataset_orthogroup_coverage_v1.tsv	c1b43878a37f9df6b71d43837c126fa75978f4fbf274dbe36de802713efc926f;5bf556f16a0a3dc2bc78cea55cd5a1e852aef9f302ee79aee0e1baf98f8104b3	
Arabidopsis thaliana_PRJNA835893	PRJNA835893	Arabidopsis thaliana	root		standardized H5AD var_names mapped to species reference-gene candidates	4768	4614	4257	0.8928271812080537	0.8928271812080537	0.0	reference_longest_protein_v1	gene_mapping_candidates_v1 + gene_orthogroup_candidates_v1	excluded	fewer_than_two_candidate_labels_with_100_cells	X	scaled_continuous;dense	float32	/data/datasets/Bioinformatics/h5ad/Arabidopsis thaliana_PRJNA835893.h5ad	/root/autodl-tmp/project/plant-cell/data_raw/Arabidopsis thaliana_PRJNA835893.anno.csv	e671b41acc49f6596435c5577a097a4b6afd6d71e4c78b24a25618780c8f86b4	/workspace/projects/PhyloOpenCell/metadata/gene_mapping_candidate_summary.tsv;/workspace/projects/PhyloOpenCell/metadata/dataset_orthogroup_coverage_v1.tsv	c1b43878a37f9df6b71d43837c126fa75978f4fbf274dbe36de802713efc926f;5bf556f16a0a3dc2bc78cea55cd5a1e852aef9f302ee79aee0e1baf98f8104b3	
Arabidopsis thaliana_PRJNA835893	PRJNA835893	Arabidopsis thaliana	vascular		standardized H5AD var_names mapped to species reference-gene candidates	4768	4614	4257	0.8928271812080537	0.8928271812080537	0.0	reference_longest_protein_v1	gene_mapping_candidates_v1 + gene_orthogroup_candidates_v1	excluded	fewer_than_two_candidate_labels_with_100_cells	X	scaled_continuous;dense	float32	/data/datasets/Bioinformatics/h5ad/Arabidopsis thaliana_PRJNA835893.h5ad	/root/autodl-tmp/project/plant-cell/data_raw/Arabidopsis thaliana_PRJNA835893.anno.csv	e671b41acc49f6596435c5577a097a4b6afd6d71e4c78b24a25618780c8f86b4	/workspace/projects/PhyloOpenCell/metadata/gene_mapping_candidate_summary.tsv;/workspace/projects/PhyloOpenCell/metadata/dataset_orthogroup_coverage_v1.tsv	c1b43878a37f9df6b71d43837c126fa75978f4fbf274dbe36de802713efc926f;5bf556f16a0a3dc2bc78cea55cd5a1e852aef9f302ee79aee0e1baf98f8104b3	
Arabidopsis thaliana_PRJNA857332	PRJNA857332	Arabidopsis thaliana	leaf		standardized H5AD var_names mapped to species reference-gene candidates	23453	23453	20873	0.8899927514603675	0.8899927514603675	0.0	reference_longest_protein_v1	gene_mapping_candidates_v1 + gene_orthogroup_candidates_v1	eligible	passes_provisional_panel_gates	X	nonnegative_integer_unverified;csr	int64	/data/datasets/Bioinformatics/h5ad/Arabidopsis thaliana_PRJNA857332.h5ad	/root/autodl-tmp/project/plant-cell/data_raw/Arabidopsis thaliana_PRJNA857332.anno.csv	cc7c3437c7587eff2a62bf26d69c79ff4eb84db27249f8ae572d8778adb460a8	/workspace/projects/PhyloOpenCell/metadata/gene_mapping_candidate_summary.tsv;/workspace/projects/PhyloOpenCell/metadata/dataset_orthogroup_coverage_v1.tsv	c1b43878a37f9df6b71d43837c126fa75978f4fbf274dbe36de802713efc926f;5bf556f16a0a3dc2bc78cea55cd5a1e852aef9f302ee79aee0e1baf98f8104b3	
Arabidopsis thaliana_PRJNA857332	PRJNA857332	Arabidopsis thaliana	root		standardized H5AD var_names mapped to species reference-gene candidates	23453	23453	20873	0.8899927514603675	0.8899927514603675	0.0	reference_longest_protein_v1	gene_mapping_candidates_v1 + gene_orthogroup_candidates_v1	excluded	fewer_than_two_candidate_labels_with_100_cells	X	nonnegative_integer_unverified;csr	int64	/data/datasets/Bioinformatics/h5ad/Arabidopsis thaliana_PRJNA857332.h5ad	/root/autodl-tmp/project/plant-cell/data_raw/Arabidopsis thaliana_PRJNA857332.anno.csv	cc7c3437c7587eff2a62bf26d69c79ff4eb84db27249f8ae572d8778adb460a8	/workspace/projects/PhyloOpenCell/metadata/gene_mapping_candidate_summary.tsv;/workspace/projects/PhyloOpenCell/metadata/dataset_orthogroup_coverage_v1.tsv	c1b43878a37f9df6b71d43837c126fa75978f4fbf274dbe36de802713efc926f;5bf556f16a0a3dc2bc78cea55cd5a1e852aef9f302ee79aee0e1baf98f8104b3	
Arabidopsis thaliana_PRJNA857332	PRJNA857332	Arabidopsis thaliana	vascular		standardized H5AD var_names mapped to species reference-gene candidates	23453	23453	20873	0.8899927514603675	0.8899927514603675	0.0	reference_longest_protein_v1	gene_mapping_candidates_v1 + gene_orthogroup_candidates_v1	excluded	fewer_than_two_candidate_labels_with_100_cells	X	nonnegative_integer_unverified;csr	int64	/data/datasets/Bioinformatics/h5ad/Arabidopsis thaliana_PRJNA857332.h5ad	/root/autodl-tmp/project/plant-cell/data_raw/Arabidopsis thaliana_PRJNA857332.anno.csv	cc7c3437c7587eff2a62bf26d69c79ff4eb84db27249f8ae572d8778adb460a8	/workspace/projects/PhyloOpenCell/metadata/gene_mapping_candidate_summary.tsv;/workspace/projects/PhyloOpenCell/metadata/dataset_orthogroup_coverage_v1.tsv	c1b43878a37f9df6b71d43837c126fa75978f4fbf274dbe36de802713efc926f;5bf556f16a0a3dc2bc78cea55cd5a1e852aef9f302ee79aee0e1baf98f8104b3	
Arabidopsis thaliana_PRJNA881949	PRJNA881949	Arabidopsis thaliana	leaf		standardized H5AD var_names mapped to species reference-gene candidates	21246	21246	19240	0.9055822272427752	0.9055822272427752	0.0	reference_longest_protein_v1	gene_mapping_candidates_v1 + gene_orthogroup_candidates_v1	eligible	passes_provisional_panel_gates	X	nonnegative_integer_unverified;csr	int64	/data/datasets/Bioinformatics/h5ad/Arabidopsis thaliana_PRJNA881949.h5ad	/root/autodl-tmp/project/plant-cell/data_raw/Arabidopsis thaliana_PRJNA881949.anno.csv	a955d6a73be2b485f9ee7f72ee855d3f429ed2aae1cfc49cc90040075cb21664	/workspace/projects/PhyloOpenCell/metadata/gene_mapping_candidate_summary.tsv;/workspace/projects/PhyloOpenCell/metadata/dataset_orthogroup_coverage_v1.tsv	c1b43878a37f9df6b71d43837c126fa75978f4fbf274dbe36de802713efc926f;5bf556f16a0a3dc2bc78cea55cd5a1e852aef9f302ee79aee0e1baf98f8104b3	
Arabidopsis thaliana_PRJNA881949	PRJNA881949	Arabidopsis thaliana	root		standardized H5AD var_names mapped to species reference-gene candidates	21246	21246	19240	0.9055822272427752	0.9055822272427752	0.0	reference_longest_protein_v1	gene_mapping_candidates_v1 + gene_orthogroup_candidates_v1	excluded	fewer_than_two_candidate_labels_with_100_cells	X	nonnegative_integer_unverified;csr	int64	/data/datasets/Bioinformatics/h5ad/Arabidopsis thaliana_PRJNA881949.h5ad	/root/autodl-tmp/project/plant-cell/data_raw/Arabidopsis thaliana_PRJNA881949.anno.csv	a955d6a73be2b485f9ee7f72ee855d3f429ed2aae1cfc49cc90040075cb21664	/workspace/projects/PhyloOpenCell/metadata/gene_mapping_candidate_summary.tsv;/workspace/projects/PhyloOpenCell/metadata/dataset_orthogroup_coverage_v1.tsv	c1b43878a37f9df6b71d43837c126fa75978f4fbf274dbe36de802713efc926f;5bf556f16a0a3dc2bc78cea55cd5a1e852aef9f302ee79aee0e1baf98f8104b3	
Arabidopsis thaliana_PRJNA881949	PRJNA881949	Arabidopsis thaliana	vascular		standardized H5AD var_names mapped to species reference-gene candidates	21246	21246	19240	0.9055822272427752	0.9055822272427752	0.0	reference_longest_protein_v1	gene_mapping_candidates_v1 + gene_orthogroup_candidates_v1	eligible	passes_provisional_panel_gates	X	nonnegative_integer_unverified;csr	int64	/data/datasets/Bioinformatics/h5ad/Arabidopsis thaliana_PRJNA881949.h5ad	/root/autodl-tmp/project/plant-cell/data_raw/Arabidopsis thaliana_PRJNA881949.anno.csv	a955d6a73be2b485f9ee7f72ee855d3f429ed2aae1cfc49cc90040075cb21664	/workspace/projects/PhyloOpenCell/metadata/gene_mapping_candidate_summary.tsv;/workspace/projects/PhyloOpenCell/metadata/dataset_orthogroup_coverage_v1.tsv	c1b43878a37f9df6b71d43837c126fa75978f4fbf274dbe36de802713efc926f;5bf556f16a0a3dc2bc78cea55cd5a1e852aef9f302ee79aee0e1baf98f8104b3	
Arabidopsis thaliana_PRJNA941845	PRJNA941845	Arabidopsis thaliana	leaf		standardized H5AD var_names mapped to species reference-gene candidates	6603	6603	6077	0.9203392397395124	0.9203392397395124	0.0	reference_longest_protein_v1	gene_mapping_candidates_v1 + gene_orthogroup_candidates_v1	eligible	passes_provisional_panel_gates	X	scaled_continuous;dense	float32	/data/datasets/Bioinformatics/h5ad/Arabidopsis thaliana_PRJNA941845.h5ad	/root/autodl-tmp/project/plant-cell/data_raw/Arabidopsis thaliana_PRJNA941845.anno.csv	d0643e12aa79ca20b10953d004e608f19b9b4e7226eee52121e1b1413003c70a	/workspace/projects/PhyloOpenCell/metadata/gene_mapping_candidate_summary.tsv;/workspace/projects/PhyloOpenCell/metadata/dataset_orthogroup_coverage_v1.tsv	c1b43878a37f9df6b71d43837c126fa75978f4fbf274dbe36de802713efc926f;5bf556f16a0a3dc2bc78cea55cd5a1e852aef9f302ee79aee0e1baf98f8104b3	
Arabidopsis thaliana_PRJNA941845	PRJNA941845	Arabidopsis thaliana	root		standardized H5AD var_names mapped to species reference-gene candidates	6603	6603	6077	0.9203392397395124	0.9203392397395124	0.0	reference_longest_protein_v1	gene_mapping_candidates_v1 + gene_orthogroup_candidates_v1	excluded	fewer_than_two_candidate_labels_with_100_cells	X	scaled_continuous;dense	float32	/data/datasets/Bioinformatics/h5ad/Arabidopsis thaliana_PRJNA941845.h5ad	/root/autodl-tmp/project/plant-cell/data_raw/Arabidopsis thaliana_PRJNA941845.anno.csv	d0643e12aa79ca20b10953d004e608f19b9b4e7226eee52121e1b1413003c70a	/workspace/projects/PhyloOpenCell/metadata/gene_mapping_candidate_summary.tsv;/workspace/projects/PhyloOpenCell/metadata/dataset_orthogroup_coverage_v1.tsv	c1b43878a37f9df6b71d43837c126fa75978f4fbf274dbe36de802713efc926f;5bf556f16a0a3dc2bc78cea55cd5a1e852aef9f302ee79aee0e1baf98f8104b3	
Arabidopsis thaliana_PRJNA941845	PRJNA941845	Arabidopsis thaliana	vascular		standardized H5AD var_names mapped to species reference-gene candidates	6603	6603	6077	0.9203392397395124	0.9203392397395124	0.0	reference_longest_protein_v1	gene_mapping_candidates_v1 + gene_orthogroup_candidates_v1	excluded	fewer_than_two_candidate_labels_with_100_cells	X	scaled_continuous;dense	float32	/data/datasets/Bioinformatics/h5ad/Arabidopsis thaliana_PRJNA941845.h5ad	/root/autodl-tmp/project/plant-cell/data_raw/Arabidopsis thaliana_PRJNA941845.anno.csv	d0643e12aa79ca20b10953d004e608f19b9b4e7226eee52121e1b1413003c70a	/workspace/projects/PhyloOpenCell/metadata/gene_mapping_candidate_summary.tsv;/workspace/projects/PhyloOpenCell/metadata/dataset_orthogroup_coverage_v1.tsv	c1b43878a37f9df6b71d43837c126fa75978f4fbf274dbe36de802713efc926f;5bf556f16a0a3dc2bc78cea55cd5a1e852aef9f302ee79aee0e1baf98f8104b3	
Arabidopsis thaliana_PRJNA945828	PRJNA945828	Arabidopsis thaliana	leaf		standardized H5AD var_names mapped to species reference-gene candidates	26077	26068	22168	0.8500977873221613	0.8500977873221613	0.0	reference_longest_protein_v1	gene_mapping_candidates_v1 + gene_orthogroup_candidates_v1	excluded	fewer_than_two_candidate_labels_with_100_cells	X	scaled_continuous;dense	float32	/data/datasets/Bioinformatics/h5ad/Arabidopsis thaliana_PRJNA945828.h5ad	/root/autodl-tmp/project/plant-cell/data_raw/Arabidopsis thaliana_PRJNA945828.anno.csv	01194a263159a9083fee54aff7dcc1651b4a35d13b58822172b42d9f8441673f	/workspace/projects/PhyloOpenCell/metadata/gene_mapping_candidate_summary.tsv;/workspace/projects/PhyloOpenCell/metadata/dataset_orthogroup_coverage_v1.tsv	c1b43878a37f9df6b71d43837c126fa75978f4fbf274dbe36de802713efc926f;5bf556f16a0a3dc2bc78cea55cd5a1e852aef9f302ee79aee0e1baf98f8104b3	
Arabidopsis thaliana_PRJNA945828	PRJNA945828	Arabidopsis thaliana	root		standardized H5AD var_names mapped to species reference-gene candidates	26077	26068	22168	0.8500977873221613	0.8500977873221613	0.0	reference_longest_protein_v1	gene_mapping_candidates_v1 + gene_orthogroup_candidates_v1	excluded	fewer_than_two_candidate_labels_with_100_cells	X	scaled_continuous;dense	float32	/data/datasets/Bioinformatics/h5ad/Arabidopsis thaliana_PRJNA945828.h5ad	/root/autodl-tmp/project/plant-cell/data_raw/Arabidopsis thaliana_PRJNA945828.anno.csv	01194a263159a9083fee54aff7dcc1651b4a35d13b58822172b42d9f8441673f	/workspace/projects/PhyloOpenCell/metadata/gene_mapping_candidate_summary.tsv;/workspace/projects/PhyloOpenCell/metadata/dataset_orthogroup_coverage_v1.tsv	c1b43878a37f9df6b71d43837c126fa75978f4fbf274dbe36de802713efc926f;5bf556f16a0a3dc2bc78cea55cd5a1e852aef9f302ee79aee0e1baf98f8104b3	
Arabidopsis thaliana_PRJNA945828	PRJNA945828	Arabidopsis thaliana	vascular		standardized H5AD var_names mapped to species reference-gene candidates	26077	26068	22168	0.8500977873221613	0.8500977873221613	0.0	reference_longest_protein_v1	gene_mapping_candidates_v1 + gene_orthogroup_candidates_v1	excluded	fewer_than_two_candidate_labels_with_100_cells	X	scaled_continuous;dense	float32	/data/datasets/Bioinformatics/h5ad/Arabidopsis thaliana_PRJNA945828.h5ad	/root/autodl-tmp/project/plant-cell/data_raw/Arabidopsis thaliana_PRJNA945828.anno.csv	01194a263159a9083fee54aff7dcc1651b4a35d13b58822172b42d9f8441673f	/workspace/projects/PhyloOpenCell/metadata/gene_mapping_candidate_summary.tsv;/workspace/projects/PhyloOpenCell/metadata/dataset_orthogroup_coverage_v1.tsv	c1b43878a37f9df6b71d43837c126fa75978f4fbf274dbe36de802713efc926f;5bf556f16a0a3dc2bc78cea55cd5a1e852aef9f302ee79aee0e1baf98f8104b3	
Arabidopsis thaliana_PRJNA995336	PRJNA995336	Arabidopsis thaliana	leaf		standardized H5AD var_names mapped to species reference-gene candidates	4748	4748	4489	0.9454507160909856	0.9454507160909856	0.0	reference_longest_protein_v1	gene_mapping_candidates_v1 + gene_orthogroup_candidates_v1	eligible	passes_provisional_panel_gates	X	scaled_continuous;dense	float32	/data/datasets/Bioinformatics/h5ad/Arabidopsis thaliana_PRJNA995336.h5ad	/root/autodl-tmp/project/plant-cell/data_raw/Arabidopsis thaliana_PRJNA995336.anno.csv	1508bfd762e18d801a240c6869531523ac2c3921f86efad8b0b56b288b2a90f0	/workspace/projects/PhyloOpenCell/metadata/gene_mapping_candidate_summary.tsv;/workspace/projects/PhyloOpenCell/metadata/dataset_orthogroup_coverage_v1.tsv	c1b43878a37f9df6b71d43837c126fa75978f4fbf274dbe36de802713efc926f;5bf556f16a0a3dc2bc78cea55cd5a1e852aef9f302ee79aee0e1baf98f8104b3	
Arabidopsis thaliana_PRJNA995336	PRJNA995336	Arabidopsis thaliana	root		standardized H5AD var_names mapped to species reference-gene candidates	4748	4748	4489	0.9454507160909856	0.9454507160909856	0.0	reference_longest_protein_v1	gene_mapping_candidates_v1 + gene_orthogroup_candidates_v1	excluded	fewer_than_two_candidate_labels_with_100_cells	X	scaled_continuous;dense	float32	/data/datasets/Bioinformatics/h5ad/Arabidopsis thaliana_PRJNA995336.h5ad	/root/autodl-tmp/project/plant-cell/data_raw/Arabidopsis thaliana_PRJNA995336.anno.csv	1508bfd762e18d801a240c6869531523ac2c3921f86efad8b0b56b288b2a90f0	/workspace/projects/PhyloOpenCell/metadata/gene_mapping_candidate_summary.tsv;/workspace/projects/PhyloOpenCell/metadata/dataset_orthogroup_coverage_v1.tsv	c1b43878a37f9df6b71d43837c126fa75978f4fbf274dbe36de802713efc926f;5bf556f16a0a3dc2bc78cea55cd5a1e852aef9f302ee79aee0e1baf98f8104b3	
Arabidopsis thaliana_PRJNA995336	PRJNA995336	Arabidopsis thaliana	vascular		standardized H5AD var_names mapped to species reference-gene candidates	4748	4748	4489	0.9454507160909856	0.9454507160909856	0.0	reference_longest_protein_v1	gene_mapping_candidates_v1 + gene_orthogroup_candidates_v1	excluded	fewer_than_two_candidate_labels_with_100_cells	X	scaled_continuous;dense	float32	/data/datasets/Bioinformatics/h5ad/Arabidopsis thaliana_PRJNA995336.h5ad	/root/autodl-tmp/project/plant-cell/data_raw/Arabidopsis thaliana_PRJNA995336.anno.csv	1508bfd762e18d801a240c6869531523ac2c3921f86efad8b0b56b288b2a90f0	/workspace/projects/PhyloOpenCell/metadata/gene_mapping_candidate_summary.tsv;/workspace/projects/PhyloOpenCell/metadata/dataset_orthogroup_coverage_v1.tsv	c1b43878a37f9df6b71d43837c126fa75978f4fbf274dbe36de802713efc926f;5bf556f16a0a3dc2bc78cea55cd5a1e852aef9f302ee79aee0e1baf98f8104b3	
Bombax ceiba_PRJNA850395	PRJNA850395	Bombax ceiba	leaf		standardized H5AD var_names mapped to species reference-gene candidates	35388						reference_longest_protein_v1	gene_mapping_candidates_v1 + gene_orthogroup_candidates_v1	excluded	orthogroup_coverage_below_60pct_or_unavailable;fewer_than_two_candidate_labels_with_100_cells	X	scaled_continuous;dense	float32	/data/datasets/Bioinformatics/h5ad/Bombax ceiba_PRJNA850395.h5ad	/root/autodl-tmp/project/plant-cell/data_raw/Bombax ceiba_PRJNA850395.anno.csv	eecd86e3656565f60f00dc1522150487ba8560f31af0f731d6c165da381419dd	/workspace/projects/PhyloOpenCell/metadata/gene_mapping_candidate_summary.tsv;/workspace/projects/PhyloOpenCell/metadata/dataset_orthogroup_coverage_v1.tsv	c1b43878a37f9df6b71d43837c126fa75978f4fbf274dbe36de802713efc926f;5bf556f16a0a3dc2bc78cea55cd5a1e852aef9f302ee79aee0e1baf98f8104b3	orthogroup mapping coverage not evaluated for this manifest dataset; values retained blank
Bombax ceiba_PRJNA850395	PRJNA850395	Bombax ceiba	root		standardized H5AD var_names mapped to species reference-gene candidates	35388						reference_longest_protein_v1	gene_mapping_candidates_v1 + gene_orthogroup_candidates_v1	excluded	orthogroup_coverage_below_60pct_or_unavailable;fewer_than_two_candidate_labels_with_100_cells	X	scaled_continuous;dense	float32	/data/datasets/Bioinformatics/h5ad/Bombax ceiba_PRJNA850395.h5ad	/root/autodl-tmp/project/plant-cell/data_raw/Bombax ceiba_PRJNA850395.anno.csv	eecd86e3656565f60f00dc1522150487ba8560f31af0f731d6c165da381419dd	/workspace/projects/PhyloOpenCell/metadata/gene_mapping_candidate_summary.tsv;/workspace/projects/PhyloOpenCell/metadata/dataset_orthogroup_coverage_v1.tsv	c1b43878a37f9df6b71d43837c126fa75978f4fbf274dbe36de802713efc926f;5bf556f16a0a3dc2bc78cea55cd5a1e852aef9f302ee79aee0e1baf98f8104b3	orthogroup mapping coverage not evaluated for this manifest dataset; values retained blank
Bombax ceiba_PRJNA850395	PRJNA850395	Bombax ceiba	vascular		standardized H5AD var_names mapped to species reference-gene candidates	35388						reference_longest_protein_v1	gene_mapping_candidates_v1 + gene_orthogroup_candidates_v1	excluded	orthogroup_coverage_below_60pct_or_unavailable;fewer_than_two_candidate_labels_with_100_cells	X	scaled_continuous;dense	float32	/data/datasets/Bioinformatics/h5ad/Bombax ceiba_PRJNA850395.h5ad	/root/autodl-tmp/project/plant-cell/data_raw/Bombax ceiba_PRJNA850395.anno.csv	eecd86e3656565f60f00dc1522150487ba8560f31af0f731d6c165da381419dd	/workspace/projects/PhyloOpenCell/metadata/gene_mapping_candidate_summary.tsv;/workspace/projects/PhyloOpenCell/metadata/dataset_orthogroup_coverage_v1.tsv	c1b43878a37f9df6b71d43837c126fa75978f4fbf274dbe36de802713efc926f;5bf556f16a0a3dc2bc78cea55cd5a1e852aef9f302ee79aee0e1baf98f8104b3	orthogroup mapping coverage not evaluated for this manifest dataset; values retained blank
Brassica rapa_PRJCA009630	PRJCA009630	Brassica rapa	leaf		standardized H5AD var_names mapped to species reference-gene candidates	3861	3818	3762	0.9743589743589743	0.9743589743589743	0.0	reference_longest_protein_v1	gene_mapping_candidates_v1 + gene_orthogroup_candidates_v1	eligible	passes_provisional_panel_gates	X	scaled_continuous;dense	float32	/data/datasets/Bioinformatics/h5ad/Brassica rapa_PRJCA009630.h5ad	/root/autodl-tmp/project/plant-cell/data_raw/Brassica rapa_PRJCA009630.anno.csv	ec536d68e0af395595b6290038e53255f5480fb1446b018f63873de2e09ece0f	/workspace/projects/PhyloOpenCell/metadata/gene_mapping_candidate_summary.tsv;/workspace/projects/PhyloOpenCell/metadata/dataset_orthogroup_coverage_v1.tsv	c1b43878a37f9df6b71d43837c126fa75978f4fbf274dbe36de802713efc926f;5bf556f16a0a3dc2bc78cea55cd5a1e852aef9f302ee79aee0e1baf98f8104b3	
Brassica rapa_PRJCA009630	PRJCA009630	Brassica rapa	root		standardized H5AD var_names mapped to species reference-gene candidates	3861	3818	3762	0.9743589743589743	0.9743589743589743	0.0	reference_longest_protein_v1	gene_mapping_candidates_v1 + gene_orthogroup_candidates_v1	excluded	fewer_than_two_candidate_labels_with_100_cells	X	scaled_continuous;dense	float32	/data/datasets/Bioinformatics/h5ad/Brassica rapa_PRJCA009630.h5ad	/root/autodl-tmp/project/plant-cell/data_raw/Brassica rapa_PRJCA009630.anno.csv	ec536d68e0af395595b6290038e53255f5480fb1446b018f63873de2e09ece0f	/workspace/projects/PhyloOpenCell/metadata/gene_mapping_candidate_summary.tsv;/workspace/projects/PhyloOpenCell/metadata/dataset_orthogroup_coverage_v1.tsv	c1b43878a37f9df6b71d43837c126fa75978f4fbf274dbe36de802713efc926f;5bf556f16a0a3dc2bc78cea55cd5a1e852aef9f302ee79aee0e1baf98f8104b3	
Brassica rapa_PRJCA009630	PRJCA009630	Brassica rapa	vascular		standardized H5AD var_names mapped to species reference-gene candidates	3861	3818	3762	0.9743589743589743	0.9743589743589743	0.0	reference_longest_protein_v1	gene_mapping_candidates_v1 + gene_orthogroup_candidates_v1	excluded	fewer_than_two_candidate_labels_with_100_cells	X	scaled_continuous;dense	float32	/data/datasets/Bioinformatics/h5ad/Brassica rapa_PRJCA009630.h5ad	/root/autodl-tmp/project/plant-cell/data_raw/Brassica rapa_PRJCA009630.anno.csv	ec536d68e0af395595b6290038e53255f5480fb1446b018f63873de2e09ece0f	/workspace/projects/PhyloOpenCell/metadata/gene_mapping_candidate_summary.tsv;/workspace/projects/PhyloOpenCell/metadata/dataset_orthogroup_coverage_v1.tsv	c1b43878a37f9df6b71d43837c126fa75978f4fbf274dbe36de802713efc926f;5bf556f16a0a3dc2bc78cea55cd5a1e852aef9f302ee79aee0e1baf98f8104b3	
Catharanthus roseus_PRJNA759937	PRJNA759937	Catharanthus roseus	leaf		standardized H5AD var_names mapped to species reference-gene candidates	20135	19756	18192	0.9035013657809784	0.9035013657809784	0.0	reference_longest_protein_v1	gene_mapping_candidates_v1 + gene_orthogroup_candidates_v1	eligible	passes_provisional_panel_gates	X	nonnegative_integer_unverified;csr	int64	/data/datasets/Bioinformatics/h5ad/Catharanthus roseus_PRJNA759937.h5ad	/root/autodl-tmp/project/plant-cell/data_raw/Catharanthus roseus_PRJNA759937.anno.csv	34dd26c8fc4971a1760624049d5edb154ccf317542e91948cb49bec8c039947b	/workspace/projects/PhyloOpenCell/metadata/gene_mapping_candidate_summary.tsv;/workspace/projects/PhyloOpenCell/metadata/dataset_orthogroup_coverage_v1.tsv	c1b43878a37f9df6b71d43837c126fa75978f4fbf274dbe36de802713efc926f;5bf556f16a0a3dc2bc78cea55cd5a1e852aef9f302ee79aee0e1baf98f8104b3	
Catharanthus roseus_PRJNA759937	PRJNA759937	Catharanthus roseus	root		standardized H5AD var_names mapped to species reference-gene candidates	20135	19756	18192	0.9035013657809784	0.9035013657809784	0.0	reference_longest_protein_v1	gene_mapping_candidates_v1 + gene_orthogroup_candidates_v1	excluded	fewer_than_two_candidate_labels_with_100_cells	X	nonnegative_integer_unverified;csr	int64	/data/datasets/Bioinformatics/h5ad/Catharanthus roseus_PRJNA759937.h5ad	/root/autodl-tmp/project/plant-cell/data_raw/Catharanthus roseus_PRJNA759937.anno.csv	34dd26c8fc4971a1760624049d5edb154ccf317542e91948cb49bec8c039947b	/workspace/projects/PhyloOpenCell/metadata/gene_mapping_candidate_summary.tsv;/workspace/projects/PhyloOpenCell/metadata/dataset_orthogroup_coverage_v1.tsv	c1b43878a37f9df6b71d43837c126fa75978f4fbf274dbe36de802713efc926f;5bf556f16a0a3dc2bc78cea55cd5a1e852aef9f302ee79aee0e1baf98f8104b3	
Catharanthus roseus_PRJNA759937	PRJNA759937	Catharanthus roseus	vascular		standardized H5AD var_names mapped to species reference-gene candidates	20135	19756	18192	0.9035013657809784	0.9035013657809784	0.0	reference_longest_protein_v1	gene_mapping_candidates_v1 + gene_orthogroup_candidates_v1	excluded	fewer_than_two_candidate_labels_with_100_cells	X	nonnegative_integer_unverified;csr	int64	/data/datasets/Bioinformatics/h5ad/Catharanthus roseus_PRJNA759937.h5ad	/root/autodl-tmp/project/plant-cell/data_raw/Catharanthus roseus_PRJNA759937.anno.csv	34dd26c8fc4971a1760624049d5edb154ccf317542e91948cb49bec8c039947b	/workspace/projects/PhyloOpenCell/metadata/gene_mapping_candidate_summary.tsv;/workspace/projects/PhyloOpenCell/metadata/dataset_orthogroup_coverage_v1.tsv	c1b43878a37f9df6b71d43837c126fa75978f4fbf274dbe36de802713efc926f;5bf556f16a0a3dc2bc78cea55cd5a1e852aef9f302ee79aee0e1baf98f8104b3	
Catharanthus roseus_PRJNA847226_Leaf	PRJNA847226	Catharanthus roseus	leaf	leaf	standardized H5AD var_names mapped to species reference-gene candidates	18786	18427	17063	0.908282763760247	0.908282763760247	0.0	reference_longest_protein_v1	gene_mapping_candidates_v1 + gene_orthogroup_candidates_v1	eligible	passes_provisional_panel_gates	X	nonnegative_integer_unverified;csr	int64	/data/datasets/Bioinformatics/h5ad/Catharanthus roseus_PRJNA847226_Leaf.h5ad	/root/autodl-tmp/project/plant-cell/data_raw/Catharanthus roseus_PRJNA847226_Leaf.anno.csv	052365d569d85af6bacb18aefb24f41056f21659606852f669670e8bb7d4f53d	/workspace/projects/PhyloOpenCell/metadata/gene_mapping_candidate_summary.tsv;/workspace/projects/PhyloOpenCell/metadata/dataset_orthogroup_coverage_v1.tsv	c1b43878a37f9df6b71d43837c126fa75978f4fbf274dbe36de802713efc926f;5bf556f16a0a3dc2bc78cea55cd5a1e852aef9f302ee79aee0e1baf98f8104b3	
Catharanthus roseus_PRJNA847226_Leaf	PRJNA847226	Catharanthus roseus	root	leaf	standardized H5AD var_names mapped to species reference-gene candidates	18786	18427	17063	0.908282763760247	0.908282763760247	0.0	reference_longest_protein_v1	gene_mapping_candidates_v1 + gene_orthogroup_candidates_v1	excluded	fewer_than_two_candidate_labels_with_100_cells	X	nonnegative_integer_unverified;csr	int64	/data/datasets/Bioinformatics/h5ad/Catharanthus roseus_PRJNA847226_Leaf.h5ad	/root/autodl-tmp/project/plant-cell/data_raw/Catharanthus roseus_PRJNA847226_Leaf.anno.csv	052365d569d85af6bacb18aefb24f41056f21659606852f669670e8bb7d4f53d	/workspace/projects/PhyloOpenCell/metadata/gene_mapping_candidate_summary.tsv;/workspace/projects/PhyloOpenCell/metadata/dataset_orthogroup_coverage_v1.tsv	c1b43878a37f9df6b71d43837c126fa75978f4fbf274dbe36de802713efc926f;5bf556f16a0a3dc2bc78cea55cd5a1e852aef9f302ee79aee0e1baf98f8104b3	
Catharanthus roseus_PRJNA847226_Leaf	PRJNA847226	Catharanthus roseus	vascular	leaf	standardized H5AD var_names mapped to species reference-gene candidates	18786	18427	17063	0.908282763760247	0.908282763760247	0.0	reference_longest_protein_v1	gene_mapping_candidates_v1 + gene_orthogroup_candidates_v1	eligible	passes_provisional_panel_gates	X	nonnegative_integer_unverified;csr	int64	/data/datasets/Bioinformatics/h5ad/Catharanthus roseus_PRJNA847226_Leaf.h5ad	/root/autodl-tmp/project/plant-cell/data_raw/Catharanthus roseus_PRJNA847226_Leaf.anno.csv	052365d569d85af6bacb18aefb24f41056f21659606852f669670e8bb7d4f53d	/workspace/projects/PhyloOpenCell/metadata/gene_mapping_candidate_summary.tsv;/workspace/projects/PhyloOpenCell/metadata/dataset_orthogroup_coverage_v1.tsv	c1b43878a37f9df6b71d43837c126fa75978f4fbf274dbe36de802713efc926f;5bf556f16a0a3dc2bc78cea55cd5a1e852aef9f302ee79aee0e1baf98f8104b3	
Catharanthus roseus_PRJNA847226_Root	PRJNA847226	Catharanthus roseus	leaf	root	standardized H5AD var_names mapped to species reference-gene candidates	17449	17105	15939	0.913462089518024	0.913462089518024	0.0	reference_longest_protein_v1	gene_mapping_candidates_v1 + gene_orthogroup_candidates_v1	excluded	fewer_than_two_candidate_labels_with_100_cells	X	nonnegative_integer_unverified;csr	int64	/data/datasets/Bioinformatics/h5ad/Catharanthus roseus_PRJNA847226_Root.h5ad	data_raw/Catharanthus roseus_PRJNA847226_Root.anno.csv	ce20e3d44ec1102ef9dcc69538389bde3635611d74ad0e419f76cebb719bbd25	/workspace/projects/PhyloOpenCell/metadata/gene_mapping_candidate_summary.tsv;/workspace/projects/PhyloOpenCell/metadata/dataset_orthogroup_coverage_v1.tsv	c1b43878a37f9df6b71d43837c126fa75978f4fbf274dbe36de802713efc926f;5bf556f16a0a3dc2bc78cea55cd5a1e852aef9f302ee79aee0e1baf98f8104b3	
Catharanthus roseus_PRJNA847226_Root	PRJNA847226	Catharanthus roseus	root	root	standardized H5AD var_names mapped to species reference-gene candidates	17449	17105	15939	0.913462089518024	0.913462089518024	0.0	reference_longest_protein_v1	gene_mapping_candidates_v1 + gene_orthogroup_candidates_v1	eligible	passes_provisional_panel_gates	X	nonnegative_integer_unverified;csr	int64	/data/datasets/Bioinformatics/h5ad/Catharanthus roseus_PRJNA847226_Root.h5ad	data_raw/Catharanthus roseus_PRJNA847226_Root.anno.csv	ce20e3d44ec1102ef9dcc69538389bde3635611d74ad0e419f76cebb719bbd25	/workspace/projects/PhyloOpenCell/metadata/gene_mapping_candidate_summary.tsv;/workspace/projects/PhyloOpenCell/metadata/dataset_orthogroup_coverage_v1.tsv	c1b43878a37f9df6b71d43837c126fa75978f4fbf274dbe36de802713efc926f;5bf556f16a0a3dc2bc78cea55cd5a1e852aef9f302ee79aee0e1baf98f8104b3	
Catharanthus roseus_PRJNA847226_Root	PRJNA847226	Catharanthus roseus	vascular	root	standardized H5AD var_names mapped to species reference-gene candidates	17449	17105	15939	0.913462089518024	0.913462089518024	0.0	reference_longest_protein_v1	gene_mapping_candidates_v1 + gene_orthogroup_candidates_v1	excluded	fewer_than_two_candidate_labels_with_100_cells	X	nonnegative_integer_unverified;csr	int64	/data/datasets/Bioinformatics/h5ad/Catharanthus roseus_PRJNA847226_Root.h5ad	data_raw/Catharanthus roseus_PRJNA847226_Root.anno.csv	ce20e3d44ec1102ef9dcc69538389bde3635611d74ad0e419f76cebb719bbd25	/workspace/projects/PhyloOpenCell/metadata/gene_mapping_candidate_summary.tsv;/workspace/projects/PhyloOpenCell/metadata/dataset_orthogroup_coverage_v1.tsv	c1b43878a37f9df6b71d43837c126fa75978f4fbf274dbe36de802713efc926f;5bf556f16a0a3dc2bc78cea55cd5a1e852aef9f302ee79aee0e1baf98f8104b3	
Cynodon dactylon_PRJNA918429	PRJNA918429	Cynodon dactylon	leaf		standardized H5AD var_names mapped to species reference-gene candidates	45228						reference_longest_protein_v1	gene_mapping_candidates_v1 + gene_orthogroup_candidates_v1	excluded	orthogroup_coverage_below_60pct_or_unavailable;fewer_than_two_candidate_labels_with_100_cells	X	nonnegative_integer_unverified;csr	int64	/data/datasets/Bioinformatics/h5ad/Cynodon dactylon_PRJNA918429.h5ad	/root/autodl-tmp/project/plant-cell/data_raw/Cynodon dactylon_PRJNA918429.anno.csv	c8dcead900e31a84dffadb35247873426b7b8c3aa5bdf7e965d27af4f3616260	/workspace/projects/PhyloOpenCell/metadata/gene_mapping_candidate_summary.tsv;/workspace/projects/PhyloOpenCell/metadata/dataset_orthogroup_coverage_v1.tsv	c1b43878a37f9df6b71d43837c126fa75978f4fbf274dbe36de802713efc926f;5bf556f16a0a3dc2bc78cea55cd5a1e852aef9f302ee79aee0e1baf98f8104b3	orthogroup mapping coverage not evaluated for this manifest dataset; values retained blank
Cynodon dactylon_PRJNA918429	PRJNA918429	Cynodon dactylon	root		standardized H5AD var_names mapped to species reference-gene candidates	45228						reference_longest_protein_v1	gene_mapping_candidates_v1 + gene_orthogroup_candidates_v1	excluded	orthogroup_coverage_below_60pct_or_unavailable;fewer_than_two_candidate_labels_with_100_cells	X	nonnegative_integer_unverified;csr	int64	/data/datasets/Bioinformatics/h5ad/Cynodon dactylon_PRJNA918429.h5ad	/root/autodl-tmp/project/plant-cell/data_raw/Cynodon dactylon_PRJNA918429.anno.csv	c8dcead900e31a84dffadb35247873426b7b8c3aa5bdf7e965d27af4f3616260	/workspace/projects/PhyloOpenCell/metadata/gene_mapping_candidate_summary.tsv;/workspace/projects/PhyloOpenCell/metadata/dataset_orthogroup_coverage_v1.tsv	c1b43878a37f9df6b71d43837c126fa75978f4fbf274dbe36de802713efc926f;5bf556f16a0a3dc2bc78cea55cd5a1e852aef9f302ee79aee0e1baf98f8104b3	orthogroup mapping coverage not evaluated for this manifest dataset; values retained blank
Cynodon dactylon_PRJNA918429	PRJNA918429	Cynodon dactylon	vascular		standardized H5AD var_names mapped to species reference-gene candidates	45228						reference_longest_protein_v1	gene_mapping_candidates_v1 + gene_orthogroup_candidates_v1	excluded	orthogroup_coverage_below_60pct_or_unavailable;fewer_than_two_candidate_labels_with_100_cells	X	nonnegative_integer_unverified;csr	int64	/data/datasets/Bioinformatics/h5ad/Cynodon dactylon_PRJNA918429.h5ad	/root/autodl-tmp/project/plant-cell/data_raw/Cynodon dactylon_PRJNA918429.anno.csv	c8dcead900e31a84dffadb35247873426b7b8c3aa5bdf7e965d27af4f3616260	/workspace/projects/PhyloOpenCell/metadata/gene_mapping_candidate_summary.tsv;/workspace/projects/PhyloOpenCell/metadata/dataset_orthogroup_coverage_v1.tsv	c1b43878a37f9df6b71d43837c126fa75978f4fbf274dbe36de802713efc926f;5bf556f16a0a3dc2bc78cea55cd5a1e852aef9f302ee79aee0e1baf98f8104b3	orthogroup mapping coverage not evaluated for this manifest dataset; values retained blank
Fragaria vesca_PRJCA006322	PRJCA006322	Fragaria vesca	leaf		standardized H5AD var_names mapped to species reference-gene candidates	20713						reference_longest_protein_v1	gene_mapping_candidates_v1 + gene_orthogroup_candidates_v1	excluded	orthogroup_coverage_below_60pct_or_unavailable;fewer_than_two_candidate_labels_with_100_cells	X	nonnegative_integer_unverified;csr	int64	/data/datasets/Bioinformatics/h5ad/Fragaria vesca_PRJCA006322.h5ad	/root/autodl-tmp/project/plant-cell/data_raw/Fragaria vesca_PRJCA006322.anno.csv	38ad45bfefec504be3ca405acede9a5d5bfb7d3aacbfcc8294313c21aa797764	/workspace/projects/PhyloOpenCell/metadata/gene_mapping_candidate_summary.tsv;/workspace/projects/PhyloOpenCell/metadata/dataset_orthogroup_coverage_v1.tsv	c1b43878a37f9df6b71d43837c126fa75978f4fbf274dbe36de802713efc926f;5bf556f16a0a3dc2bc78cea55cd5a1e852aef9f302ee79aee0e1baf98f8104b3	orthogroup mapping coverage not evaluated for this manifest dataset; values retained blank
Fragaria vesca_PRJCA006322	PRJCA006322	Fragaria vesca	root		standardized H5AD var_names mapped to species reference-gene candidates	20713						reference_longest_protein_v1	gene_mapping_candidates_v1 + gene_orthogroup_candidates_v1	excluded	orthogroup_coverage_below_60pct_or_unavailable;fewer_than_two_candidate_labels_with_100_cells	X	nonnegative_integer_unverified;csr	int64	/data/datasets/Bioinformatics/h5ad/Fragaria vesca_PRJCA006322.h5ad	/root/autodl-tmp/project/plant-cell/data_raw/Fragaria vesca_PRJCA006322.anno.csv	38ad45bfefec504be3ca405acede9a5d5bfb7d3aacbfcc8294313c21aa797764	/workspace/projects/PhyloOpenCell/metadata/gene_mapping_candidate_summary.tsv;/workspace/projects/PhyloOpenCell/metadata/dataset_orthogroup_coverage_v1.tsv	c1b43878a37f9df6b71d43837c126fa75978f4fbf274dbe36de802713efc926f;5bf556f16a0a3dc2bc78cea55cd5a1e852aef9f302ee79aee0e1baf98f8104b3	orthogroup mapping coverage not evaluated for this manifest dataset; values retained blank
Fragaria vesca_PRJCA006322	PRJCA006322	Fragaria vesca	vascular		standardized H5AD var_names mapped to species reference-gene candidates	20713						reference_longest_protein_v1	gene_mapping_candidates_v1 + gene_orthogroup_candidates_v1	excluded	orthogroup_coverage_below_60pct_or_unavailable;fewer_than_two_candidate_labels_with_100_cells	X	nonnegative_integer_unverified;csr	int64	/data/datasets/Bioinformatics/h5ad/Fragaria vesca_PRJCA006322.h5ad	/root/autodl-tmp/project/plant-cell/data_raw/Fragaria vesca_PRJCA006322.anno.csv	38ad45bfefec504be3ca405acede9a5d5bfb7d3aacbfcc8294313c21aa797764	/workspace/projects/PhyloOpenCell/metadata/gene_mapping_candidate_summary.tsv;/workspace/projects/PhyloOpenCell/metadata/dataset_orthogroup_coverage_v1.tsv	c1b43878a37f9df6b71d43837c126fa75978f4fbf274dbe36de802713efc926f;5bf556f16a0a3dc2bc78cea55cd5a1e852aef9f302ee79aee0e1baf98f8104b3	orthogroup mapping coverage not evaluated for this manifest dataset; values retained blank
Glycine max_GSE234864_Flower	not explicitly recorded	Glycine max	leaf	flower	standardized H5AD var_names mapped to species reference-gene candidates	41363	41024	37084	0.8965500568140609	0.8965500568140609	0.0	reference_longest_protein_v1	gene_mapping_candidates_v1 + gene_orthogroup_candidates_v1	excluded	fewer_than_two_candidate_labels_with_100_cells	X	nonnegative_integer_unverified;csr	int64	/data/datasets/Bioinformatics/h5ad/Glycine max_GSE234864_Flower.h5ad	/root/autodl-tmp/project/plant-cell/data_raw/Glycine max_GSE234864_Flower.anno.csv	b9dc475a654e3319877aed45b0f50486921cfcf9c05438111dd1e1246e088d40	/workspace/projects/PhyloOpenCell/metadata/gene_mapping_candidate_summary.tsv;/workspace/projects/PhyloOpenCell/metadata/dataset_orthogroup_coverage_v1.tsv	c1b43878a37f9df6b71d43837c126fa75978f4fbf274dbe36de802713efc926f;5bf556f16a0a3dc2bc78cea55cd5a1e852aef9f302ee79aee0e1baf98f8104b3	
Glycine max_GSE234864_Flower	not explicitly recorded	Glycine max	root	flower	standardized H5AD var_names mapped to species reference-gene candidates	41363	41024	37084	0.8965500568140609	0.8965500568140609	0.0	reference_longest_protein_v1	gene_mapping_candidates_v1 + gene_orthogroup_candidates_v1	excluded	fewer_than_two_candidate_labels_with_100_cells	X	nonnegative_integer_unverified;csr	int64	/data/datasets/Bioinformatics/h5ad/Glycine max_GSE234864_Flower.h5ad	/root/autodl-tmp/project/plant-cell/data_raw/Glycine max_GSE234864_Flower.anno.csv	b9dc475a654e3319877aed45b0f50486921cfcf9c05438111dd1e1246e088d40	/workspace/projects/PhyloOpenCell/metadata/gene_mapping_candidate_summary.tsv;/workspace/projects/PhyloOpenCell/metadata/dataset_orthogroup_coverage_v1.tsv	c1b43878a37f9df6b71d43837c126fa75978f4fbf274dbe36de802713efc926f;5bf556f16a0a3dc2bc78cea55cd5a1e852aef9f302ee79aee0e1baf98f8104b3	
Glycine max_GSE234864_Flower	not explicitly recorded	Glycine max	vascular	flower	standardized H5AD var_names mapped to species reference-gene candidates	41363	41024	37084	0.8965500568140609	0.8965500568140609	0.0	reference_longest_protein_v1	gene_mapping_candidates_v1 + gene_orthogroup_candidates_v1	excluded	fewer_than_two_candidate_labels_with_100_cells	X	nonnegative_integer_unverified;csr	int64	/data/datasets/Bioinformatics/h5ad/Glycine max_GSE234864_Flower.h5ad	/root/autodl-tmp/project/plant-cell/data_raw/Glycine max_GSE234864_Flower.anno.csv	b9dc475a654e3319877aed45b0f50486921cfcf9c05438111dd1e1246e088d40	/workspace/projects/PhyloOpenCell/metadata/gene_mapping_candidate_summary.tsv;/workspace/projects/PhyloOpenCell/metadata/dataset_orthogroup_coverage_v1.tsv	c1b43878a37f9df6b71d43837c126fa75978f4fbf274dbe36de802713efc926f;5bf556f16a0a3dc2bc78cea55cd5a1e852aef9f302ee79aee0e1baf98f8104b3	
Glycine max_GSE234864_SeedCotyledon	not explicitly recorded	Glycine max	leaf	seed	standardized H5AD var_names mapped to species reference-gene candidates	45923	45486	40207	0.8755307797835508	0.8755307797835508	0.0	reference_longest_protein_v1	gene_mapping_candidates_v1 + gene_orthogroup_candidates_v1	excluded	fewer_than_two_candidate_labels_with_100_cells	X	nonnegative_integer_unverified;csr	int64	/data/datasets/Bioinformatics/h5ad/Glycine max_GSE234864_SeedCotyledon.h5ad	/root/autodl-tmp/project/plant-cell/data_raw/Glycine max_GSE234864_SeedCotyledon.anno.csv	2f35c82cacea7da3702c216114353d8f1a7f6973b1adb36fc038bb6816bec7cd	/workspace/projects/PhyloOpenCell/metadata/gene_mapping_candidate_summary.tsv;/workspace/projects/PhyloOpenCell/metadata/dataset_orthogroup_coverage_v1.tsv	c1b43878a37f9df6b71d43837c126fa75978f4fbf274dbe36de802713efc926f;5bf556f16a0a3dc2bc78cea55cd5a1e852aef9f302ee79aee0e1baf98f8104b3	
Glycine max_GSE234864_SeedCotyledon	not explicitly recorded	Glycine max	root	seed	standardized H5AD var_names mapped to species reference-gene candidates	45923	45486	40207	0.8755307797835508	0.8755307797835508	0.0	reference_longest_protein_v1	gene_mapping_candidates_v1 + gene_orthogroup_candidates_v1	excluded	fewer_than_two_candidate_labels_with_100_cells	X	nonnegative_integer_unverified;csr	int64	/data/datasets/Bioinformatics/h5ad/Glycine max_GSE234864_SeedCotyledon.h5ad	/root/autodl-tmp/project/plant-cell/data_raw/Glycine max_GSE234864_SeedCotyledon.anno.csv	2f35c82cacea7da3702c216114353d8f1a7f6973b1adb36fc038bb6816bec7cd	/workspace/projects/PhyloOpenCell/metadata/gene_mapping_candidate_summary.tsv;/workspace/projects/PhyloOpenCell/metadata/dataset_orthogroup_coverage_v1.tsv	c1b43878a37f9df6b71d43837c126fa75978f4fbf274dbe36de802713efc926f;5bf556f16a0a3dc2bc78cea55cd5a1e852aef9f302ee79aee0e1baf98f8104b3	
Glycine max_GSE234864_SeedCotyledon	not explicitly recorded	Glycine max	vascular	seed	standardized H5AD var_names mapped to species reference-gene candidates	45923	45486	40207	0.8755307797835508	0.8755307797835508	0.0	reference_longest_protein_v1	gene_mapping_candidates_v1 + gene_orthogroup_candidates_v1	excluded	fewer_than_two_candidate_labels_with_100_cells	X	nonnegative_integer_unverified;csr	int64	/data/datasets/Bioinformatics/h5ad/Glycine max_GSE234864_SeedCotyledon.h5ad	/root/autodl-tmp/project/plant-cell/data_raw/Glycine max_GSE234864_SeedCotyledon.anno.csv	2f35c82cacea7da3702c216114353d8f1a7f6973b1adb36fc038bb6816bec7cd	/workspace/projects/PhyloOpenCell/metadata/gene_mapping_candidate_summary.tsv;/workspace/projects/PhyloOpenCell/metadata/dataset_orthogroup_coverage_v1.tsv	c1b43878a37f9df6b71d43837c126fa75978f4fbf274dbe36de802713efc926f;5bf556f16a0a3dc2bc78cea55cd5a1e852aef9f302ee79aee0e1baf98f8104b3	
Glycine max_GSE234864_SeedHeart	not explicitly recorded	Glycine max	leaf	seed	standardized H5AD var_names mapped to species reference-gene candidates	46512	46054	40649	0.8739465084279325	0.8739465084279325	0.0	reference_longest_protein_v1	gene_mapping_candidates_v1 + gene_orthogroup_candidates_v1	excluded	fewer_than_two_candidate_labels_with_100_cells	X	nonnegative_integer_unverified;csr	int64	/data/datasets/Bioinformatics/h5ad/Glycine max_GSE234864_SeedHeart.h5ad	/root/autodl-tmp/project/plant-cell/data_raw/Glycine max_GSE234864_SeedHeart.anno.csv	78ec983d47cfcaef322c8ff6e3547bae285a1e3ab92cd38197e372443662ba77	/workspace/projects/PhyloOpenCell/metadata/gene_mapping_candidate_summary.tsv;/workspace/projects/PhyloOpenCell/metadata/dataset_orthogroup_coverage_v1.tsv	c1b43878a37f9df6b71d43837c126fa75978f4fbf274dbe36de802713efc926f;5bf556f16a0a3dc2bc78cea55cd5a1e852aef9f302ee79aee0e1baf98f8104b3	
Glycine max_GSE234864_SeedHeart	not explicitly recorded	Glycine max	root	seed	standardized H5AD var_names mapped to species reference-gene candidates	46512	46054	40649	0.8739465084279325	0.8739465084279325	0.0	reference_longest_protein_v1	gene_mapping_candidates_v1 + gene_orthogroup_candidates_v1	excluded	fewer_than_two_candidate_labels_with_100_cells	X	nonnegative_integer_unverified;csr	int64	/data/datasets/Bioinformatics/h5ad/Glycine max_GSE234864_SeedHeart.h5ad	/root/autodl-tmp/project/plant-cell/data_raw/Glycine max_GSE234864_SeedHeart.anno.csv	78ec983d47cfcaef322c8ff6e3547bae285a1e3ab92cd38197e372443662ba77	/workspace/projects/PhyloOpenCell/metadata/gene_mapping_candidate_summary.tsv;/workspace/projects/PhyloOpenCell/metadata/dataset_orthogroup_coverage_v1.tsv	c1b43878a37f9df6b71d43837c126fa75978f4fbf274dbe36de802713efc926f;5bf556f16a0a3dc2bc78cea55cd5a1e852aef9f302ee79aee0e1baf98f8104b3	
Glycine max_GSE234864_SeedHeart	not explicitly recorded	Glycine max	vascular	seed	standardized H5AD var_names mapped to species reference-gene candidates	46512	46054	40649	0.8739465084279325	0.8739465084279325	0.0	reference_longest_protein_v1	gene_mapping_candidates_v1 + gene_orthogroup_candidates_v1	excluded	fewer_than_two_candidate_labels_with_100_cells	X	nonnegative_integer_unverified;csr	int64	/data/datasets/Bioinformatics/h5ad/Glycine max_GSE234864_SeedHeart.h5ad	/root/autodl-tmp/project/plant-cell/data_raw/Glycine max_GSE234864_SeedHeart.anno.csv	78ec983d47cfcaef322c8ff6e3547bae285a1e3ab92cd38197e372443662ba77	/workspace/projects/PhyloOpenCell/metadata/gene_mapping_candidate_summary.tsv;/workspace/projects/PhyloOpenCell/metadata/dataset_orthogroup_coverage_v1.tsv	c1b43878a37f9df6b71d43837c126fa75978f4fbf274dbe36de802713efc926f;5bf556f16a0a3dc2bc78cea55cd5a1e852aef9f302ee79aee0e1baf98f8104b3	
Glycine max_GSE234864_SeedMidMaturation	not explicitly recorded	Glycine max	leaf	seed	standardized H5AD var_names mapped to species reference-gene candidates	42263	41834	37236	0.881054350140785	0.881054350140785	0.0	reference_longest_protein_v1	gene_mapping_candidates_v1 + gene_orthogroup_candidates_v1	excluded	fewer_than_two_candidate_labels_with_100_cells	X	nonnegative_integer_unverified;csr	int64	/data/datasets/Bioinformatics/h5ad/Glycine max_GSE234864_SeedMidMaturation.h5ad	/root/autodl-tmp/project/plant-cell/data_raw/Glycine max_GSE234864_SeedMidMaturation.anno.csv	f7c1238f480c32cb4bfd469827423f318672670e9e7019830cda45d1df1a97d1	/workspace/projects/PhyloOpenCell/metadata/gene_mapping_candidate_summary.tsv;/workspace/projects/PhyloOpenCell/metadata/dataset_orthogroup_coverage_v1.tsv	c1b43878a37f9df6b71d43837c126fa75978f4fbf274dbe36de802713efc926f;5bf556f16a0a3dc2bc78cea55cd5a1e852aef9f302ee79aee0e1baf98f8104b3	
Glycine max_GSE234864_SeedMidMaturation	not explicitly recorded	Glycine max	root	seed	standardized H5AD var_names mapped to species reference-gene candidates	42263	41834	37236	0.881054350140785	0.881054350140785	0.0	reference_longest_protein_v1	gene_mapping_candidates_v1 + gene_orthogroup_candidates_v1	excluded	fewer_than_two_candidate_labels_with_100_cells	X	nonnegative_integer_unverified;csr	int64	/data/datasets/Bioinformatics/h5ad/Glycine max_GSE234864_SeedMidMaturation.h5ad	/root/autodl-tmp/project/plant-cell/data_raw/Glycine max_GSE234864_SeedMidMaturation.anno.csv	f7c1238f480c32cb4bfd469827423f318672670e9e7019830cda45d1df1a97d1	/workspace/projects/PhyloOpenCell/metadata/gene_mapping_candidate_summary.tsv;/workspace/projects/PhyloOpenCell/metadata/dataset_orthogroup_coverage_v1.tsv	c1b43878a37f9df6b71d43837c126fa75978f4fbf274dbe36de802713efc926f;5bf556f16a0a3dc2bc78cea55cd5a1e852aef9f302ee79aee0e1baf98f8104b3	
Glycine max_GSE234864_SeedMidMaturation	not explicitly recorded	Glycine max	vascular	seed	standardized H5AD var_names mapped to species reference-gene candidates	42263	41834	37236	0.881054350140785	0.881054350140785	0.0	reference_longest_protein_v1	gene_mapping_candidates_v1 + gene_orthogroup_candidates_v1	excluded	fewer_than_two_candidate_labels_with_100_cells	X	nonnegative_integer_unverified;csr	int64	/data/datasets/Bioinformatics/h5ad/Glycine max_GSE234864_SeedMidMaturation.h5ad	/root/autodl-tmp/project/plant-cell/data_raw/Glycine max_GSE234864_SeedMidMaturation.anno.csv	f7c1238f480c32cb4bfd469827423f318672670e9e7019830cda45d1df1a97d1	/workspace/projects/PhyloOpenCell/metadata/gene_mapping_candidate_summary.tsv;/workspace/projects/PhyloOpenCell/metadata/dataset_orthogroup_coverage_v1.tsv	c1b43878a37f9df6b71d43837c126fa75978f4fbf274dbe36de802713efc926f;5bf556f16a0a3dc2bc78cea55cd5a1e852aef9f302ee79aee0e1baf98f8104b3	
Glycine max_GSE234864_Shoot	not explicitly recorded	Glycine max	leaf	shoot	standardized H5AD var_names mapped to species reference-gene candidates	41682	41299	37136	0.8909361355021352	0.8909361355021352	0.0	reference_longest_protein_v1	gene_mapping_candidates_v1 + gene_orthogroup_candidates_v1	eligible	passes_provisional_panel_gates	X	nonnegative_integer_unverified;csr	int64	/data/datasets/Bioinformatics/h5ad/Glycine max_GSE234864_Shoot.h5ad	/root/autodl-tmp/project/plant-cell/data_raw/Glycine max_GSE234864_Shoot.anno.csv	f4b8e26c66c19b392d8ddacccf711dfdb07f33343bec0ae4b6e9a8e4996fb217	/workspace/projects/PhyloOpenCell/metadata/gene_mapping_candidate_summary.tsv;/workspace/projects/PhyloOpenCell/metadata/dataset_orthogroup_coverage_v1.tsv	c1b43878a37f9df6b71d43837c126fa75978f4fbf274dbe36de802713efc926f;5bf556f16a0a3dc2bc78cea55cd5a1e852aef9f302ee79aee0e1baf98f8104b3	
Glycine max_GSE234864_Shoot	not explicitly recorded	Glycine max	root	shoot	standardized H5AD var_names mapped to species reference-gene candidates	41682	41299	37136	0.8909361355021352	0.8909361355021352	0.0	reference_longest_protein_v1	gene_mapping_candidates_v1 + gene_orthogroup_candidates_v1	excluded	fewer_than_two_candidate_labels_with_100_cells	X	nonnegative_integer_unverified;csr	int64	/data/datasets/Bioinformatics/h5ad/Glycine max_GSE234864_Shoot.h5ad	/root/autodl-tmp/project/plant-cell/data_raw/Glycine max_GSE234864_Shoot.anno.csv	f4b8e26c66c19b392d8ddacccf711dfdb07f33343bec0ae4b6e9a8e4996fb217	/workspace/projects/PhyloOpenCell/metadata/gene_mapping_candidate_summary.tsv;/workspace/projects/PhyloOpenCell/metadata/dataset_orthogroup_coverage_v1.tsv	c1b43878a37f9df6b71d43837c126fa75978f4fbf274dbe36de802713efc926f;5bf556f16a0a3dc2bc78cea55cd5a1e852aef9f302ee79aee0e1baf98f8104b3	
Glycine max_GSE234864_Shoot	not explicitly recorded	Glycine max	vascular	shoot	standardized H5AD var_names mapped to species reference-gene candidates	41682	41299	37136	0.8909361355021352	0.8909361355021352	0.0	reference_longest_protein_v1	gene_mapping_candidates_v1 + gene_orthogroup_candidates_v1	eligible	passes_provisional_panel_gates	X	nonnegative_integer_unverified;csr	int64	/data/datasets/Bioinformatics/h5ad/Glycine max_GSE234864_Shoot.h5ad	/root/autodl-tmp/project/plant-cell/data_raw/Glycine max_GSE234864_Shoot.anno.csv	f4b8e26c66c19b392d8ddacccf711dfdb07f33343bec0ae4b6e9a8e4996fb217	/workspace/projects/PhyloOpenCell/metadata/gene_mapping_candidate_summary.tsv;/workspace/projects/PhyloOpenCell/metadata/dataset_orthogroup_coverage_v1.tsv	c1b43878a37f9df6b71d43837c126fa75978f4fbf274dbe36de802713efc926f;5bf556f16a0a3dc2bc78cea55cd5a1e852aef9f302ee79aee0e1baf98f8104b3	
Glycine max_GSE234864_TrifoliateLeaf	not explicitly recorded	Glycine max	leaf	leaf	standardized H5AD var_names mapped to species reference-gene candidates	39090	38757	34977	0.8947812739831159	0.8947812739831159	0.0	reference_longest_protein_v1	gene_mapping_candidates_v1 + gene_orthogroup_candidates_v1	eligible	passes_provisional_panel_gates	X	nonnegative_integer_unverified;csr	int64	/data/datasets/Bioinformatics/h5ad/Glycine max_GSE234864_TrifoliateLeaf.h5ad	/root/autodl-tmp/project/plant-cell/data_raw/Glycine max_GSE234864_TrifoliateLeaf.anno.csv	92e2b51a455b86115058d30f863585fb60139d9c426c059d4c48885c557f880d	/workspace/projects/PhyloOpenCell/metadata/gene_mapping_candidate_summary.tsv;/workspace/projects/PhyloOpenCell/metadata/dataset_orthogroup_coverage_v1.tsv	c1b43878a37f9df6b71d43837c126fa75978f4fbf274dbe36de802713efc926f;5bf556f16a0a3dc2bc78cea55cd5a1e852aef9f302ee79aee0e1baf98f8104b3	
Glycine max_GSE234864_TrifoliateLeaf	not explicitly recorded	Glycine max	root	leaf	standardized H5AD var_names mapped to species reference-gene candidates	39090	38757	34977	0.8947812739831159	0.8947812739831159	0.0	reference_longest_protein_v1	gene_mapping_candidates_v1 + gene_orthogroup_candidates_v1	excluded	fewer_than_two_candidate_labels_with_100_cells	X	nonnegative_integer_unverified;csr	int64	/data/datasets/Bioinformatics/h5ad/Glycine max_GSE234864_TrifoliateLeaf.h5ad	/root/autodl-tmp/project/plant-cell/data_raw/Glycine max_GSE234864_TrifoliateLeaf.anno.csv	92e2b51a455b86115058d30f863585fb60139d9c426c059d4c48885c557f880d	/workspace/projects/PhyloOpenCell/metadata/gene_mapping_candidate_summary.tsv;/workspace/projects/PhyloOpenCell/metadata/dataset_orthogroup_coverage_v1.tsv	c1b43878a37f9df6b71d43837c126fa75978f4fbf274dbe36de802713efc926f;5bf556f16a0a3dc2bc78cea55cd5a1e852aef9f302ee79aee0e1baf98f8104b3	
Glycine max_GSE234864_TrifoliateLeaf	not explicitly recorded	Glycine max	vascular	leaf	standardized H5AD var_names mapped to species reference-gene candidates	39090	38757	34977	0.8947812739831159	0.8947812739831159	0.0	reference_longest_protein_v1	gene_mapping_candidates_v1 + gene_orthogroup_candidates_v1	eligible	passes_provisional_panel_gates	X	nonnegative_integer_unverified;csr	int64	/data/datasets/Bioinformatics/h5ad/Glycine max_GSE234864_TrifoliateLeaf.h5ad	/root/autodl-tmp/project/plant-cell/data_raw/Glycine max_GSE234864_TrifoliateLeaf.anno.csv	92e2b51a455b86115058d30f863585fb60139d9c426c059d4c48885c557f880d	/workspace/projects/PhyloOpenCell/metadata/gene_mapping_candidate_summary.tsv;/workspace/projects/PhyloOpenCell/metadata/dataset_orthogroup_coverage_v1.tsv	c1b43878a37f9df6b71d43837c126fa75978f4fbf274dbe36de802713efc926f;5bf556f16a0a3dc2bc78cea55cd5a1e852aef9f302ee79aee0e1baf98f8104b3	
Glycine max_GSE234864_TrueLeaf	not explicitly recorded	Glycine max	leaf	leaf	standardized H5AD var_names mapped to species reference-gene candidates	40140	39782	35811	0.8921524663677131	0.8921524663677131	0.0	reference_longest_protein_v1	gene_mapping_candidates_v1 + gene_orthogroup_candidates_v1	eligible	passes_provisional_panel_gates	X	nonnegative_integer_unverified;csr	int64	/data/datasets/Bioinformatics/h5ad/Glycine max_GSE234864_TrueLeaf.h5ad	/root/autodl-tmp/project/plant-cell/data_raw/Glycine max_GSE234864_TrueLeaf.anno.csv	97dd22bc797d433786baecccbfb039fc54cbcc3a4b26e976f90333cf3a4c2786	/workspace/projects/PhyloOpenCell/metadata/gene_mapping_candidate_summary.tsv;/workspace/projects/PhyloOpenCell/metadata/dataset_orthogroup_coverage_v1.tsv	c1b43878a37f9df6b71d43837c126fa75978f4fbf274dbe36de802713efc926f;5bf556f16a0a3dc2bc78cea55cd5a1e852aef9f302ee79aee0e1baf98f8104b3	
Glycine max_GSE234864_TrueLeaf	not explicitly recorded	Glycine max	root	leaf	standardized H5AD var_names mapped to species reference-gene candidates	40140	39782	35811	0.8921524663677131	0.8921524663677131	0.0	reference_longest_protein_v1	gene_mapping_candidates_v1 + gene_orthogroup_candidates_v1	excluded	fewer_than_two_candidate_labels_with_100_cells	X	nonnegative_integer_unverified;csr	int64	/data/datasets/Bioinformatics/h5ad/Glycine max_GSE234864_TrueLeaf.h5ad	/root/autodl-tmp/project/plant-cell/data_raw/Glycine max_GSE234864_TrueLeaf.anno.csv	97dd22bc797d433786baecccbfb039fc54cbcc3a4b26e976f90333cf3a4c2786	/workspace/projects/PhyloOpenCell/metadata/gene_mapping_candidate_summary.tsv;/workspace/projects/PhyloOpenCell/metadata/dataset_orthogroup_coverage_v1.tsv	c1b43878a37f9df6b71d43837c126fa75978f4fbf274dbe36de802713efc926f;5bf556f16a0a3dc2bc78cea55cd5a1e852aef9f302ee79aee0e1baf98f8104b3	
Glycine max_GSE234864_TrueLeaf	not explicitly recorded	Glycine max	vascular	leaf	standardized H5AD var_names mapped to species reference-gene candidates	40140	39782	35811	0.8921524663677131	0.8921524663677131	0.0	reference_longest_protein_v1	gene_mapping_candidates_v1 + gene_orthogroup_candidates_v1	eligible	passes_provisional_panel_gates	X	nonnegative_integer_unverified;csr	int64	/data/datasets/Bioinformatics/h5ad/Glycine max_GSE234864_TrueLeaf.h5ad	/root/autodl-tmp/project/plant-cell/data_raw/Glycine max_GSE234864_TrueLeaf.anno.csv	97dd22bc797d433786baecccbfb039fc54cbcc3a4b26e976f90333cf3a4c2786	/workspace/projects/PhyloOpenCell/metadata/gene_mapping_candidate_summary.tsv;/workspace/projects/PhyloOpenCell/metadata/dataset_orthogroup_coverage_v1.tsv	c1b43878a37f9df6b71d43837c126fa75978f4fbf274dbe36de802713efc926f;5bf556f16a0a3dc2bc78cea55cd5a1e852aef9f302ee79aee0e1baf98f8104b3	
Glycine max_PRJCA009893	PRJCA009893	Glycine max	leaf		standardized H5AD var_names mapped to species reference-gene candidates	39337	39337	35220	0.8953402648905611	0.8953402648905611	0.0	reference_longest_protein_v1	gene_mapping_candidates_v1 + gene_orthogroup_candidates_v1	excluded	fewer_than_two_candidate_labels_with_100_cells	X	nonnegative_integer_unverified;csr	int64	/data/datasets/Bioinformatics/h5ad/Glycine max_PRJCA009893.h5ad	/root/autodl-tmp/project/plant-cell/data_raw/Glycine max_PRJCA009893.anno.csv	bd68a094e395d83fdd6c9bb9b5113c3e537b8de9a3d2b9ae9e18a0084b999282	/workspace/projects/PhyloOpenCell/metadata/gene_mapping_candidate_summary.tsv;/workspace/projects/PhyloOpenCell/metadata/dataset_orthogroup_coverage_v1.tsv	c1b43878a37f9df6b71d43837c126fa75978f4fbf274dbe36de802713efc926f;5bf556f16a0a3dc2bc78cea55cd5a1e852aef9f302ee79aee0e1baf98f8104b3	
Glycine max_PRJCA009893	PRJCA009893	Glycine max	root		standardized H5AD var_names mapped to species reference-gene candidates	39337	39337	35220	0.8953402648905611	0.8953402648905611	0.0	reference_longest_protein_v1	gene_mapping_candidates_v1 + gene_orthogroup_candidates_v1	eligible	passes_provisional_panel_gates	X	nonnegative_integer_unverified;csr	int64	/data/datasets/Bioinformatics/h5ad/Glycine max_PRJCA009893.h5ad	/root/autodl-tmp/project/plant-cell/data_raw/Glycine max_PRJCA009893.anno.csv	bd68a094e395d83fdd6c9bb9b5113c3e537b8de9a3d2b9ae9e18a0084b999282	/workspace/projects/PhyloOpenCell/metadata/gene_mapping_candidate_summary.tsv;/workspace/projects/PhyloOpenCell/metadata/dataset_orthogroup_coverage_v1.tsv	c1b43878a37f9df6b71d43837c126fa75978f4fbf274dbe36de802713efc926f;5bf556f16a0a3dc2bc78cea55cd5a1e852aef9f302ee79aee0e1baf98f8104b3	
Glycine max_PRJCA009893	PRJCA009893	Glycine max	vascular		standardized H5AD var_names mapped to species reference-gene candidates	39337	39337	35220	0.8953402648905611	0.8953402648905611	0.0	reference_longest_protein_v1	gene_mapping_candidates_v1 + gene_orthogroup_candidates_v1	excluded	fewer_than_two_candidate_labels_with_100_cells	X	nonnegative_integer_unverified;csr	int64	/data/datasets/Bioinformatics/h5ad/Glycine max_PRJCA009893.h5ad	/root/autodl-tmp/project/plant-cell/data_raw/Glycine max_PRJCA009893.anno.csv	bd68a094e395d83fdd6c9bb9b5113c3e537b8de9a3d2b9ae9e18a0084b999282	/workspace/projects/PhyloOpenCell/metadata/gene_mapping_candidate_summary.tsv;/workspace/projects/PhyloOpenCell/metadata/dataset_orthogroup_coverage_v1.tsv	c1b43878a37f9df6b71d43837c126fa75978f4fbf274dbe36de802713efc926f;5bf556f16a0a3dc2bc78cea55cd5a1e852aef9f302ee79aee0e1baf98f8104b3	
Glycine max_PRJNA1124403_CSseed	PRJNA1124403	Glycine max	leaf	seed	standardized H5AD var_names mapped to species reference-gene candidates	44593	44061	38989	0.8743300518018523	0.8743300518018523	0.0	reference_longest_protein_v1	gene_mapping_candidates_v1 + gene_orthogroup_candidates_v1	excluded	fewer_than_two_candidate_labels_with_100_cells	X	nonnegative_integer_unverified;csr	int64	/data/datasets/Bioinformatics/h5ad/Glycine max_PRJNA1124403_CSseed.h5ad	/root/autodl-tmp/project/plant-cell/data_raw/Glycine max_PRJNA1124403_CSseed.anno.csv	0c57a363d4e7036c549bfc38e8fe9eb0cebc3a686f2123c0bd3d36a10eab4b92	/workspace/projects/PhyloOpenCell/metadata/gene_mapping_candidate_summary.tsv;/workspace/projects/PhyloOpenCell/metadata/dataset_orthogroup_coverage_v1.tsv	c1b43878a37f9df6b71d43837c126fa75978f4fbf274dbe36de802713efc926f;5bf556f16a0a3dc2bc78cea55cd5a1e852aef9f302ee79aee0e1baf98f8104b3	
Glycine max_PRJNA1124403_CSseed	PRJNA1124403	Glycine max	root	seed	standardized H5AD var_names mapped to species reference-gene candidates	44593	44061	38989	0.8743300518018523	0.8743300518018523	0.0	reference_longest_protein_v1	gene_mapping_candidates_v1 + gene_orthogroup_candidates_v1	excluded	fewer_than_two_candidate_labels_with_100_cells	X	nonnegative_integer_unverified;csr	int64	/data/datasets/Bioinformatics/h5ad/Glycine max_PRJNA1124403_CSseed.h5ad	/root/autodl-tmp/project/plant-cell/data_raw/Glycine max_PRJNA1124403_CSseed.anno.csv	0c57a363d4e7036c549bfc38e8fe9eb0cebc3a686f2123c0bd3d36a10eab4b92	/workspace/projects/PhyloOpenCell/metadata/gene_mapping_candidate_summary.tsv;/workspace/projects/PhyloOpenCell/metadata/dataset_orthogroup_coverage_v1.tsv	c1b43878a37f9df6b71d43837c126fa75978f4fbf274dbe36de802713efc926f;5bf556f16a0a3dc2bc78cea55cd5a1e852aef9f302ee79aee0e1baf98f8104b3	
Glycine max_PRJNA1124403_CSseed	PRJNA1124403	Glycine max	vascular	seed	standardized H5AD var_names mapped to species reference-gene candidates	44593	44061	38989	0.8743300518018523	0.8743300518018523	0.0	reference_longest_protein_v1	gene_mapping_candidates_v1 + gene_orthogroup_candidates_v1	excluded	fewer_than_two_candidate_labels_with_100_cells	X	nonnegative_integer_unverified;csr	int64	/data/datasets/Bioinformatics/h5ad/Glycine max_PRJNA1124403_CSseed.h5ad	/root/autodl-tmp/project/plant-cell/data_raw/Glycine max_PRJNA1124403_CSseed.anno.csv	0c57a363d4e7036c549bfc38e8fe9eb0cebc3a686f2123c0bd3d36a10eab4b92	/workspace/projects/PhyloOpenCell/metadata/gene_mapping_candidate_summary.tsv;/workspace/projects/PhyloOpenCell/metadata/dataset_orthogroup_coverage_v1.tsv	c1b43878a37f9df6b71d43837c126fa75978f4fbf274dbe36de802713efc926f;5bf556f16a0a3dc2bc78cea55cd5a1e852aef9f302ee79aee0e1baf98f8104b3	
Glycine max_PRJNA1124403_GSseed	PRJNA1124403	Glycine max	leaf	seed	standardized H5AD var_names mapped to species reference-gene candidates	44820	44327	39265	0.8760597947344936	0.8760597947344936	0.0	reference_longest_protein_v1	gene_mapping_candidates_v1 + gene_orthogroup_candidates_v1	excluded	fewer_than_two_candidate_labels_with_100_cells	X	nonnegative_integer_unverified;csr	int64	/data/datasets/Bioinformatics/h5ad/Glycine max_PRJNA1124403_GSseed.h5ad	/root/autodl-tmp/project/plant-cell/data_raw/Glycine max_PRJNA1124403_GSseed.anno.csv	0c77523f1652219ae68158a34b3341ebbab932bf659f0ac45af5e67e63840868	/workspace/projects/PhyloOpenCell/metadata/gene_mapping_candidate_summary.tsv;/workspace/projects/PhyloOpenCell/metadata/dataset_orthogroup_coverage_v1.tsv	c1b43878a37f9df6b71d43837c126fa75978f4fbf274dbe36de802713efc926f;5bf556f16a0a3dc2bc78cea55cd5a1e852aef9f302ee79aee0e1baf98f8104b3	
Glycine max_PRJNA1124403_GSseed	PRJNA1124403	Glycine max	root	seed	standardized H5AD var_names mapped to species reference-gene candidates	44820	44327	39265	0.8760597947344936	0.8760597947344936	0.0	reference_longest_protein_v1	gene_mapping_candidates_v1 + gene_orthogroup_candidates_v1	excluded	fewer_than_two_candidate_labels_with_100_cells	X	nonnegative_integer_unverified;csr	int64	/data/datasets/Bioinformatics/h5ad/Glycine max_PRJNA1124403_GSseed.h5ad	/root/autodl-tmp/project/plant-cell/data_raw/Glycine max_PRJNA1124403_GSseed.anno.csv	0c77523f1652219ae68158a34b3341ebbab932bf659f0ac45af5e67e63840868	/workspace/projects/PhyloOpenCell/metadata/gene_mapping_candidate_summary.tsv;/workspace/projects/PhyloOpenCell/metadata/dataset_orthogroup_coverage_v1.tsv	c1b43878a37f9df6b71d43837c126fa75978f4fbf274dbe36de802713efc926f;5bf556f16a0a3dc2bc78cea55cd5a1e852aef9f302ee79aee0e1baf98f8104b3	
Glycine max_PRJNA1124403_GSseed	PRJNA1124403	Glycine max	vascular	seed	standardized H5AD var_names mapped to species reference-gene candidates	44820	44327	39265	0.8760597947344936	0.8760597947344936	0.0	reference_longest_protein_v1	gene_mapping_candidates_v1 + gene_orthogroup_candidates_v1	excluded	fewer_than_two_candidate_labels_with_100_cells	X	nonnegative_integer_unverified;csr	int64	/data/datasets/Bioinformatics/h5ad/Glycine max_PRJNA1124403_GSseed.h5ad	/root/autodl-tmp/project/plant-cell/data_raw/Glycine max_PRJNA1124403_GSseed.anno.csv	0c77523f1652219ae68158a34b3341ebbab932bf659f0ac45af5e67e63840868	/workspace/projects/PhyloOpenCell/metadata/gene_mapping_candidate_summary.tsv;/workspace/projects/PhyloOpenCell/metadata/dataset_orthogroup_coverage_v1.tsv	c1b43878a37f9df6b71d43837c126fa75978f4fbf274dbe36de802713efc926f;5bf556f16a0a3dc2bc78cea55cd5a1e852aef9f302ee79aee0e1baf98f8104b3	
Glycine max_PRJNA1124403_HSseed	PRJNA1124403	Glycine max	leaf	seed	standardized H5AD var_names mapped to species reference-gene candidates	45841	45351	40110	0.8749809122837634	0.8749809122837634	0.0	reference_longest_protein_v1	gene_mapping_candidates_v1 + gene_orthogroup_candidates_v1	excluded	fewer_than_two_candidate_labels_with_100_cells	X	nonnegative_integer_unverified;csr	int64	/data/datasets/Bioinformatics/h5ad/Glycine max_PRJNA1124403_HSseed.h5ad	/root/autodl-tmp/project/plant-cell/data_raw/Glycine max_PRJNA1124403_HSseed.anno.csv	5fe37a458c262b21cbb0730a3e4636fc9916031a6dbf4980fb216cf623ccfcfd	/workspace/projects/PhyloOpenCell/metadata/gene_mapping_candidate_summary.tsv;/workspace/projects/PhyloOpenCell/metadata/dataset_orthogroup_coverage_v1.tsv	c1b43878a37f9df6b71d43837c126fa75978f4fbf274dbe36de802713efc926f;5bf556f16a0a3dc2bc78cea55cd5a1e852aef9f302ee79aee0e1baf98f8104b3	
Glycine max_PRJNA1124403_HSseed	PRJNA1124403	Glycine max	root	seed	standardized H5AD var_names mapped to species reference-gene candidates	45841	45351	40110	0.8749809122837634	0.8749809122837634	0.0	reference_longest_protein_v1	gene_mapping_candidates_v1 + gene_orthogroup_candidates_v1	excluded	fewer_than_two_candidate_labels_with_100_cells	X	nonnegative_integer_unverified;csr	int64	/data/datasets/Bioinformatics/h5ad/Glycine max_PRJNA1124403_HSseed.h5ad	/root/autodl-tmp/project/plant-cell/data_raw/Glycine max_PRJNA1124403_HSseed.anno.csv	5fe37a458c262b21cbb0730a3e4636fc9916031a6dbf4980fb216cf623ccfcfd	/workspace/projects/PhyloOpenCell/metadata/gene_mapping_candidate_summary.tsv;/workspace/projects/PhyloOpenCell/metadata/dataset_orthogroup_coverage_v1.tsv	c1b43878a37f9df6b71d43837c126fa75978f4fbf274dbe36de802713efc926f;5bf556f16a0a3dc2bc78cea55cd5a1e852aef9f302ee79aee0e1baf98f8104b3	
Glycine max_PRJNA1124403_HSseed	PRJNA1124403	Glycine max	vascular	seed	standardized H5AD var_names mapped to species reference-gene candidates	45841	45351	40110	0.8749809122837634	0.8749809122837634	0.0	reference_longest_protein_v1	gene_mapping_candidates_v1 + gene_orthogroup_candidates_v1	excluded	fewer_than_two_candidate_labels_with_100_cells	X	nonnegative_integer_unverified;csr	int64	/data/datasets/Bioinformatics/h5ad/Glycine max_PRJNA1124403_HSseed.h5ad	/root/autodl-tmp/project/plant-cell/data_raw/Glycine max_PRJNA1124403_HSseed.anno.csv	5fe37a458c262b21cbb0730a3e4636fc9916031a6dbf4980fb216cf623ccfcfd	/workspace/projects/PhyloOpenCell/metadata/gene_mapping_candidate_summary.tsv;/workspace/projects/PhyloOpenCell/metadata/dataset_orthogroup_coverage_v1.tsv	c1b43878a37f9df6b71d43837c126fa75978f4fbf274dbe36de802713efc926f;5bf556f16a0a3dc2bc78cea55cd5a1e852aef9f302ee79aee0e1baf98f8104b3	
Glycine max_PRJNA1124403_Nodule	PRJNA1124403	Glycine max	leaf	nodule	standardized H5AD var_names mapped to species reference-gene candidates	40536	40201	36262	0.8945628577067298	0.8945628577067298	0.0	reference_longest_protein_v1	gene_mapping_candidates_v1 + gene_orthogroup_candidates_v1	excluded	fewer_than_two_candidate_labels_with_100_cells	X	nonnegative_integer_unverified;csr	int64	/data/datasets/Bioinformatics/h5ad/Glycine max_PRJNA1124403_Nodule.h5ad	/root/autodl-tmp/project/plant-cell/data_raw/Glycine max_PRJNA1124403_Nodule.anno.csv	fa1c2f07c7658c6e021b4f1dc41c9b76c2a97de55a21ccbc7a8dbc81573c78db	/workspace/projects/PhyloOpenCell/metadata/gene_mapping_candidate_summary.tsv;/workspace/projects/PhyloOpenCell/metadata/dataset_orthogroup_coverage_v1.tsv	c1b43878a37f9df6b71d43837c126fa75978f4fbf274dbe36de802713efc926f;5bf556f16a0a3dc2bc78cea55cd5a1e852aef9f302ee79aee0e1baf98f8104b3	
Glycine max_PRJNA1124403_Nodule	PRJNA1124403	Glycine max	root	nodule	standardized H5AD var_names mapped to species reference-gene candidates	40536	40201	36262	0.8945628577067298	0.8945628577067298	0.0	reference_longest_protein_v1	gene_mapping_candidates_v1 + gene_orthogroup_candidates_v1	eligible	passes_provisional_panel_gates	X	nonnegative_integer_unverified;csr	int64	/data/datasets/Bioinformatics/h5ad/Glycine max_PRJNA1124403_Nodule.h5ad	/root/autodl-tmp/project/plant-cell/data_raw/Glycine max_PRJNA1124403_Nodule.anno.csv	fa1c2f07c7658c6e021b4f1dc41c9b76c2a97de55a21ccbc7a8dbc81573c78db	/workspace/projects/PhyloOpenCell/metadata/gene_mapping_candidate_summary.tsv;/workspace/projects/PhyloOpenCell/metadata/dataset_orthogroup_coverage_v1.tsv	c1b43878a37f9df6b71d43837c126fa75978f4fbf274dbe36de802713efc926f;5bf556f16a0a3dc2bc78cea55cd5a1e852aef9f302ee79aee0e1baf98f8104b3	
Glycine max_PRJNA1124403_Nodule	PRJNA1124403	Glycine max	vascular	nodule	standardized H5AD var_names mapped to species reference-gene candidates	40536	40201	36262	0.8945628577067298	0.8945628577067298	0.0	reference_longest_protein_v1	gene_mapping_candidates_v1 + gene_orthogroup_candidates_v1	eligible	passes_provisional_panel_gates	X	nonnegative_integer_unverified;csr	int64	/data/datasets/Bioinformatics/h5ad/Glycine max_PRJNA1124403_Nodule.h5ad	/root/autodl-tmp/project/plant-cell/data_raw/Glycine max_PRJNA1124403_Nodule.anno.csv	fa1c2f07c7658c6e021b4f1dc41c9b76c2a97de55a21ccbc7a8dbc81573c78db	/workspace/projects/PhyloOpenCell/metadata/gene_mapping_candidate_summary.tsv;/workspace/projects/PhyloOpenCell/metadata/dataset_orthogroup_coverage_v1.tsv	c1b43878a37f9df6b71d43837c126fa75978f4fbf274dbe36de802713efc926f;5bf556f16a0a3dc2bc78cea55cd5a1e852aef9f302ee79aee0e1baf98f8104b3	
Glycine max_PRJNA1124403_Root	PRJNA1124403	Glycine max	leaf	root	standardized H5AD var_names mapped to species reference-gene candidates	44184	43693	38991	0.8824687669744704	0.8824687669744704	0.0	reference_longest_protein_v1	gene_mapping_candidates_v1 + gene_orthogroup_candidates_v1	excluded	fewer_than_two_candidate_labels_with_100_cells	X	nonnegative_integer_unverified;csr	int64	/data/datasets/Bioinformatics/h5ad/Glycine max_PRJNA1124403_Root.h5ad	/root/autodl-tmp/project/plant-cell/data_raw/Glycine max_PRJNA1124403_Root.anno.csv	095865f8270297ee8705c2ce145ac9533507d995b7ec1b56500592c4ef73c358	/workspace/projects/PhyloOpenCell/metadata/gene_mapping_candidate_summary.tsv;/workspace/projects/PhyloOpenCell/metadata/dataset_orthogroup_coverage_v1.tsv	c1b43878a37f9df6b71d43837c126fa75978f4fbf274dbe36de802713efc926f;5bf556f16a0a3dc2bc78cea55cd5a1e852aef9f302ee79aee0e1baf98f8104b3	
Glycine max_PRJNA1124403_Root	PRJNA1124403	Glycine max	root	root	standardized H5AD var_names mapped to species reference-gene candidates	44184	43693	38991	0.8824687669744704	0.8824687669744704	0.0	reference_longest_protein_v1	gene_mapping_candidates_v1 + gene_orthogroup_candidates_v1	eligible	passes_provisional_panel_gates	X	nonnegative_integer_unverified;csr	int64	/data/datasets/Bioinformatics/h5ad/Glycine max_PRJNA1124403_Root.h5ad	/root/autodl-tmp/project/plant-cell/data_raw/Glycine max_PRJNA1124403_Root.anno.csv	095865f8270297ee8705c2ce145ac9533507d995b7ec1b56500592c4ef73c358	/workspace/projects/PhyloOpenCell/metadata/gene_mapping_candidate_summary.tsv;/workspace/projects/PhyloOpenCell/metadata/dataset_orthogroup_coverage_v1.tsv	c1b43878a37f9df6b71d43837c126fa75978f4fbf274dbe36de802713efc926f;5bf556f16a0a3dc2bc78cea55cd5a1e852aef9f302ee79aee0e1baf98f8104b3	
Glycine max_PRJNA1124403_Root	PRJNA1124403	Glycine max	vascular	root	standardized H5AD var_names mapped to species reference-gene candidates	44184	43693	38991	0.8824687669744704	0.8824687669744704	0.0	reference_longest_protein_v1	gene_mapping_candidates_v1 + gene_orthogroup_candidates_v1	eligible	passes_provisional_panel_gates	X	nonnegative_integer_unverified;csr	int64	/data/datasets/Bioinformatics/h5ad/Glycine max_PRJNA1124403_Root.h5ad	/root/autodl-tmp/project/plant-cell/data_raw/Glycine max_PRJNA1124403_Root.anno.csv	095865f8270297ee8705c2ce145ac9533507d995b7ec1b56500592c4ef73c358	/workspace/projects/PhyloOpenCell/metadata/gene_mapping_candidate_summary.tsv;/workspace/projects/PhyloOpenCell/metadata/dataset_orthogroup_coverage_v1.tsv	c1b43878a37f9df6b71d43837c126fa75978f4fbf274dbe36de802713efc926f;5bf556f16a0a3dc2bc78cea55cd5a1e852aef9f302ee79aee0e1baf98f8104b3	
Glycine max_PRJNA1124403_Stem	PRJNA1124403	Glycine max	leaf	stem	standardized H5AD var_names mapped to species reference-gene candidates	42816	42432	38113	0.8901578849028401	0.8901578849028401	0.0	reference_longest_protein_v1	gene_mapping_candidates_v1 + gene_orthogroup_candidates_v1	excluded	fewer_than_two_candidate_labels_with_100_cells	X	nonnegative_integer_unverified;csr	int64	/data/datasets/Bioinformatics/h5ad/Glycine max_PRJNA1124403_Stem.h5ad	/root/autodl-tmp/project/plant-cell/data_raw/Glycine max_PRJNA1124403_Stem.anno.csv	e66ba5086d9af110563c8e6c8e1f30620debf0aa68d13516b4ed1a24dd742c96	/workspace/projects/PhyloOpenCell/metadata/gene_mapping_candidate_summary.tsv;/workspace/projects/PhyloOpenCell/metadata/dataset_orthogroup_coverage_v1.tsv	c1b43878a37f9df6b71d43837c126fa75978f4fbf274dbe36de802713efc926f;5bf556f16a0a3dc2bc78cea55cd5a1e852aef9f302ee79aee0e1baf98f8104b3	
Glycine max_PRJNA1124403_Stem	PRJNA1124403	Glycine max	root	stem	standardized H5AD var_names mapped to species reference-gene candidates	42816	42432	38113	0.8901578849028401	0.8901578849028401	0.0	reference_longest_protein_v1	gene_mapping_candidates_v1 + gene_orthogroup_candidates_v1	excluded	fewer_than_two_candidate_labels_with_100_cells	X	nonnegative_integer_unverified;csr	int64	/data/datasets/Bioinformatics/h5ad/Glycine max_PRJNA1124403_Stem.h5ad	/root/autodl-tmp/project/plant-cell/data_raw/Glycine max_PRJNA1124403_Stem.anno.csv	e66ba5086d9af110563c8e6c8e1f30620debf0aa68d13516b4ed1a24dd742c96	/workspace/projects/PhyloOpenCell/metadata/gene_mapping_candidate_summary.tsv;/workspace/projects/PhyloOpenCell/metadata/dataset_orthogroup_coverage_v1.tsv	c1b43878a37f9df6b71d43837c126fa75978f4fbf274dbe36de802713efc926f;5bf556f16a0a3dc2bc78cea55cd5a1e852aef9f302ee79aee0e1baf98f8104b3	
Glycine max_PRJNA1124403_Stem	PRJNA1124403	Glycine max	vascular	stem	standardized H5AD var_names mapped to species reference-gene candidates	42816	42432	38113	0.8901578849028401	0.8901578849028401	0.0	reference_longest_protein_v1	gene_mapping_candidates_v1 + gene_orthogroup_candidates_v1	eligible	passes_provisional_panel_gates	X	nonnegative_integer_unverified;csr	int64	/data/datasets/Bioinformatics/h5ad/Glycine max_PRJNA1124403_Stem.h5ad	/root/autodl-tmp/project/plant-cell/data_raw/Glycine max_PRJNA1124403_Stem.anno.csv	e66ba5086d9af110563c8e6c8e1f30620debf0aa68d13516b4ed1a24dd742c96	/workspace/projects/PhyloOpenCell/metadata/gene_mapping_candidate_summary.tsv;/workspace/projects/PhyloOpenCell/metadata/dataset_orthogroup_coverage_v1.tsv	c1b43878a37f9df6b71d43837c126fa75978f4fbf274dbe36de802713efc926f;5bf556f16a0a3dc2bc78cea55cd5a1e852aef9f302ee79aee0e1baf98f8104b3	
Gossypium arboreum_PRJNA939177	PRJNA939177	Gossypium arboreum	leaf		standardized H5AD var_names mapped to species reference-gene candidates	4959						reference_longest_protein_v1	gene_mapping_candidates_v1 + gene_orthogroup_candidates_v1	excluded	orthogroup_coverage_below_60pct_or_unavailable;fewer_than_two_candidate_labels_with_100_cells	X	scaled_continuous;dense	float32	/data/datasets/Bioinformatics/h5ad/Gossypium arboreum_PRJNA939177.h5ad	/root/autodl-tmp/project/plant-cell/data_raw/Gossypium arboreum_PRJNA939177.anno.csv	aada9679df8f97ed8092e284f8f695968bb5dbce14bbd240d906f40e855d633f	/workspace/projects/PhyloOpenCell/metadata/gene_mapping_candidate_summary.tsv;/workspace/projects/PhyloOpenCell/metadata/dataset_orthogroup_coverage_v1.tsv	c1b43878a37f9df6b71d43837c126fa75978f4fbf274dbe36de802713efc926f;5bf556f16a0a3dc2bc78cea55cd5a1e852aef9f302ee79aee0e1baf98f8104b3	orthogroup mapping coverage not evaluated for this manifest dataset; values retained blank
Gossypium arboreum_PRJNA939177	PRJNA939177	Gossypium arboreum	root		standardized H5AD var_names mapped to species reference-gene candidates	4959						reference_longest_protein_v1	gene_mapping_candidates_v1 + gene_orthogroup_candidates_v1	excluded	orthogroup_coverage_below_60pct_or_unavailable;fewer_than_two_candidate_labels_with_100_cells	X	scaled_continuous;dense	float32	/data/datasets/Bioinformatics/h5ad/Gossypium arboreum_PRJNA939177.h5ad	/root/autodl-tmp/project/plant-cell/data_raw/Gossypium arboreum_PRJNA939177.anno.csv	aada9679df8f97ed8092e284f8f695968bb5dbce14bbd240d906f40e855d633f	/workspace/projects/PhyloOpenCell/metadata/gene_mapping_candidate_summary.tsv;/workspace/projects/PhyloOpenCell/metadata/dataset_orthogroup_coverage_v1.tsv	c1b43878a37f9df6b71d43837c126fa75978f4fbf274dbe36de802713efc926f;5bf556f16a0a3dc2bc78cea55cd5a1e852aef9f302ee79aee0e1baf98f8104b3	orthogroup mapping coverage not evaluated for this manifest dataset; values retained blank
Gossypium arboreum_PRJNA939177	PRJNA939177	Gossypium arboreum	vascular		standardized H5AD var_names mapped to species reference-gene candidates	4959						reference_longest_protein_v1	gene_mapping_candidates_v1 + gene_orthogroup_candidates_v1	excluded	orthogroup_coverage_below_60pct_or_unavailable;fewer_than_two_candidate_labels_with_100_cells	X	scaled_continuous;dense	float32	/data/datasets/Bioinformatics/h5ad/Gossypium arboreum_PRJNA939177.h5ad	/root/autodl-tmp/project/plant-cell/data_raw/Gossypium arboreum_PRJNA939177.anno.csv	aada9679df8f97ed8092e284f8f695968bb5dbce14bbd240d906f40e855d633f	/workspace/projects/PhyloOpenCell/metadata/gene_mapping_candidate_summary.tsv;/workspace/projects/PhyloOpenCell/metadata/dataset_orthogroup_coverage_v1.tsv	c1b43878a37f9df6b71d43837c126fa75978f4fbf274dbe36de802713efc926f;5bf556f16a0a3dc2bc78cea55cd5a1e852aef9f302ee79aee0e1baf98f8104b3	orthogroup mapping coverage not evaluated for this manifest dataset; values retained blank
Gossypium bickii_PRJNA934498	PRJNA934498	Gossypium bickii	leaf		standardized H5AD var_names mapped to species reference-gene candidates	29356						reference_longest_protein_v1	gene_mapping_candidates_v1 + gene_orthogroup_candidates_v1	excluded	orthogroup_coverage_below_60pct_or_unavailable;fewer_than_two_candidate_labels_with_100_cells	X	scaled_continuous;dense	float32	/data/datasets/Bioinformatics/h5ad/Gossypium bickii_PRJNA934498.h5ad	/root/autodl-tmp/project/plant-cell/data_raw/Gossypium bickii_PRJNA934498.anno.csv	161b552be2e94178af77b8c5b1e856443106b16e9d4bd4132c00bca9ebb74e15	/workspace/projects/PhyloOpenCell/metadata/gene_mapping_candidate_summary.tsv;/workspace/projects/PhyloOpenCell/metadata/dataset_orthogroup_coverage_v1.tsv	c1b43878a37f9df6b71d43837c126fa75978f4fbf274dbe36de802713efc926f;5bf556f16a0a3dc2bc78cea55cd5a1e852aef9f302ee79aee0e1baf98f8104b3	orthogroup mapping coverage not evaluated for this manifest dataset; values retained blank
Gossypium bickii_PRJNA934498	PRJNA934498	Gossypium bickii	root		standardized H5AD var_names mapped to species reference-gene candidates	29356						reference_longest_protein_v1	gene_mapping_candidates_v1 + gene_orthogroup_candidates_v1	excluded	orthogroup_coverage_below_60pct_or_unavailable;fewer_than_two_candidate_labels_with_100_cells	X	scaled_continuous;dense	float32	/data/datasets/Bioinformatics/h5ad/Gossypium bickii_PRJNA934498.h5ad	/root/autodl-tmp/project/plant-cell/data_raw/Gossypium bickii_PRJNA934498.anno.csv	161b552be2e94178af77b8c5b1e856443106b16e9d4bd4132c00bca9ebb74e15	/workspace/projects/PhyloOpenCell/metadata/gene_mapping_candidate_summary.tsv;/workspace/projects/PhyloOpenCell/metadata/dataset_orthogroup_coverage_v1.tsv	c1b43878a37f9df6b71d43837c126fa75978f4fbf274dbe36de802713efc926f;5bf556f16a0a3dc2bc78cea55cd5a1e852aef9f302ee79aee0e1baf98f8104b3	orthogroup mapping coverage not evaluated for this manifest dataset; values retained blank
Gossypium bickii_PRJNA934498	PRJNA934498	Gossypium bickii	vascular		standardized H5AD var_names mapped to species reference-gene candidates	29356						reference_longest_protein_v1	gene_mapping_candidates_v1 + gene_orthogroup_candidates_v1	excluded	orthogroup_coverage_below_60pct_or_unavailable;fewer_than_two_candidate_labels_with_100_cells	X	scaled_continuous;dense	float32	/data/datasets/Bioinformatics/h5ad/Gossypium bickii_PRJNA934498.h5ad	/root/autodl-tmp/project/plant-cell/data_raw/Gossypium bickii_PRJNA934498.anno.csv	161b552be2e94178af77b8c5b1e856443106b16e9d4bd4132c00bca9ebb74e15	/workspace/projects/PhyloOpenCell/metadata/gene_mapping_candidate_summary.tsv;/workspace/projects/PhyloOpenCell/metadata/dataset_orthogroup_coverage_v1.tsv	c1b43878a37f9df6b71d43837c126fa75978f4fbf274dbe36de802713efc926f;5bf556f16a0a3dc2bc78cea55cd5a1e852aef9f302ee79aee0e1baf98f8104b3	orthogroup mapping coverage not evaluated for this manifest dataset; values retained blank
Gossypium hirsutum_PRJNA1010459	PRJNA1010459	Gossypium hirsutum	leaf		standardized H5AD var_names mapped to species reference-gene candidates	58977						reference_longest_protein_v1	gene_mapping_candidates_v1 + gene_orthogroup_candidates_v1	excluded	orthogroup_coverage_below_60pct_or_unavailable;fewer_than_two_candidate_labels_with_100_cells	X	nonnegative_integer_unverified;csr	int64	/data/datasets/Bioinformatics/h5ad/Gossypium hirsutum_PRJNA1010459.h5ad	/root/autodl-tmp/project/plant-cell/data_raw/Gossypium hirsutum_PRJNA1010459.anno.csv	2f5e9e2def1bbcc0846180fada6b9ae76d23e8e6d73dafab41a69e236e73e932	/workspace/projects/PhyloOpenCell/metadata/gene_mapping_candidate_summary.tsv;/workspace/projects/PhyloOpenCell/metadata/dataset_orthogroup_coverage_v1.tsv	c1b43878a37f9df6b71d43837c126fa75978f4fbf274dbe36de802713efc926f;5bf556f16a0a3dc2bc78cea55cd5a1e852aef9f302ee79aee0e1baf98f8104b3	orthogroup mapping coverage not evaluated for this manifest dataset; values retained blank
Gossypium hirsutum_PRJNA1010459	PRJNA1010459	Gossypium hirsutum	root		standardized H5AD var_names mapped to species reference-gene candidates	58977						reference_longest_protein_v1	gene_mapping_candidates_v1 + gene_orthogroup_candidates_v1	excluded	orthogroup_coverage_below_60pct_or_unavailable;fewer_than_two_candidate_labels_with_100_cells	X	nonnegative_integer_unverified;csr	int64	/data/datasets/Bioinformatics/h5ad/Gossypium hirsutum_PRJNA1010459.h5ad	/root/autodl-tmp/project/plant-cell/data_raw/Gossypium hirsutum_PRJNA1010459.anno.csv	2f5e9e2def1bbcc0846180fada6b9ae76d23e8e6d73dafab41a69e236e73e932	/workspace/projects/PhyloOpenCell/metadata/gene_mapping_candidate_summary.tsv;/workspace/projects/PhyloOpenCell/metadata/dataset_orthogroup_coverage_v1.tsv	c1b43878a37f9df6b71d43837c126fa75978f4fbf274dbe36de802713efc926f;5bf556f16a0a3dc2bc78cea55cd5a1e852aef9f302ee79aee0e1baf98f8104b3	orthogroup mapping coverage not evaluated for this manifest dataset; values retained blank
Gossypium hirsutum_PRJNA1010459	PRJNA1010459	Gossypium hirsutum	vascular		standardized H5AD var_names mapped to species reference-gene candidates	58977						reference_longest_protein_v1	gene_mapping_candidates_v1 + gene_orthogroup_candidates_v1	excluded	orthogroup_coverage_below_60pct_or_unavailable;fewer_than_two_candidate_labels_with_100_cells	X	nonnegative_integer_unverified;csr	int64	/data/datasets/Bioinformatics/h5ad/Gossypium hirsutum_PRJNA1010459.h5ad	/root/autodl-tmp/project/plant-cell/data_raw/Gossypium hirsutum_PRJNA1010459.anno.csv	2f5e9e2def1bbcc0846180fada6b9ae76d23e8e6d73dafab41a69e236e73e932	/workspace/projects/PhyloOpenCell/metadata/gene_mapping_candidate_summary.tsv;/workspace/projects/PhyloOpenCell/metadata/dataset_orthogroup_coverage_v1.tsv	c1b43878a37f9df6b71d43837c126fa75978f4fbf274dbe36de802713efc926f;5bf556f16a0a3dc2bc78cea55cd5a1e852aef9f302ee79aee0e1baf98f8104b3	orthogroup mapping coverage not evaluated for this manifest dataset; values retained blank
Gossypium hirsutum_PRJNA1018465	PRJNA1018465	Gossypium hirsutum	leaf		standardized H5AD var_names mapped to species reference-gene candidates	53141						reference_longest_protein_v1	gene_mapping_candidates_v1 + gene_orthogroup_candidates_v1	excluded	orthogroup_coverage_below_60pct_or_unavailable;fewer_than_two_candidate_labels_with_100_cells	X	nonnegative_integer_unverified;csr	int64	/data/datasets/Bioinformatics/h5ad/Gossypium hirsutum_PRJNA1018465.h5ad	/root/autodl-tmp/project/plant-cell/data_raw/Gossypium hirsutum_PRJNA1018465.anno.csv	851f9b12a105d637551f332c9592f8ec51cdfde6dc7da3a6973c32ea75dc2b73	/workspace/projects/PhyloOpenCell/metadata/gene_mapping_candidate_summary.tsv;/workspace/projects/PhyloOpenCell/metadata/dataset_orthogroup_coverage_v1.tsv	c1b43878a37f9df6b71d43837c126fa75978f4fbf274dbe36de802713efc926f;5bf556f16a0a3dc2bc78cea55cd5a1e852aef9f302ee79aee0e1baf98f8104b3	orthogroup mapping coverage not evaluated for this manifest dataset; values retained blank
Gossypium hirsutum_PRJNA1018465	PRJNA1018465	Gossypium hirsutum	root		standardized H5AD var_names mapped to species reference-gene candidates	53141						reference_longest_protein_v1	gene_mapping_candidates_v1 + gene_orthogroup_candidates_v1	excluded	orthogroup_coverage_below_60pct_or_unavailable;fewer_than_two_candidate_labels_with_100_cells	X	nonnegative_integer_unverified;csr	int64	/data/datasets/Bioinformatics/h5ad/Gossypium hirsutum_PRJNA1018465.h5ad	/root/autodl-tmp/project/plant-cell/data_raw/Gossypium hirsutum_PRJNA1018465.anno.csv	851f9b12a105d637551f332c9592f8ec51cdfde6dc7da3a6973c32ea75dc2b73	/workspace/projects/PhyloOpenCell/metadata/gene_mapping_candidate_summary.tsv;/workspace/projects/PhyloOpenCell/metadata/dataset_orthogroup_coverage_v1.tsv	c1b43878a37f9df6b71d43837c126fa75978f4fbf274dbe36de802713efc926f;5bf556f16a0a3dc2bc78cea55cd5a1e852aef9f302ee79aee0e1baf98f8104b3	orthogroup mapping coverage not evaluated for this manifest dataset; values retained blank
Gossypium hirsutum_PRJNA1018465	PRJNA1018465	Gossypium hirsutum	vascular		standardized H5AD var_names mapped to species reference-gene candidates	53141						reference_longest_protein_v1	gene_mapping_candidates_v1 + gene_orthogroup_candidates_v1	excluded	orthogroup_coverage_below_60pct_or_unavailable;fewer_than_two_candidate_labels_with_100_cells	X	nonnegative_integer_unverified;csr	int64	/data/datasets/Bioinformatics/h5ad/Gossypium hirsutum_PRJNA1018465.h5ad	/root/autodl-tmp/project/plant-cell/data_raw/Gossypium hirsutum_PRJNA1018465.anno.csv	851f9b12a105d637551f332c9592f8ec51cdfde6dc7da3a6973c32ea75dc2b73	/workspace/projects/PhyloOpenCell/metadata/gene_mapping_candidate_summary.tsv;/workspace/projects/PhyloOpenCell/metadata/dataset_orthogroup_coverage_v1.tsv	c1b43878a37f9df6b71d43837c126fa75978f4fbf274dbe36de802713efc926f;5bf556f16a0a3dc2bc78cea55cd5a1e852aef9f302ee79aee0e1baf98f8104b3	orthogroup mapping coverage not evaluated for this manifest dataset; values retained blank
Gossypium hirsutum_PRJNA600131	PRJNA600131	Gossypium hirsutum	leaf		standardized H5AD var_names mapped to species reference-gene candidates	6767						reference_longest_protein_v1	gene_mapping_candidates_v1 + gene_orthogroup_candidates_v1	excluded	orthogroup_coverage_below_60pct_or_unavailable;fewer_than_two_candidate_labels_with_100_cells	X	scaled_continuous;dense	float32	/data/datasets/Bioinformatics/h5ad/Gossypium hirsutum_PRJNA600131.h5ad	/root/autodl-tmp/project/plant-cell/data_raw/Gossypium hirsutum_PRJNA600131.anno.csv	15bd67dadfd336259e24bddbe50eb2149fc2bb5137aa1cfd1dfb00b2b830925f	/workspace/projects/PhyloOpenCell/metadata/gene_mapping_candidate_summary.tsv;/workspace/projects/PhyloOpenCell/metadata/dataset_orthogroup_coverage_v1.tsv	c1b43878a37f9df6b71d43837c126fa75978f4fbf274dbe36de802713efc926f;5bf556f16a0a3dc2bc78cea55cd5a1e852aef9f302ee79aee0e1baf98f8104b3	orthogroup mapping coverage not evaluated for this manifest dataset; values retained blank
Gossypium hirsutum_PRJNA600131	PRJNA600131	Gossypium hirsutum	root		standardized H5AD var_names mapped to species reference-gene candidates	6767						reference_longest_protein_v1	gene_mapping_candidates_v1 + gene_orthogroup_candidates_v1	excluded	orthogroup_coverage_below_60pct_or_unavailable;fewer_than_two_candidate_labels_with_100_cells	X	scaled_continuous;dense	float32	/data/datasets/Bioinformatics/h5ad/Gossypium hirsutum_PRJNA600131.h5ad	/root/autodl-tmp/project/plant-cell/data_raw/Gossypium hirsutum_PRJNA600131.anno.csv	15bd67dadfd336259e24bddbe50eb2149fc2bb5137aa1cfd1dfb00b2b830925f	/workspace/projects/PhyloOpenCell/metadata/gene_mapping_candidate_summary.tsv;/workspace/projects/PhyloOpenCell/metadata/dataset_orthogroup_coverage_v1.tsv	c1b43878a37f9df6b71d43837c126fa75978f4fbf274dbe36de802713efc926f;5bf556f16a0a3dc2bc78cea55cd5a1e852aef9f302ee79aee0e1baf98f8104b3	orthogroup mapping coverage not evaluated for this manifest dataset; values retained blank
Gossypium hirsutum_PRJNA600131	PRJNA600131	Gossypium hirsutum	vascular		standardized H5AD var_names mapped to species reference-gene candidates	6767						reference_longest_protein_v1	gene_mapping_candidates_v1 + gene_orthogroup_candidates_v1	excluded	orthogroup_coverage_below_60pct_or_unavailable;fewer_than_two_candidate_labels_with_100_cells	X	scaled_continuous;dense	float32	/data/datasets/Bioinformatics/h5ad/Gossypium hirsutum_PRJNA600131.h5ad	/root/autodl-tmp/project/plant-cell/data_raw/Gossypium hirsutum_PRJNA600131.anno.csv	15bd67dadfd336259e24bddbe50eb2149fc2bb5137aa1cfd1dfb00b2b830925f	/workspace/projects/PhyloOpenCell/metadata/gene_mapping_candidate_summary.tsv;/workspace/projects/PhyloOpenCell/metadata/dataset_orthogroup_coverage_v1.tsv	c1b43878a37f9df6b71d43837c126fa75978f4fbf274dbe36de802713efc926f;5bf556f16a0a3dc2bc78cea55cd5a1e852aef9f302ee79aee0e1baf98f8104b3	orthogroup mapping coverage not evaluated for this manifest dataset; values retained blank
Gossypium hirsutum_PRJNA895970	PRJNA895970	Gossypium hirsutum	leaf		standardized H5AD var_names mapped to species reference-gene candidates	55996						reference_longest_protein_v1	gene_mapping_candidates_v1 + gene_orthogroup_candidates_v1	excluded	orthogroup_coverage_below_60pct_or_unavailable;fewer_than_two_candidate_labels_with_100_cells	X	nonnegative_integer_unverified;csr	int64	/data/datasets/Bioinformatics/h5ad/Gossypium hirsutum_PRJNA895970.h5ad	/root/autodl-tmp/project/plant-cell/data_raw/Gossypium hirsutum_PRJNA895970.anno.csv	fc07dbe84c11da3befc967839d95f55ee92b9a659ef9fd355544c957fe4ce4d5	/workspace/projects/PhyloOpenCell/metadata/gene_mapping_candidate_summary.tsv;/workspace/projects/PhyloOpenCell/metadata/dataset_orthogroup_coverage_v1.tsv	c1b43878a37f9df6b71d43837c126fa75978f4fbf274dbe36de802713efc926f;5bf556f16a0a3dc2bc78cea55cd5a1e852aef9f302ee79aee0e1baf98f8104b3	orthogroup mapping coverage not evaluated for this manifest dataset; values retained blank
Gossypium hirsutum_PRJNA895970	PRJNA895970	Gossypium hirsutum	root		standardized H5AD var_names mapped to species reference-gene candidates	55996						reference_longest_protein_v1	gene_mapping_candidates_v1 + gene_orthogroup_candidates_v1	excluded	orthogroup_coverage_below_60pct_or_unavailable;fewer_than_two_candidate_labels_with_100_cells	X	nonnegative_integer_unverified;csr	int64	/data/datasets/Bioinformatics/h5ad/Gossypium hirsutum_PRJNA895970.h5ad	/root/autodl-tmp/project/plant-cell/data_raw/Gossypium hirsutum_PRJNA895970.anno.csv	fc07dbe84c11da3befc967839d95f55ee92b9a659ef9fd355544c957fe4ce4d5	/workspace/projects/PhyloOpenCell/metadata/gene_mapping_candidate_summary.tsv;/workspace/projects/PhyloOpenCell/metadata/dataset_orthogroup_coverage_v1.tsv	c1b43878a37f9df6b71d43837c126fa75978f4fbf274dbe36de802713efc926f;5bf556f16a0a3dc2bc78cea55cd5a1e852aef9f302ee79aee0e1baf98f8104b3	orthogroup mapping coverage not evaluated for this manifest dataset; values retained blank
Gossypium hirsutum_PRJNA895970	PRJNA895970	Gossypium hirsutum	vascular		standardized H5AD var_names mapped to species reference-gene candidates	55996						reference_longest_protein_v1	gene_mapping_candidates_v1 + gene_orthogroup_candidates_v1	excluded	orthogroup_coverage_below_60pct_or_unavailable;fewer_than_two_candidate_labels_with_100_cells	X	nonnegative_integer_unverified;csr	int64	/data/datasets/Bioinformatics/h5ad/Gossypium hirsutum_PRJNA895970.h5ad	/root/autodl-tmp/project/plant-cell/data_raw/Gossypium hirsutum_PRJNA895970.anno.csv	fc07dbe84c11da3befc967839d95f55ee92b9a659ef9fd355544c957fe4ce4d5	/workspace/projects/PhyloOpenCell/metadata/gene_mapping_candidate_summary.tsv;/workspace/projects/PhyloOpenCell/metadata/dataset_orthogroup_coverage_v1.tsv	c1b43878a37f9df6b71d43837c126fa75978f4fbf274dbe36de802713efc926f;5bf556f16a0a3dc2bc78cea55cd5a1e852aef9f302ee79aee0e1baf98f8104b3	orthogroup mapping coverage not evaluated for this manifest dataset; values retained blank
Hevea brasiliensis_PRJCA012893	PRJCA012893	Hevea brasiliensis	leaf		standardized H5AD var_names mapped to species reference-gene candidates	29202						reference_longest_protein_v1	gene_mapping_candidates_v1 + gene_orthogroup_candidates_v1	excluded	orthogroup_coverage_below_60pct_or_unavailable;fewer_than_two_candidate_labels_with_100_cells	X	nonnegative_integer_unverified;csr	int64	/data/datasets/Bioinformatics/h5ad/Hevea brasiliensis_PRJCA012893.h5ad	/root/autodl-tmp/project/plant-cell/data_raw/Hevea brasiliensis_PRJCA012893.anno.csv	0d4e2270e7b07d6bfdff9529e3822ba3ffd678e7b922ce181d585d56a739cd13	/workspace/projects/PhyloOpenCell/metadata/gene_mapping_candidate_summary.tsv;/workspace/projects/PhyloOpenCell/metadata/dataset_orthogroup_coverage_v1.tsv	c1b43878a37f9df6b71d43837c126fa75978f4fbf274dbe36de802713efc926f;5bf556f16a0a3dc2bc78cea55cd5a1e852aef9f302ee79aee0e1baf98f8104b3	orthogroup mapping coverage not evaluated for this manifest dataset; values retained blank
Hevea brasiliensis_PRJCA012893	PRJCA012893	Hevea brasiliensis	root		standardized H5AD var_names mapped to species reference-gene candidates	29202						reference_longest_protein_v1	gene_mapping_candidates_v1 + gene_orthogroup_candidates_v1	excluded	orthogroup_coverage_below_60pct_or_unavailable;fewer_than_two_candidate_labels_with_100_cells	X	nonnegative_integer_unverified;csr	int64	/data/datasets/Bioinformatics/h5ad/Hevea brasiliensis_PRJCA012893.h5ad	/root/autodl-tmp/project/plant-cell/data_raw/Hevea brasiliensis_PRJCA012893.anno.csv	0d4e2270e7b07d6bfdff9529e3822ba3ffd678e7b922ce181d585d56a739cd13	/workspace/projects/PhyloOpenCell/metadata/gene_mapping_candidate_summary.tsv;/workspace/projects/PhyloOpenCell/metadata/dataset_orthogroup_coverage_v1.tsv	c1b43878a37f9df6b71d43837c126fa75978f4fbf274dbe36de802713efc926f;5bf556f16a0a3dc2bc78cea55cd5a1e852aef9f302ee79aee0e1baf98f8104b3	orthogroup mapping coverage not evaluated for this manifest dataset; values retained blank
Hevea brasiliensis_PRJCA012893	PRJCA012893	Hevea brasiliensis	vascular		standardized H5AD var_names mapped to species reference-gene candidates	29202						reference_longest_protein_v1	gene_mapping_candidates_v1 + gene_orthogroup_candidates_v1	excluded	orthogroup_coverage_below_60pct_or_unavailable;fewer_than_two_candidate_labels_with_100_cells	X	nonnegative_integer_unverified;csr	int64	/data/datasets/Bioinformatics/h5ad/Hevea brasiliensis_PRJCA012893.h5ad	/root/autodl-tmp/project/plant-cell/data_raw/Hevea brasiliensis_PRJCA012893.anno.csv	0d4e2270e7b07d6bfdff9529e3822ba3ffd678e7b922ce181d585d56a739cd13	/workspace/projects/PhyloOpenCell/metadata/gene_mapping_candidate_summary.tsv;/workspace/projects/PhyloOpenCell/metadata/dataset_orthogroup_coverage_v1.tsv	c1b43878a37f9df6b71d43837c126fa75978f4fbf274dbe36de802713efc926f;5bf556f16a0a3dc2bc78cea55cd5a1e852aef9f302ee79aee0e1baf98f8104b3	orthogroup mapping coverage not evaluated for this manifest dataset; values retained blank
Hylocereus undatus_PRJNA974579	PRJNA974579	Hylocereus undatus	leaf		standardized H5AD var_names mapped to species reference-gene candidates	20144						reference_longest_protein_v1	gene_mapping_candidates_v1 + gene_orthogroup_candidates_v1	excluded	orthogroup_coverage_below_60pct_or_unavailable;species_not_officially_matched;fewer_than_two_candidate_labels_with_100_cells	X	nonnegative_integer_unverified;csr	int64	/data/datasets/Bioinformatics/h5ad/Hylocereus undatus_PRJNA974579.h5ad	/root/autodl-tmp/project/plant-cell/data_raw/Hylocereus undatus_PRJNA974579.anno.csv	5afa1f2d25b4ceb867b075f525251cc46a2922ef8bb74d0b4c2888b7876e1824	/workspace/projects/PhyloOpenCell/metadata/gene_mapping_candidate_summary.tsv;/workspace/projects/PhyloOpenCell/metadata/dataset_orthogroup_coverage_v1.tsv	c1b43878a37f9df6b71d43837c126fa75978f4fbf274dbe36de802713efc926f;5bf556f16a0a3dc2bc78cea55cd5a1e852aef9f302ee79aee0e1baf98f8104b3	orthogroup mapping coverage not evaluated for this manifest dataset; values retained blank
Hylocereus undatus_PRJNA974579	PRJNA974579	Hylocereus undatus	root		standardized H5AD var_names mapped to species reference-gene candidates	20144						reference_longest_protein_v1	gene_mapping_candidates_v1 + gene_orthogroup_candidates_v1	excluded	orthogroup_coverage_below_60pct_or_unavailable;species_not_officially_matched;fewer_than_two_candidate_labels_with_100_cells	X	nonnegative_integer_unverified;csr	int64	/data/datasets/Bioinformatics/h5ad/Hylocereus undatus_PRJNA974579.h5ad	/root/autodl-tmp/project/plant-cell/data_raw/Hylocereus undatus_PRJNA974579.anno.csv	5afa1f2d25b4ceb867b075f525251cc46a2922ef8bb74d0b4c2888b7876e1824	/workspace/projects/PhyloOpenCell/metadata/gene_mapping_candidate_summary.tsv;/workspace/projects/PhyloOpenCell/metadata/dataset_orthogroup_coverage_v1.tsv	c1b43878a37f9df6b71d43837c126fa75978f4fbf274dbe36de802713efc926f;5bf556f16a0a3dc2bc78cea55cd5a1e852aef9f302ee79aee0e1baf98f8104b3	orthogroup mapping coverage not evaluated for this manifest dataset; values retained blank
Hylocereus undatus_PRJNA974579	PRJNA974579	Hylocereus undatus	vascular		standardized H5AD var_names mapped to species reference-gene candidates	20144						reference_longest_protein_v1	gene_mapping_candidates_v1 + gene_orthogroup_candidates_v1	excluded	orthogroup_coverage_below_60pct_or_unavailable;species_not_officially_matched;fewer_than_two_candidate_labels_with_100_cells	X	nonnegative_integer_unverified;csr	int64	/data/datasets/Bioinformatics/h5ad/Hylocereus undatus_PRJNA974579.h5ad	/root/autodl-tmp/project/plant-cell/data_raw/Hylocereus undatus_PRJNA974579.anno.csv	5afa1f2d25b4ceb867b075f525251cc46a2922ef8bb74d0b4c2888b7876e1824	/workspace/projects/PhyloOpenCell/metadata/gene_mapping_candidate_summary.tsv;/workspace/projects/PhyloOpenCell/metadata/dataset_orthogroup_coverage_v1.tsv	c1b43878a37f9df6b71d43837c126fa75978f4fbf274dbe36de802713efc926f;5bf556f16a0a3dc2bc78cea55cd5a1e852aef9f302ee79aee0e1baf98f8104b3	orthogroup mapping coverage not evaluated for this manifest dataset; values retained blank
Lemna minuta_PRJNA725879	PRJNA725879	Lemna minuta	leaf	not explicitly recorded in source; annotation labels include root and leaf-associated cell types	standardized H5AD var_names mapped to species reference-gene candidates	10360						reference_longest_protein_v1	gene_mapping_candidates_v1 + gene_orthogroup_candidates_v1	excluded	orthogroup_coverage_below_60pct_or_unavailable;fewer_than_two_candidate_labels_with_100_cells	X	scaled_continuous;dense	float32	/data/datasets/Bioinformatics/h5ad/Lemna minuta_PRJNA725879.h5ad	data_raw/Lemna minuta_PRJNA725879.anno.csv	ce982b3bb39809152131211f9fd41200f6350e511d6c0e82c6582830a2c1f889	/workspace/projects/PhyloOpenCell/metadata/gene_mapping_candidate_summary.tsv;/workspace/projects/PhyloOpenCell/metadata/dataset_orthogroup_coverage_v1.tsv	c1b43878a37f9df6b71d43837c126fa75978f4fbf274dbe36de802713efc926f;5bf556f16a0a3dc2bc78cea55cd5a1e852aef9f302ee79aee0e1baf98f8104b3	orthogroup mapping coverage not evaluated for this manifest dataset; values retained blank
Lemna minuta_PRJNA725879	PRJNA725879	Lemna minuta	root	not explicitly recorded in source; annotation labels include root and leaf-associated cell types	standardized H5AD var_names mapped to species reference-gene candidates	10360						reference_longest_protein_v1	gene_mapping_candidates_v1 + gene_orthogroup_candidates_v1	excluded	orthogroup_coverage_below_60pct_or_unavailable;fewer_than_two_candidate_labels_with_100_cells	X	scaled_continuous;dense	float32	/data/datasets/Bioinformatics/h5ad/Lemna minuta_PRJNA725879.h5ad	data_raw/Lemna minuta_PRJNA725879.anno.csv	ce982b3bb39809152131211f9fd41200f6350e511d6c0e82c6582830a2c1f889	/workspace/projects/PhyloOpenCell/metadata/gene_mapping_candidate_summary.tsv;/workspace/projects/PhyloOpenCell/metadata/dataset_orthogroup_coverage_v1.tsv	c1b43878a37f9df6b71d43837c126fa75978f4fbf274dbe36de802713efc926f;5bf556f16a0a3dc2bc78cea55cd5a1e852aef9f302ee79aee0e1baf98f8104b3	orthogroup mapping coverage not evaluated for this manifest dataset; values retained blank
Lemna minuta_PRJNA725879	PRJNA725879	Lemna minuta	vascular	not explicitly recorded in source; annotation labels include root and leaf-associated cell types	standardized H5AD var_names mapped to species reference-gene candidates	10360						reference_longest_protein_v1	gene_mapping_candidates_v1 + gene_orthogroup_candidates_v1	excluded	orthogroup_coverage_below_60pct_or_unavailable;fewer_than_two_candidate_labels_with_100_cells	X	scaled_continuous;dense	float32	/data/datasets/Bioinformatics/h5ad/Lemna minuta_PRJNA725879.h5ad	data_raw/Lemna minuta_PRJNA725879.anno.csv	ce982b3bb39809152131211f9fd41200f6350e511d6c0e82c6582830a2c1f889	/workspace/projects/PhyloOpenCell/metadata/gene_mapping_candidate_summary.tsv;/workspace/projects/PhyloOpenCell/metadata/dataset_orthogroup_coverage_v1.tsv	c1b43878a37f9df6b71d43837c126fa75978f4fbf274dbe36de802713efc926f;5bf556f16a0a3dc2bc78cea55cd5a1e852aef9f302ee79aee0e1baf98f8104b3	orthogroup mapping coverage not evaluated for this manifest dataset; values retained blank
Limonium bicolor_PRJNA913259	PRJNA913259	Limonium bicolor	leaf		standardized H5AD var_names mapped to species reference-gene candidates	23838						reference_longest_protein_v1	gene_mapping_candidates_v1 + gene_orthogroup_candidates_v1	excluded	orthogroup_coverage_below_60pct_or_unavailable;fewer_than_two_candidate_labels_with_100_cells	X	nonnegative_integer_unverified;csr	int64	/data/datasets/Bioinformatics/h5ad/Limonium bicolor_PRJNA913259.h5ad	/root/autodl-tmp/project/plant-cell/data_raw/Limonium bicolor_PRJNA913259.anno.csv	59d2f63876a08b85178698622914894cfa1e0f7faa424a6e1e3e12b7ff26397a	/workspace/projects/PhyloOpenCell/metadata/gene_mapping_candidate_summary.tsv;/workspace/projects/PhyloOpenCell/metadata/dataset_orthogroup_coverage_v1.tsv	c1b43878a37f9df6b71d43837c126fa75978f4fbf274dbe36de802713efc926f;5bf556f16a0a3dc2bc78cea55cd5a1e852aef9f302ee79aee0e1baf98f8104b3	orthogroup mapping coverage not evaluated for this manifest dataset; values retained blank
Limonium bicolor_PRJNA913259	PRJNA913259	Limonium bicolor	root		standardized H5AD var_names mapped to species reference-gene candidates	23838						reference_longest_protein_v1	gene_mapping_candidates_v1 + gene_orthogroup_candidates_v1	excluded	orthogroup_coverage_below_60pct_or_unavailable;fewer_than_two_candidate_labels_with_100_cells	X	nonnegative_integer_unverified;csr	int64	/data/datasets/Bioinformatics/h5ad/Limonium bicolor_PRJNA913259.h5ad	/root/autodl-tmp/project/plant-cell/data_raw/Limonium bicolor_PRJNA913259.anno.csv	59d2f63876a08b85178698622914894cfa1e0f7faa424a6e1e3e12b7ff26397a	/workspace/projects/PhyloOpenCell/metadata/gene_mapping_candidate_summary.tsv;/workspace/projects/PhyloOpenCell/metadata/dataset_orthogroup_coverage_v1.tsv	c1b43878a37f9df6b71d43837c126fa75978f4fbf274dbe36de802713efc926f;5bf556f16a0a3dc2bc78cea55cd5a1e852aef9f302ee79aee0e1baf98f8104b3	orthogroup mapping coverage not evaluated for this manifest dataset; values retained blank
Limonium bicolor_PRJNA913259	PRJNA913259	Limonium bicolor	vascular		standardized H5AD var_names mapped to species reference-gene candidates	23838						reference_longest_protein_v1	gene_mapping_candidates_v1 + gene_orthogroup_candidates_v1	excluded	orthogroup_coverage_below_60pct_or_unavailable;fewer_than_two_candidate_labels_with_100_cells	X	nonnegative_integer_unverified;csr	int64	/data/datasets/Bioinformatics/h5ad/Limonium bicolor_PRJNA913259.h5ad	/root/autodl-tmp/project/plant-cell/data_raw/Limonium bicolor_PRJNA913259.anno.csv	59d2f63876a08b85178698622914894cfa1e0f7faa424a6e1e3e12b7ff26397a	/workspace/projects/PhyloOpenCell/metadata/gene_mapping_candidate_summary.tsv;/workspace/projects/PhyloOpenCell/metadata/dataset_orthogroup_coverage_v1.tsv	c1b43878a37f9df6b71d43837c126fa75978f4fbf274dbe36de802713efc926f;5bf556f16a0a3dc2bc78cea55cd5a1e852aef9f302ee79aee0e1baf98f8104b3	orthogroup mapping coverage not evaluated for this manifest dataset; values retained blank
Manihot esculenta Crantz_PRJCA019992	PRJCA019992	Manihot esculenta Crantz	leaf		standardized H5AD var_names mapped to species reference-gene candidates	27630						reference_longest_protein_v1	gene_mapping_candidates_v1 + gene_orthogroup_candidates_v1	excluded	orthogroup_coverage_below_60pct_or_unavailable;fewer_than_two_candidate_labels_with_100_cells	X	scaled_continuous;dense	float32	/data/datasets/Bioinformatics/h5ad/Manihot esculenta Crantz_PRJCA019992.h5ad	/root/autodl-tmp/project/plant-cell/data_raw/Manihot esculenta Crantz_PRJCA019992.anno.csv	216fd0e7e86c82a5038b09032a6f86bb3478d4e797712d4022e5d760e3db5183	/workspace/projects/PhyloOpenCell/metadata/gene_mapping_candidate_summary.tsv;/workspace/projects/PhyloOpenCell/metadata/dataset_orthogroup_coverage_v1.tsv	c1b43878a37f9df6b71d43837c126fa75978f4fbf274dbe36de802713efc926f;5bf556f16a0a3dc2bc78cea55cd5a1e852aef9f302ee79aee0e1baf98f8104b3	orthogroup mapping coverage not evaluated for this manifest dataset; values retained blank
Manihot esculenta Crantz_PRJCA019992	PRJCA019992	Manihot esculenta Crantz	root		standardized H5AD var_names mapped to species reference-gene candidates	27630						reference_longest_protein_v1	gene_mapping_candidates_v1 + gene_orthogroup_candidates_v1	excluded	orthogroup_coverage_below_60pct_or_unavailable;fewer_than_two_candidate_labels_with_100_cells	X	scaled_continuous;dense	float32	/data/datasets/Bioinformatics/h5ad/Manihot esculenta Crantz_PRJCA019992.h5ad	/root/autodl-tmp/project/plant-cell/data_raw/Manihot esculenta Crantz_PRJCA019992.anno.csv	216fd0e7e86c82a5038b09032a6f86bb3478d4e797712d4022e5d760e3db5183	/workspace/projects/PhyloOpenCell/metadata/gene_mapping_candidate_summary.tsv;/workspace/projects/PhyloOpenCell/metadata/dataset_orthogroup_coverage_v1.tsv	c1b43878a37f9df6b71d43837c126fa75978f4fbf274dbe36de802713efc926f;5bf556f16a0a3dc2bc78cea55cd5a1e852aef9f302ee79aee0e1baf98f8104b3	orthogroup mapping coverage not evaluated for this manifest dataset; values retained blank
Manihot esculenta Crantz_PRJCA019992	PRJCA019992	Manihot esculenta Crantz	vascular		standardized H5AD var_names mapped to species reference-gene candidates	27630						reference_longest_protein_v1	gene_mapping_candidates_v1 + gene_orthogroup_candidates_v1	excluded	orthogroup_coverage_below_60pct_or_unavailable;fewer_than_two_candidate_labels_with_100_cells	X	scaled_continuous;dense	float32	/data/datasets/Bioinformatics/h5ad/Manihot esculenta Crantz_PRJCA019992.h5ad	/root/autodl-tmp/project/plant-cell/data_raw/Manihot esculenta Crantz_PRJCA019992.anno.csv	216fd0e7e86c82a5038b09032a6f86bb3478d4e797712d4022e5d760e3db5183	/workspace/projects/PhyloOpenCell/metadata/gene_mapping_candidate_summary.tsv;/workspace/projects/PhyloOpenCell/metadata/dataset_orthogroup_coverage_v1.tsv	c1b43878a37f9df6b71d43837c126fa75978f4fbf274dbe36de802713efc926f;5bf556f16a0a3dc2bc78cea55cd5a1e852aef9f302ee79aee0e1baf98f8104b3	orthogroup mapping coverage not evaluated for this manifest dataset; values retained blank
Manihot esculenta Crantz_PRJNA895163	PRJNA895163	Manihot esculenta Crantz	leaf		standardized H5AD var_names mapped to species reference-gene candidates	25415						reference_longest_protein_v1	gene_mapping_candidates_v1 + gene_orthogroup_candidates_v1	excluded	orthogroup_coverage_below_60pct_or_unavailable;fewer_than_two_candidate_labels_with_100_cells	X	nonnegative_integer_unverified;csr	int64	/data/datasets/Bioinformatics/h5ad/Manihot esculenta Crantz_PRJNA895163.h5ad	/root/autodl-tmp/project/plant-cell/data_raw/Manihot esculenta Crantz_PRJNA895163.anno.csv	8909281955b9396cec2e81a374edd056cdc95bd4823f5132dac1e7eff5377f2c	/workspace/projects/PhyloOpenCell/metadata/gene_mapping_candidate_summary.tsv;/workspace/projects/PhyloOpenCell/metadata/dataset_orthogroup_coverage_v1.tsv	c1b43878a37f9df6b71d43837c126fa75978f4fbf274dbe36de802713efc926f;5bf556f16a0a3dc2bc78cea55cd5a1e852aef9f302ee79aee0e1baf98f8104b3	orthogroup mapping coverage not evaluated for this manifest dataset; values retained blank
Manihot esculenta Crantz_PRJNA895163	PRJNA895163	Manihot esculenta Crantz	root		standardized H5AD var_names mapped to species reference-gene candidates	25415						reference_longest_protein_v1	gene_mapping_candidates_v1 + gene_orthogroup_candidates_v1	excluded	orthogroup_coverage_below_60pct_or_unavailable;fewer_than_two_candidate_labels_with_100_cells	X	nonnegative_integer_unverified;csr	int64	/data/datasets/Bioinformatics/h5ad/Manihot esculenta Crantz_PRJNA895163.h5ad	/root/autodl-tmp/project/plant-cell/data_raw/Manihot esculenta Crantz_PRJNA895163.anno.csv	8909281955b9396cec2e81a374edd056cdc95bd4823f5132dac1e7eff5377f2c	/workspace/projects/PhyloOpenCell/metadata/gene_mapping_candidate_summary.tsv;/workspace/projects/PhyloOpenCell/metadata/dataset_orthogroup_coverage_v1.tsv	c1b43878a37f9df6b71d43837c126fa75978f4fbf274dbe36de802713efc926f;5bf556f16a0a3dc2bc78cea55cd5a1e852aef9f302ee79aee0e1baf98f8104b3	orthogroup mapping coverage not evaluated for this manifest dataset; values retained blank
Manihot esculenta Crantz_PRJNA895163	PRJNA895163	Manihot esculenta Crantz	vascular		standardized H5AD var_names mapped to species reference-gene candidates	25415						reference_longest_protein_v1	gene_mapping_candidates_v1 + gene_orthogroup_candidates_v1	excluded	orthogroup_coverage_below_60pct_or_unavailable;fewer_than_two_candidate_labels_with_100_cells	X	nonnegative_integer_unverified;csr	int64	/data/datasets/Bioinformatics/h5ad/Manihot esculenta Crantz_PRJNA895163.h5ad	/root/autodl-tmp/project/plant-cell/data_raw/Manihot esculenta Crantz_PRJNA895163.anno.csv	8909281955b9396cec2e81a374edd056cdc95bd4823f5132dac1e7eff5377f2c	/workspace/projects/PhyloOpenCell/metadata/gene_mapping_candidate_summary.tsv;/workspace/projects/PhyloOpenCell/metadata/dataset_orthogroup_coverage_v1.tsv	c1b43878a37f9df6b71d43837c126fa75978f4fbf274dbe36de802713efc926f;5bf556f16a0a3dc2bc78cea55cd5a1e852aef9f302ee79aee0e1baf98f8104b3	orthogroup mapping coverage not evaluated for this manifest dataset; values retained blank
Medicago sativa_PRJNA885791	PRJNA885791	Medicago sativa	leaf		standardized H5AD var_names mapped to species reference-gene candidates	69199						reference_longest_protein_v1	gene_mapping_candidates_v1 + gene_orthogroup_candidates_v1	excluded	orthogroup_coverage_below_60pct_or_unavailable;fewer_than_two_candidate_labels_with_100_cells	X	scaled_continuous;dense	float32	/data/datasets/Bioinformatics/h5ad/Medicago sativa_PRJNA885791.h5ad	/root/autodl-tmp/project/plant-cell/data_raw/Medicago sativa_PRJNA885791.anno.csv	94218e8ea42eb1e106d1d5f30aec3649f570ce875b7af71e9aa2c33748103260	/workspace/projects/PhyloOpenCell/metadata/gene_mapping_candidate_summary.tsv;/workspace/projects/PhyloOpenCell/metadata/dataset_orthogroup_coverage_v1.tsv	c1b43878a37f9df6b71d43837c126fa75978f4fbf274dbe36de802713efc926f;5bf556f16a0a3dc2bc78cea55cd5a1e852aef9f302ee79aee0e1baf98f8104b3	orthogroup mapping coverage not evaluated for this manifest dataset; values retained blank
Medicago sativa_PRJNA885791	PRJNA885791	Medicago sativa	root		standardized H5AD var_names mapped to species reference-gene candidates	69199						reference_longest_protein_v1	gene_mapping_candidates_v1 + gene_orthogroup_candidates_v1	excluded	orthogroup_coverage_below_60pct_or_unavailable;fewer_than_two_candidate_labels_with_100_cells	X	scaled_continuous;dense	float32	/data/datasets/Bioinformatics/h5ad/Medicago sativa_PRJNA885791.h5ad	/root/autodl-tmp/project/plant-cell/data_raw/Medicago sativa_PRJNA885791.anno.csv	94218e8ea42eb1e106d1d5f30aec3649f570ce875b7af71e9aa2c33748103260	/workspace/projects/PhyloOpenCell/metadata/gene_mapping_candidate_summary.tsv;/workspace/projects/PhyloOpenCell/metadata/dataset_orthogroup_coverage_v1.tsv	c1b43878a37f9df6b71d43837c126fa75978f4fbf274dbe36de802713efc926f;5bf556f16a0a3dc2bc78cea55cd5a1e852aef9f302ee79aee0e1baf98f8104b3	orthogroup mapping coverage not evaluated for this manifest dataset; values retained blank
Medicago sativa_PRJNA885791	PRJNA885791	Medicago sativa	vascular		standardized H5AD var_names mapped to species reference-gene candidates	69199						reference_longest_protein_v1	gene_mapping_candidates_v1 + gene_orthogroup_candidates_v1	excluded	orthogroup_coverage_below_60pct_or_unavailable;fewer_than_two_candidate_labels_with_100_cells	X	scaled_continuous;dense	float32	/data/datasets/Bioinformatics/h5ad/Medicago sativa_PRJNA885791.h5ad	/root/autodl-tmp/project/plant-cell/data_raw/Medicago sativa_PRJNA885791.anno.csv	94218e8ea42eb1e106d1d5f30aec3649f570ce875b7af71e9aa2c33748103260	/workspace/projects/PhyloOpenCell/metadata/gene_mapping_candidate_summary.tsv;/workspace/projects/PhyloOpenCell/metadata/dataset_orthogroup_coverage_v1.tsv	c1b43878a37f9df6b71d43837c126fa75978f4fbf274dbe36de802713efc926f;5bf556f16a0a3dc2bc78cea55cd5a1e852aef9f302ee79aee0e1baf98f8104b3	orthogroup mapping coverage not evaluated for this manifest dataset; values retained blank
Medicago truncatula_PRJCA011245	PRJCA011245	Medicago truncatula	leaf		standardized H5AD var_names mapped to species reference-gene candidates	31393						reference_longest_protein_v1	gene_mapping_candidates_v1 + gene_orthogroup_candidates_v1	excluded	orthogroup_coverage_below_60pct_or_unavailable;fewer_than_two_candidate_labels_with_100_cells	X	nonnegative_integer_unverified;csr	int64	/data/datasets/Bioinformatics/h5ad/Medicago truncatula_PRJCA011245.h5ad	/root/autodl-tmp/project/plant-cell/data_raw/Medicago truncatula_PRJCA011245.anno.csv	799d96728b393ac8333ec7729468a5542351a99d77d169fcf182dfd625afe1ec	/workspace/projects/PhyloOpenCell/metadata/gene_mapping_candidate_summary.tsv;/workspace/projects/PhyloOpenCell/metadata/dataset_orthogroup_coverage_v1.tsv	c1b43878a37f9df6b71d43837c126fa75978f4fbf274dbe36de802713efc926f;5bf556f16a0a3dc2bc78cea55cd5a1e852aef9f302ee79aee0e1baf98f8104b3	orthogroup mapping coverage not evaluated for this manifest dataset; values retained blank
Medicago truncatula_PRJCA011245	PRJCA011245	Medicago truncatula	root		standardized H5AD var_names mapped to species reference-gene candidates	31393						reference_longest_protein_v1	gene_mapping_candidates_v1 + gene_orthogroup_candidates_v1	excluded	orthogroup_coverage_below_60pct_or_unavailable;fewer_than_two_candidate_labels_with_100_cells	X	nonnegative_integer_unverified;csr	int64	/data/datasets/Bioinformatics/h5ad/Medicago truncatula_PRJCA011245.h5ad	/root/autodl-tmp/project/plant-cell/data_raw/Medicago truncatula_PRJCA011245.anno.csv	799d96728b393ac8333ec7729468a5542351a99d77d169fcf182dfd625afe1ec	/workspace/projects/PhyloOpenCell/metadata/gene_mapping_candidate_summary.tsv;/workspace/projects/PhyloOpenCell/metadata/dataset_orthogroup_coverage_v1.tsv	c1b43878a37f9df6b71d43837c126fa75978f4fbf274dbe36de802713efc926f;5bf556f16a0a3dc2bc78cea55cd5a1e852aef9f302ee79aee0e1baf98f8104b3	orthogroup mapping coverage not evaluated for this manifest dataset; values retained blank
Medicago truncatula_PRJCA011245	PRJCA011245	Medicago truncatula	vascular		standardized H5AD var_names mapped to species reference-gene candidates	31393						reference_longest_protein_v1	gene_mapping_candidates_v1 + gene_orthogroup_candidates_v1	excluded	orthogroup_coverage_below_60pct_or_unavailable;fewer_than_two_candidate_labels_with_100_cells	X	nonnegative_integer_unverified;csr	int64	/data/datasets/Bioinformatics/h5ad/Medicago truncatula_PRJCA011245.h5ad	/root/autodl-tmp/project/plant-cell/data_raw/Medicago truncatula_PRJCA011245.anno.csv	799d96728b393ac8333ec7729468a5542351a99d77d169fcf182dfd625afe1ec	/workspace/projects/PhyloOpenCell/metadata/gene_mapping_candidate_summary.tsv;/workspace/projects/PhyloOpenCell/metadata/dataset_orthogroup_coverage_v1.tsv	c1b43878a37f9df6b71d43837c126fa75978f4fbf274dbe36de802713efc926f;5bf556f16a0a3dc2bc78cea55cd5a1e852aef9f302ee79aee0e1baf98f8104b3	orthogroup mapping coverage not evaluated for this manifest dataset; values retained blank
Medicago truncatula_PRJCA012129	PRJCA012129	Medicago truncatula	leaf		standardized H5AD var_names mapped to species reference-gene candidates	3000						reference_longest_protein_v1	gene_mapping_candidates_v1 + gene_orthogroup_candidates_v1	excluded	orthogroup_coverage_below_60pct_or_unavailable;fewer_than_two_candidate_labels_with_100_cells	X	scaled_continuous;dense	float32	/data/datasets/Bioinformatics/h5ad/Medicago truncatula_PRJCA012129.h5ad	/root/autodl-tmp/project/plant-cell/data_raw/Medicago truncatula_PRJCA012129.anno.csv	4633e20c7f856fdf7386795560661dd58ab99561f0dd9dd70a0cf695b31fbd81	/workspace/projects/PhyloOpenCell/metadata/gene_mapping_candidate_summary.tsv;/workspace/projects/PhyloOpenCell/metadata/dataset_orthogroup_coverage_v1.tsv	c1b43878a37f9df6b71d43837c126fa75978f4fbf274dbe36de802713efc926f;5bf556f16a0a3dc2bc78cea55cd5a1e852aef9f302ee79aee0e1baf98f8104b3	orthogroup mapping coverage not evaluated for this manifest dataset; values retained blank
Medicago truncatula_PRJCA012129	PRJCA012129	Medicago truncatula	root		standardized H5AD var_names mapped to species reference-gene candidates	3000						reference_longest_protein_v1	gene_mapping_candidates_v1 + gene_orthogroup_candidates_v1	excluded	orthogroup_coverage_below_60pct_or_unavailable;fewer_than_two_candidate_labels_with_100_cells	X	scaled_continuous;dense	float32	/data/datasets/Bioinformatics/h5ad/Medicago truncatula_PRJCA012129.h5ad	/root/autodl-tmp/project/plant-cell/data_raw/Medicago truncatula_PRJCA012129.anno.csv	4633e20c7f856fdf7386795560661dd58ab99561f0dd9dd70a0cf695b31fbd81	/workspace/projects/PhyloOpenCell/metadata/gene_mapping_candidate_summary.tsv;/workspace/projects/PhyloOpenCell/metadata/dataset_orthogroup_coverage_v1.tsv	c1b43878a37f9df6b71d43837c126fa75978f4fbf274dbe36de802713efc926f;5bf556f16a0a3dc2bc78cea55cd5a1e852aef9f302ee79aee0e1baf98f8104b3	orthogroup mapping coverage not evaluated for this manifest dataset; values retained blank
Medicago truncatula_PRJCA012129	PRJCA012129	Medicago truncatula	vascular		standardized H5AD var_names mapped to species reference-gene candidates	3000						reference_longest_protein_v1	gene_mapping_candidates_v1 + gene_orthogroup_candidates_v1	excluded	orthogroup_coverage_below_60pct_or_unavailable;fewer_than_two_candidate_labels_with_100_cells	X	scaled_continuous;dense	float32	/data/datasets/Bioinformatics/h5ad/Medicago truncatula_PRJCA012129.h5ad	/root/autodl-tmp/project/plant-cell/data_raw/Medicago truncatula_PRJCA012129.anno.csv	4633e20c7f856fdf7386795560661dd58ab99561f0dd9dd70a0cf695b31fbd81	/workspace/projects/PhyloOpenCell/metadata/gene_mapping_candidate_summary.tsv;/workspace/projects/PhyloOpenCell/metadata/dataset_orthogroup_coverage_v1.tsv	c1b43878a37f9df6b71d43837c126fa75978f4fbf274dbe36de802713efc926f;5bf556f16a0a3dc2bc78cea55cd5a1e852aef9f302ee79aee0e1baf98f8104b3	orthogroup mapping coverage not evaluated for this manifest dataset; values retained blank
Medicago truncatula_PRJNA868047	PRJNA868047	Medicago truncatula	leaf		standardized H5AD var_names mapped to species reference-gene candidates	31868						reference_longest_protein_v1	gene_mapping_candidates_v1 + gene_orthogroup_candidates_v1	excluded	orthogroup_coverage_below_60pct_or_unavailable;fewer_than_two_candidate_labels_with_100_cells	X	nonnegative_integer_unverified;csr	int64	/data/datasets/Bioinformatics/h5ad/Medicago truncatula_PRJNA868047.h5ad	/root/autodl-tmp/project/plant-cell/data_raw/Medicago truncatula_PRJNA868047.anno.csv	08f961ff06d8e333b579da93a69f1e91e9afc6d1d82b3538f4170b774f2ee1b8	/workspace/projects/PhyloOpenCell/metadata/gene_mapping_candidate_summary.tsv;/workspace/projects/PhyloOpenCell/metadata/dataset_orthogroup_coverage_v1.tsv	c1b43878a37f9df6b71d43837c126fa75978f4fbf274dbe36de802713efc926f;5bf556f16a0a3dc2bc78cea55cd5a1e852aef9f302ee79aee0e1baf98f8104b3	orthogroup mapping coverage not evaluated for this manifest dataset; values retained blank
Medicago truncatula_PRJNA868047	PRJNA868047	Medicago truncatula	root		standardized H5AD var_names mapped to species reference-gene candidates	31868						reference_longest_protein_v1	gene_mapping_candidates_v1 + gene_orthogroup_candidates_v1	excluded	orthogroup_coverage_below_60pct_or_unavailable;fewer_than_two_candidate_labels_with_100_cells	X	nonnegative_integer_unverified;csr	int64	/data/datasets/Bioinformatics/h5ad/Medicago truncatula_PRJNA868047.h5ad	/root/autodl-tmp/project/plant-cell/data_raw/Medicago truncatula_PRJNA868047.anno.csv	08f961ff06d8e333b579da93a69f1e91e9afc6d1d82b3538f4170b774f2ee1b8	/workspace/projects/PhyloOpenCell/metadata/gene_mapping_candidate_summary.tsv;/workspace/projects/PhyloOpenCell/metadata/dataset_orthogroup_coverage_v1.tsv	c1b43878a37f9df6b71d43837c126fa75978f4fbf274dbe36de802713efc926f;5bf556f16a0a3dc2bc78cea55cd5a1e852aef9f302ee79aee0e1baf98f8104b3	orthogroup mapping coverage not evaluated for this manifest dataset; values retained blank
Medicago truncatula_PRJNA868047	PRJNA868047	Medicago truncatula	vascular		standardized H5AD var_names mapped to species reference-gene candidates	31868						reference_longest_protein_v1	gene_mapping_candidates_v1 + gene_orthogroup_candidates_v1	excluded	orthogroup_coverage_below_60pct_or_unavailable;fewer_than_two_candidate_labels_with_100_cells	X	nonnegative_integer_unverified;csr	int64	/data/datasets/Bioinformatics/h5ad/Medicago truncatula_PRJNA868047.h5ad	/root/autodl-tmp/project/plant-cell/data_raw/Medicago truncatula_PRJNA868047.anno.csv	08f961ff06d8e333b579da93a69f1e91e9afc6d1d82b3538f4170b774f2ee1b8	/workspace/projects/PhyloOpenCell/metadata/gene_mapping_candidate_summary.tsv;/workspace/projects/PhyloOpenCell/metadata/dataset_orthogroup_coverage_v1.tsv	c1b43878a37f9df6b71d43837c126fa75978f4fbf274dbe36de802713efc926f;5bf556f16a0a3dc2bc78cea55cd5a1e852aef9f302ee79aee0e1baf98f8104b3	orthogroup mapping coverage not evaluated for this manifest dataset; values retained blank
Medicago truncatula_PRJNA931615	PRJNA931615	Medicago truncatula	leaf		standardized H5AD var_names mapped to species reference-gene candidates	29189						reference_longest_protein_v1	gene_mapping_candidates_v1 + gene_orthogroup_candidates_v1	excluded	orthogroup_coverage_below_60pct_or_unavailable;fewer_than_two_candidate_labels_with_100_cells	X	nonnegative_integer_unverified;csr	int64	/data/datasets/Bioinformatics/h5ad/Medicago truncatula_PRJNA931615.h5ad	/root/autodl-tmp/project/plant-cell/data_raw/Medicago truncatula_PRJNA931615.anno.csv	f22ed424283744e16675379aa307dc4d3c2ae16b93af41bcbd2d418be74b841d	/workspace/projects/PhyloOpenCell/metadata/gene_mapping_candidate_summary.tsv;/workspace/projects/PhyloOpenCell/metadata/dataset_orthogroup_coverage_v1.tsv	c1b43878a37f9df6b71d43837c126fa75978f4fbf274dbe36de802713efc926f;5bf556f16a0a3dc2bc78cea55cd5a1e852aef9f302ee79aee0e1baf98f8104b3	orthogroup mapping coverage not evaluated for this manifest dataset; values retained blank
Medicago truncatula_PRJNA931615	PRJNA931615	Medicago truncatula	root		standardized H5AD var_names mapped to species reference-gene candidates	29189						reference_longest_protein_v1	gene_mapping_candidates_v1 + gene_orthogroup_candidates_v1	excluded	orthogroup_coverage_below_60pct_or_unavailable;fewer_than_two_candidate_labels_with_100_cells	X	nonnegative_integer_unverified;csr	int64	/data/datasets/Bioinformatics/h5ad/Medicago truncatula_PRJNA931615.h5ad	/root/autodl-tmp/project/plant-cell/data_raw/Medicago truncatula_PRJNA931615.anno.csv	f22ed424283744e16675379aa307dc4d3c2ae16b93af41bcbd2d418be74b841d	/workspace/projects/PhyloOpenCell/metadata/gene_mapping_candidate_summary.tsv;/workspace/projects/PhyloOpenCell/metadata/dataset_orthogroup_coverage_v1.tsv	c1b43878a37f9df6b71d43837c126fa75978f4fbf274dbe36de802713efc926f;5bf556f16a0a3dc2bc78cea55cd5a1e852aef9f302ee79aee0e1baf98f8104b3	orthogroup mapping coverage not evaluated for this manifest dataset; values retained blank
Medicago truncatula_PRJNA931615	PRJNA931615	Medicago truncatula	vascular		standardized H5AD var_names mapped to species reference-gene candidates	29189						reference_longest_protein_v1	gene_mapping_candidates_v1 + gene_orthogroup_candidates_v1	excluded	orthogroup_coverage_below_60pct_or_unavailable;fewer_than_two_candidate_labels_with_100_cells	X	nonnegative_integer_unverified;csr	int64	/data/datasets/Bioinformatics/h5ad/Medicago truncatula_PRJNA931615.h5ad	/root/autodl-tmp/project/plant-cell/data_raw/Medicago truncatula_PRJNA931615.anno.csv	f22ed424283744e16675379aa307dc4d3c2ae16b93af41bcbd2d418be74b841d	/workspace/projects/PhyloOpenCell/metadata/gene_mapping_candidate_summary.tsv;/workspace/projects/PhyloOpenCell/metadata/dataset_orthogroup_coverage_v1.tsv	c1b43878a37f9df6b71d43837c126fa75978f4fbf274dbe36de802713efc926f;5bf556f16a0a3dc2bc78cea55cd5a1e852aef9f302ee79aee0e1baf98f8104b3	orthogroup mapping coverage not evaluated for this manifest dataset; values retained blank
Nepeta tenuifolia_PRJNA743551	PRJNA743551	Nepeta tenuifolia	leaf		standardized H5AD var_names mapped to species reference-gene candidates	20560						reference_longest_protein_v1	gene_mapping_candidates_v1 + gene_orthogroup_candidates_v1	excluded	orthogroup_coverage_below_60pct_or_unavailable;fewer_than_two_candidate_labels_with_100_cells	X	normalized_nonnegative_continuous;csr	float32	/data/datasets/Bioinformatics/h5ad/Nepeta tenuifolia_PRJNA743551.h5ad	/root/autodl-tmp/project/plant-cell/data_raw/Nepeta tenuifolia_PRJNA743551.anno.csv	4de673c27564009e1d983ef4bee5a93070f90f677f0b68f222d0a332f14f29ef	/workspace/projects/PhyloOpenCell/metadata/gene_mapping_candidate_summary.tsv;/workspace/projects/PhyloOpenCell/metadata/dataset_orthogroup_coverage_v1.tsv	c1b43878a37f9df6b71d43837c126fa75978f4fbf274dbe36de802713efc926f;5bf556f16a0a3dc2bc78cea55cd5a1e852aef9f302ee79aee0e1baf98f8104b3	orthogroup mapping coverage not evaluated for this manifest dataset; values retained blank
Nepeta tenuifolia_PRJNA743551	PRJNA743551	Nepeta tenuifolia	root		standardized H5AD var_names mapped to species reference-gene candidates	20560						reference_longest_protein_v1	gene_mapping_candidates_v1 + gene_orthogroup_candidates_v1	excluded	orthogroup_coverage_below_60pct_or_unavailable;fewer_than_two_candidate_labels_with_100_cells	X	normalized_nonnegative_continuous;csr	float32	/data/datasets/Bioinformatics/h5ad/Nepeta tenuifolia_PRJNA743551.h5ad	/root/autodl-tmp/project/plant-cell/data_raw/Nepeta tenuifolia_PRJNA743551.anno.csv	4de673c27564009e1d983ef4bee5a93070f90f677f0b68f222d0a332f14f29ef	/workspace/projects/PhyloOpenCell/metadata/gene_mapping_candidate_summary.tsv;/workspace/projects/PhyloOpenCell/metadata/dataset_orthogroup_coverage_v1.tsv	c1b43878a37f9df6b71d43837c126fa75978f4fbf274dbe36de802713efc926f;5bf556f16a0a3dc2bc78cea55cd5a1e852aef9f302ee79aee0e1baf98f8104b3	orthogroup mapping coverage not evaluated for this manifest dataset; values retained blank
Nepeta tenuifolia_PRJNA743551	PRJNA743551	Nepeta tenuifolia	vascular		standardized H5AD var_names mapped to species reference-gene candidates	20560						reference_longest_protein_v1	gene_mapping_candidates_v1 + gene_orthogroup_candidates_v1	excluded	orthogroup_coverage_below_60pct_or_unavailable;fewer_than_two_candidate_labels_with_100_cells	X	normalized_nonnegative_continuous;csr	float32	/data/datasets/Bioinformatics/h5ad/Nepeta tenuifolia_PRJNA743551.h5ad	/root/autodl-tmp/project/plant-cell/data_raw/Nepeta tenuifolia_PRJNA743551.anno.csv	4de673c27564009e1d983ef4bee5a93070f90f677f0b68f222d0a332f14f29ef	/workspace/projects/PhyloOpenCell/metadata/gene_mapping_candidate_summary.tsv;/workspace/projects/PhyloOpenCell/metadata/dataset_orthogroup_coverage_v1.tsv	c1b43878a37f9df6b71d43837c126fa75978f4fbf274dbe36de802713efc926f;5bf556f16a0a3dc2bc78cea55cd5a1e852aef9f302ee79aee0e1baf98f8104b3	orthogroup mapping coverage not evaluated for this manifest dataset; values retained blank
Nicotiana attenuata_PRJNA796301	PRJNA796301	Nicotiana attenuata	leaf		standardized H5AD var_names mapped to species reference-gene candidates	20157						reference_longest_protein_v1	gene_mapping_candidates_v1 + gene_orthogroup_candidates_v1	excluded	orthogroup_coverage_below_60pct_or_unavailable;fewer_than_two_candidate_labels_with_100_cells	X	nonnegative_integer_unverified;csr	int64	/data/datasets/Bioinformatics/h5ad/Nicotiana attenuata_PRJNA796301.h5ad	/root/autodl-tmp/project/plant-cell/data_raw/Nicotiana attenuata_PRJNA796301.anno.csv	e2ecde21105d750f07961554415d252928d24f4b7bb0f0b6d0ea34badd3b4a64	/workspace/projects/PhyloOpenCell/metadata/gene_mapping_candidate_summary.tsv;/workspace/projects/PhyloOpenCell/metadata/dataset_orthogroup_coverage_v1.tsv	c1b43878a37f9df6b71d43837c126fa75978f4fbf274dbe36de802713efc926f;5bf556f16a0a3dc2bc78cea55cd5a1e852aef9f302ee79aee0e1baf98f8104b3	orthogroup mapping coverage not evaluated for this manifest dataset; values retained blank
Nicotiana attenuata_PRJNA796301	PRJNA796301	Nicotiana attenuata	root		standardized H5AD var_names mapped to species reference-gene candidates	20157						reference_longest_protein_v1	gene_mapping_candidates_v1 + gene_orthogroup_candidates_v1	excluded	orthogroup_coverage_below_60pct_or_unavailable;fewer_than_two_candidate_labels_with_100_cells	X	nonnegative_integer_unverified;csr	int64	/data/datasets/Bioinformatics/h5ad/Nicotiana attenuata_PRJNA796301.h5ad	/root/autodl-tmp/project/plant-cell/data_raw/Nicotiana attenuata_PRJNA796301.anno.csv	e2ecde21105d750f07961554415d252928d24f4b7bb0f0b6d0ea34badd3b4a64	/workspace/projects/PhyloOpenCell/metadata/gene_mapping_candidate_summary.tsv;/workspace/projects/PhyloOpenCell/metadata/dataset_orthogroup_coverage_v1.tsv	c1b43878a37f9df6b71d43837c126fa75978f4fbf274dbe36de802713efc926f;5bf556f16a0a3dc2bc78cea55cd5a1e852aef9f302ee79aee0e1baf98f8104b3	orthogroup mapping coverage not evaluated for this manifest dataset; values retained blank
Nicotiana attenuata_PRJNA796301	PRJNA796301	Nicotiana attenuata	vascular		standardized H5AD var_names mapped to species reference-gene candidates	20157						reference_longest_protein_v1	gene_mapping_candidates_v1 + gene_orthogroup_candidates_v1	excluded	orthogroup_coverage_below_60pct_or_unavailable;fewer_than_two_candidate_labels_with_100_cells	X	nonnegative_integer_unverified;csr	int64	/data/datasets/Bioinformatics/h5ad/Nicotiana attenuata_PRJNA796301.h5ad	/root/autodl-tmp/project/plant-cell/data_raw/Nicotiana attenuata_PRJNA796301.anno.csv	e2ecde21105d750f07961554415d252928d24f4b7bb0f0b6d0ea34badd3b4a64	/workspace/projects/PhyloOpenCell/metadata/gene_mapping_candidate_summary.tsv;/workspace/projects/PhyloOpenCell/metadata/dataset_orthogroup_coverage_v1.tsv	c1b43878a37f9df6b71d43837c126fa75978f4fbf274dbe36de802713efc926f;5bf556f16a0a3dc2bc78cea55cd5a1e852aef9f302ee79aee0e1baf98f8104b3	orthogroup mapping coverage not evaluated for this manifest dataset; values retained blank
Nicotiana tabacum_PRJCA018794	PRJCA018794	Nicotiana tabacum	leaf		standardized H5AD var_names mapped to species reference-gene candidates	44371						reference_longest_protein_v1	gene_mapping_candidates_v1 + gene_orthogroup_candidates_v1	excluded	orthogroup_coverage_below_60pct_or_unavailable;fewer_than_two_candidate_labels_with_100_cells	X	nonnegative_integer_unverified;csr	int64	/data/datasets/Bioinformatics/h5ad/Nicotiana tabacum_PRJCA018794.h5ad	/root/autodl-tmp/project/plant-cell/data_raw/Nicotiana tabacum_PRJCA018794.anno.csv	74a64e7e6940dcc7dcb26536d25cf0e0453f13cdf7c338fd6c4e7ac2e1cc1f89	/workspace/projects/PhyloOpenCell/metadata/gene_mapping_candidate_summary.tsv;/workspace/projects/PhyloOpenCell/metadata/dataset_orthogroup_coverage_v1.tsv	c1b43878a37f9df6b71d43837c126fa75978f4fbf274dbe36de802713efc926f;5bf556f16a0a3dc2bc78cea55cd5a1e852aef9f302ee79aee0e1baf98f8104b3	orthogroup mapping coverage not evaluated for this manifest dataset; values retained blank
Nicotiana tabacum_PRJCA018794	PRJCA018794	Nicotiana tabacum	root		standardized H5AD var_names mapped to species reference-gene candidates	44371						reference_longest_protein_v1	gene_mapping_candidates_v1 + gene_orthogroup_candidates_v1	excluded	orthogroup_coverage_below_60pct_or_unavailable;fewer_than_two_candidate_labels_with_100_cells	X	nonnegative_integer_unverified;csr	int64	/data/datasets/Bioinformatics/h5ad/Nicotiana tabacum_PRJCA018794.h5ad	/root/autodl-tmp/project/plant-cell/data_raw/Nicotiana tabacum_PRJCA018794.anno.csv	74a64e7e6940dcc7dcb26536d25cf0e0453f13cdf7c338fd6c4e7ac2e1cc1f89	/workspace/projects/PhyloOpenCell/metadata/gene_mapping_candidate_summary.tsv;/workspace/projects/PhyloOpenCell/metadata/dataset_orthogroup_coverage_v1.tsv	c1b43878a37f9df6b71d43837c126fa75978f4fbf274dbe36de802713efc926f;5bf556f16a0a3dc2bc78cea55cd5a1e852aef9f302ee79aee0e1baf98f8104b3	orthogroup mapping coverage not evaluated for this manifest dataset; values retained blank
Nicotiana tabacum_PRJCA018794	PRJCA018794	Nicotiana tabacum	vascular		standardized H5AD var_names mapped to species reference-gene candidates	44371						reference_longest_protein_v1	gene_mapping_candidates_v1 + gene_orthogroup_candidates_v1	excluded	orthogroup_coverage_below_60pct_or_unavailable;fewer_than_two_candidate_labels_with_100_cells	X	nonnegative_integer_unverified;csr	int64	/data/datasets/Bioinformatics/h5ad/Nicotiana tabacum_PRJCA018794.h5ad	/root/autodl-tmp/project/plant-cell/data_raw/Nicotiana tabacum_PRJCA018794.anno.csv	74a64e7e6940dcc7dcb26536d25cf0e0453f13cdf7c338fd6c4e7ac2e1cc1f89	/workspace/projects/PhyloOpenCell/metadata/gene_mapping_candidate_summary.tsv;/workspace/projects/PhyloOpenCell/metadata/dataset_orthogroup_coverage_v1.tsv	c1b43878a37f9df6b71d43837c126fa75978f4fbf274dbe36de802713efc926f;5bf556f16a0a3dc2bc78cea55cd5a1e852aef9f302ee79aee0e1baf98f8104b3	orthogroup mapping coverage not evaluated for this manifest dataset; values retained blank
Nicotiana tabacum_PRJNA970858	PRJNA970858	Nicotiana tabacum	leaf		standardized H5AD var_names mapped to species reference-gene candidates	38865						reference_longest_protein_v1	gene_mapping_candidates_v1 + gene_orthogroup_candidates_v1	excluded	orthogroup_coverage_below_60pct_or_unavailable;fewer_than_two_candidate_labels_with_100_cells	X	scaled_continuous;dense	float32	/data/datasets/Bioinformatics/h5ad/Nicotiana tabacum_PRJNA970858.h5ad	/root/autodl-tmp/project/plant-cell/data_raw/Nicotiana tabacum_PRJNA970858.anno.csv	e22b6d0a747785713fcbef210a1df783bc88edbf34ad6e27a067b759fcf24a03	/workspace/projects/PhyloOpenCell/metadata/gene_mapping_candidate_summary.tsv;/workspace/projects/PhyloOpenCell/metadata/dataset_orthogroup_coverage_v1.tsv	c1b43878a37f9df6b71d43837c126fa75978f4fbf274dbe36de802713efc926f;5bf556f16a0a3dc2bc78cea55cd5a1e852aef9f302ee79aee0e1baf98f8104b3	orthogroup mapping coverage not evaluated for this manifest dataset; values retained blank
Nicotiana tabacum_PRJNA970858	PRJNA970858	Nicotiana tabacum	root		standardized H5AD var_names mapped to species reference-gene candidates	38865						reference_longest_protein_v1	gene_mapping_candidates_v1 + gene_orthogroup_candidates_v1	excluded	orthogroup_coverage_below_60pct_or_unavailable;fewer_than_two_candidate_labels_with_100_cells	X	scaled_continuous;dense	float32	/data/datasets/Bioinformatics/h5ad/Nicotiana tabacum_PRJNA970858.h5ad	/root/autodl-tmp/project/plant-cell/data_raw/Nicotiana tabacum_PRJNA970858.anno.csv	e22b6d0a747785713fcbef210a1df783bc88edbf34ad6e27a067b759fcf24a03	/workspace/projects/PhyloOpenCell/metadata/gene_mapping_candidate_summary.tsv;/workspace/projects/PhyloOpenCell/metadata/dataset_orthogroup_coverage_v1.tsv	c1b43878a37f9df6b71d43837c126fa75978f4fbf274dbe36de802713efc926f;5bf556f16a0a3dc2bc78cea55cd5a1e852aef9f302ee79aee0e1baf98f8104b3	orthogroup mapping coverage not evaluated for this manifest dataset; values retained blank
Nicotiana tabacum_PRJNA970858	PRJNA970858	Nicotiana tabacum	vascular		standardized H5AD var_names mapped to species reference-gene candidates	38865						reference_longest_protein_v1	gene_mapping_candidates_v1 + gene_orthogroup_candidates_v1	excluded	orthogroup_coverage_below_60pct_or_unavailable;fewer_than_two_candidate_labels_with_100_cells	X	scaled_continuous;dense	float32	/data/datasets/Bioinformatics/h5ad/Nicotiana tabacum_PRJNA970858.h5ad	/root/autodl-tmp/project/plant-cell/data_raw/Nicotiana tabacum_PRJNA970858.anno.csv	e22b6d0a747785713fcbef210a1df783bc88edbf34ad6e27a067b759fcf24a03	/workspace/projects/PhyloOpenCell/metadata/gene_mapping_candidate_summary.tsv;/workspace/projects/PhyloOpenCell/metadata/dataset_orthogroup_coverage_v1.tsv	c1b43878a37f9df6b71d43837c126fa75978f4fbf274dbe36de802713efc926f;5bf556f16a0a3dc2bc78cea55cd5a1e852aef9f302ee79aee0e1baf98f8104b3	orthogroup mapping coverage not evaluated for this manifest dataset; values retained blank
Oryza sativa_CNP0004152	CNP0004152	Oryza sativa	leaf		standardized H5AD var_names mapped to species reference-gene candidates	3000	2993	1991	0.6636666666666666	0.6636666666666666	0.0	reference_longest_protein_v1	gene_mapping_candidates_v1 + gene_orthogroup_candidates_v1	excluded	official_source_metadata_not_resolved;fewer_than_two_candidate_labels_with_100_cells	X	scaled_continuous;dense	float32	/data/datasets/Bioinformatics/h5ad/Oryza sativa_CNP0004152.h5ad	/root/autodl-tmp/project/plant-cell/data_raw/Oryza sativa_CNP0004152.anno.csv	fa94f9294f54e736b0abd093d18f780768bf947fb58f02570b648ea2b63be322	/workspace/projects/PhyloOpenCell/metadata/gene_mapping_candidate_summary.tsv;/workspace/projects/PhyloOpenCell/metadata/dataset_orthogroup_coverage_v1.tsv	c1b43878a37f9df6b71d43837c126fa75978f4fbf274dbe36de802713efc926f;5bf556f16a0a3dc2bc78cea55cd5a1e852aef9f302ee79aee0e1baf98f8104b3	
Oryza sativa_CNP0004152	CNP0004152	Oryza sativa	root		standardized H5AD var_names mapped to species reference-gene candidates	3000	2993	1991	0.6636666666666666	0.6636666666666666	0.0	reference_longest_protein_v1	gene_mapping_candidates_v1 + gene_orthogroup_candidates_v1	excluded	official_source_metadata_not_resolved;fewer_than_two_candidate_labels_with_100_cells	X	scaled_continuous;dense	float32	/data/datasets/Bioinformatics/h5ad/Oryza sativa_CNP0004152.h5ad	/root/autodl-tmp/project/plant-cell/data_raw/Oryza sativa_CNP0004152.anno.csv	fa94f9294f54e736b0abd093d18f780768bf947fb58f02570b648ea2b63be322	/workspace/projects/PhyloOpenCell/metadata/gene_mapping_candidate_summary.tsv;/workspace/projects/PhyloOpenCell/metadata/dataset_orthogroup_coverage_v1.tsv	c1b43878a37f9df6b71d43837c126fa75978f4fbf274dbe36de802713efc926f;5bf556f16a0a3dc2bc78cea55cd5a1e852aef9f302ee79aee0e1baf98f8104b3	
Oryza sativa_CNP0004152	CNP0004152	Oryza sativa	vascular		standardized H5AD var_names mapped to species reference-gene candidates	3000	2993	1991	0.6636666666666666	0.6636666666666666	0.0	reference_longest_protein_v1	gene_mapping_candidates_v1 + gene_orthogroup_candidates_v1	excluded	official_source_metadata_not_resolved;fewer_than_two_candidate_labels_with_100_cells	X	scaled_continuous;dense	float32	/data/datasets/Bioinformatics/h5ad/Oryza sativa_CNP0004152.h5ad	/root/autodl-tmp/project/plant-cell/data_raw/Oryza sativa_CNP0004152.anno.csv	fa94f9294f54e736b0abd093d18f780768bf947fb58f02570b648ea2b63be322	/workspace/projects/PhyloOpenCell/metadata/gene_mapping_candidate_summary.tsv;/workspace/projects/PhyloOpenCell/metadata/dataset_orthogroup_coverage_v1.tsv	c1b43878a37f9df6b71d43837c126fa75978f4fbf274dbe36de802713efc926f;5bf556f16a0a3dc2bc78cea55cd5a1e852aef9f302ee79aee0e1baf98f8104b3	
Oryza sativa_CRA004082_Leaf	not explicitly recorded	Oryza sativa	leaf	leaf	standardized H5AD var_names mapped to species reference-gene candidates	3572	3571	3132	0.8768197088465846	0.8768197088465846	0.0	reference_longest_protein_v1	gene_mapping_candidates_v1 + gene_orthogroup_candidates_v1	excluded	official_source_metadata_not_resolved	X	scaled_continuous;dense	float32	/data/datasets/Bioinformatics/h5ad/Oryza sativa_CRA004082_Leaf.h5ad	/root/autodl-tmp/project/plant-cell/data_raw/Oryza sativa_CRA004082_Leaf.anno.csv	1fbc97c53744a34738122096c50773d0ac69904867f036bd4844f4a264517de6	/workspace/projects/PhyloOpenCell/metadata/gene_mapping_candidate_summary.tsv;/workspace/projects/PhyloOpenCell/metadata/dataset_orthogroup_coverage_v1.tsv	c1b43878a37f9df6b71d43837c126fa75978f4fbf274dbe36de802713efc926f;5bf556f16a0a3dc2bc78cea55cd5a1e852aef9f302ee79aee0e1baf98f8104b3	
Oryza sativa_CRA004082_Leaf	not explicitly recorded	Oryza sativa	root	leaf	standardized H5AD var_names mapped to species reference-gene candidates	3572	3571	3132	0.8768197088465846	0.8768197088465846	0.0	reference_longest_protein_v1	gene_mapping_candidates_v1 + gene_orthogroup_candidates_v1	excluded	official_source_metadata_not_resolved;fewer_than_two_candidate_labels_with_100_cells	X	scaled_continuous;dense	float32	/data/datasets/Bioinformatics/h5ad/Oryza sativa_CRA004082_Leaf.h5ad	/root/autodl-tmp/project/plant-cell/data_raw/Oryza sativa_CRA004082_Leaf.anno.csv	1fbc97c53744a34738122096c50773d0ac69904867f036bd4844f4a264517de6	/workspace/projects/PhyloOpenCell/metadata/gene_mapping_candidate_summary.tsv;/workspace/projects/PhyloOpenCell/metadata/dataset_orthogroup_coverage_v1.tsv	c1b43878a37f9df6b71d43837c126fa75978f4fbf274dbe36de802713efc926f;5bf556f16a0a3dc2bc78cea55cd5a1e852aef9f302ee79aee0e1baf98f8104b3	
Oryza sativa_CRA004082_Leaf	not explicitly recorded	Oryza sativa	vascular	leaf	standardized H5AD var_names mapped to species reference-gene candidates	3572	3571	3132	0.8768197088465846	0.8768197088465846	0.0	reference_longest_protein_v1	gene_mapping_candidates_v1 + gene_orthogroup_candidates_v1	excluded	official_source_metadata_not_resolved	X	scaled_continuous;dense	float32	/data/datasets/Bioinformatics/h5ad/Oryza sativa_CRA004082_Leaf.h5ad	/root/autodl-tmp/project/plant-cell/data_raw/Oryza sativa_CRA004082_Leaf.anno.csv	1fbc97c53744a34738122096c50773d0ac69904867f036bd4844f4a264517de6	/workspace/projects/PhyloOpenCell/metadata/gene_mapping_candidate_summary.tsv;/workspace/projects/PhyloOpenCell/metadata/dataset_orthogroup_coverage_v1.tsv	c1b43878a37f9df6b71d43837c126fa75978f4fbf274dbe36de802713efc926f;5bf556f16a0a3dc2bc78cea55cd5a1e852aef9f302ee79aee0e1baf98f8104b3	
Oryza sativa_CRA004082_Root	not explicitly recorded	Oryza sativa	leaf	root	standardized H5AD var_names mapped to species reference-gene candidates	3474	3474	3091	0.8897524467472654	0.8897524467472654	0.0	reference_longest_protein_v1	gene_mapping_candidates_v1 + gene_orthogroup_candidates_v1	excluded	official_source_metadata_not_resolved;fewer_than_two_candidate_labels_with_100_cells	X	scaled_continuous;dense	float32	/data/datasets/Bioinformatics/h5ad/Oryza sativa_CRA004082_Root.h5ad	/root/autodl-tmp/project/plant-cell/data_raw/Oryza sativa_CRA004082_Root.anno.csv	7b33593aed0bc3ea24a4703125ad99b7e935386013550550771006928f67d167	/workspace/projects/PhyloOpenCell/metadata/gene_mapping_candidate_summary.tsv;/workspace/projects/PhyloOpenCell/metadata/dataset_orthogroup_coverage_v1.tsv	c1b43878a37f9df6b71d43837c126fa75978f4fbf274dbe36de802713efc926f;5bf556f16a0a3dc2bc78cea55cd5a1e852aef9f302ee79aee0e1baf98f8104b3	
Oryza sativa_CRA004082_Root	not explicitly recorded	Oryza sativa	root	root	standardized H5AD var_names mapped to species reference-gene candidates	3474	3474	3091	0.8897524467472654	0.8897524467472654	0.0	reference_longest_protein_v1	gene_mapping_candidates_v1 + gene_orthogroup_candidates_v1	excluded	official_source_metadata_not_resolved	X	scaled_continuous;dense	float32	/data/datasets/Bioinformatics/h5ad/Oryza sativa_CRA004082_Root.h5ad	/root/autodl-tmp/project/plant-cell/data_raw/Oryza sativa_CRA004082_Root.anno.csv	7b33593aed0bc3ea24a4703125ad99b7e935386013550550771006928f67d167	/workspace/projects/PhyloOpenCell/metadata/gene_mapping_candidate_summary.tsv;/workspace/projects/PhyloOpenCell/metadata/dataset_orthogroup_coverage_v1.tsv	c1b43878a37f9df6b71d43837c126fa75978f4fbf274dbe36de802713efc926f;5bf556f16a0a3dc2bc78cea55cd5a1e852aef9f302ee79aee0e1baf98f8104b3	
Oryza sativa_CRA004082_Root	not explicitly recorded	Oryza sativa	vascular	root	standardized H5AD var_names mapped to species reference-gene candidates	3474	3474	3091	0.8897524467472654	0.8897524467472654	0.0	reference_longest_protein_v1	gene_mapping_candidates_v1 + gene_orthogroup_candidates_v1	excluded	official_source_metadata_not_resolved	X	scaled_continuous;dense	float32	/data/datasets/Bioinformatics/h5ad/Oryza sativa_CRA004082_Root.h5ad	/root/autodl-tmp/project/plant-cell/data_raw/Oryza sativa_CRA004082_Root.anno.csv	7b33593aed0bc3ea24a4703125ad99b7e935386013550550771006928f67d167	/workspace/projects/PhyloOpenCell/metadata/gene_mapping_candidate_summary.tsv;/workspace/projects/PhyloOpenCell/metadata/dataset_orthogroup_coverage_v1.tsv	c1b43878a37f9df6b71d43837c126fa75978f4fbf274dbe36de802713efc926f;5bf556f16a0a3dc2bc78cea55cd5a1e852aef9f302ee79aee0e1baf98f8104b3	
Oryza sativa_PRJNA609092	PRJNA609092	Oryza sativa	leaf		standardized H5AD var_names mapped to species reference-gene candidates	26266	26220	21541	0.8201096474529811	0.8201096474529811	0.0	reference_longest_protein_v1	gene_mapping_candidates_v1 + gene_orthogroup_candidates_v1	excluded	fewer_than_two_candidate_labels_with_100_cells	X	scaled_continuous;dense	float32	/data/datasets/Bioinformatics/h5ad/Oryza sativa_PRJNA609092.h5ad	/root/autodl-tmp/project/plant-cell/data_raw/Oryza sativa_PRJNA609092.anno.csv	8381ba1590f68582f9666c83699ef0ca72b42255480cf85264c70268f33bb17d	/workspace/projects/PhyloOpenCell/metadata/gene_mapping_candidate_summary.tsv;/workspace/projects/PhyloOpenCell/metadata/dataset_orthogroup_coverage_v1.tsv	c1b43878a37f9df6b71d43837c126fa75978f4fbf274dbe36de802713efc926f;5bf556f16a0a3dc2bc78cea55cd5a1e852aef9f302ee79aee0e1baf98f8104b3	
Oryza sativa_PRJNA609092	PRJNA609092	Oryza sativa	root		standardized H5AD var_names mapped to species reference-gene candidates	26266	26220	21541	0.8201096474529811	0.8201096474529811	0.0	reference_longest_protein_v1	gene_mapping_candidates_v1 + gene_orthogroup_candidates_v1	eligible	passes_provisional_panel_gates	X	scaled_continuous;dense	float32	/data/datasets/Bioinformatics/h5ad/Oryza sativa_PRJNA609092.h5ad	/root/autodl-tmp/project/plant-cell/data_raw/Oryza sativa_PRJNA609092.anno.csv	8381ba1590f68582f9666c83699ef0ca72b42255480cf85264c70268f33bb17d	/workspace/projects/PhyloOpenCell/metadata/gene_mapping_candidate_summary.tsv;/workspace/projects/PhyloOpenCell/metadata/dataset_orthogroup_coverage_v1.tsv	c1b43878a37f9df6b71d43837c126fa75978f4fbf274dbe36de802713efc926f;5bf556f16a0a3dc2bc78cea55cd5a1e852aef9f302ee79aee0e1baf98f8104b3	
Oryza sativa_PRJNA609092	PRJNA609092	Oryza sativa	vascular		standardized H5AD var_names mapped to species reference-gene candidates	26266	26220	21541	0.8201096474529811	0.8201096474529811	0.0	reference_longest_protein_v1	gene_mapping_candidates_v1 + gene_orthogroup_candidates_v1	excluded	fewer_than_two_candidate_labels_with_100_cells	X	scaled_continuous;dense	float32	/data/datasets/Bioinformatics/h5ad/Oryza sativa_PRJNA609092.h5ad	/root/autodl-tmp/project/plant-cell/data_raw/Oryza sativa_PRJNA609092.anno.csv	8381ba1590f68582f9666c83699ef0ca72b42255480cf85264c70268f33bb17d	/workspace/projects/PhyloOpenCell/metadata/gene_mapping_candidate_summary.tsv;/workspace/projects/PhyloOpenCell/metadata/dataset_orthogroup_coverage_v1.tsv	c1b43878a37f9df6b71d43837c126fa75978f4fbf274dbe36de802713efc926f;5bf556f16a0a3dc2bc78cea55cd5a1e852aef9f302ee79aee0e1baf98f8104b3	
Oryza sativa_PRJNA706435	PRJNA706435	Oryza sativa	leaf		standardized H5AD var_names mapped to species reference-gene candidates	29370	29322	23571	0.8025536261491317	0.8025536261491317	0.0	reference_longest_protein_v1	gene_mapping_candidates_v1 + gene_orthogroup_candidates_v1	excluded	fewer_than_two_candidate_labels_with_100_cells	X	nonnegative_integer_unverified;csr	int64	/data/datasets/Bioinformatics/h5ad/Oryza sativa_PRJNA706435.h5ad	/root/autodl-tmp/project/plant-cell/data_raw/Oryza sativa_PRJNA706435.anno.csv	d723a9bb6c012320533c08685220dcddaa49daf8d1149314fbe74252a6b64497	/workspace/projects/PhyloOpenCell/metadata/gene_mapping_candidate_summary.tsv;/workspace/projects/PhyloOpenCell/metadata/dataset_orthogroup_coverage_v1.tsv	c1b43878a37f9df6b71d43837c126fa75978f4fbf274dbe36de802713efc926f;5bf556f16a0a3dc2bc78cea55cd5a1e852aef9f302ee79aee0e1baf98f8104b3	
Oryza sativa_PRJNA706435	PRJNA706435	Oryza sativa	root		standardized H5AD var_names mapped to species reference-gene candidates	29370	29322	23571	0.8025536261491317	0.8025536261491317	0.0	reference_longest_protein_v1	gene_mapping_candidates_v1 + gene_orthogroup_candidates_v1	eligible	passes_provisional_panel_gates	X	nonnegative_integer_unverified;csr	int64	/data/datasets/Bioinformatics/h5ad/Oryza sativa_PRJNA706435.h5ad	/root/autodl-tmp/project/plant-cell/data_raw/Oryza sativa_PRJNA706435.anno.csv	d723a9bb6c012320533c08685220dcddaa49daf8d1149314fbe74252a6b64497	/workspace/projects/PhyloOpenCell/metadata/gene_mapping_candidate_summary.tsv;/workspace/projects/PhyloOpenCell/metadata/dataset_orthogroup_coverage_v1.tsv	c1b43878a37f9df6b71d43837c126fa75978f4fbf274dbe36de802713efc926f;5bf556f16a0a3dc2bc78cea55cd5a1e852aef9f302ee79aee0e1baf98f8104b3	
Oryza sativa_PRJNA706435	PRJNA706435	Oryza sativa	vascular		standardized H5AD var_names mapped to species reference-gene candidates	29370	29322	23571	0.8025536261491317	0.8025536261491317	0.0	reference_longest_protein_v1	gene_mapping_candidates_v1 + gene_orthogroup_candidates_v1	eligible	passes_provisional_panel_gates	X	nonnegative_integer_unverified;csr	int64	/data/datasets/Bioinformatics/h5ad/Oryza sativa_PRJNA706435.h5ad	/root/autodl-tmp/project/plant-cell/data_raw/Oryza sativa_PRJNA706435.anno.csv	d723a9bb6c012320533c08685220dcddaa49daf8d1149314fbe74252a6b64497	/workspace/projects/PhyloOpenCell/metadata/gene_mapping_candidate_summary.tsv;/workspace/projects/PhyloOpenCell/metadata/dataset_orthogroup_coverage_v1.tsv	c1b43878a37f9df6b71d43837c126fa75978f4fbf274dbe36de802713efc926f;5bf556f16a0a3dc2bc78cea55cd5a1e852aef9f302ee79aee0e1baf98f8104b3	
Oryza sativa_PRJNA767589_Inflorescence	PRJNA767589	Oryza sativa	leaf	inflorescence	standardized H5AD var_names mapped to species reference-gene candidates	5564	5557	4564	0.8202731847591661	0.8202731847591661	0.0	reference_longest_protein_v1	gene_mapping_candidates_v1 + gene_orthogroup_candidates_v1	excluded	fewer_than_two_candidate_labels_with_100_cells	X	scaled_continuous;dense	float32	/data/datasets/Bioinformatics/h5ad/Oryza sativa_PRJNA767589_Inflorescence.h5ad	/data/datasets/Bioinformatics/expression/Oryza sativa_PRJNA767589_Inflorescence.anno.csv	ce526043c364c40046764dc4d40adea9e46e83954f33d2a77341ce45fbf36728	/workspace/projects/PhyloOpenCell/metadata/gene_mapping_candidate_summary.tsv;/workspace/projects/PhyloOpenCell/metadata/dataset_orthogroup_coverage_v1.tsv	c1b43878a37f9df6b71d43837c126fa75978f4fbf274dbe36de802713efc926f;5bf556f16a0a3dc2bc78cea55cd5a1e852aef9f302ee79aee0e1baf98f8104b3	
Oryza sativa_PRJNA767589_Inflorescence	PRJNA767589	Oryza sativa	root	inflorescence	standardized H5AD var_names mapped to species reference-gene candidates	5564	5557	4564	0.8202731847591661	0.8202731847591661	0.0	reference_longest_protein_v1	gene_mapping_candidates_v1 + gene_orthogroup_candidates_v1	excluded	fewer_than_two_candidate_labels_with_100_cells	X	scaled_continuous;dense	float32	/data/datasets/Bioinformatics/h5ad/Oryza sativa_PRJNA767589_Inflorescence.h5ad	/data/datasets/Bioinformatics/expression/Oryza sativa_PRJNA767589_Inflorescence.anno.csv	ce526043c364c40046764dc4d40adea9e46e83954f33d2a77341ce45fbf36728	/workspace/projects/PhyloOpenCell/metadata/gene_mapping_candidate_summary.tsv;/workspace/projects/PhyloOpenCell/metadata/dataset_orthogroup_coverage_v1.tsv	c1b43878a37f9df6b71d43837c126fa75978f4fbf274dbe36de802713efc926f;5bf556f16a0a3dc2bc78cea55cd5a1e852aef9f302ee79aee0e1baf98f8104b3	
Oryza sativa_PRJNA767589_Inflorescence	PRJNA767589	Oryza sativa	vascular	inflorescence	standardized H5AD var_names mapped to species reference-gene candidates	5564	5557	4564	0.8202731847591661	0.8202731847591661	0.0	reference_longest_protein_v1	gene_mapping_candidates_v1 + gene_orthogroup_candidates_v1	excluded	fewer_than_two_candidate_labels_with_100_cells	X	scaled_continuous;dense	float32	/data/datasets/Bioinformatics/h5ad/Oryza sativa_PRJNA767589_Inflorescence.h5ad	/data/datasets/Bioinformatics/expression/Oryza sativa_PRJNA767589_Inflorescence.anno.csv	ce526043c364c40046764dc4d40adea9e46e83954f33d2a77341ce45fbf36728	/workspace/projects/PhyloOpenCell/metadata/gene_mapping_candidate_summary.tsv;/workspace/projects/PhyloOpenCell/metadata/dataset_orthogroup_coverage_v1.tsv	c1b43878a37f9df6b71d43837c126fa75978f4fbf274dbe36de802713efc926f;5bf556f16a0a3dc2bc78cea55cd5a1e852aef9f302ee79aee0e1baf98f8104b3	
Oryza sativa_PRJNA767589_Spikelet	PRJNA767589	Oryza sativa	leaf	spikelet	standardized H5AD var_names mapped to species reference-gene candidates	5564	5557	4564	0.8202731847591661	0.8202731847591661	0.0	reference_longest_protein_v1	gene_mapping_candidates_v1 + gene_orthogroup_candidates_v1	excluded	fewer_than_two_candidate_labels_with_100_cells	X	scaled_continuous;dense	float32	/data/datasets/Bioinformatics/h5ad/Oryza sativa_PRJNA767589_Spikelet.h5ad	/root/autodl-tmp/project/plant-cell/data_raw/Oryza sativa_PRJNA767589_Spikelet.anno.csv	c628da4e18e92459eb51777933b9ca16de348f9a27b09a60521b91bd4aa2635d	/workspace/projects/PhyloOpenCell/metadata/gene_mapping_candidate_summary.tsv;/workspace/projects/PhyloOpenCell/metadata/dataset_orthogroup_coverage_v1.tsv	c1b43878a37f9df6b71d43837c126fa75978f4fbf274dbe36de802713efc926f;5bf556f16a0a3dc2bc78cea55cd5a1e852aef9f302ee79aee0e1baf98f8104b3	
Oryza sativa_PRJNA767589_Spikelet	PRJNA767589	Oryza sativa	root	spikelet	standardized H5AD var_names mapped to species reference-gene candidates	5564	5557	4564	0.8202731847591661	0.8202731847591661	0.0	reference_longest_protein_v1	gene_mapping_candidates_v1 + gene_orthogroup_candidates_v1	excluded	fewer_than_two_candidate_labels_with_100_cells	X	scaled_continuous;dense	float32	/data/datasets/Bioinformatics/h5ad/Oryza sativa_PRJNA767589_Spikelet.h5ad	/root/autodl-tmp/project/plant-cell/data_raw/Oryza sativa_PRJNA767589_Spikelet.anno.csv	c628da4e18e92459eb51777933b9ca16de348f9a27b09a60521b91bd4aa2635d	/workspace/projects/PhyloOpenCell/metadata/gene_mapping_candidate_summary.tsv;/workspace/projects/PhyloOpenCell/metadata/dataset_orthogroup_coverage_v1.tsv	c1b43878a37f9df6b71d43837c126fa75978f4fbf274dbe36de802713efc926f;5bf556f16a0a3dc2bc78cea55cd5a1e852aef9f302ee79aee0e1baf98f8104b3	
Oryza sativa_PRJNA767589_Spikelet	PRJNA767589	Oryza sativa	vascular	spikelet	standardized H5AD var_names mapped to species reference-gene candidates	5564	5557	4564	0.8202731847591661	0.8202731847591661	0.0	reference_longest_protein_v1	gene_mapping_candidates_v1 + gene_orthogroup_candidates_v1	excluded	fewer_than_two_candidate_labels_with_100_cells	X	scaled_continuous;dense	float32	/data/datasets/Bioinformatics/h5ad/Oryza sativa_PRJNA767589_Spikelet.h5ad	/root/autodl-tmp/project/plant-cell/data_raw/Oryza sativa_PRJNA767589_Spikelet.anno.csv	c628da4e18e92459eb51777933b9ca16de348f9a27b09a60521b91bd4aa2635d	/workspace/projects/PhyloOpenCell/metadata/gene_mapping_candidate_summary.tsv;/workspace/projects/PhyloOpenCell/metadata/dataset_orthogroup_coverage_v1.tsv	c1b43878a37f9df6b71d43837c126fa75978f4fbf274dbe36de802713efc926f;5bf556f16a0a3dc2bc78cea55cd5a1e852aef9f302ee79aee0e1baf98f8104b3	
Phyllostachys edulis_PRJNA953008	PRJNA953008	Phyllostachys edulis	leaf		standardized H5AD var_names mapped to species reference-gene candidates	35027						reference_longest_protein_v1	gene_mapping_candidates_v1 + gene_orthogroup_candidates_v1	excluded	orthogroup_coverage_below_60pct_or_unavailable;fewer_than_two_candidate_labels_with_100_cells	X	nonnegative_integer_unverified;csr	int64	/data/datasets/Bioinformatics/h5ad/Phyllostachys edulis_PRJNA953008.h5ad	/root/autodl-tmp/project/plant-cell/data_raw/Phyllostachys edulis_PRJNA953008.anno.csv	183811ffbbe2ae67922a9b2399913b9a5a8a8339ec843e6e6886f6f2e7497f3f	/workspace/projects/PhyloOpenCell/metadata/gene_mapping_candidate_summary.tsv;/workspace/projects/PhyloOpenCell/metadata/dataset_orthogroup_coverage_v1.tsv	c1b43878a37f9df6b71d43837c126fa75978f4fbf274dbe36de802713efc926f;5bf556f16a0a3dc2bc78cea55cd5a1e852aef9f302ee79aee0e1baf98f8104b3	orthogroup mapping coverage not evaluated for this manifest dataset; values retained blank
Phyllostachys edulis_PRJNA953008	PRJNA953008	Phyllostachys edulis	root		standardized H5AD var_names mapped to species reference-gene candidates	35027						reference_longest_protein_v1	gene_mapping_candidates_v1 + gene_orthogroup_candidates_v1	excluded	orthogroup_coverage_below_60pct_or_unavailable;fewer_than_two_candidate_labels_with_100_cells	X	nonnegative_integer_unverified;csr	int64	/data/datasets/Bioinformatics/h5ad/Phyllostachys edulis_PRJNA953008.h5ad	/root/autodl-tmp/project/plant-cell/data_raw/Phyllostachys edulis_PRJNA953008.anno.csv	183811ffbbe2ae67922a9b2399913b9a5a8a8339ec843e6e6886f6f2e7497f3f	/workspace/projects/PhyloOpenCell/metadata/gene_mapping_candidate_summary.tsv;/workspace/projects/PhyloOpenCell/metadata/dataset_orthogroup_coverage_v1.tsv	c1b43878a37f9df6b71d43837c126fa75978f4fbf274dbe36de802713efc926f;5bf556f16a0a3dc2bc78cea55cd5a1e852aef9f302ee79aee0e1baf98f8104b3	orthogroup mapping coverage not evaluated for this manifest dataset; values retained blank
Phyllostachys edulis_PRJNA953008	PRJNA953008	Phyllostachys edulis	vascular		standardized H5AD var_names mapped to species reference-gene candidates	35027						reference_longest_protein_v1	gene_mapping_candidates_v1 + gene_orthogroup_candidates_v1	excluded	orthogroup_coverage_below_60pct_or_unavailable;fewer_than_two_candidate_labels_with_100_cells	X	nonnegative_integer_unverified;csr	int64	/data/datasets/Bioinformatics/h5ad/Phyllostachys edulis_PRJNA953008.h5ad	/root/autodl-tmp/project/plant-cell/data_raw/Phyllostachys edulis_PRJNA953008.anno.csv	183811ffbbe2ae67922a9b2399913b9a5a8a8339ec843e6e6886f6f2e7497f3f	/workspace/projects/PhyloOpenCell/metadata/gene_mapping_candidate_summary.tsv;/workspace/projects/PhyloOpenCell/metadata/dataset_orthogroup_coverage_v1.tsv	c1b43878a37f9df6b71d43837c126fa75978f4fbf274dbe36de802713efc926f;5bf556f16a0a3dc2bc78cea55cd5a1e852aef9f302ee79aee0e1baf98f8104b3	orthogroup mapping coverage not evaluated for this manifest dataset; values retained blank
Pisum sativum_PRJNA983513	PRJNA983513	Pisum sativum	leaf		standardized H5AD var_names mapped to species reference-gene candidates	21854						reference_longest_protein_v1	gene_mapping_candidates_v1 + gene_orthogroup_candidates_v1	excluded	orthogroup_coverage_below_60pct_or_unavailable;fewer_than_two_candidate_labels_with_100_cells	X	nonnegative_integer_unverified;csr	int64	/data/datasets/Bioinformatics/h5ad/Pisum sativum_PRJNA983513.h5ad	/root/autodl-tmp/project/plant-cell/data_raw/Pisum sativum_PRJNA983513.anno.csv	4fd8007e44b6c75d7532077a61ab2e651bd56d048f6704616e962f2c2c98d229	/workspace/projects/PhyloOpenCell/metadata/gene_mapping_candidate_summary.tsv;/workspace/projects/PhyloOpenCell/metadata/dataset_orthogroup_coverage_v1.tsv	c1b43878a37f9df6b71d43837c126fa75978f4fbf274dbe36de802713efc926f;5bf556f16a0a3dc2bc78cea55cd5a1e852aef9f302ee79aee0e1baf98f8104b3	orthogroup mapping coverage not evaluated for this manifest dataset; values retained blank
Pisum sativum_PRJNA983513	PRJNA983513	Pisum sativum	root		standardized H5AD var_names mapped to species reference-gene candidates	21854						reference_longest_protein_v1	gene_mapping_candidates_v1 + gene_orthogroup_candidates_v1	excluded	orthogroup_coverage_below_60pct_or_unavailable;fewer_than_two_candidate_labels_with_100_cells	X	nonnegative_integer_unverified;csr	int64	/data/datasets/Bioinformatics/h5ad/Pisum sativum_PRJNA983513.h5ad	/root/autodl-tmp/project/plant-cell/data_raw/Pisum sativum_PRJNA983513.anno.csv	4fd8007e44b6c75d7532077a61ab2e651bd56d048f6704616e962f2c2c98d229	/workspace/projects/PhyloOpenCell/metadata/gene_mapping_candidate_summary.tsv;/workspace/projects/PhyloOpenCell/metadata/dataset_orthogroup_coverage_v1.tsv	c1b43878a37f9df6b71d43837c126fa75978f4fbf274dbe36de802713efc926f;5bf556f16a0a3dc2bc78cea55cd5a1e852aef9f302ee79aee0e1baf98f8104b3	orthogroup mapping coverage not evaluated for this manifest dataset; values retained blank
Pisum sativum_PRJNA983513	PRJNA983513	Pisum sativum	vascular		standardized H5AD var_names mapped to species reference-gene candidates	21854						reference_longest_protein_v1	gene_mapping_candidates_v1 + gene_orthogroup_candidates_v1	excluded	orthogroup_coverage_below_60pct_or_unavailable;fewer_than_two_candidate_labels_with_100_cells	X	nonnegative_integer_unverified;csr	int64	/data/datasets/Bioinformatics/h5ad/Pisum sativum_PRJNA983513.h5ad	/root/autodl-tmp/project/plant-cell/data_raw/Pisum sativum_PRJNA983513.anno.csv	4fd8007e44b6c75d7532077a61ab2e651bd56d048f6704616e962f2c2c98d229	/workspace/projects/PhyloOpenCell/metadata/gene_mapping_candidate_summary.tsv;/workspace/projects/PhyloOpenCell/metadata/dataset_orthogroup_coverage_v1.tsv	c1b43878a37f9df6b71d43837c126fa75978f4fbf274dbe36de802713efc926f;5bf556f16a0a3dc2bc78cea55cd5a1e852aef9f302ee79aee0e1baf98f8104b3	orthogroup mapping coverage not evaluated for this manifest dataset; values retained blank
Populus alba x Populus glandulosa_PRJNA703312	PRJNA703312	Populus alba x Populus glandulosa	leaf		standardized H5AD var_names mapped to species reference-gene candidates	45469						reference_longest_protein_v1	gene_mapping_candidates_v1 + gene_orthogroup_candidates_v1	excluded	orthogroup_coverage_below_60pct_or_unavailable;fewer_than_two_candidate_labels_with_100_cells	X	scaled_continuous;dense	float32	/data/datasets/Bioinformatics/h5ad/Populus alba x Populus glandulosa_PRJNA703312.h5ad	/root/autodl-tmp/project/plant-cell/data_raw/Populus alba x Populus glandulosa_PRJNA703312.anno.csv	a3441fd07fa1dbd2be60f70345a40cf87ff3f2f000a060045847a31a77b8afe7	/workspace/projects/PhyloOpenCell/metadata/gene_mapping_candidate_summary.tsv;/workspace/projects/PhyloOpenCell/metadata/dataset_orthogroup_coverage_v1.tsv	c1b43878a37f9df6b71d43837c126fa75978f4fbf274dbe36de802713efc926f;5bf556f16a0a3dc2bc78cea55cd5a1e852aef9f302ee79aee0e1baf98f8104b3	orthogroup mapping coverage not evaluated for this manifest dataset; values retained blank
Populus alba x Populus glandulosa_PRJNA703312	PRJNA703312	Populus alba x Populus glandulosa	root		standardized H5AD var_names mapped to species reference-gene candidates	45469						reference_longest_protein_v1	gene_mapping_candidates_v1 + gene_orthogroup_candidates_v1	excluded	orthogroup_coverage_below_60pct_or_unavailable;fewer_than_two_candidate_labels_with_100_cells	X	scaled_continuous;dense	float32	/data/datasets/Bioinformatics/h5ad/Populus alba x Populus glandulosa_PRJNA703312.h5ad	/root/autodl-tmp/project/plant-cell/data_raw/Populus alba x Populus glandulosa_PRJNA703312.anno.csv	a3441fd07fa1dbd2be60f70345a40cf87ff3f2f000a060045847a31a77b8afe7	/workspace/projects/PhyloOpenCell/metadata/gene_mapping_candidate_summary.tsv;/workspace/projects/PhyloOpenCell/metadata/dataset_orthogroup_coverage_v1.tsv	c1b43878a37f9df6b71d43837c126fa75978f4fbf274dbe36de802713efc926f;5bf556f16a0a3dc2bc78cea55cd5a1e852aef9f302ee79aee0e1baf98f8104b3	orthogroup mapping coverage not evaluated for this manifest dataset; values retained blank
Populus alba x Populus glandulosa_PRJNA703312	PRJNA703312	Populus alba x Populus glandulosa	vascular		standardized H5AD var_names mapped to species reference-gene candidates	45469						reference_longest_protein_v1	gene_mapping_candidates_v1 + gene_orthogroup_candidates_v1	excluded	orthogroup_coverage_below_60pct_or_unavailable;fewer_than_two_candidate_labels_with_100_cells	X	scaled_continuous;dense	float32	/data/datasets/Bioinformatics/h5ad/Populus alba x Populus glandulosa_PRJNA703312.h5ad	/root/autodl-tmp/project/plant-cell/data_raw/Populus alba x Populus glandulosa_PRJNA703312.anno.csv	a3441fd07fa1dbd2be60f70345a40cf87ff3f2f000a060045847a31a77b8afe7	/workspace/projects/PhyloOpenCell/metadata/gene_mapping_candidate_summary.tsv;/workspace/projects/PhyloOpenCell/metadata/dataset_orthogroup_coverage_v1.tsv	c1b43878a37f9df6b71d43837c126fa75978f4fbf274dbe36de802713efc926f;5bf556f16a0a3dc2bc78cea55cd5a1e852aef9f302ee79aee0e1baf98f8104b3	orthogroup mapping coverage not evaluated for this manifest dataset; values retained blank
Populus alba x Populus tremula_PRJNA787915	PRJNA787915	Populus alba x Populus tremula	leaf		standardized H5AD var_names mapped to species reference-gene candidates	28686						reference_longest_protein_v1	gene_mapping_candidates_v1 + gene_orthogroup_candidates_v1	excluded	orthogroup_coverage_below_60pct_or_unavailable;species_not_officially_matched;fewer_than_two_candidate_labels_with_100_cells	X	nonnegative_integer_unverified;csr	int64	/data/datasets/Bioinformatics/h5ad/Populus alba x Populus tremula_PRJNA787915.h5ad	/root/autodl-tmp/project/plant-cell/data_raw/Populus alba x Populus tremula_PRJNA787915.anno.csv	f05946d1b0d90ea001755452e9b63e96cc6b8c702610c998b35509e3d8d67ba4	/workspace/projects/PhyloOpenCell/metadata/gene_mapping_candidate_summary.tsv;/workspace/projects/PhyloOpenCell/metadata/dataset_orthogroup_coverage_v1.tsv	c1b43878a37f9df6b71d43837c126fa75978f4fbf274dbe36de802713efc926f;5bf556f16a0a3dc2bc78cea55cd5a1e852aef9f302ee79aee0e1baf98f8104b3	orthogroup mapping coverage not evaluated for this manifest dataset; values retained blank
Populus alba x Populus tremula_PRJNA787915	PRJNA787915	Populus alba x Populus tremula	root		standardized H5AD var_names mapped to species reference-gene candidates	28686						reference_longest_protein_v1	gene_mapping_candidates_v1 + gene_orthogroup_candidates_v1	excluded	orthogroup_coverage_below_60pct_or_unavailable;species_not_officially_matched;fewer_than_two_candidate_labels_with_100_cells	X	nonnegative_integer_unverified;csr	int64	/data/datasets/Bioinformatics/h5ad/Populus alba x Populus tremula_PRJNA787915.h5ad	/root/autodl-tmp/project/plant-cell/data_raw/Populus alba x Populus tremula_PRJNA787915.anno.csv	f05946d1b0d90ea001755452e9b63e96cc6b8c702610c998b35509e3d8d67ba4	/workspace/projects/PhyloOpenCell/metadata/gene_mapping_candidate_summary.tsv;/workspace/projects/PhyloOpenCell/metadata/dataset_orthogroup_coverage_v1.tsv	c1b43878a37f9df6b71d43837c126fa75978f4fbf274dbe36de802713efc926f;5bf556f16a0a3dc2bc78cea55cd5a1e852aef9f302ee79aee0e1baf98f8104b3	orthogroup mapping coverage not evaluated for this manifest dataset; values retained blank
Populus alba x Populus tremula_PRJNA787915	PRJNA787915	Populus alba x Populus tremula	vascular		standardized H5AD var_names mapped to species reference-gene candidates	28686						reference_longest_protein_v1	gene_mapping_candidates_v1 + gene_orthogroup_candidates_v1	excluded	orthogroup_coverage_below_60pct_or_unavailable;species_not_officially_matched;fewer_than_two_candidate_labels_with_100_cells	X	nonnegative_integer_unverified;csr	int64	/data/datasets/Bioinformatics/h5ad/Populus alba x Populus tremula_PRJNA787915.h5ad	/root/autodl-tmp/project/plant-cell/data_raw/Populus alba x Populus tremula_PRJNA787915.anno.csv	f05946d1b0d90ea001755452e9b63e96cc6b8c702610c998b35509e3d8d67ba4	/workspace/projects/PhyloOpenCell/metadata/gene_mapping_candidate_summary.tsv;/workspace/projects/PhyloOpenCell/metadata/dataset_orthogroup_coverage_v1.tsv	c1b43878a37f9df6b71d43837c126fa75978f4fbf274dbe36de802713efc926f;5bf556f16a0a3dc2bc78cea55cd5a1e852aef9f302ee79aee0e1baf98f8104b3	orthogroup mapping coverage not evaluated for this manifest dataset; values retained blank
Populus alba_PRJCA005543	PRJCA005543	Populus alba	leaf		standardized H5AD var_names mapped to species reference-gene candidates	28525						reference_longest_protein_v1	gene_mapping_candidates_v1 + gene_orthogroup_candidates_v1	excluded	orthogroup_coverage_below_60pct_or_unavailable;fewer_than_two_candidate_labels_with_100_cells	X	nonnegative_integer_unverified;csr	int64	/data/datasets/Bioinformatics/h5ad/Populus alba_PRJCA005543.h5ad	/root/autodl-tmp/project/plant-cell/data_raw/Populus alba_PRJCA005543.anno.csv	9575db9013f215ab37014dd0de7522ec2d6cab85afb16e87a32f2862ca696885	/workspace/projects/PhyloOpenCell/metadata/gene_mapping_candidate_summary.tsv;/workspace/projects/PhyloOpenCell/metadata/dataset_orthogroup_coverage_v1.tsv	c1b43878a37f9df6b71d43837c126fa75978f4fbf274dbe36de802713efc926f;5bf556f16a0a3dc2bc78cea55cd5a1e852aef9f302ee79aee0e1baf98f8104b3	orthogroup mapping coverage not evaluated for this manifest dataset; values retained blank
Populus alba_PRJCA005543	PRJCA005543	Populus alba	root		standardized H5AD var_names mapped to species reference-gene candidates	28525						reference_longest_protein_v1	gene_mapping_candidates_v1 + gene_orthogroup_candidates_v1	excluded	orthogroup_coverage_below_60pct_or_unavailable;fewer_than_two_candidate_labels_with_100_cells	X	nonnegative_integer_unverified;csr	int64	/data/datasets/Bioinformatics/h5ad/Populus alba_PRJCA005543.h5ad	/root/autodl-tmp/project/plant-cell/data_raw/Populus alba_PRJCA005543.anno.csv	9575db9013f215ab37014dd0de7522ec2d6cab85afb16e87a32f2862ca696885	/workspace/projects/PhyloOpenCell/metadata/gene_mapping_candidate_summary.tsv;/workspace/projects/PhyloOpenCell/metadata/dataset_orthogroup_coverage_v1.tsv	c1b43878a37f9df6b71d43837c126fa75978f4fbf274dbe36de802713efc926f;5bf556f16a0a3dc2bc78cea55cd5a1e852aef9f302ee79aee0e1baf98f8104b3	orthogroup mapping coverage not evaluated for this manifest dataset; values retained blank
Populus alba_PRJCA005543	PRJCA005543	Populus alba	vascular		standardized H5AD var_names mapped to species reference-gene candidates	28525						reference_longest_protein_v1	gene_mapping_candidates_v1 + gene_orthogroup_candidates_v1	excluded	orthogroup_coverage_below_60pct_or_unavailable;fewer_than_two_candidate_labels_with_100_cells	X	nonnegative_integer_unverified;csr	int64	/data/datasets/Bioinformatics/h5ad/Populus alba_PRJCA005543.h5ad	/root/autodl-tmp/project/plant-cell/data_raw/Populus alba_PRJCA005543.anno.csv	9575db9013f215ab37014dd0de7522ec2d6cab85afb16e87a32f2862ca696885	/workspace/projects/PhyloOpenCell/metadata/gene_mapping_candidate_summary.tsv;/workspace/projects/PhyloOpenCell/metadata/dataset_orthogroup_coverage_v1.tsv	c1b43878a37f9df6b71d43837c126fa75978f4fbf274dbe36de802713efc926f;5bf556f16a0a3dc2bc78cea55cd5a1e852aef9f302ee79aee0e1baf98f8104b3	orthogroup mapping coverage not evaluated for this manifest dataset; values retained blank
Populus euramericana_PRJCA015012_Primary	PRJCA015012	Populus euramericana	leaf		standardized H5AD var_names mapped to species reference-gene candidates	27680						reference_longest_protein_v1	gene_mapping_candidates_v1 + gene_orthogroup_candidates_v1	excluded	orthogroup_coverage_below_60pct_or_unavailable;fewer_than_two_candidate_labels_with_100_cells	X	scaled_continuous;dense	float32	/data/datasets/Bioinformatics/h5ad/Populus euramericana_PRJCA015012_Primary.h5ad	/root/autodl-tmp/project/plant-cell/data_raw/Populus euramericana_PRJCA015012_Primary.anno.csv	db6ebbe314fcff47a9917af1fc152ffd916c5ffa6c4ffc1d86a9ba8718710824	/workspace/projects/PhyloOpenCell/metadata/gene_mapping_candidate_summary.tsv;/workspace/projects/PhyloOpenCell/metadata/dataset_orthogroup_coverage_v1.tsv	c1b43878a37f9df6b71d43837c126fa75978f4fbf274dbe36de802713efc926f;5bf556f16a0a3dc2bc78cea55cd5a1e852aef9f302ee79aee0e1baf98f8104b3	orthogroup mapping coverage not evaluated for this manifest dataset; values retained blank
Populus euramericana_PRJCA015012_Primary	PRJCA015012	Populus euramericana	root		standardized H5AD var_names mapped to species reference-gene candidates	27680						reference_longest_protein_v1	gene_mapping_candidates_v1 + gene_orthogroup_candidates_v1	excluded	orthogroup_coverage_below_60pct_or_unavailable;fewer_than_two_candidate_labels_with_100_cells	X	scaled_continuous;dense	float32	/data/datasets/Bioinformatics/h5ad/Populus euramericana_PRJCA015012_Primary.h5ad	/root/autodl-tmp/project/plant-cell/data_raw/Populus euramericana_PRJCA015012_Primary.anno.csv	db6ebbe314fcff47a9917af1fc152ffd916c5ffa6c4ffc1d86a9ba8718710824	/workspace/projects/PhyloOpenCell/metadata/gene_mapping_candidate_summary.tsv;/workspace/projects/PhyloOpenCell/metadata/dataset_orthogroup_coverage_v1.tsv	c1b43878a37f9df6b71d43837c126fa75978f4fbf274dbe36de802713efc926f;5bf556f16a0a3dc2bc78cea55cd5a1e852aef9f302ee79aee0e1baf98f8104b3	orthogroup mapping coverage not evaluated for this manifest dataset; values retained blank
Populus euramericana_PRJCA015012_Primary	PRJCA015012	Populus euramericana	vascular		standardized H5AD var_names mapped to species reference-gene candidates	27680						reference_longest_protein_v1	gene_mapping_candidates_v1 + gene_orthogroup_candidates_v1	excluded	orthogroup_coverage_below_60pct_or_unavailable;fewer_than_two_candidate_labels_with_100_cells	X	scaled_continuous;dense	float32	/data/datasets/Bioinformatics/h5ad/Populus euramericana_PRJCA015012_Primary.h5ad	/root/autodl-tmp/project/plant-cell/data_raw/Populus euramericana_PRJCA015012_Primary.anno.csv	db6ebbe314fcff47a9917af1fc152ffd916c5ffa6c4ffc1d86a9ba8718710824	/workspace/projects/PhyloOpenCell/metadata/gene_mapping_candidate_summary.tsv;/workspace/projects/PhyloOpenCell/metadata/dataset_orthogroup_coverage_v1.tsv	c1b43878a37f9df6b71d43837c126fa75978f4fbf274dbe36de802713efc926f;5bf556f16a0a3dc2bc78cea55cd5a1e852aef9f302ee79aee0e1baf98f8104b3	orthogroup mapping coverage not evaluated for this manifest dataset; values retained blank
Populus euramericana_PRJCA015012_Secondary	PRJCA015012	Populus euramericana	leaf		standardized H5AD var_names mapped to species reference-gene candidates	28948						reference_longest_protein_v1	gene_mapping_candidates_v1 + gene_orthogroup_candidates_v1	excluded	orthogroup_coverage_below_60pct_or_unavailable;fewer_than_two_candidate_labels_with_100_cells	X	scaled_continuous;dense	float32	/data/datasets/Bioinformatics/h5ad/Populus euramericana_PRJCA015012_Secondary.h5ad	/root/autodl-tmp/project/plant-cell/data_raw/Populus euramericana_PRJCA015012_Secondary.anno.csv	c1ed95cdc8b101a4d17cb166aa81ce2409e265fcb5e5448bb6fdac80a89c7d1f	/workspace/projects/PhyloOpenCell/metadata/gene_mapping_candidate_summary.tsv;/workspace/projects/PhyloOpenCell/metadata/dataset_orthogroup_coverage_v1.tsv	c1b43878a37f9df6b71d43837c126fa75978f4fbf274dbe36de802713efc926f;5bf556f16a0a3dc2bc78cea55cd5a1e852aef9f302ee79aee0e1baf98f8104b3	orthogroup mapping coverage not evaluated for this manifest dataset; values retained blank
Populus euramericana_PRJCA015012_Secondary	PRJCA015012	Populus euramericana	root		standardized H5AD var_names mapped to species reference-gene candidates	28948						reference_longest_protein_v1	gene_mapping_candidates_v1 + gene_orthogroup_candidates_v1	excluded	orthogroup_coverage_below_60pct_or_unavailable;fewer_than_two_candidate_labels_with_100_cells	X	scaled_continuous;dense	float32	/data/datasets/Bioinformatics/h5ad/Populus euramericana_PRJCA015012_Secondary.h5ad	/root/autodl-tmp/project/plant-cell/data_raw/Populus euramericana_PRJCA015012_Secondary.anno.csv	c1ed95cdc8b101a4d17cb166aa81ce2409e265fcb5e5448bb6fdac80a89c7d1f	/workspace/projects/PhyloOpenCell/metadata/gene_mapping_candidate_summary.tsv;/workspace/projects/PhyloOpenCell/metadata/dataset_orthogroup_coverage_v1.tsv	c1b43878a37f9df6b71d43837c126fa75978f4fbf274dbe36de802713efc926f;5bf556f16a0a3dc2bc78cea55cd5a1e852aef9f302ee79aee0e1baf98f8104b3	orthogroup mapping coverage not evaluated for this manifest dataset; values retained blank
Populus euramericana_PRJCA015012_Secondary	PRJCA015012	Populus euramericana	vascular		standardized H5AD var_names mapped to species reference-gene candidates	28948						reference_longest_protein_v1	gene_mapping_candidates_v1 + gene_orthogroup_candidates_v1	excluded	orthogroup_coverage_below_60pct_or_unavailable;fewer_than_two_candidate_labels_with_100_cells	X	scaled_continuous;dense	float32	/data/datasets/Bioinformatics/h5ad/Populus euramericana_PRJCA015012_Secondary.h5ad	/root/autodl-tmp/project/plant-cell/data_raw/Populus euramericana_PRJCA015012_Secondary.anno.csv	c1ed95cdc8b101a4d17cb166aa81ce2409e265fcb5e5448bb6fdac80a89c7d1f	/workspace/projects/PhyloOpenCell/metadata/gene_mapping_candidate_summary.tsv;/workspace/projects/PhyloOpenCell/metadata/dataset_orthogroup_coverage_v1.tsv	c1b43878a37f9df6b71d43837c126fa75978f4fbf274dbe36de802713efc926f;5bf556f16a0a3dc2bc78cea55cd5a1e852aef9f302ee79aee0e1baf98f8104b3	orthogroup mapping coverage not evaluated for this manifest dataset; values retained blank
Populus trichocarpa_PRJCA014789	PRJCA014789	Populus trichocarpa	leaf		standardized H5AD var_names mapped to species reference-gene candidates	29824	29672	27567	0.9243226931330472	0.9243226931330472	0.0	reference_longest_protein_v1	gene_mapping_candidates_v1 + gene_orthogroup_candidates_v1	excluded	fewer_than_two_candidate_labels_with_100_cells	X	nonnegative_integer_unverified;csr	int64	/data/datasets/Bioinformatics/h5ad/Populus trichocarpa_PRJCA014789.h5ad	/root/autodl-tmp/project/plant-cell/data_raw/Populus trichocarpa_PRJCA014789.anno.csv	8da0880d0412060ea2efecbed5116b3275c1541df041c6663ca2a44ae7321583	/workspace/projects/PhyloOpenCell/metadata/gene_mapping_candidate_summary.tsv;/workspace/projects/PhyloOpenCell/metadata/dataset_orthogroup_coverage_v1.tsv	c1b43878a37f9df6b71d43837c126fa75978f4fbf274dbe36de802713efc926f;5bf556f16a0a3dc2bc78cea55cd5a1e852aef9f302ee79aee0e1baf98f8104b3	
Populus trichocarpa_PRJCA014789	PRJCA014789	Populus trichocarpa	root		standardized H5AD var_names mapped to species reference-gene candidates	29824	29672	27567	0.9243226931330472	0.9243226931330472	0.0	reference_longest_protein_v1	gene_mapping_candidates_v1 + gene_orthogroup_candidates_v1	excluded	fewer_than_two_candidate_labels_with_100_cells	X	nonnegative_integer_unverified;csr	int64	/data/datasets/Bioinformatics/h5ad/Populus trichocarpa_PRJCA014789.h5ad	/root/autodl-tmp/project/plant-cell/data_raw/Populus trichocarpa_PRJCA014789.anno.csv	8da0880d0412060ea2efecbed5116b3275c1541df041c6663ca2a44ae7321583	/workspace/projects/PhyloOpenCell/metadata/gene_mapping_candidate_summary.tsv;/workspace/projects/PhyloOpenCell/metadata/dataset_orthogroup_coverage_v1.tsv	c1b43878a37f9df6b71d43837c126fa75978f4fbf274dbe36de802713efc926f;5bf556f16a0a3dc2bc78cea55cd5a1e852aef9f302ee79aee0e1baf98f8104b3	
Populus trichocarpa_PRJCA014789	PRJCA014789	Populus trichocarpa	vascular		standardized H5AD var_names mapped to species reference-gene candidates	29824	29672	27567	0.9243226931330472	0.9243226931330472	0.0	reference_longest_protein_v1	gene_mapping_candidates_v1 + gene_orthogroup_candidates_v1	excluded	fewer_than_two_candidate_labels_with_100_cells	X	nonnegative_integer_unverified;csr	int64	/data/datasets/Bioinformatics/h5ad/Populus trichocarpa_PRJCA014789.h5ad	/root/autodl-tmp/project/plant-cell/data_raw/Populus trichocarpa_PRJCA014789.anno.csv	8da0880d0412060ea2efecbed5116b3275c1541df041c6663ca2a44ae7321583	/workspace/projects/PhyloOpenCell/metadata/gene_mapping_candidate_summary.tsv;/workspace/projects/PhyloOpenCell/metadata/dataset_orthogroup_coverage_v1.tsv	c1b43878a37f9df6b71d43837c126fa75978f4fbf274dbe36de802713efc926f;5bf556f16a0a3dc2bc78cea55cd5a1e852aef9f302ee79aee0e1baf98f8104b3	
Populus trichocarpa_PRJNA746591	PRJNA746591	Populus trichocarpa	leaf		standardized H5AD var_names mapped to species reference-gene candidates	28134	27827	26091	0.9273832373640435	0.9273832373640435	0.0	reference_longest_protein_v1	gene_mapping_candidates_v1 + gene_orthogroup_candidates_v1	excluded	fewer_than_two_candidate_labels_with_100_cells	X	nonnegative_integer_unverified;csr	int64	/data/datasets/Bioinformatics/h5ad/Populus trichocarpa_PRJNA746591.h5ad	/root/autodl-tmp/project/plant-cell/data_raw/Populus trichocarpa_PRJNA746591.anno.csv	25dde13d2af76b4a756907faa52b2103c6dff917d5bda634878518a60fca02c2	/workspace/projects/PhyloOpenCell/metadata/gene_mapping_candidate_summary.tsv;/workspace/projects/PhyloOpenCell/metadata/dataset_orthogroup_coverage_v1.tsv	c1b43878a37f9df6b71d43837c126fa75978f4fbf274dbe36de802713efc926f;5bf556f16a0a3dc2bc78cea55cd5a1e852aef9f302ee79aee0e1baf98f8104b3	
Populus trichocarpa_PRJNA746591	PRJNA746591	Populus trichocarpa	root		standardized H5AD var_names mapped to species reference-gene candidates	28134	27827	26091	0.9273832373640435	0.9273832373640435	0.0	reference_longest_protein_v1	gene_mapping_candidates_v1 + gene_orthogroup_candidates_v1	excluded	fewer_than_two_candidate_labels_with_100_cells	X	nonnegative_integer_unverified;csr	int64	/data/datasets/Bioinformatics/h5ad/Populus trichocarpa_PRJNA746591.h5ad	/root/autodl-tmp/project/plant-cell/data_raw/Populus trichocarpa_PRJNA746591.anno.csv	25dde13d2af76b4a756907faa52b2103c6dff917d5bda634878518a60fca02c2	/workspace/projects/PhyloOpenCell/metadata/gene_mapping_candidate_summary.tsv;/workspace/projects/PhyloOpenCell/metadata/dataset_orthogroup_coverage_v1.tsv	c1b43878a37f9df6b71d43837c126fa75978f4fbf274dbe36de802713efc926f;5bf556f16a0a3dc2bc78cea55cd5a1e852aef9f302ee79aee0e1baf98f8104b3	
Populus trichocarpa_PRJNA746591	PRJNA746591	Populus trichocarpa	vascular		standardized H5AD var_names mapped to species reference-gene candidates	28134	27827	26091	0.9273832373640435	0.9273832373640435	0.0	reference_longest_protein_v1	gene_mapping_candidates_v1 + gene_orthogroup_candidates_v1	excluded	fewer_than_two_candidate_labels_with_100_cells	X	nonnegative_integer_unverified;csr	int64	/data/datasets/Bioinformatics/h5ad/Populus trichocarpa_PRJNA746591.h5ad	/root/autodl-tmp/project/plant-cell/data_raw/Populus trichocarpa_PRJNA746591.anno.csv	25dde13d2af76b4a756907faa52b2103c6dff917d5bda634878518a60fca02c2	/workspace/projects/PhyloOpenCell/metadata/gene_mapping_candidate_summary.tsv;/workspace/projects/PhyloOpenCell/metadata/dataset_orthogroup_coverage_v1.tsv	c1b43878a37f9df6b71d43837c126fa75978f4fbf274dbe36de802713efc926f;5bf556f16a0a3dc2bc78cea55cd5a1e852aef9f302ee79aee0e1baf98f8104b3	
Solanum lycopersicum_PRJNA667489	PRJNA667489	Solanum lycopersicum	leaf		standardized H5AD var_names mapped to species reference-gene candidates	20410						reference_longest_protein_v1	gene_mapping_candidates_v1 + gene_orthogroup_candidates_v1	excluded	orthogroup_coverage_below_60pct_or_unavailable;fewer_than_two_candidate_labels_with_100_cells	X	scaled_continuous;dense	float32	/data/datasets/Bioinformatics/h5ad/Solanum lycopersicum_PRJNA667489.h5ad	/root/autodl-tmp/project/plant-cell/data_raw/Solanum lycopersicum_PRJNA667489.anno.csv	09f028a390af476764334a2dfda05a37110fd8dca3c13883c3d916ae73bf80f6	/workspace/projects/PhyloOpenCell/metadata/gene_mapping_candidate_summary.tsv;/workspace/projects/PhyloOpenCell/metadata/dataset_orthogroup_coverage_v1.tsv	c1b43878a37f9df6b71d43837c126fa75978f4fbf274dbe36de802713efc926f;5bf556f16a0a3dc2bc78cea55cd5a1e852aef9f302ee79aee0e1baf98f8104b3	orthogroup mapping coverage not evaluated for this manifest dataset; values retained blank
Solanum lycopersicum_PRJNA667489	PRJNA667489	Solanum lycopersicum	root		standardized H5AD var_names mapped to species reference-gene candidates	20410						reference_longest_protein_v1	gene_mapping_candidates_v1 + gene_orthogroup_candidates_v1	excluded	orthogroup_coverage_below_60pct_or_unavailable;fewer_than_two_candidate_labels_with_100_cells	X	scaled_continuous;dense	float32	/data/datasets/Bioinformatics/h5ad/Solanum lycopersicum_PRJNA667489.h5ad	/root/autodl-tmp/project/plant-cell/data_raw/Solanum lycopersicum_PRJNA667489.anno.csv	09f028a390af476764334a2dfda05a37110fd8dca3c13883c3d916ae73bf80f6	/workspace/projects/PhyloOpenCell/metadata/gene_mapping_candidate_summary.tsv;/workspace/projects/PhyloOpenCell/metadata/dataset_orthogroup_coverage_v1.tsv	c1b43878a37f9df6b71d43837c126fa75978f4fbf274dbe36de802713efc926f;5bf556f16a0a3dc2bc78cea55cd5a1e852aef9f302ee79aee0e1baf98f8104b3	orthogroup mapping coverage not evaluated for this manifest dataset; values retained blank
Solanum lycopersicum_PRJNA667489	PRJNA667489	Solanum lycopersicum	vascular		standardized H5AD var_names mapped to species reference-gene candidates	20410						reference_longest_protein_v1	gene_mapping_candidates_v1 + gene_orthogroup_candidates_v1	excluded	orthogroup_coverage_below_60pct_or_unavailable;fewer_than_two_candidate_labels_with_100_cells	X	scaled_continuous;dense	float32	/data/datasets/Bioinformatics/h5ad/Solanum lycopersicum_PRJNA667489.h5ad	/root/autodl-tmp/project/plant-cell/data_raw/Solanum lycopersicum_PRJNA667489.anno.csv	09f028a390af476764334a2dfda05a37110fd8dca3c13883c3d916ae73bf80f6	/workspace/projects/PhyloOpenCell/metadata/gene_mapping_candidate_summary.tsv;/workspace/projects/PhyloOpenCell/metadata/dataset_orthogroup_coverage_v1.tsv	c1b43878a37f9df6b71d43837c126fa75978f4fbf274dbe36de802713efc926f;5bf556f16a0a3dc2bc78cea55cd5a1e852aef9f302ee79aee0e1baf98f8104b3	orthogroup mapping coverage not evaluated for this manifest dataset; values retained blank
Solanum lycopersicum_PRJNA833659	PRJNA833659	Solanum lycopersicum	leaf		standardized H5AD var_names mapped to species reference-gene candidates	24160						reference_longest_protein_v1	gene_mapping_candidates_v1 + gene_orthogroup_candidates_v1	excluded	orthogroup_coverage_below_60pct_or_unavailable;fewer_than_two_candidate_labels_with_100_cells	X	nonnegative_integer_unverified;csr	int64	/data/datasets/Bioinformatics/h5ad/Solanum lycopersicum_PRJNA833659.h5ad	/root/autodl-tmp/project/plant-cell/data_raw/Solanum lycopersicum_PRJNA833659.anno.csv	59e51d63ed25754d7170ff0f20c2c5ba3922f05417b71f117b7cbf65649bf454	/workspace/projects/PhyloOpenCell/metadata/gene_mapping_candidate_summary.tsv;/workspace/projects/PhyloOpenCell/metadata/dataset_orthogroup_coverage_v1.tsv	c1b43878a37f9df6b71d43837c126fa75978f4fbf274dbe36de802713efc926f;5bf556f16a0a3dc2bc78cea55cd5a1e852aef9f302ee79aee0e1baf98f8104b3	orthogroup mapping coverage not evaluated for this manifest dataset; values retained blank
Solanum lycopersicum_PRJNA833659	PRJNA833659	Solanum lycopersicum	root		standardized H5AD var_names mapped to species reference-gene candidates	24160						reference_longest_protein_v1	gene_mapping_candidates_v1 + gene_orthogroup_candidates_v1	excluded	orthogroup_coverage_below_60pct_or_unavailable;fewer_than_two_candidate_labels_with_100_cells	X	nonnegative_integer_unverified;csr	int64	/data/datasets/Bioinformatics/h5ad/Solanum lycopersicum_PRJNA833659.h5ad	/root/autodl-tmp/project/plant-cell/data_raw/Solanum lycopersicum_PRJNA833659.anno.csv	59e51d63ed25754d7170ff0f20c2c5ba3922f05417b71f117b7cbf65649bf454	/workspace/projects/PhyloOpenCell/metadata/gene_mapping_candidate_summary.tsv;/workspace/projects/PhyloOpenCell/metadata/dataset_orthogroup_coverage_v1.tsv	c1b43878a37f9df6b71d43837c126fa75978f4fbf274dbe36de802713efc926f;5bf556f16a0a3dc2bc78cea55cd5a1e852aef9f302ee79aee0e1baf98f8104b3	orthogroup mapping coverage not evaluated for this manifest dataset; values retained blank
Solanum lycopersicum_PRJNA833659	PRJNA833659	Solanum lycopersicum	vascular		standardized H5AD var_names mapped to species reference-gene candidates	24160						reference_longest_protein_v1	gene_mapping_candidates_v1 + gene_orthogroup_candidates_v1	excluded	orthogroup_coverage_below_60pct_or_unavailable;fewer_than_two_candidate_labels_with_100_cells	X	nonnegative_integer_unverified;csr	int64	/data/datasets/Bioinformatics/h5ad/Solanum lycopersicum_PRJNA833659.h5ad	/root/autodl-tmp/project/plant-cell/data_raw/Solanum lycopersicum_PRJNA833659.anno.csv	59e51d63ed25754d7170ff0f20c2c5ba3922f05417b71f117b7cbf65649bf454	/workspace/projects/PhyloOpenCell/metadata/gene_mapping_candidate_summary.tsv;/workspace/projects/PhyloOpenCell/metadata/dataset_orthogroup_coverage_v1.tsv	c1b43878a37f9df6b71d43837c126fa75978f4fbf274dbe36de802713efc926f;5bf556f16a0a3dc2bc78cea55cd5a1e852aef9f302ee79aee0e1baf98f8104b3	orthogroup mapping coverage not evaluated for this manifest dataset; values retained blank
Sorghum bicolor_PRJNA935359	PRJNA935359	Sorghum bicolor	leaf		standardized H5AD var_names mapped to species reference-gene candidates	22139	21761	20599	0.9304394959121911	0.9304394959121911	0.0	reference_longest_protein_v1	gene_mapping_candidates_v1 + gene_orthogroup_candidates_v1	excluded	fewer_than_two_candidate_labels_with_100_cells	X	nonnegative_integer_unverified;csr	int64	/data/datasets/Bioinformatics/h5ad/Sorghum bicolor_PRJNA935359.h5ad	/root/autodl-tmp/project/plant-cell/data_raw/Sorghum bicolor_PRJNA935359.anno.csv	b06c935767e004a132633e3c7b226706de88d48606058b54de37974f365a233e	/workspace/projects/PhyloOpenCell/metadata/gene_mapping_candidate_summary.tsv;/workspace/projects/PhyloOpenCell/metadata/dataset_orthogroup_coverage_v1.tsv	c1b43878a37f9df6b71d43837c126fa75978f4fbf274dbe36de802713efc926f;5bf556f16a0a3dc2bc78cea55cd5a1e852aef9f302ee79aee0e1baf98f8104b3	
Sorghum bicolor_PRJNA935359	PRJNA935359	Sorghum bicolor	root		standardized H5AD var_names mapped to species reference-gene candidates	22139	21761	20599	0.9304394959121911	0.9304394959121911	0.0	reference_longest_protein_v1	gene_mapping_candidates_v1 + gene_orthogroup_candidates_v1	eligible	passes_provisional_panel_gates	X	nonnegative_integer_unverified;csr	int64	/data/datasets/Bioinformatics/h5ad/Sorghum bicolor_PRJNA935359.h5ad	/root/autodl-tmp/project/plant-cell/data_raw/Sorghum bicolor_PRJNA935359.anno.csv	b06c935767e004a132633e3c7b226706de88d48606058b54de37974f365a233e	/workspace/projects/PhyloOpenCell/metadata/gene_mapping_candidate_summary.tsv;/workspace/projects/PhyloOpenCell/metadata/dataset_orthogroup_coverage_v1.tsv	c1b43878a37f9df6b71d43837c126fa75978f4fbf274dbe36de802713efc926f;5bf556f16a0a3dc2bc78cea55cd5a1e852aef9f302ee79aee0e1baf98f8104b3	
Sorghum bicolor_PRJNA935359	PRJNA935359	Sorghum bicolor	vascular		standardized H5AD var_names mapped to species reference-gene candidates	22139	21761	20599	0.9304394959121911	0.9304394959121911	0.0	reference_longest_protein_v1	gene_mapping_candidates_v1 + gene_orthogroup_candidates_v1	eligible	passes_provisional_panel_gates	X	nonnegative_integer_unverified;csr	int64	/data/datasets/Bioinformatics/h5ad/Sorghum bicolor_PRJNA935359.h5ad	/root/autodl-tmp/project/plant-cell/data_raw/Sorghum bicolor_PRJNA935359.anno.csv	b06c935767e004a132633e3c7b226706de88d48606058b54de37974f365a233e	/workspace/projects/PhyloOpenCell/metadata/gene_mapping_candidate_summary.tsv;/workspace/projects/PhyloOpenCell/metadata/dataset_orthogroup_coverage_v1.tsv	c1b43878a37f9df6b71d43837c126fa75978f4fbf274dbe36de802713efc926f;5bf556f16a0a3dc2bc78cea55cd5a1e852aef9f302ee79aee0e1baf98f8104b3	
Triticum aestivum_PRJCA012935	PRJCA012935	Triticum aestivum	leaf		standardized H5AD var_names mapped to species reference-gene candidates	70387						reference_longest_protein_v1	gene_mapping_candidates_v1 + gene_orthogroup_candidates_v1	excluded	orthogroup_coverage_below_60pct_or_unavailable;fewer_than_two_candidate_labels_with_100_cells	X	scaled_continuous;dense	float32	/data/datasets/Bioinformatics/h5ad/Triticum aestivum_PRJCA012935.h5ad	/root/autodl-tmp/project/plant-cell/data_raw/Triticum aestivum_PRJCA012935.anno.csv	6e492f55865fd1113dabe46f2a6c92d415ee2e6ed7e6d13b059e37affff3c0c8	/workspace/projects/PhyloOpenCell/metadata/gene_mapping_candidate_summary.tsv;/workspace/projects/PhyloOpenCell/metadata/dataset_orthogroup_coverage_v1.tsv	c1b43878a37f9df6b71d43837c126fa75978f4fbf274dbe36de802713efc926f;5bf556f16a0a3dc2bc78cea55cd5a1e852aef9f302ee79aee0e1baf98f8104b3	orthogroup mapping coverage not evaluated for this manifest dataset; values retained blank
Triticum aestivum_PRJCA012935	PRJCA012935	Triticum aestivum	root		standardized H5AD var_names mapped to species reference-gene candidates	70387						reference_longest_protein_v1	gene_mapping_candidates_v1 + gene_orthogroup_candidates_v1	excluded	orthogroup_coverage_below_60pct_or_unavailable;fewer_than_two_candidate_labels_with_100_cells	X	scaled_continuous;dense	float32	/data/datasets/Bioinformatics/h5ad/Triticum aestivum_PRJCA012935.h5ad	/root/autodl-tmp/project/plant-cell/data_raw/Triticum aestivum_PRJCA012935.anno.csv	6e492f55865fd1113dabe46f2a6c92d415ee2e6ed7e6d13b059e37affff3c0c8	/workspace/projects/PhyloOpenCell/metadata/gene_mapping_candidate_summary.tsv;/workspace/projects/PhyloOpenCell/metadata/dataset_orthogroup_coverage_v1.tsv	c1b43878a37f9df6b71d43837c126fa75978f4fbf274dbe36de802713efc926f;5bf556f16a0a3dc2bc78cea55cd5a1e852aef9f302ee79aee0e1baf98f8104b3	orthogroup mapping coverage not evaluated for this manifest dataset; values retained blank
Triticum aestivum_PRJCA012935	PRJCA012935	Triticum aestivum	vascular		standardized H5AD var_names mapped to species reference-gene candidates	70387						reference_longest_protein_v1	gene_mapping_candidates_v1 + gene_orthogroup_candidates_v1	excluded	orthogroup_coverage_below_60pct_or_unavailable;fewer_than_two_candidate_labels_with_100_cells	X	scaled_continuous;dense	float32	/data/datasets/Bioinformatics/h5ad/Triticum aestivum_PRJCA012935.h5ad	/root/autodl-tmp/project/plant-cell/data_raw/Triticum aestivum_PRJCA012935.anno.csv	6e492f55865fd1113dabe46f2a6c92d415ee2e6ed7e6d13b059e37affff3c0c8	/workspace/projects/PhyloOpenCell/metadata/gene_mapping_candidate_summary.tsv;/workspace/projects/PhyloOpenCell/metadata/dataset_orthogroup_coverage_v1.tsv	c1b43878a37f9df6b71d43837c126fa75978f4fbf274dbe36de802713efc926f;5bf556f16a0a3dc2bc78cea55cd5a1e852aef9f302ee79aee0e1baf98f8104b3	orthogroup mapping coverage not evaluated for this manifest dataset; values retained blank
Wolffia australiana_PRJNA809022	PRJNA809022	Wolffia australiana	leaf		standardized H5AD var_names mapped to species reference-gene candidates	16855						reference_longest_protein_v1	gene_mapping_candidates_v1 + gene_orthogroup_candidates_v1	excluded	orthogroup_coverage_below_60pct_or_unavailable;fewer_than_two_candidate_labels_with_100_cells	X	nonnegative_integer_unverified;csr	int64	/data/datasets/Bioinformatics/h5ad/Wolffia australiana_PRJNA809022.h5ad	/root/autodl-tmp/project/plant-cell/data_raw/Wolffia australiana_PRJNA809022.anno.csv	d6c1d6e19433ad7e6cf960fb4ab617b813c1a9361eb207c256020ccc00e3d2eb	/workspace/projects/PhyloOpenCell/metadata/gene_mapping_candidate_summary.tsv;/workspace/projects/PhyloOpenCell/metadata/dataset_orthogroup_coverage_v1.tsv	c1b43878a37f9df6b71d43837c126fa75978f4fbf274dbe36de802713efc926f;5bf556f16a0a3dc2bc78cea55cd5a1e852aef9f302ee79aee0e1baf98f8104b3	orthogroup mapping coverage not evaluated for this manifest dataset; values retained blank
Wolffia australiana_PRJNA809022	PRJNA809022	Wolffia australiana	root		standardized H5AD var_names mapped to species reference-gene candidates	16855						reference_longest_protein_v1	gene_mapping_candidates_v1 + gene_orthogroup_candidates_v1	excluded	orthogroup_coverage_below_60pct_or_unavailable;fewer_than_two_candidate_labels_with_100_cells	X	nonnegative_integer_unverified;csr	int64	/data/datasets/Bioinformatics/h5ad/Wolffia australiana_PRJNA809022.h5ad	/root/autodl-tmp/project/plant-cell/data_raw/Wolffia australiana_PRJNA809022.anno.csv	d6c1d6e19433ad7e6cf960fb4ab617b813c1a9361eb207c256020ccc00e3d2eb	/workspace/projects/PhyloOpenCell/metadata/gene_mapping_candidate_summary.tsv;/workspace/projects/PhyloOpenCell/metadata/dataset_orthogroup_coverage_v1.tsv	c1b43878a37f9df6b71d43837c126fa75978f4fbf274dbe36de802713efc926f;5bf556f16a0a3dc2bc78cea55cd5a1e852aef9f302ee79aee0e1baf98f8104b3	orthogroup mapping coverage not evaluated for this manifest dataset; values retained blank
Wolffia australiana_PRJNA809022	PRJNA809022	Wolffia australiana	vascular		standardized H5AD var_names mapped to species reference-gene candidates	16855						reference_longest_protein_v1	gene_mapping_candidates_v1 + gene_orthogroup_candidates_v1	excluded	orthogroup_coverage_below_60pct_or_unavailable;fewer_than_two_candidate_labels_with_100_cells	X	nonnegative_integer_unverified;csr	int64	/data/datasets/Bioinformatics/h5ad/Wolffia australiana_PRJNA809022.h5ad	/root/autodl-tmp/project/plant-cell/data_raw/Wolffia australiana_PRJNA809022.anno.csv	d6c1d6e19433ad7e6cf960fb4ab617b813c1a9361eb207c256020ccc00e3d2eb	/workspace/projects/PhyloOpenCell/metadata/gene_mapping_candidate_summary.tsv;/workspace/projects/PhyloOpenCell/metadata/dataset_orthogroup_coverage_v1.tsv	c1b43878a37f9df6b71d43837c126fa75978f4fbf274dbe36de802713efc926f;5bf556f16a0a3dc2bc78cea55cd5a1e852aef9f302ee79aee0e1baf98f8104b3	orthogroup mapping coverage not evaluated for this manifest dataset; values retained blank
Zea mays_PRJCA020760	PRJCA020760	Zea mays	leaf		standardized H5AD var_names mapped to species reference-gene candidates	2000	1920	0	0.0	0.0	0.0	reference_longest_protein_v1	gene_mapping_candidates_v1 + gene_orthogroup_candidates_v1	excluded	orthogroup_coverage_below_60pct_or_unavailable;fewer_than_two_candidate_labels_with_100_cells	X	scaled_continuous;dense	float32	/data/datasets/Bioinformatics/h5ad/Zea mays_PRJCA020760.h5ad	/root/autodl-tmp/project/plant-cell/data_raw/Zea mays_PRJCA020760.anno.csv	3db7b8e7c161c9057a2f53a8c7d002a8bc39780c90dfb1977add7648d48f1b63	/workspace/projects/PhyloOpenCell/metadata/gene_mapping_candidate_summary.tsv;/workspace/projects/PhyloOpenCell/metadata/dataset_orthogroup_coverage_v1.tsv	c1b43878a37f9df6b71d43837c126fa75978f4fbf274dbe36de802713efc926f;5bf556f16a0a3dc2bc78cea55cd5a1e852aef9f302ee79aee0e1baf98f8104b3	
Zea mays_PRJCA020760	PRJCA020760	Zea mays	root		standardized H5AD var_names mapped to species reference-gene candidates	2000	1920	0	0.0	0.0	0.0	reference_longest_protein_v1	gene_mapping_candidates_v1 + gene_orthogroup_candidates_v1	excluded	orthogroup_coverage_below_60pct_or_unavailable;fewer_than_two_candidate_labels_with_100_cells	X	scaled_continuous;dense	float32	/data/datasets/Bioinformatics/h5ad/Zea mays_PRJCA020760.h5ad	/root/autodl-tmp/project/plant-cell/data_raw/Zea mays_PRJCA020760.anno.csv	3db7b8e7c161c9057a2f53a8c7d002a8bc39780c90dfb1977add7648d48f1b63	/workspace/projects/PhyloOpenCell/metadata/gene_mapping_candidate_summary.tsv;/workspace/projects/PhyloOpenCell/metadata/dataset_orthogroup_coverage_v1.tsv	c1b43878a37f9df6b71d43837c126fa75978f4fbf274dbe36de802713efc926f;5bf556f16a0a3dc2bc78cea55cd5a1e852aef9f302ee79aee0e1baf98f8104b3	
Zea mays_PRJCA020760	PRJCA020760	Zea mays	vascular		standardized H5AD var_names mapped to species reference-gene candidates	2000	1920	0	0.0	0.0	0.0	reference_longest_protein_v1	gene_mapping_candidates_v1 + gene_orthogroup_candidates_v1	excluded	orthogroup_coverage_below_60pct_or_unavailable;fewer_than_two_candidate_labels_with_100_cells	X	scaled_continuous;dense	float32	/data/datasets/Bioinformatics/h5ad/Zea mays_PRJCA020760.h5ad	/root/autodl-tmp/project/plant-cell/data_raw/Zea mays_PRJCA020760.anno.csv	3db7b8e7c161c9057a2f53a8c7d002a8bc39780c90dfb1977add7648d48f1b63	/workspace/projects/PhyloOpenCell/metadata/gene_mapping_candidate_summary.tsv;/workspace/projects/PhyloOpenCell/metadata/dataset_orthogroup_coverage_v1.tsv	c1b43878a37f9df6b71d43837c126fa75978f4fbf274dbe36de802713efc926f;5bf556f16a0a3dc2bc78cea55cd5a1e852aef9f302ee79aee0e1baf98f8104b3	
Zea mays_PRJNA454730	PRJNA454730	Zea mays	leaf		standardized H5AD var_names mapped to species reference-gene candidates	27253	25852	0	0.0	0.0	0.0	reference_longest_protein_v1	gene_mapping_candidates_v1 + gene_orthogroup_candidates_v1	excluded	orthogroup_coverage_below_60pct_or_unavailable;fewer_than_two_candidate_labels_with_100_cells	X	nonnegative_integer_unverified;csr	int64	/data/datasets/Bioinformatics/h5ad/Zea mays_PRJNA454730.h5ad	/root/autodl-tmp/project/plant-cell/data_raw/Zea mays_PRJNA454730.anno.csv	29615509279024c322460e95444d08d889f6cffec0f6a243a36db94cd13b3b3e	/workspace/projects/PhyloOpenCell/metadata/gene_mapping_candidate_summary.tsv;/workspace/projects/PhyloOpenCell/metadata/dataset_orthogroup_coverage_v1.tsv	c1b43878a37f9df6b71d43837c126fa75978f4fbf274dbe36de802713efc926f;5bf556f16a0a3dc2bc78cea55cd5a1e852aef9f302ee79aee0e1baf98f8104b3	
Zea mays_PRJNA454730	PRJNA454730	Zea mays	root		standardized H5AD var_names mapped to species reference-gene candidates	27253	25852	0	0.0	0.0	0.0	reference_longest_protein_v1	gene_mapping_candidates_v1 + gene_orthogroup_candidates_v1	excluded	orthogroup_coverage_below_60pct_or_unavailable;fewer_than_two_candidate_labels_with_100_cells	X	nonnegative_integer_unverified;csr	int64	/data/datasets/Bioinformatics/h5ad/Zea mays_PRJNA454730.h5ad	/root/autodl-tmp/project/plant-cell/data_raw/Zea mays_PRJNA454730.anno.csv	29615509279024c322460e95444d08d889f6cffec0f6a243a36db94cd13b3b3e	/workspace/projects/PhyloOpenCell/metadata/gene_mapping_candidate_summary.tsv;/workspace/projects/PhyloOpenCell/metadata/dataset_orthogroup_coverage_v1.tsv	c1b43878a37f9df6b71d43837c126fa75978f4fbf274dbe36de802713efc926f;5bf556f16a0a3dc2bc78cea55cd5a1e852aef9f302ee79aee0e1baf98f8104b3	
Zea mays_PRJNA454730	PRJNA454730	Zea mays	vascular		standardized H5AD var_names mapped to species reference-gene candidates	27253	25852	0	0.0	0.0	0.0	reference_longest_protein_v1	gene_mapping_candidates_v1 + gene_orthogroup_candidates_v1	excluded	orthogroup_coverage_below_60pct_or_unavailable;fewer_than_two_candidate_labels_with_100_cells	X	nonnegative_integer_unverified;csr	int64	/data/datasets/Bioinformatics/h5ad/Zea mays_PRJNA454730.h5ad	/root/autodl-tmp/project/plant-cell/data_raw/Zea mays_PRJNA454730.anno.csv	29615509279024c322460e95444d08d889f6cffec0f6a243a36db94cd13b3b3e	/workspace/projects/PhyloOpenCell/metadata/gene_mapping_candidate_summary.tsv;/workspace/projects/PhyloOpenCell/metadata/dataset_orthogroup_coverage_v1.tsv	c1b43878a37f9df6b71d43837c126fa75978f4fbf274dbe36de802713efc926f;5bf556f16a0a3dc2bc78cea55cd5a1e852aef9f302ee79aee0e1baf98f8104b3	
Zea mays_PRJNA576240	PRJNA576240	Zea mays	leaf		standardized H5AD var_names mapped to species reference-gene candidates	2000	1936	0	0.0	0.0	0.0	reference_longest_protein_v1	gene_mapping_candidates_v1 + gene_orthogroup_candidates_v1	excluded	orthogroup_coverage_below_60pct_or_unavailable;fewer_than_two_candidate_labels_with_100_cells	X	scaled_continuous;dense	float32	/data/datasets/Bioinformatics/h5ad/Zea mays_PRJNA576240.h5ad	/root/autodl-tmp/project/plant-cell/data_raw/Zea mays_PRJNA576240.anno.csv	d3234fdf45e1cc7ad29638f10fe6c7ab092987191d7b2e1121c9b34ebd373d02	/workspace/projects/PhyloOpenCell/metadata/gene_mapping_candidate_summary.tsv;/workspace/projects/PhyloOpenCell/metadata/dataset_orthogroup_coverage_v1.tsv	c1b43878a37f9df6b71d43837c126fa75978f4fbf274dbe36de802713efc926f;5bf556f16a0a3dc2bc78cea55cd5a1e852aef9f302ee79aee0e1baf98f8104b3	
Zea mays_PRJNA576240	PRJNA576240	Zea mays	root		standardized H5AD var_names mapped to species reference-gene candidates	2000	1936	0	0.0	0.0	0.0	reference_longest_protein_v1	gene_mapping_candidates_v1 + gene_orthogroup_candidates_v1	excluded	orthogroup_coverage_below_60pct_or_unavailable;fewer_than_two_candidate_labels_with_100_cells	X	scaled_continuous;dense	float32	/data/datasets/Bioinformatics/h5ad/Zea mays_PRJNA576240.h5ad	/root/autodl-tmp/project/plant-cell/data_raw/Zea mays_PRJNA576240.anno.csv	d3234fdf45e1cc7ad29638f10fe6c7ab092987191d7b2e1121c9b34ebd373d02	/workspace/projects/PhyloOpenCell/metadata/gene_mapping_candidate_summary.tsv;/workspace/projects/PhyloOpenCell/metadata/dataset_orthogroup_coverage_v1.tsv	c1b43878a37f9df6b71d43837c126fa75978f4fbf274dbe36de802713efc926f;5bf556f16a0a3dc2bc78cea55cd5a1e852aef9f302ee79aee0e1baf98f8104b3	
Zea mays_PRJNA576240	PRJNA576240	Zea mays	vascular		standardized H5AD var_names mapped to species reference-gene candidates	2000	1936	0	0.0	0.0	0.0	reference_longest_protein_v1	gene_mapping_candidates_v1 + gene_orthogroup_candidates_v1	excluded	orthogroup_coverage_below_60pct_or_unavailable;fewer_than_two_candidate_labels_with_100_cells	X	scaled_continuous;dense	float32	/data/datasets/Bioinformatics/h5ad/Zea mays_PRJNA576240.h5ad	/root/autodl-tmp/project/plant-cell/data_raw/Zea mays_PRJNA576240.anno.csv	d3234fdf45e1cc7ad29638f10fe6c7ab092987191d7b2e1121c9b34ebd373d02	/workspace/projects/PhyloOpenCell/metadata/gene_mapping_candidate_summary.tsv;/workspace/projects/PhyloOpenCell/metadata/dataset_orthogroup_coverage_v1.tsv	c1b43878a37f9df6b71d43837c126fa75978f4fbf274dbe36de802713efc926f;5bf556f16a0a3dc2bc78cea55cd5a1e852aef9f302ee79aee0e1baf98f8104b3	
Zea mays_PRJNA646989_PRJNA646996_PRJNA647001	PRJNA646989	Zea mays	leaf		standardized H5AD var_names mapped to species reference-gene candidates	26165	25025	0	0.0	0.0	0.0	reference_longest_protein_v1	gene_mapping_candidates_v1 + gene_orthogroup_candidates_v1	excluded	orthogroup_coverage_below_60pct_or_unavailable;fewer_than_two_candidate_labels_with_100_cells	X	nonnegative_integer_unverified;csr	int64	/data/datasets/Bioinformatics/h5ad/Zea mays_PRJNA646989_PRJNA646996_PRJNA647001.h5ad	/root/autodl-tmp/project/plant-cell/data_raw/Zea mays_PRJNA646989_PRJNA646996_PRJNA647001.anno.csv	e2c0946ea5b607118be6f4e8e2a32d2095d36434c70f1be625c198c16cfb77a0	/workspace/projects/PhyloOpenCell/metadata/gene_mapping_candidate_summary.tsv;/workspace/projects/PhyloOpenCell/metadata/dataset_orthogroup_coverage_v1.tsv	c1b43878a37f9df6b71d43837c126fa75978f4fbf274dbe36de802713efc926f;5bf556f16a0a3dc2bc78cea55cd5a1e852aef9f302ee79aee0e1baf98f8104b3	
Zea mays_PRJNA646989_PRJNA646996_PRJNA647001	PRJNA646989	Zea mays	root		standardized H5AD var_names mapped to species reference-gene candidates	26165	25025	0	0.0	0.0	0.0	reference_longest_protein_v1	gene_mapping_candidates_v1 + gene_orthogroup_candidates_v1	excluded	orthogroup_coverage_below_60pct_or_unavailable;fewer_than_two_candidate_labels_with_100_cells	X	nonnegative_integer_unverified;csr	int64	/data/datasets/Bioinformatics/h5ad/Zea mays_PRJNA646989_PRJNA646996_PRJNA647001.h5ad	/root/autodl-tmp/project/plant-cell/data_raw/Zea mays_PRJNA646989_PRJNA646996_PRJNA647001.anno.csv	e2c0946ea5b607118be6f4e8e2a32d2095d36434c70f1be625c198c16cfb77a0	/workspace/projects/PhyloOpenCell/metadata/gene_mapping_candidate_summary.tsv;/workspace/projects/PhyloOpenCell/metadata/dataset_orthogroup_coverage_v1.tsv	c1b43878a37f9df6b71d43837c126fa75978f4fbf274dbe36de802713efc926f;5bf556f16a0a3dc2bc78cea55cd5a1e852aef9f302ee79aee0e1baf98f8104b3	
Zea mays_PRJNA646989_PRJNA646996_PRJNA647001	PRJNA646989	Zea mays	vascular		standardized H5AD var_names mapped to species reference-gene candidates	26165	25025	0	0.0	0.0	0.0	reference_longest_protein_v1	gene_mapping_candidates_v1 + gene_orthogroup_candidates_v1	excluded	orthogroup_coverage_below_60pct_or_unavailable;fewer_than_two_candidate_labels_with_100_cells	X	nonnegative_integer_unverified;csr	int64	/data/datasets/Bioinformatics/h5ad/Zea mays_PRJNA646989_PRJNA646996_PRJNA647001.h5ad	/root/autodl-tmp/project/plant-cell/data_raw/Zea mays_PRJNA646989_PRJNA646996_PRJNA647001.anno.csv	e2c0946ea5b607118be6f4e8e2a32d2095d36434c70f1be625c198c16cfb77a0	/workspace/projects/PhyloOpenCell/metadata/gene_mapping_candidate_summary.tsv;/workspace/projects/PhyloOpenCell/metadata/dataset_orthogroup_coverage_v1.tsv	c1b43878a37f9df6b71d43837c126fa75978f4fbf274dbe36de802713efc926f;5bf556f16a0a3dc2bc78cea55cd5a1e852aef9f302ee79aee0e1baf98f8104b3	
Zea mays_PRJNA662627	PRJNA662627	Zea mays	leaf		standardized H5AD var_names mapped to species reference-gene candidates	3904	3623	0	0.0	0.0	0.0	reference_longest_protein_v1	gene_mapping_candidates_v1 + gene_orthogroup_candidates_v1	excluded	orthogroup_coverage_below_60pct_or_unavailable;fewer_than_two_candidate_labels_with_100_cells	X	scaled_continuous;dense	float32	/data/datasets/Bioinformatics/h5ad/Zea mays_PRJNA662627.h5ad	/root/autodl-tmp/project/plant-cell/data_raw/Zea mays_PRJNA662627.anno.csv	5b1877dcb88cb8bed0787b2247d032c2d95e683c1aee81246ea029e9883caec1	/workspace/projects/PhyloOpenCell/metadata/gene_mapping_candidate_summary.tsv;/workspace/projects/PhyloOpenCell/metadata/dataset_orthogroup_coverage_v1.tsv	c1b43878a37f9df6b71d43837c126fa75978f4fbf274dbe36de802713efc926f;5bf556f16a0a3dc2bc78cea55cd5a1e852aef9f302ee79aee0e1baf98f8104b3	
Zea mays_PRJNA662627	PRJNA662627	Zea mays	root		standardized H5AD var_names mapped to species reference-gene candidates	3904	3623	0	0.0	0.0	0.0	reference_longest_protein_v1	gene_mapping_candidates_v1 + gene_orthogroup_candidates_v1	excluded	orthogroup_coverage_below_60pct_or_unavailable;fewer_than_two_candidate_labels_with_100_cells	X	scaled_continuous;dense	float32	/data/datasets/Bioinformatics/h5ad/Zea mays_PRJNA662627.h5ad	/root/autodl-tmp/project/plant-cell/data_raw/Zea mays_PRJNA662627.anno.csv	5b1877dcb88cb8bed0787b2247d032c2d95e683c1aee81246ea029e9883caec1	/workspace/projects/PhyloOpenCell/metadata/gene_mapping_candidate_summary.tsv;/workspace/projects/PhyloOpenCell/metadata/dataset_orthogroup_coverage_v1.tsv	c1b43878a37f9df6b71d43837c126fa75978f4fbf274dbe36de802713efc926f;5bf556f16a0a3dc2bc78cea55cd5a1e852aef9f302ee79aee0e1baf98f8104b3	
Zea mays_PRJNA662627	PRJNA662627	Zea mays	vascular		standardized H5AD var_names mapped to species reference-gene candidates	3904	3623	0	0.0	0.0	0.0	reference_longest_protein_v1	gene_mapping_candidates_v1 + gene_orthogroup_candidates_v1	excluded	orthogroup_coverage_below_60pct_or_unavailable;fewer_than_two_candidate_labels_with_100_cells	X	scaled_continuous;dense	float32	/data/datasets/Bioinformatics/h5ad/Zea mays_PRJNA662627.h5ad	/root/autodl-tmp/project/plant-cell/data_raw/Zea mays_PRJNA662627.anno.csv	5b1877dcb88cb8bed0787b2247d032c2d95e683c1aee81246ea029e9883caec1	/workspace/projects/PhyloOpenCell/metadata/gene_mapping_candidate_summary.tsv;/workspace/projects/PhyloOpenCell/metadata/dataset_orthogroup_coverage_v1.tsv	c1b43878a37f9df6b71d43837c126fa75978f4fbf274dbe36de802713efc926f;5bf556f16a0a3dc2bc78cea55cd5a1e852aef9f302ee79aee0e1baf98f8104b3	
Zea mays_PRJNA740934	PRJNA740934	Zea mays	leaf		standardized H5AD var_names mapped to species reference-gene candidates	3853	3645	0	0.0	0.0	0.0	reference_longest_protein_v1	gene_mapping_candidates_v1 + gene_orthogroup_candidates_v1	excluded	orthogroup_coverage_below_60pct_or_unavailable;fewer_than_two_candidate_labels_with_100_cells	X	scaled_continuous;dense	float32	/data/datasets/Bioinformatics/h5ad/Zea mays_PRJNA740934.h5ad	/root/autodl-tmp/project/plant-cell/data_raw/Zea mays_PRJNA740934.anno.csv	dfe8b69f005c51d1e93152697262e11577fa5e7e043bd943fc017dba43bb3998	/workspace/projects/PhyloOpenCell/metadata/gene_mapping_candidate_summary.tsv;/workspace/projects/PhyloOpenCell/metadata/dataset_orthogroup_coverage_v1.tsv	c1b43878a37f9df6b71d43837c126fa75978f4fbf274dbe36de802713efc926f;5bf556f16a0a3dc2bc78cea55cd5a1e852aef9f302ee79aee0e1baf98f8104b3	
Zea mays_PRJNA740934	PRJNA740934	Zea mays	root		standardized H5AD var_names mapped to species reference-gene candidates	3853	3645	0	0.0	0.0	0.0	reference_longest_protein_v1	gene_mapping_candidates_v1 + gene_orthogroup_candidates_v1	excluded	orthogroup_coverage_below_60pct_or_unavailable;fewer_than_two_candidate_labels_with_100_cells	X	scaled_continuous;dense	float32	/data/datasets/Bioinformatics/h5ad/Zea mays_PRJNA740934.h5ad	/root/autodl-tmp/project/plant-cell/data_raw/Zea mays_PRJNA740934.anno.csv	dfe8b69f005c51d1e93152697262e11577fa5e7e043bd943fc017dba43bb3998	/workspace/projects/PhyloOpenCell/metadata/gene_mapping_candidate_summary.tsv;/workspace/projects/PhyloOpenCell/metadata/dataset_orthogroup_coverage_v1.tsv	c1b43878a37f9df6b71d43837c126fa75978f4fbf274dbe36de802713efc926f;5bf556f16a0a3dc2bc78cea55cd5a1e852aef9f302ee79aee0e1baf98f8104b3	
Zea mays_PRJNA740934	PRJNA740934	Zea mays	vascular		standardized H5AD var_names mapped to species reference-gene candidates	3853	3645	0	0.0	0.0	0.0	reference_longest_protein_v1	gene_mapping_candidates_v1 + gene_orthogroup_candidates_v1	excluded	orthogroup_coverage_below_60pct_or_unavailable;fewer_than_two_candidate_labels_with_100_cells	X	scaled_continuous;dense	float32	/data/datasets/Bioinformatics/h5ad/Zea mays_PRJNA740934.h5ad	/root/autodl-tmp/project/plant-cell/data_raw/Zea mays_PRJNA740934.anno.csv	dfe8b69f005c51d1e93152697262e11577fa5e7e043bd943fc017dba43bb3998	/workspace/projects/PhyloOpenCell/metadata/gene_mapping_candidate_summary.tsv;/workspace/projects/PhyloOpenCell/metadata/dataset_orthogroup_coverage_v1.tsv	c1b43878a37f9df6b71d43837c126fa75978f4fbf274dbe36de802713efc926f;5bf556f16a0a3dc2bc78cea55cd5a1e852aef9f302ee79aee0e1baf98f8104b3	
Zea mays_PRJNA759548	PRJNA759548	Zea mays	leaf		standardized H5AD var_names mapped to species reference-gene candidates	3720	3394	0	0.0	0.0	0.0	reference_longest_protein_v1	gene_mapping_candidates_v1 + gene_orthogroup_candidates_v1	excluded	orthogroup_coverage_below_60pct_or_unavailable;fewer_than_two_candidate_labels_with_100_cells	X	scaled_continuous;dense	float32	/data/datasets/Bioinformatics/h5ad/Zea mays_PRJNA759548.h5ad	/root/autodl-tmp/project/plant-cell/data_raw/Zea mays_PRJNA759548.anno.csv	b7001cd45ce670b421a0b4c71ef1bf93778ecf5a2594cdb64d925b703b7a8aa8	/workspace/projects/PhyloOpenCell/metadata/gene_mapping_candidate_summary.tsv;/workspace/projects/PhyloOpenCell/metadata/dataset_orthogroup_coverage_v1.tsv	c1b43878a37f9df6b71d43837c126fa75978f4fbf274dbe36de802713efc926f;5bf556f16a0a3dc2bc78cea55cd5a1e852aef9f302ee79aee0e1baf98f8104b3	
Zea mays_PRJNA759548	PRJNA759548	Zea mays	root		standardized H5AD var_names mapped to species reference-gene candidates	3720	3394	0	0.0	0.0	0.0	reference_longest_protein_v1	gene_mapping_candidates_v1 + gene_orthogroup_candidates_v1	excluded	orthogroup_coverage_below_60pct_or_unavailable;fewer_than_two_candidate_labels_with_100_cells	X	scaled_continuous;dense	float32	/data/datasets/Bioinformatics/h5ad/Zea mays_PRJNA759548.h5ad	/root/autodl-tmp/project/plant-cell/data_raw/Zea mays_PRJNA759548.anno.csv	b7001cd45ce670b421a0b4c71ef1bf93778ecf5a2594cdb64d925b703b7a8aa8	/workspace/projects/PhyloOpenCell/metadata/gene_mapping_candidate_summary.tsv;/workspace/projects/PhyloOpenCell/metadata/dataset_orthogroup_coverage_v1.tsv	c1b43878a37f9df6b71d43837c126fa75978f4fbf274dbe36de802713efc926f;5bf556f16a0a3dc2bc78cea55cd5a1e852aef9f302ee79aee0e1baf98f8104b3	
Zea mays_PRJNA759548	PRJNA759548	Zea mays	vascular		standardized H5AD var_names mapped to species reference-gene candidates	3720	3394	0	0.0	0.0	0.0	reference_longest_protein_v1	gene_mapping_candidates_v1 + gene_orthogroup_candidates_v1	excluded	orthogroup_coverage_below_60pct_or_unavailable;fewer_than_two_candidate_labels_with_100_cells	X	scaled_continuous;dense	float32	/data/datasets/Bioinformatics/h5ad/Zea mays_PRJNA759548.h5ad	/root/autodl-tmp/project/plant-cell/data_raw/Zea mays_PRJNA759548.anno.csv	b7001cd45ce670b421a0b4c71ef1bf93778ecf5a2594cdb64d925b703b7a8aa8	/workspace/projects/PhyloOpenCell/metadata/gene_mapping_candidate_summary.tsv;/workspace/projects/PhyloOpenCell/metadata/dataset_orthogroup_coverage_v1.tsv	c1b43878a37f9df6b71d43837c126fa75978f4fbf274dbe36de802713efc926f;5bf556f16a0a3dc2bc78cea55cd5a1e852aef9f302ee79aee0e1baf98f8104b3	
Zea mays_PRJNA865791	PRJNA865791	Zea mays	leaf		standardized H5AD var_names mapped to species reference-gene candidates	5450	5110	0	0.0	0.0	0.0	reference_longest_protein_v1	gene_mapping_candidates_v1 + gene_orthogroup_candidates_v1	excluded	orthogroup_coverage_below_60pct_or_unavailable;fewer_than_two_candidate_labels_with_100_cells	X	scaled_continuous;dense	float32	/data/datasets/Bioinformatics/h5ad/Zea mays_PRJNA865791.h5ad	/root/autodl-tmp/project/plant-cell/data_raw/Zea mays_PRJNA865791.anno.csv	616a6bb30f98fe4025d50d813987da9cdd406b7b8c940cd45f33fcd29424bc39	/workspace/projects/PhyloOpenCell/metadata/gene_mapping_candidate_summary.tsv;/workspace/projects/PhyloOpenCell/metadata/dataset_orthogroup_coverage_v1.tsv	c1b43878a37f9df6b71d43837c126fa75978f4fbf274dbe36de802713efc926f;5bf556f16a0a3dc2bc78cea55cd5a1e852aef9f302ee79aee0e1baf98f8104b3	
Zea mays_PRJNA865791	PRJNA865791	Zea mays	root		standardized H5AD var_names mapped to species reference-gene candidates	5450	5110	0	0.0	0.0	0.0	reference_longest_protein_v1	gene_mapping_candidates_v1 + gene_orthogroup_candidates_v1	excluded	orthogroup_coverage_below_60pct_or_unavailable;fewer_than_two_candidate_labels_with_100_cells	X	scaled_continuous;dense	float32	/data/datasets/Bioinformatics/h5ad/Zea mays_PRJNA865791.h5ad	/root/autodl-tmp/project/plant-cell/data_raw/Zea mays_PRJNA865791.anno.csv	616a6bb30f98fe4025d50d813987da9cdd406b7b8c940cd45f33fcd29424bc39	/workspace/projects/PhyloOpenCell/metadata/gene_mapping_candidate_summary.tsv;/workspace/projects/PhyloOpenCell/metadata/dataset_orthogroup_coverage_v1.tsv	c1b43878a37f9df6b71d43837c126fa75978f4fbf274dbe36de802713efc926f;5bf556f16a0a3dc2bc78cea55cd5a1e852aef9f302ee79aee0e1baf98f8104b3	
Zea mays_PRJNA865791	PRJNA865791	Zea mays	vascular		standardized H5AD var_names mapped to species reference-gene candidates	5450	5110	0	0.0	0.0	0.0	reference_longest_protein_v1	gene_mapping_candidates_v1 + gene_orthogroup_candidates_v1	excluded	orthogroup_coverage_below_60pct_or_unavailable;fewer_than_two_candidate_labels_with_100_cells	X	scaled_continuous;dense	float32	/data/datasets/Bioinformatics/h5ad/Zea mays_PRJNA865791.h5ad	/root/autodl-tmp/project/plant-cell/data_raw/Zea mays_PRJNA865791.anno.csv	616a6bb30f98fe4025d50d813987da9cdd406b7b8c940cd45f33fcd29424bc39	/workspace/projects/PhyloOpenCell/metadata/gene_mapping_candidate_summary.tsv;/workspace/projects/PhyloOpenCell/metadata/dataset_orthogroup_coverage_v1.tsv	c1b43878a37f9df6b71d43837c126fa75978f4fbf274dbe36de802713efc926f;5bf556f16a0a3dc2bc78cea55cd5a1e852aef9f302ee79aee0e1baf98f8104b3	
Zea mays_PRJNA924780	PRJNA924780	Zea mays	leaf		standardized H5AD var_names mapped to species reference-gene candidates	31105	29626	0	0.0	0.0	0.0	reference_longest_protein_v1	gene_mapping_candidates_v1 + gene_orthogroup_candidates_v1	excluded	orthogroup_coverage_below_60pct_or_unavailable;fewer_than_two_candidate_labels_with_100_cells	X	nonnegative_integer_unverified;csr	int64	/data/datasets/Bioinformatics/h5ad/Zea mays_PRJNA924780.h5ad	/root/autodl-tmp/project/plant-cell/data_raw/Zea mays_PRJNA924780.anno.csv	2cfc1a64fabb43be9c644333eb5904b6ad52aacb57c80728f2b481524cd35dfc	/workspace/projects/PhyloOpenCell/metadata/gene_mapping_candidate_summary.tsv;/workspace/projects/PhyloOpenCell/metadata/dataset_orthogroup_coverage_v1.tsv	c1b43878a37f9df6b71d43837c126fa75978f4fbf274dbe36de802713efc926f;5bf556f16a0a3dc2bc78cea55cd5a1e852aef9f302ee79aee0e1baf98f8104b3	
Zea mays_PRJNA924780	PRJNA924780	Zea mays	root		standardized H5AD var_names mapped to species reference-gene candidates	31105	29626	0	0.0	0.0	0.0	reference_longest_protein_v1	gene_mapping_candidates_v1 + gene_orthogroup_candidates_v1	excluded	orthogroup_coverage_below_60pct_or_unavailable;fewer_than_two_candidate_labels_with_100_cells	X	nonnegative_integer_unverified;csr	int64	/data/datasets/Bioinformatics/h5ad/Zea mays_PRJNA924780.h5ad	/root/autodl-tmp/project/plant-cell/data_raw/Zea mays_PRJNA924780.anno.csv	2cfc1a64fabb43be9c644333eb5904b6ad52aacb57c80728f2b481524cd35dfc	/workspace/projects/PhyloOpenCell/metadata/gene_mapping_candidate_summary.tsv;/workspace/projects/PhyloOpenCell/metadata/dataset_orthogroup_coverage_v1.tsv	c1b43878a37f9df6b71d43837c126fa75978f4fbf274dbe36de802713efc926f;5bf556f16a0a3dc2bc78cea55cd5a1e852aef9f302ee79aee0e1baf98f8104b3	
Zea mays_PRJNA924780	PRJNA924780	Zea mays	vascular		standardized H5AD var_names mapped to species reference-gene candidates	31105	29626	0	0.0	0.0	0.0	reference_longest_protein_v1	gene_mapping_candidates_v1 + gene_orthogroup_candidates_v1	excluded	orthogroup_coverage_below_60pct_or_unavailable;fewer_than_two_candidate_labels_with_100_cells	X	nonnegative_integer_unverified;csr	int64	/data/datasets/Bioinformatics/h5ad/Zea mays_PRJNA924780.h5ad	/root/autodl-tmp/project/plant-cell/data_raw/Zea mays_PRJNA924780.anno.csv	2cfc1a64fabb43be9c644333eb5904b6ad52aacb57c80728f2b481524cd35dfc	/workspace/projects/PhyloOpenCell/metadata/gene_mapping_candidate_summary.tsv;/workspace/projects/PhyloOpenCell/metadata/dataset_orthogroup_coverage_v1.tsv	c1b43878a37f9df6b71d43837c126fa75978f4fbf274dbe36de802713efc926f;5bf556f16a0a3dc2bc78cea55cd5a1e852aef9f302ee79aee0e1baf98f8104b3	
Zea mays_PRJNA935359	PRJNA935359	Zea mays	leaf		standardized H5AD var_names mapped to species reference-gene candidates	27042	25916	0	0.0	0.0	0.0	reference_longest_protein_v1	gene_mapping_candidates_v1 + gene_orthogroup_candidates_v1	excluded	orthogroup_coverage_below_60pct_or_unavailable;fewer_than_two_candidate_labels_with_100_cells	X	nonnegative_integer_unverified;csr	int64	/data/datasets/Bioinformatics/h5ad/Zea mays_PRJNA935359.h5ad	/root/autodl-tmp/project/plant-cell/data_raw/Zea mays_PRJNA935359.anno.csv	0053c57a2fae1066ff243bcc8970c1b6cac7bdbf7f7c7a7f179e77ca83cf56f0	/workspace/projects/PhyloOpenCell/metadata/gene_mapping_candidate_summary.tsv;/workspace/projects/PhyloOpenCell/metadata/dataset_orthogroup_coverage_v1.tsv	c1b43878a37f9df6b71d43837c126fa75978f4fbf274dbe36de802713efc926f;5bf556f16a0a3dc2bc78cea55cd5a1e852aef9f302ee79aee0e1baf98f8104b3	
Zea mays_PRJNA935359	PRJNA935359	Zea mays	root		standardized H5AD var_names mapped to species reference-gene candidates	27042	25916	0	0.0	0.0	0.0	reference_longest_protein_v1	gene_mapping_candidates_v1 + gene_orthogroup_candidates_v1	excluded	orthogroup_coverage_below_60pct_or_unavailable;fewer_than_two_candidate_labels_with_100_cells	X	nonnegative_integer_unverified;csr	int64	/data/datasets/Bioinformatics/h5ad/Zea mays_PRJNA935359.h5ad	/root/autodl-tmp/project/plant-cell/data_raw/Zea mays_PRJNA935359.anno.csv	0053c57a2fae1066ff243bcc8970c1b6cac7bdbf7f7c7a7f179e77ca83cf56f0	/workspace/projects/PhyloOpenCell/metadata/gene_mapping_candidate_summary.tsv;/workspace/projects/PhyloOpenCell/metadata/dataset_orthogroup_coverage_v1.tsv	c1b43878a37f9df6b71d43837c126fa75978f4fbf274dbe36de802713efc926f;5bf556f16a0a3dc2bc78cea55cd5a1e852aef9f302ee79aee0e1baf98f8104b3	
Zea mays_PRJNA935359	PRJNA935359	Zea mays	vascular		standardized H5AD var_names mapped to species reference-gene candidates	27042	25916	0	0.0	0.0	0.0	reference_longest_protein_v1	gene_mapping_candidates_v1 + gene_orthogroup_candidates_v1	excluded	orthogroup_coverage_below_60pct_or_unavailable;fewer_than_two_candidate_labels_with_100_cells	X	nonnegative_integer_unverified;csr	int64	/data/datasets/Bioinformatics/h5ad/Zea mays_PRJNA935359.h5ad	/root/autodl-tmp/project/plant-cell/data_raw/Zea mays_PRJNA935359.anno.csv	0053c57a2fae1066ff243bcc8970c1b6cac7bdbf7f7c7a7f179e77ca83cf56f0	/workspace/projects/PhyloOpenCell/metadata/gene_mapping_candidate_summary.tsv;/workspace/projects/PhyloOpenCell/metadata/dataset_orthogroup_coverage_v1.tsv	c1b43878a37f9df6b71d43837c126fa75978f4fbf274dbe36de802713efc926f;5bf556f16a0a3dc2bc78cea55cd5a1e852aef9f302ee79aee0e1baf98f8104b3	
