record_id	dataset_id	accession	species	tissue	panel	source_label_field	source_label	ontology_id	governed_level	governed_label	parent_label	mapping_status	mapping_reason	cells_n	source_authority	source_path	source_hash	coverage_scope	gap_flags
Arabidopsis thaliana_CNP0002469|Leaf guard cell|leaf	Arabidopsis thaliana_CNP0002469	CNP0002469	Arabidopsis thaliana		leaf	cell_type_original	Leaf guard cell	PO:0025237	pilot_major_cell_family	epidermal_system	leaf	mapped	expert_defined_many_to_one_from_user_approved_exact_PO_labels; official_source_metadata_not_resolved	39828	standardized_h5ad_obs;panel_dataset_label_counts_v1;panel_label_freeze_v1;coarse_label_hierarchy_v1	internal_source_record:not_publicly_portable:data/datasets/Bioinformatics/h5ad/Arabidopsis thaliana_CNP0002469.h5ad;internal_source_record:not_publicly_portable:workspace/projects/PhyloOpenCell/metadata/panel_dataset_label_counts_v1.tsv.gz;internal_source_record:not_publicly_portable:workspace/projects/PhyloOpenCell/metadata/panel_label_freeze_v1.tsv;internal_source_record:not_publicly_portable:workspace/projects/PhyloOpenCell/metadata/coarse_label_hierarchy_v1.tsv	b44f2e893dc17352c808e2270bb3c14869e95c6ec63b04221e42947f4fe56b2e;a4bd8efca65e1175053b97dc0836fe8306417dd993d7a864389a5281d37302ea;78a020ef314246281f19dc5eec25dbb28c50c5c376ee9df5a6b5090a0ec7d321;e139f4d944b153210afd8aef98174679bf7caead33207fadc3a2e8c4cb619abb	complete standardized dataset-label count with panel-specific governed mapping	
Arabidopsis thaliana_CNP0002469|Leaf lamina epidermis|leaf	Arabidopsis thaliana_CNP0002469	CNP0002469	Arabidopsis thaliana		leaf	cell_type_original	Leaf lamina epidermis	PO:0000047	pilot_major_cell_family	epidermal_system	leaf	mapped	expert_defined_many_to_one_from_user_approved_exact_PO_labels; official_source_metadata_not_resolved	6262	standardized_h5ad_obs;panel_dataset_label_counts_v1;panel_label_freeze_v1;coarse_label_hierarchy_v1	internal_source_record:not_publicly_portable:data/datasets/Bioinformatics/h5ad/Arabidopsis thaliana_CNP0002469.h5ad;internal_source_record:not_publicly_portable:workspace/projects/PhyloOpenCell/metadata/panel_dataset_label_counts_v1.tsv.gz;internal_source_record:not_publicly_portable:workspace/projects/PhyloOpenCell/metadata/panel_label_freeze_v1.tsv;internal_source_record:not_publicly_portable:workspace/projects/PhyloOpenCell/metadata/coarse_label_hierarchy_v1.tsv	b44f2e893dc17352c808e2270bb3c14869e95c6ec63b04221e42947f4fe56b2e;a4bd8efca65e1175053b97dc0836fe8306417dd993d7a864389a5281d37302ea;78a020ef314246281f19dc5eec25dbb28c50c5c376ee9df5a6b5090a0ec7d321;e139f4d944b153210afd8aef98174679bf7caead33207fadc3a2e8c4cb619abb	complete standardized dataset-label count with panel-specific governed mapping	
Arabidopsis thaliana_CNP0002469|Leaf vascular system|leaf	Arabidopsis thaliana_CNP0002469	CNP0002469	Arabidopsis thaliana		leaf	cell_type_original	Leaf vascular system	PO:0000036	pilot_major_cell_family	vascular_system	leaf	mapped	expert_defined_many_to_one_from_user_approved_exact_PO_labels; official_source_metadata_not_resolved	675	standardized_h5ad_obs;panel_dataset_label_counts_v1;panel_label_freeze_v1;coarse_label_hierarchy_v1	internal_source_record:not_publicly_portable:data/datasets/Bioinformatics/h5ad/Arabidopsis thaliana_CNP0002469.h5ad;internal_source_record:not_publicly_portable:workspace/projects/PhyloOpenCell/metadata/panel_dataset_label_counts_v1.tsv.gz;internal_source_record:not_publicly_portable:workspace/projects/PhyloOpenCell/metadata/panel_label_freeze_v1.tsv;internal_source_record:not_publicly_portable:workspace/projects/PhyloOpenCell/metadata/coarse_label_hierarchy_v1.tsv	b44f2e893dc17352c808e2270bb3c14869e95c6ec63b04221e42947f4fe56b2e;a4bd8efca65e1175053b97dc0836fe8306417dd993d7a864389a5281d37302ea;78a020ef314246281f19dc5eec25dbb28c50c5c376ee9df5a6b5090a0ec7d321;e139f4d944b153210afd8aef98174679bf7caead33207fadc3a2e8c4cb619abb	complete standardized dataset-label count with panel-specific governed mapping	
Arabidopsis thaliana_CNP0002469|Leaf vascular system|vascular	Arabidopsis thaliana_CNP0002469	CNP0002469	Arabidopsis thaliana		vascular	cell_type_original	Leaf vascular system	PO:0000036	pilot_major_cell_family	vascular_unspecified	vascular	mapped	expert_defined_many_to_one_from_user_approved_exact_PO_labels; official_source_metadata_not_resolved	675	standardized_h5ad_obs;panel_dataset_label_counts_v1;panel_label_freeze_v1;coarse_label_hierarchy_v1	internal_source_record:not_publicly_portable:data/datasets/Bioinformatics/h5ad/Arabidopsis thaliana_CNP0002469.h5ad;internal_source_record:not_publicly_portable:workspace/projects/PhyloOpenCell/metadata/panel_dataset_label_counts_v1.tsv.gz;internal_source_record:not_publicly_portable:workspace/projects/PhyloOpenCell/metadata/panel_label_freeze_v1.tsv;internal_source_record:not_publicly_portable:workspace/projects/PhyloOpenCell/metadata/coarse_label_hierarchy_v1.tsv	b44f2e893dc17352c808e2270bb3c14869e95c6ec63b04221e42947f4fe56b2e;a4bd8efca65e1175053b97dc0836fe8306417dd993d7a864389a5281d37302ea;78a020ef314246281f19dc5eec25dbb28c50c5c376ee9df5a6b5090a0ec7d321;e139f4d944b153210afd8aef98174679bf7caead33207fadc3a2e8c4cb619abb	complete standardized dataset-label count with panel-specific governed mapping	
Arabidopsis thaliana_CNP0002469|Mesophyll cell|leaf	Arabidopsis thaliana_CNP0002469	CNP0002469	Arabidopsis thaliana		leaf	cell_type_original	Mesophyll cell	PO:0004006	pilot_major_cell_family	photosynthetic_ground_tissue	leaf	mapped	expert_defined_many_to_one_from_user_approved_exact_PO_labels; official_source_metadata_not_resolved	18313	standardized_h5ad_obs;panel_dataset_label_counts_v1;panel_label_freeze_v1;coarse_label_hierarchy_v1	internal_source_record:not_publicly_portable:data/datasets/Bioinformatics/h5ad/Arabidopsis thaliana_CNP0002469.h5ad;internal_source_record:not_publicly_portable:workspace/projects/PhyloOpenCell/metadata/panel_dataset_label_counts_v1.tsv.gz;internal_source_record:not_publicly_portable:workspace/projects/PhyloOpenCell/metadata/panel_label_freeze_v1.tsv;internal_source_record:not_publicly_portable:workspace/projects/PhyloOpenCell/metadata/coarse_label_hierarchy_v1.tsv	b44f2e893dc17352c808e2270bb3c14869e95c6ec63b04221e42947f4fe56b2e;a4bd8efca65e1175053b97dc0836fe8306417dd993d7a864389a5281d37302ea;78a020ef314246281f19dc5eec25dbb28c50c5c376ee9df5a6b5090a0ec7d321;e139f4d944b153210afd8aef98174679bf7caead33207fadc3a2e8c4cb619abb	complete standardized dataset-label count with panel-specific governed mapping	
Arabidopsis thaliana_CNP0002469|Phloem parenchyma cell|vascular	Arabidopsis thaliana_CNP0002469	CNP0002469	Arabidopsis thaliana		vascular	cell_type_original	Phloem parenchyma cell	PO:0025627	pilot_major_cell_family	phloem_lineage	vascular	mapped	expert_defined_many_to_one_from_user_approved_exact_PO_labels; official_source_metadata_not_resolved	2888	standardized_h5ad_obs;panel_dataset_label_counts_v1;panel_label_freeze_v1;coarse_label_hierarchy_v1	internal_source_record:not_publicly_portable:data/datasets/Bioinformatics/h5ad/Arabidopsis thaliana_CNP0002469.h5ad;internal_source_record:not_publicly_portable:workspace/projects/PhyloOpenCell/metadata/panel_dataset_label_counts_v1.tsv.gz;internal_source_record:not_publicly_portable:workspace/projects/PhyloOpenCell/metadata/panel_label_freeze_v1.tsv;internal_source_record:not_publicly_portable:workspace/projects/PhyloOpenCell/metadata/coarse_label_hierarchy_v1.tsv	b44f2e893dc17352c808e2270bb3c14869e95c6ec63b04221e42947f4fe56b2e;a4bd8efca65e1175053b97dc0836fe8306417dd993d7a864389a5281d37302ea;78a020ef314246281f19dc5eec25dbb28c50c5c376ee9df5a6b5090a0ec7d321;e139f4d944b153210afd8aef98174679bf7caead33207fadc3a2e8c4cb619abb	complete standardized dataset-label count with panel-specific governed mapping	
Arabidopsis thaliana_CNP0002469|Unknown|	Arabidopsis thaliana_CNP0002469	CNP0002469	Arabidopsis thaliana			cell_type_original	Unknown					unknown	excluded_unknown	1554	standardized_h5ad_obs;ontology_mapping_candidates;panel_label_freeze_v1	internal_source_record:not_publicly_portable:data/datasets/Bioinformatics/h5ad/Arabidopsis thaliana_CNP0002469.h5ad;internal_source_record:not_publicly_portable:workspace/projects/PhyloOpenCell/metadata/ontology_mapping_candidates.tsv;internal_source_record:not_publicly_portable:workspace/projects/PhyloOpenCell/metadata/panel_label_freeze_v1.tsv	b44f2e893dc17352c808e2270bb3c14869e95c6ec63b04221e42947f4fe56b2e;e4a09d28939b9a165661f86d5a2f4fb0c1d33fea1c7465dcc7cf874f0a8238bc;78a020ef314246281f19dc5eec25dbb28c50c5c376ee9df5a6b5090a0ec7d321	complete standardized dataset-label count; no governed panel mapping	
Arabidopsis thaliana_CNP0004389|Columella root cap cell|	Arabidopsis thaliana_CNP0004389	CNP0004389	Arabidopsis thaliana			cell_type_original	Columella root cap cell	PO:0020132				unmapped	candidate_auto_exact; exact_name; Plant Ontology exact lexical match; requires curator acceptance	4540	standardized_h5ad_obs;ontology_mapping_candidates;panel_label_freeze_v1	internal_source_record:not_publicly_portable:data/datasets/Bioinformatics/h5ad/Arabidopsis thaliana_CNP0004389.h5ad;internal_source_record:not_publicly_portable:workspace/projects/PhyloOpenCell/metadata/ontology_mapping_candidates.tsv;internal_source_record:not_publicly_portable:workspace/projects/PhyloOpenCell/metadata/panel_label_freeze_v1.tsv	01ed111cb6c0caf566b46cfc48b2a9639c7a61d446b04cf6b950b6d641fc66ca;e4a09d28939b9a165661f86d5a2f4fb0c1d33fea1c7465dcc7cf874f0a8238bc;78a020ef314246281f19dc5eec25dbb28c50c5c376ee9df5a6b5090a0ec7d321	complete standardized dataset-label count; no governed panel mapping	not_in_governed_panel_hierarchy
Arabidopsis thaliana_CNP0004389|Epidermis-like cell|	Arabidopsis thaliana_CNP0004389	CNP0004389	Arabidopsis thaliana			cell_type_original	Epidermis-like cell					unmapped	pending_manual_curation; exact_synonym	9152	standardized_h5ad_obs;ontology_mapping_candidates;panel_label_freeze_v1	internal_source_record:not_publicly_portable:data/datasets/Bioinformatics/h5ad/Arabidopsis thaliana_CNP0004389.h5ad;internal_source_record:not_publicly_portable:workspace/projects/PhyloOpenCell/metadata/ontology_mapping_candidates.tsv;internal_source_record:not_publicly_portable:workspace/projects/PhyloOpenCell/metadata/panel_label_freeze_v1.tsv	01ed111cb6c0caf566b46cfc48b2a9639c7a61d446b04cf6b950b6d641fc66ca;e4a09d28939b9a165661f86d5a2f4fb0c1d33fea1c7465dcc7cf874f0a8238bc;78a020ef314246281f19dc5eec25dbb28c50c5c376ee9df5a6b5090a0ec7d321	complete standardized dataset-label count; no governed panel mapping	not_in_governed_panel_hierarchy
Arabidopsis thaliana_CNP0004389|Lateral root cap|	Arabidopsis thaliana_CNP0004389	CNP0004389	Arabidopsis thaliana			cell_type_original	Lateral root cap	PO:0020131				unmapped	candidate_auto_exact; exact_name; Plant Ontology exact lexical match; requires curator acceptance	5148	standardized_h5ad_obs;ontology_mapping_candidates;panel_label_freeze_v1	internal_source_record:not_publicly_portable:data/datasets/Bioinformatics/h5ad/Arabidopsis thaliana_CNP0004389.h5ad;internal_source_record:not_publicly_portable:workspace/projects/PhyloOpenCell/metadata/ontology_mapping_candidates.tsv;internal_source_record:not_publicly_portable:workspace/projects/PhyloOpenCell/metadata/panel_label_freeze_v1.tsv	01ed111cb6c0caf566b46cfc48b2a9639c7a61d446b04cf6b950b6d641fc66ca;e4a09d28939b9a165661f86d5a2f4fb0c1d33fea1c7465dcc7cf874f0a8238bc;78a020ef314246281f19dc5eec25dbb28c50c5c376ee9df5a6b5090a0ec7d321	complete standardized dataset-label count; no governed panel mapping	not_in_governed_panel_hierarchy
Arabidopsis thaliana_CNP0004389|Quiescent center-like cell|	Arabidopsis thaliana_CNP0004389	CNP0004389	Arabidopsis thaliana			cell_type_original	Quiescent center-like cell					unmapped	pending_manual_curation; exact_synonym	5057	standardized_h5ad_obs;ontology_mapping_candidates;panel_label_freeze_v1	internal_source_record:not_publicly_portable:data/datasets/Bioinformatics/h5ad/Arabidopsis thaliana_CNP0004389.h5ad;internal_source_record:not_publicly_portable:workspace/projects/PhyloOpenCell/metadata/ontology_mapping_candidates.tsv;internal_source_record:not_publicly_portable:workspace/projects/PhyloOpenCell/metadata/panel_label_freeze_v1.tsv	01ed111cb6c0caf566b46cfc48b2a9639c7a61d446b04cf6b950b6d641fc66ca;e4a09d28939b9a165661f86d5a2f4fb0c1d33fea1c7465dcc7cf874f0a8238bc;78a020ef314246281f19dc5eec25dbb28c50c5c376ee9df5a6b5090a0ec7d321	complete standardized dataset-label count; no governed panel mapping	not_in_governed_panel_hierarchy
Arabidopsis thaliana_CNP0004389|Regenerative cell|	Arabidopsis thaliana_CNP0004389	CNP0004389	Arabidopsis thaliana			cell_type_original	Regenerative cell					unmapped	pending_manual_curation; exact_synonym	5134	standardized_h5ad_obs;ontology_mapping_candidates;panel_label_freeze_v1	internal_source_record:not_publicly_portable:data/datasets/Bioinformatics/h5ad/Arabidopsis thaliana_CNP0004389.h5ad;internal_source_record:not_publicly_portable:workspace/projects/PhyloOpenCell/metadata/ontology_mapping_candidates.tsv;internal_source_record:not_publicly_portable:workspace/projects/PhyloOpenCell/metadata/panel_label_freeze_v1.tsv	01ed111cb6c0caf566b46cfc48b2a9639c7a61d446b04cf6b950b6d641fc66ca;e4a09d28939b9a165661f86d5a2f4fb0c1d33fea1c7465dcc7cf874f0a8238bc;78a020ef314246281f19dc5eec25dbb28c50c5c376ee9df5a6b5090a0ec7d321	complete standardized dataset-label count; no governed panel mapping	not_in_governed_panel_hierarchy
Arabidopsis thaliana_CNP0004389|Response cell|	Arabidopsis thaliana_CNP0004389	CNP0004389	Arabidopsis thaliana			cell_type_original	Response cell					unmapped	pending_manual_curation; exact_synonym	11793	standardized_h5ad_obs;ontology_mapping_candidates;panel_label_freeze_v1	internal_source_record:not_publicly_portable:data/datasets/Bioinformatics/h5ad/Arabidopsis thaliana_CNP0004389.h5ad;internal_source_record:not_publicly_portable:workspace/projects/PhyloOpenCell/metadata/ontology_mapping_candidates.tsv;internal_source_record:not_publicly_portable:workspace/projects/PhyloOpenCell/metadata/panel_label_freeze_v1.tsv	01ed111cb6c0caf566b46cfc48b2a9639c7a61d446b04cf6b950b6d641fc66ca;e4a09d28939b9a165661f86d5a2f4fb0c1d33fea1c7465dcc7cf874f0a8238bc;78a020ef314246281f19dc5eec25dbb28c50c5c376ee9df5a6b5090a0ec7d321	complete standardized dataset-label count; no governed panel mapping	not_in_governed_panel_hierarchy
Arabidopsis thaliana_CNP0004389|Root epidermis|	Arabidopsis thaliana_CNP0004389	CNP0004389	Arabidopsis thaliana			cell_type_original	Root epidermis	PO:0006036				unmapped	candidate_auto_exact; exact_name; Plant Ontology exact lexical match; requires curator acceptance	6450	standardized_h5ad_obs;ontology_mapping_candidates;panel_label_freeze_v1	internal_source_record:not_publicly_portable:data/datasets/Bioinformatics/h5ad/Arabidopsis thaliana_CNP0004389.h5ad;internal_source_record:not_publicly_portable:workspace/projects/PhyloOpenCell/metadata/ontology_mapping_candidates.tsv;internal_source_record:not_publicly_portable:workspace/projects/PhyloOpenCell/metadata/panel_label_freeze_v1.tsv	01ed111cb6c0caf566b46cfc48b2a9639c7a61d446b04cf6b950b6d641fc66ca;e4a09d28939b9a165661f86d5a2f4fb0c1d33fea1c7465dcc7cf874f0a8238bc;78a020ef314246281f19dc5eec25dbb28c50c5c376ee9df5a6b5090a0ec7d321	complete standardized dataset-label count; no governed panel mapping	not_in_governed_panel_hierarchy
Arabidopsis thaliana_CNP0004389|Root stele|	Arabidopsis thaliana_CNP0004389	CNP0004389	Arabidopsis thaliana			cell_type_original	Root stele	PO:0020124				unmapped	candidate_auto_exact; exact_name; Plant Ontology exact lexical match; requires curator acceptance	973	standardized_h5ad_obs;ontology_mapping_candidates;panel_label_freeze_v1	internal_source_record:not_publicly_portable:data/datasets/Bioinformatics/h5ad/Arabidopsis thaliana_CNP0004389.h5ad;internal_source_record:not_publicly_portable:workspace/projects/PhyloOpenCell/metadata/ontology_mapping_candidates.tsv;internal_source_record:not_publicly_portable:workspace/projects/PhyloOpenCell/metadata/panel_label_freeze_v1.tsv	01ed111cb6c0caf566b46cfc48b2a9639c7a61d446b04cf6b950b6d641fc66ca;e4a09d28939b9a165661f86d5a2f4fb0c1d33fea1c7465dcc7cf874f0a8238bc;78a020ef314246281f19dc5eec25dbb28c50c5c376ee9df5a6b5090a0ec7d321	complete standardized dataset-label count; no governed panel mapping	not_in_governed_panel_hierarchy
Arabidopsis thaliana_CNP0004389|Unknown|	Arabidopsis thaliana_CNP0004389	CNP0004389	Arabidopsis thaliana			cell_type_original	Unknown					unknown	excluded_unknown	42378	standardized_h5ad_obs;ontology_mapping_candidates;panel_label_freeze_v1	internal_source_record:not_publicly_portable:data/datasets/Bioinformatics/h5ad/Arabidopsis thaliana_CNP0004389.h5ad;internal_source_record:not_publicly_portable:workspace/projects/PhyloOpenCell/metadata/ontology_mapping_candidates.tsv;internal_source_record:not_publicly_portable:workspace/projects/PhyloOpenCell/metadata/panel_label_freeze_v1.tsv	01ed111cb6c0caf566b46cfc48b2a9639c7a61d446b04cf6b950b6d641fc66ca;e4a09d28939b9a165661f86d5a2f4fb0c1d33fea1c7465dcc7cf874f0a8238bc;78a020ef314246281f19dc5eec25dbb28c50c5c376ee9df5a6b5090a0ec7d321	complete standardized dataset-label count; no governed panel mapping	
Arabidopsis thaliana_CNP0004389|Vascular-like cell|	Arabidopsis thaliana_CNP0004389	CNP0004389	Arabidopsis thaliana			cell_type_original	Vascular-like cell					unmapped	pending_manual_curation; exact_synonym	12088	standardized_h5ad_obs;ontology_mapping_candidates;panel_label_freeze_v1	internal_source_record:not_publicly_portable:data/datasets/Bioinformatics/h5ad/Arabidopsis thaliana_CNP0004389.h5ad;internal_source_record:not_publicly_portable:workspace/projects/PhyloOpenCell/metadata/ontology_mapping_candidates.tsv;internal_source_record:not_publicly_portable:workspace/projects/PhyloOpenCell/metadata/panel_label_freeze_v1.tsv	01ed111cb6c0caf566b46cfc48b2a9639c7a61d446b04cf6b950b6d641fc66ca;e4a09d28939b9a165661f86d5a2f4fb0c1d33fea1c7465dcc7cf874f0a8238bc;78a020ef314246281f19dc5eec25dbb28c50c5c376ee9df5a6b5090a0ec7d321	complete standardized dataset-label count; no governed panel mapping	not_in_governed_panel_hierarchy
Arabidopsis thaliana_EMTAB11006|Bundle sheath cell|leaf	Arabidopsis thaliana_EMTAB11006	E-MTAB-11006	Arabidopsis thaliana		leaf	cell_type_original	Bundle sheath cell	PO:0025541	pilot_major_cell_family	photosynthetic_ground_tissue	leaf	mapped	expert_defined_many_to_one_from_user_approved_exact_PO_labels; passes_base_gates	128	standardized_h5ad_obs;panel_dataset_label_counts_v1;panel_label_freeze_v1;coarse_label_hierarchy_v1	internal_source_record:not_publicly_portable:data/datasets/Bioinformatics/h5ad/Arabidopsis thaliana_EMTAB11006.h5ad;internal_source_record:not_publicly_portable:workspace/projects/PhyloOpenCell/metadata/panel_dataset_label_counts_v1.tsv.gz;internal_source_record:not_publicly_portable:workspace/projects/PhyloOpenCell/metadata/panel_label_freeze_v1.tsv;internal_source_record:not_publicly_portable:workspace/projects/PhyloOpenCell/metadata/coarse_label_hierarchy_v1.tsv	bdc6493acac503b7e79a3227d8fc795304aed6dda9e9b0879d3da33a12ce9a59;a4bd8efca65e1175053b97dc0836fe8306417dd993d7a864389a5281d37302ea;78a020ef314246281f19dc5eec25dbb28c50c5c376ee9df5a6b5090a0ec7d321;e139f4d944b153210afd8aef98174679bf7caead33207fadc3a2e8c4cb619abb	complete standardized dataset-label count with panel-specific governed mapping	
Arabidopsis thaliana_EMTAB11006|Leaf abaxial pavement cell|	Arabidopsis thaliana_EMTAB11006	E-MTAB-11006	Arabidopsis thaliana			cell_type_original	Leaf abaxial pavement cell	PO:0025213				unmapped	candidate_auto_exact; exact_name; Plant Ontology exact lexical match; requires curator acceptance	128	standardized_h5ad_obs;ontology_mapping_candidates;panel_label_freeze_v1	internal_source_record:not_publicly_portable:data/datasets/Bioinformatics/h5ad/Arabidopsis thaliana_EMTAB11006.h5ad;internal_source_record:not_publicly_portable:workspace/projects/PhyloOpenCell/metadata/ontology_mapping_candidates.tsv;internal_source_record:not_publicly_portable:workspace/projects/PhyloOpenCell/metadata/panel_label_freeze_v1.tsv	bdc6493acac503b7e79a3227d8fc795304aed6dda9e9b0879d3da33a12ce9a59;e4a09d28939b9a165661f86d5a2f4fb0c1d33fea1c7465dcc7cf874f0a8238bc;78a020ef314246281f19dc5eec25dbb28c50c5c376ee9df5a6b5090a0ec7d321	complete standardized dataset-label count; no governed panel mapping	not_in_governed_panel_hierarchy
Arabidopsis thaliana_EMTAB11006|Leaf adaxial pavement cell|	Arabidopsis thaliana_EMTAB11006	E-MTAB-11006	Arabidopsis thaliana			cell_type_original	Leaf adaxial pavement cell	PO:0025214				unmapped	candidate_auto_exact; exact_name; Plant Ontology exact lexical match; requires curator acceptance	62	standardized_h5ad_obs;ontology_mapping_candidates;panel_label_freeze_v1	internal_source_record:not_publicly_portable:data/datasets/Bioinformatics/h5ad/Arabidopsis thaliana_EMTAB11006.h5ad;internal_source_record:not_publicly_portable:workspace/projects/PhyloOpenCell/metadata/ontology_mapping_candidates.tsv;internal_source_record:not_publicly_portable:workspace/projects/PhyloOpenCell/metadata/panel_label_freeze_v1.tsv	bdc6493acac503b7e79a3227d8fc795304aed6dda9e9b0879d3da33a12ce9a59;e4a09d28939b9a165661f86d5a2f4fb0c1d33fea1c7465dcc7cf874f0a8238bc;78a020ef314246281f19dc5eec25dbb28c50c5c376ee9df5a6b5090a0ec7d321	complete standardized dataset-label count; no governed panel mapping	not_in_governed_panel_hierarchy
Arabidopsis thaliana_EMTAB11006|Leaf initial cell|	Arabidopsis thaliana_EMTAB11006	E-MTAB-11006	Arabidopsis thaliana			cell_type_original	Leaf initial cell					unmapped	pending_manual_curation; exact_synonym	739	standardized_h5ad_obs;ontology_mapping_candidates;panel_label_freeze_v1	internal_source_record:not_publicly_portable:data/datasets/Bioinformatics/h5ad/Arabidopsis thaliana_EMTAB11006.h5ad;internal_source_record:not_publicly_portable:workspace/projects/PhyloOpenCell/metadata/ontology_mapping_candidates.tsv;internal_source_record:not_publicly_portable:workspace/projects/PhyloOpenCell/metadata/panel_label_freeze_v1.tsv	bdc6493acac503b7e79a3227d8fc795304aed6dda9e9b0879d3da33a12ce9a59;e4a09d28939b9a165661f86d5a2f4fb0c1d33fea1c7465dcc7cf874f0a8238bc;78a020ef314246281f19dc5eec25dbb28c50c5c376ee9df5a6b5090a0ec7d321	complete standardized dataset-label count; no governed panel mapping	not_in_governed_panel_hierarchy
Arabidopsis thaliana_EMTAB11006|Leaf vascular system|leaf	Arabidopsis thaliana_EMTAB11006	E-MTAB-11006	Arabidopsis thaliana		leaf	cell_type_original	Leaf vascular system	PO:0000036	pilot_major_cell_family	vascular_system	leaf	mapped	expert_defined_many_to_one_from_user_approved_exact_PO_labels; passes_base_gates	161	standardized_h5ad_obs;panel_dataset_label_counts_v1;panel_label_freeze_v1;coarse_label_hierarchy_v1	internal_source_record:not_publicly_portable:data/datasets/Bioinformatics/h5ad/Arabidopsis thaliana_EMTAB11006.h5ad;internal_source_record:not_publicly_portable:workspace/projects/PhyloOpenCell/metadata/panel_dataset_label_counts_v1.tsv.gz;internal_source_record:not_publicly_portable:workspace/projects/PhyloOpenCell/metadata/panel_label_freeze_v1.tsv;internal_source_record:not_publicly_portable:workspace/projects/PhyloOpenCell/metadata/coarse_label_hierarchy_v1.tsv	bdc6493acac503b7e79a3227d8fc795304aed6dda9e9b0879d3da33a12ce9a59;a4bd8efca65e1175053b97dc0836fe8306417dd993d7a864389a5281d37302ea;78a020ef314246281f19dc5eec25dbb28c50c5c376ee9df5a6b5090a0ec7d321;e139f4d944b153210afd8aef98174679bf7caead33207fadc3a2e8c4cb619abb	complete standardized dataset-label count with panel-specific governed mapping	
Arabidopsis thaliana_EMTAB11006|Leaf vascular system|vascular	Arabidopsis thaliana_EMTAB11006	E-MTAB-11006	Arabidopsis thaliana		vascular	cell_type_original	Leaf vascular system	PO:0000036	pilot_major_cell_family	vascular_unspecified	vascular	mapped	expert_defined_many_to_one_from_user_approved_exact_PO_labels; passes_base_gates	161	standardized_h5ad_obs;panel_dataset_label_counts_v1;panel_label_freeze_v1;coarse_label_hierarchy_v1	internal_source_record:not_publicly_portable:data/datasets/Bioinformatics/h5ad/Arabidopsis thaliana_EMTAB11006.h5ad;internal_source_record:not_publicly_portable:workspace/projects/PhyloOpenCell/metadata/panel_dataset_label_counts_v1.tsv.gz;internal_source_record:not_publicly_portable:workspace/projects/PhyloOpenCell/metadata/panel_label_freeze_v1.tsv;internal_source_record:not_publicly_portable:workspace/projects/PhyloOpenCell/metadata/coarse_label_hierarchy_v1.tsv	bdc6493acac503b7e79a3227d8fc795304aed6dda9e9b0879d3da33a12ce9a59;a4bd8efca65e1175053b97dc0836fe8306417dd993d7a864389a5281d37302ea;78a020ef314246281f19dc5eec25dbb28c50c5c376ee9df5a6b5090a0ec7d321;e139f4d944b153210afd8aef98174679bf7caead33207fadc3a2e8c4cb619abb	complete standardized dataset-label count with panel-specific governed mapping	
Arabidopsis thaliana_EMTAB11006|Mesophyll cell|leaf	Arabidopsis thaliana_EMTAB11006	E-MTAB-11006	Arabidopsis thaliana		leaf	cell_type_original	Mesophyll cell	PO:0004006	pilot_major_cell_family	photosynthetic_ground_tissue	leaf	mapped	expert_defined_many_to_one_from_user_approved_exact_PO_labels; passes_base_gates	163	standardized_h5ad_obs;panel_dataset_label_counts_v1;panel_label_freeze_v1;coarse_label_hierarchy_v1	internal_source_record:not_publicly_portable:data/datasets/Bioinformatics/h5ad/Arabidopsis thaliana_EMTAB11006.h5ad;internal_source_record:not_publicly_portable:workspace/projects/PhyloOpenCell/metadata/panel_dataset_label_counts_v1.tsv.gz;internal_source_record:not_publicly_portable:workspace/projects/PhyloOpenCell/metadata/panel_label_freeze_v1.tsv;internal_source_record:not_publicly_portable:workspace/projects/PhyloOpenCell/metadata/coarse_label_hierarchy_v1.tsv	bdc6493acac503b7e79a3227d8fc795304aed6dda9e9b0879d3da33a12ce9a59;a4bd8efca65e1175053b97dc0836fe8306417dd993d7a864389a5281d37302ea;78a020ef314246281f19dc5eec25dbb28c50c5c376ee9df5a6b5090a0ec7d321;e139f4d944b153210afd8aef98174679bf7caead33207fadc3a2e8c4cb619abb	complete standardized dataset-label count with panel-specific governed mapping	
Arabidopsis thaliana_EMTAB11006|Spongy mesophyll cell|	Arabidopsis thaliana_EMTAB11006	E-MTAB-11006	Arabidopsis thaliana			cell_type_original	Spongy mesophyll cell	PO:0006205				unmapped	candidate_auto_exact; exact_name; Plant Ontology exact lexical match; requires curator acceptance	179	standardized_h5ad_obs;ontology_mapping_candidates;panel_label_freeze_v1	internal_source_record:not_publicly_portable:data/datasets/Bioinformatics/h5ad/Arabidopsis thaliana_EMTAB11006.h5ad;internal_source_record:not_publicly_portable:workspace/projects/PhyloOpenCell/metadata/ontology_mapping_candidates.tsv;internal_source_record:not_publicly_portable:workspace/projects/PhyloOpenCell/metadata/panel_label_freeze_v1.tsv	bdc6493acac503b7e79a3227d8fc795304aed6dda9e9b0879d3da33a12ce9a59;e4a09d28939b9a165661f86d5a2f4fb0c1d33fea1c7465dcc7cf874f0a8238bc;78a020ef314246281f19dc5eec25dbb28c50c5c376ee9df5a6b5090a0ec7d321	complete standardized dataset-label count; no governed panel mapping	not_in_governed_panel_hierarchy
Arabidopsis thaliana_EMTAB12532|Hypocotyl|	Arabidopsis thaliana_EMTAB12532	E-MTAB-12532	Arabidopsis thaliana			cell_type_original	Hypocotyl	PO:0020100				unmapped	candidate_auto_exact; exact_name; Plant Ontology exact lexical match; requires curator acceptance	6936	standardized_h5ad_obs;ontology_mapping_candidates;panel_label_freeze_v1	internal_source_record:not_publicly_portable:data/datasets/Bioinformatics/h5ad/Arabidopsis thaliana_EMTAB12532.h5ad;internal_source_record:not_publicly_portable:workspace/projects/PhyloOpenCell/metadata/ontology_mapping_candidates.tsv;internal_source_record:not_publicly_portable:workspace/projects/PhyloOpenCell/metadata/panel_label_freeze_v1.tsv	ee8f1e637d0c59a1491e697af352c95121c05a947125bc9b6f24ef62c7496ef9;e4a09d28939b9a165661f86d5a2f4fb0c1d33fea1c7465dcc7cf874f0a8238bc;78a020ef314246281f19dc5eec25dbb28c50c5c376ee9df5a6b5090a0ec7d321	complete standardized dataset-label count; no governed panel mapping	not_in_governed_panel_hierarchy
Arabidopsis thaliana_EMTAB12532|Plant embryo cotyledon|	Arabidopsis thaliana_EMTAB12532	E-MTAB-12532	Arabidopsis thaliana			cell_type_original	Plant embryo cotyledon	PO:0025470				unmapped	candidate_auto_exact; exact_name; Plant Ontology exact lexical match; requires curator acceptance	335	standardized_h5ad_obs;ontology_mapping_candidates;panel_label_freeze_v1	internal_source_record:not_publicly_portable:data/datasets/Bioinformatics/h5ad/Arabidopsis thaliana_EMTAB12532.h5ad;internal_source_record:not_publicly_portable:workspace/projects/PhyloOpenCell/metadata/ontology_mapping_candidates.tsv;internal_source_record:not_publicly_portable:workspace/projects/PhyloOpenCell/metadata/panel_label_freeze_v1.tsv	ee8f1e637d0c59a1491e697af352c95121c05a947125bc9b6f24ef62c7496ef9;e4a09d28939b9a165661f86d5a2f4fb0c1d33fea1c7465dcc7cf874f0a8238bc;78a020ef314246281f19dc5eec25dbb28c50c5c376ee9df5a6b5090a0ec7d321	complete standardized dataset-label count; no governed panel mapping	not_in_governed_panel_hierarchy
Arabidopsis thaliana_EMTAB12532|Radicle|	Arabidopsis thaliana_EMTAB12532	E-MTAB-12532	Arabidopsis thaliana			cell_type_original	Radicle	PO:0020031				unmapped	candidate_auto_exact; exact_name; Plant Ontology exact lexical match; requires curator acceptance	1250	standardized_h5ad_obs;ontology_mapping_candidates;panel_label_freeze_v1	internal_source_record:not_publicly_portable:data/datasets/Bioinformatics/h5ad/Arabidopsis thaliana_EMTAB12532.h5ad;internal_source_record:not_publicly_portable:workspace/projects/PhyloOpenCell/metadata/ontology_mapping_candidates.tsv;internal_source_record:not_publicly_portable:workspace/projects/PhyloOpenCell/metadata/panel_label_freeze_v1.tsv	ee8f1e637d0c59a1491e697af352c95121c05a947125bc9b6f24ef62c7496ef9;e4a09d28939b9a165661f86d5a2f4fb0c1d33fea1c7465dcc7cf874f0a8238bc;78a020ef314246281f19dc5eec25dbb28c50c5c376ee9df5a6b5090a0ec7d321	complete standardized dataset-label count; no governed panel mapping	not_in_governed_panel_hierarchy
Arabidopsis thaliana_EMTAB12532|Unknown|	Arabidopsis thaliana_EMTAB12532	E-MTAB-12532	Arabidopsis thaliana			cell_type_original	Unknown					unknown	excluded_unknown	2654	standardized_h5ad_obs;ontology_mapping_candidates;panel_label_freeze_v1	internal_source_record:not_publicly_portable:data/datasets/Bioinformatics/h5ad/Arabidopsis thaliana_EMTAB12532.h5ad;internal_source_record:not_publicly_portable:workspace/projects/PhyloOpenCell/metadata/ontology_mapping_candidates.tsv;internal_source_record:not_publicly_portable:workspace/projects/PhyloOpenCell/metadata/panel_label_freeze_v1.tsv	ee8f1e637d0c59a1491e697af352c95121c05a947125bc9b6f24ef62c7496ef9;e4a09d28939b9a165661f86d5a2f4fb0c1d33fea1c7465dcc7cf874f0a8238bc;78a020ef314246281f19dc5eec25dbb28c50c5c376ee9df5a6b5090a0ec7d321	complete standardized dataset-label count; no governed panel mapping	
Arabidopsis thaliana_EMTAB12532|Vascular initial cell|	Arabidopsis thaliana_EMTAB12532	E-MTAB-12532	Arabidopsis thaliana			cell_type_original	Vascular initial cell					unmapped	pending_manual_curation; exact_synonym	2782	standardized_h5ad_obs;ontology_mapping_candidates;panel_label_freeze_v1	internal_source_record:not_publicly_portable:data/datasets/Bioinformatics/h5ad/Arabidopsis thaliana_EMTAB12532.h5ad;internal_source_record:not_publicly_portable:workspace/projects/PhyloOpenCell/metadata/ontology_mapping_candidates.tsv;internal_source_record:not_publicly_portable:workspace/projects/PhyloOpenCell/metadata/panel_label_freeze_v1.tsv	ee8f1e637d0c59a1491e697af352c95121c05a947125bc9b6f24ef62c7496ef9;e4a09d28939b9a165661f86d5a2f4fb0c1d33fea1c7465dcc7cf874f0a8238bc;78a020ef314246281f19dc5eec25dbb28c50c5c376ee9df5a6b5090a0ec7d321	complete standardized dataset-label count; no governed panel mapping	not_in_governed_panel_hierarchy
Arabidopsis thaliana_EMTAB9174|Early anther|	Arabidopsis thaliana_EMTAB9174	E-MTAB-9174	Arabidopsis thaliana	not explicitly recorded in source; annotation labels include flower meristem and anther		cell_type_original	Early anther					unmapped	pending_manual_curation; exact_synonym	52	standardized_h5ad_obs;ontology_mapping_candidates;panel_label_freeze_v1	internal_source_record:not_publicly_portable:data/datasets/Bioinformatics/h5ad/Arabidopsis thaliana_EMTAB9174.h5ad;internal_source_record:not_publicly_portable:workspace/projects/PhyloOpenCell/metadata/ontology_mapping_candidates.tsv;internal_source_record:not_publicly_portable:workspace/projects/PhyloOpenCell/metadata/panel_label_freeze_v1.tsv	8628cc6ce7ad97fb875f69ff835331e8aaac009049db69a7a3a99b00e0a8cc46;e4a09d28939b9a165661f86d5a2f4fb0c1d33fea1c7465dcc7cf874f0a8238bc;78a020ef314246281f19dc5eec25dbb28c50c5c376ee9df5a6b5090a0ec7d321	complete standardized dataset-label count; no governed panel mapping	not_in_governed_panel_hierarchy
Arabidopsis thaliana_EMTAB9174|Epidermis|	Arabidopsis thaliana_EMTAB9174	E-MTAB-9174	Arabidopsis thaliana	not explicitly recorded in source; annotation labels include flower meristem and anther		cell_type_original	Epidermis					unmapped	pending_manual_curation; exact_synonym	362	standardized_h5ad_obs;ontology_mapping_candidates;panel_label_freeze_v1	internal_source_record:not_publicly_portable:data/datasets/Bioinformatics/h5ad/Arabidopsis thaliana_EMTAB9174.h5ad;internal_source_record:not_publicly_portable:workspace/projects/PhyloOpenCell/metadata/ontology_mapping_candidates.tsv;internal_source_record:not_publicly_portable:workspace/projects/PhyloOpenCell/metadata/panel_label_freeze_v1.tsv	8628cc6ce7ad97fb875f69ff835331e8aaac009049db69a7a3a99b00e0a8cc46;e4a09d28939b9a165661f86d5a2f4fb0c1d33fea1c7465dcc7cf874f0a8238bc;78a020ef314246281f19dc5eec25dbb28c50c5c376ee9df5a6b5090a0ec7d321	complete standardized dataset-label count; no governed panel mapping	not_in_governed_panel_hierarchy
Arabidopsis thaliana_EMTAB9174|Flower meristem|	Arabidopsis thaliana_EMTAB9174	E-MTAB-9174	Arabidopsis thaliana	not explicitly recorded in source; annotation labels include flower meristem and anther		cell_type_original	Flower meristem	PO:0000229				unmapped	candidate_auto_exact; exact_name; Plant Ontology exact lexical match; requires curator acceptance	748	standardized_h5ad_obs;ontology_mapping_candidates;panel_label_freeze_v1	internal_source_record:not_publicly_portable:data/datasets/Bioinformatics/h5ad/Arabidopsis thaliana_EMTAB9174.h5ad;internal_source_record:not_publicly_portable:workspace/projects/PhyloOpenCell/metadata/ontology_mapping_candidates.tsv;internal_source_record:not_publicly_portable:workspace/projects/PhyloOpenCell/metadata/panel_label_freeze_v1.tsv	8628cc6ce7ad97fb875f69ff835331e8aaac009049db69a7a3a99b00e0a8cc46;e4a09d28939b9a165661f86d5a2f4fb0c1d33fea1c7465dcc7cf874f0a8238bc;78a020ef314246281f19dc5eec25dbb28c50c5c376ee9df5a6b5090a0ec7d321	complete standardized dataset-label count; no governed panel mapping	not_in_governed_panel_hierarchy
Arabidopsis thaliana_EMTAB9174|Intermediate anther|	Arabidopsis thaliana_EMTAB9174	E-MTAB-9174	Arabidopsis thaliana	not explicitly recorded in source; annotation labels include flower meristem and anther		cell_type_original	Intermediate anther					unmapped	pending_manual_curation; exact_synonym	139	standardized_h5ad_obs;ontology_mapping_candidates;panel_label_freeze_v1	internal_source_record:not_publicly_portable:data/datasets/Bioinformatics/h5ad/Arabidopsis thaliana_EMTAB9174.h5ad;internal_source_record:not_publicly_portable:workspace/projects/PhyloOpenCell/metadata/ontology_mapping_candidates.tsv;internal_source_record:not_publicly_portable:workspace/projects/PhyloOpenCell/metadata/panel_label_freeze_v1.tsv	8628cc6ce7ad97fb875f69ff835331e8aaac009049db69a7a3a99b00e0a8cc46;e4a09d28939b9a165661f86d5a2f4fb0c1d33fea1c7465dcc7cf874f0a8238bc;78a020ef314246281f19dc5eec25dbb28c50c5c376ee9df5a6b5090a0ec7d321	complete standardized dataset-label count; no governed panel mapping	not_in_governed_panel_hierarchy
Arabidopsis thaliana_EMTAB9174|Late anther|	Arabidopsis thaliana_EMTAB9174	E-MTAB-9174	Arabidopsis thaliana	not explicitly recorded in source; annotation labels include flower meristem and anther		cell_type_original	Late anther					unmapped	pending_manual_curation; exact_synonym	19	standardized_h5ad_obs;ontology_mapping_candidates;panel_label_freeze_v1	internal_source_record:not_publicly_portable:data/datasets/Bioinformatics/h5ad/Arabidopsis thaliana_EMTAB9174.h5ad;internal_source_record:not_publicly_portable:workspace/projects/PhyloOpenCell/metadata/ontology_mapping_candidates.tsv;internal_source_record:not_publicly_portable:workspace/projects/PhyloOpenCell/metadata/panel_label_freeze_v1.tsv	8628cc6ce7ad97fb875f69ff835331e8aaac009049db69a7a3a99b00e0a8cc46;e4a09d28939b9a165661f86d5a2f4fb0c1d33fea1c7465dcc7cf874f0a8238bc;78a020ef314246281f19dc5eec25dbb28c50c5c376ee9df5a6b5090a0ec7d321	complete standardized dataset-label count; no governed panel mapping	not_in_governed_panel_hierarchy
Arabidopsis thaliana_EMTAB9174|Unknown|	Arabidopsis thaliana_EMTAB9174	E-MTAB-9174	Arabidopsis thaliana	not explicitly recorded in source; annotation labels include flower meristem and anther		cell_type_original	Unknown					unknown	excluded_unknown	28	standardized_h5ad_obs;ontology_mapping_candidates;panel_label_freeze_v1	internal_source_record:not_publicly_portable:data/datasets/Bioinformatics/h5ad/Arabidopsis thaliana_EMTAB9174.h5ad;internal_source_record:not_publicly_portable:workspace/projects/PhyloOpenCell/metadata/ontology_mapping_candidates.tsv;internal_source_record:not_publicly_portable:workspace/projects/PhyloOpenCell/metadata/panel_label_freeze_v1.tsv	8628cc6ce7ad97fb875f69ff835331e8aaac009049db69a7a3a99b00e0a8cc46;e4a09d28939b9a165661f86d5a2f4fb0c1d33fea1c7465dcc7cf874f0a8238bc;78a020ef314246281f19dc5eec25dbb28c50c5c376ee9df5a6b5090a0ec7d321	complete standardized dataset-label count; no governed panel mapping	
Arabidopsis thaliana_PRJCA003094|Companion cell|	Arabidopsis thaliana_PRJCA003094	PRJCA003094	Arabidopsis thaliana			cell_type_original	Companion cell	PO:0000071				unmapped	candidate_auto_exact; exact_name; Plant Ontology exact lexical match; requires curator acceptance	736	standardized_h5ad_obs;ontology_mapping_candidates;panel_label_freeze_v1	internal_source_record:not_publicly_portable:data/datasets/Bioinformatics/h5ad/Arabidopsis thaliana_PRJCA003094.h5ad;internal_source_record:not_publicly_portable:workspace/projects/PhyloOpenCell/metadata/ontology_mapping_candidates.tsv;internal_source_record:not_publicly_portable:workspace/projects/PhyloOpenCell/metadata/panel_label_freeze_v1.tsv	79ecd7b76c9b8d7d10c81eb37b5ecd1b93c22398e37c04ec23996e5c488c45e3;e4a09d28939b9a165661f86d5a2f4fb0c1d33fea1c7465dcc7cf874f0a8238bc;78a020ef314246281f19dc5eec25dbb28c50c5c376ee9df5a6b5090a0ec7d321	complete standardized dataset-label count; no governed panel mapping	not_in_governed_panel_hierarchy
Arabidopsis thaliana_PRJCA003094|Leaf guard cell|	Arabidopsis thaliana_PRJCA003094	PRJCA003094	Arabidopsis thaliana			cell_type_original	Leaf guard cell	PO:0025237				unmapped	candidate_auto_exact; exact_name; Plant Ontology exact lexical match; requires curator acceptance	479	standardized_h5ad_obs;ontology_mapping_candidates;panel_label_freeze_v1	internal_source_record:not_publicly_portable:data/datasets/Bioinformatics/h5ad/Arabidopsis thaliana_PRJCA003094.h5ad;internal_source_record:not_publicly_portable:workspace/projects/PhyloOpenCell/metadata/ontology_mapping_candidates.tsv;internal_source_record:not_publicly_portable:workspace/projects/PhyloOpenCell/metadata/panel_label_freeze_v1.tsv	79ecd7b76c9b8d7d10c81eb37b5ecd1b93c22398e37c04ec23996e5c488c45e3;e4a09d28939b9a165661f86d5a2f4fb0c1d33fea1c7465dcc7cf874f0a8238bc;78a020ef314246281f19dc5eec25dbb28c50c5c376ee9df5a6b5090a0ec7d321	complete standardized dataset-label count; no governed panel mapping	not_in_governed_panel_hierarchy
Arabidopsis thaliana_PRJCA003094|Mesophyll cell|	Arabidopsis thaliana_PRJCA003094	PRJCA003094	Arabidopsis thaliana			cell_type_original	Mesophyll cell	PO:0004006				unmapped	candidate_auto_exact; exact_name; Plant Ontology exact lexical match; requires curator acceptance	5482	standardized_h5ad_obs;ontology_mapping_candidates;panel_label_freeze_v1	internal_source_record:not_publicly_portable:data/datasets/Bioinformatics/h5ad/Arabidopsis thaliana_PRJCA003094.h5ad;internal_source_record:not_publicly_portable:workspace/projects/PhyloOpenCell/metadata/ontology_mapping_candidates.tsv;internal_source_record:not_publicly_portable:workspace/projects/PhyloOpenCell/metadata/panel_label_freeze_v1.tsv	79ecd7b76c9b8d7d10c81eb37b5ecd1b93c22398e37c04ec23996e5c488c45e3;e4a09d28939b9a165661f86d5a2f4fb0c1d33fea1c7465dcc7cf874f0a8238bc;78a020ef314246281f19dc5eec25dbb28c50c5c376ee9df5a6b5090a0ec7d321	complete standardized dataset-label count; no governed panel mapping	not_in_governed_panel_hierarchy
Arabidopsis thaliana_PRJCA003094|Proliferating cell|	Arabidopsis thaliana_PRJCA003094	PRJCA003094	Arabidopsis thaliana			cell_type_original	Proliferating cell					unmapped	pending_manual_curation; exact_synonym	7964	standardized_h5ad_obs;ontology_mapping_candidates;panel_label_freeze_v1	internal_source_record:not_publicly_portable:data/datasets/Bioinformatics/h5ad/Arabidopsis thaliana_PRJCA003094.h5ad;internal_source_record:not_publicly_portable:workspace/projects/PhyloOpenCell/metadata/ontology_mapping_candidates.tsv;internal_source_record:not_publicly_portable:workspace/projects/PhyloOpenCell/metadata/panel_label_freeze_v1.tsv	79ecd7b76c9b8d7d10c81eb37b5ecd1b93c22398e37c04ec23996e5c488c45e3;e4a09d28939b9a165661f86d5a2f4fb0c1d33fea1c7465dcc7cf874f0a8238bc;78a020ef314246281f19dc5eec25dbb28c50c5c376ee9df5a6b5090a0ec7d321	complete standardized dataset-label count; no governed panel mapping	not_in_governed_panel_hierarchy
Arabidopsis thaliana_PRJCA003094|Shoot apical meristem|	Arabidopsis thaliana_PRJCA003094	PRJCA003094	Arabidopsis thaliana			cell_type_original	Shoot apical meristem	PO:0020148				unmapped	candidate_auto_exact; exact_name; Plant Ontology exact lexical match; requires curator acceptance	106	standardized_h5ad_obs;ontology_mapping_candidates;panel_label_freeze_v1	internal_source_record:not_publicly_portable:data/datasets/Bioinformatics/h5ad/Arabidopsis thaliana_PRJCA003094.h5ad;internal_source_record:not_publicly_portable:workspace/projects/PhyloOpenCell/metadata/ontology_mapping_candidates.tsv;internal_source_record:not_publicly_portable:workspace/projects/PhyloOpenCell/metadata/panel_label_freeze_v1.tsv	79ecd7b76c9b8d7d10c81eb37b5ecd1b93c22398e37c04ec23996e5c488c45e3;e4a09d28939b9a165661f86d5a2f4fb0c1d33fea1c7465dcc7cf874f0a8238bc;78a020ef314246281f19dc5eec25dbb28c50c5c376ee9df5a6b5090a0ec7d321	complete standardized dataset-label count; no governed panel mapping	not_in_governed_panel_hierarchy
Arabidopsis thaliana_PRJCA003094|Shoot system endodermis|	Arabidopsis thaliana_PRJCA003094	PRJCA003094	Arabidopsis thaliana			cell_type_original	Shoot system endodermis					unmapped	pending_manual_curation; exact_synonym	4608	standardized_h5ad_obs;ontology_mapping_candidates;panel_label_freeze_v1	internal_source_record:not_publicly_portable:data/datasets/Bioinformatics/h5ad/Arabidopsis thaliana_PRJCA003094.h5ad;internal_source_record:not_publicly_portable:workspace/projects/PhyloOpenCell/metadata/ontology_mapping_candidates.tsv;internal_source_record:not_publicly_portable:workspace/projects/PhyloOpenCell/metadata/panel_label_freeze_v1.tsv	79ecd7b76c9b8d7d10c81eb37b5ecd1b93c22398e37c04ec23996e5c488c45e3;e4a09d28939b9a165661f86d5a2f4fb0c1d33fea1c7465dcc7cf874f0a8238bc;78a020ef314246281f19dc5eec25dbb28c50c5c376ee9df5a6b5090a0ec7d321	complete standardized dataset-label count; no governed panel mapping	not_in_governed_panel_hierarchy
Arabidopsis thaliana_PRJCA003094|Shoot system epidermis|	Arabidopsis thaliana_PRJCA003094	PRJCA003094	Arabidopsis thaliana			cell_type_original	Shoot system epidermis	PO:0006035				unmapped	candidate_auto_exact; exact_name; Plant Ontology exact lexical match; requires curator acceptance	6476	standardized_h5ad_obs;ontology_mapping_candidates;panel_label_freeze_v1	internal_source_record:not_publicly_portable:data/datasets/Bioinformatics/h5ad/Arabidopsis thaliana_PRJCA003094.h5ad;internal_source_record:not_publicly_portable:workspace/projects/PhyloOpenCell/metadata/ontology_mapping_candidates.tsv;internal_source_record:not_publicly_portable:workspace/projects/PhyloOpenCell/metadata/panel_label_freeze_v1.tsv	79ecd7b76c9b8d7d10c81eb37b5ecd1b93c22398e37c04ec23996e5c488c45e3;e4a09d28939b9a165661f86d5a2f4fb0c1d33fea1c7465dcc7cf874f0a8238bc;78a020ef314246281f19dc5eec25dbb28c50c5c376ee9df5a6b5090a0ec7d321	complete standardized dataset-label count; no governed panel mapping	not_in_governed_panel_hierarchy
Arabidopsis thaliana_PRJCA003094|Shoot system vascular system|	Arabidopsis thaliana_PRJCA003094	PRJCA003094	Arabidopsis thaliana			cell_type_original	Shoot system vascular system	PO:0025205				unmapped	candidate_auto_exact; exact_name; Plant Ontology exact lexical match; requires curator acceptance	4874	standardized_h5ad_obs;ontology_mapping_candidates;panel_label_freeze_v1	internal_source_record:not_publicly_portable:data/datasets/Bioinformatics/h5ad/Arabidopsis thaliana_PRJCA003094.h5ad;internal_source_record:not_publicly_portable:workspace/projects/PhyloOpenCell/metadata/ontology_mapping_candidates.tsv;internal_source_record:not_publicly_portable:workspace/projects/PhyloOpenCell/metadata/panel_label_freeze_v1.tsv	79ecd7b76c9b8d7d10c81eb37b5ecd1b93c22398e37c04ec23996e5c488c45e3;e4a09d28939b9a165661f86d5a2f4fb0c1d33fea1c7465dcc7cf874f0a8238bc;78a020ef314246281f19dc5eec25dbb28c50c5c376ee9df5a6b5090a0ec7d321	complete standardized dataset-label count; no governed panel mapping	not_in_governed_panel_hierarchy
Arabidopsis thaliana_PRJCA003094|Unknown|	Arabidopsis thaliana_PRJCA003094	PRJCA003094	Arabidopsis thaliana			cell_type_original	Unknown					unknown	excluded_unknown	4474	standardized_h5ad_obs;ontology_mapping_candidates;panel_label_freeze_v1	internal_source_record:not_publicly_portable:data/datasets/Bioinformatics/h5ad/Arabidopsis thaliana_PRJCA003094.h5ad;internal_source_record:not_publicly_portable:workspace/projects/PhyloOpenCell/metadata/ontology_mapping_candidates.tsv;internal_source_record:not_publicly_portable:workspace/projects/PhyloOpenCell/metadata/panel_label_freeze_v1.tsv	79ecd7b76c9b8d7d10c81eb37b5ecd1b93c22398e37c04ec23996e5c488c45e3;e4a09d28939b9a165661f86d5a2f4fb0c1d33fea1c7465dcc7cf874f0a8238bc;78a020ef314246281f19dc5eec25dbb28c50c5c376ee9df5a6b5090a0ec7d321	complete standardized dataset-label count; no governed panel mapping	
Arabidopsis thaliana_PRJCA016521_Root|Columella root cap cell|root	Arabidopsis thaliana_PRJCA016521_Root	PRJCA016521	Arabidopsis thaliana	root	root	cell_type_original	Columella root cap cell	PO:0020132	pilot_major_cell_family	root_cap	root	mapped	expert_defined_many_to_one_from_user_approved_exact_PO_labels; passes_base_gates	1636	standardized_h5ad_obs;panel_dataset_label_counts_v1;panel_label_freeze_v1;coarse_label_hierarchy_v1	internal_source_record:not_publicly_portable:data/datasets/Bioinformatics/h5ad/Arabidopsis thaliana_PRJCA016521_Root.h5ad;internal_source_record:not_publicly_portable:workspace/projects/PhyloOpenCell/metadata/panel_dataset_label_counts_v1.tsv.gz;internal_source_record:not_publicly_portable:workspace/projects/PhyloOpenCell/metadata/panel_label_freeze_v1.tsv;internal_source_record:not_publicly_portable:workspace/projects/PhyloOpenCell/metadata/coarse_label_hierarchy_v1.tsv	8b924a9e375ea3a2dca5f4ea0d68e73e31fe1f87d1c1d231afbbe933d0d845d2;a4bd8efca65e1175053b97dc0836fe8306417dd993d7a864389a5281d37302ea;78a020ef314246281f19dc5eec25dbb28c50c5c376ee9df5a6b5090a0ec7d321;e139f4d944b153210afd8aef98174679bf7caead33207fadc3a2e8c4cb619abb	complete standardized dataset-label count with panel-specific governed mapping	
Arabidopsis thaliana_PRJCA016521_Root|G2/M-phase cell|	Arabidopsis thaliana_PRJCA016521_Root	PRJCA016521	Arabidopsis thaliana	root		cell_type_original	G2/M-phase cell					unmapped	pending_manual_curation; exact_synonym	2881	standardized_h5ad_obs;ontology_mapping_candidates;panel_label_freeze_v1	internal_source_record:not_publicly_portable:data/datasets/Bioinformatics/h5ad/Arabidopsis thaliana_PRJCA016521_Root.h5ad;internal_source_record:not_publicly_portable:workspace/projects/PhyloOpenCell/metadata/ontology_mapping_candidates.tsv;internal_source_record:not_publicly_portable:workspace/projects/PhyloOpenCell/metadata/panel_label_freeze_v1.tsv	8b924a9e375ea3a2dca5f4ea0d68e73e31fe1f87d1c1d231afbbe933d0d845d2;e4a09d28939b9a165661f86d5a2f4fb0c1d33fea1c7465dcc7cf874f0a8238bc;78a020ef314246281f19dc5eec25dbb28c50c5c376ee9df5a6b5090a0ec7d321	complete standardized dataset-label count; no governed panel mapping	not_in_governed_panel_hierarchy
Arabidopsis thaliana_PRJCA016521_Root|Lateral root cap|	Arabidopsis thaliana_PRJCA016521_Root	PRJCA016521	Arabidopsis thaliana	root		cell_type_original	Lateral root cap	PO:0020131				unmapped	candidate_auto_exact; exact_name; Plant Ontology exact lexical match; requires curator acceptance	7581	standardized_h5ad_obs;ontology_mapping_candidates;panel_label_freeze_v1	internal_source_record:not_publicly_portable:data/datasets/Bioinformatics/h5ad/Arabidopsis thaliana_PRJCA016521_Root.h5ad;internal_source_record:not_publicly_portable:workspace/projects/PhyloOpenCell/metadata/ontology_mapping_candidates.tsv;internal_source_record:not_publicly_portable:workspace/projects/PhyloOpenCell/metadata/panel_label_freeze_v1.tsv	8b924a9e375ea3a2dca5f4ea0d68e73e31fe1f87d1c1d231afbbe933d0d845d2;e4a09d28939b9a165661f86d5a2f4fb0c1d33fea1c7465dcc7cf874f0a8238bc;78a020ef314246281f19dc5eec25dbb28c50c5c376ee9df5a6b5090a0ec7d321	complete standardized dataset-label count; no governed panel mapping	not_in_governed_panel_hierarchy
Arabidopsis thaliana_PRJCA016521_Root|Non-hair root epidermal cell|root	Arabidopsis thaliana_PRJCA016521_Root	PRJCA016521	Arabidopsis thaliana	root	root	cell_type_original	Non-hair root epidermal cell	PO:0000263	pilot_major_cell_family	epidermal_system	root	mapped	expert_defined_many_to_one_from_user_approved_exact_PO_labels; passes_base_gates	1534	standardized_h5ad_obs;panel_dataset_label_counts_v1;panel_label_freeze_v1;coarse_label_hierarchy_v1	internal_source_record:not_publicly_portable:data/datasets/Bioinformatics/h5ad/Arabidopsis thaliana_PRJCA016521_Root.h5ad;internal_source_record:not_publicly_portable:workspace/projects/PhyloOpenCell/metadata/panel_dataset_label_counts_v1.tsv.gz;internal_source_record:not_publicly_portable:workspace/projects/PhyloOpenCell/metadata/panel_label_freeze_v1.tsv;internal_source_record:not_publicly_portable:workspace/projects/PhyloOpenCell/metadata/coarse_label_hierarchy_v1.tsv	8b924a9e375ea3a2dca5f4ea0d68e73e31fe1f87d1c1d231afbbe933d0d845d2;a4bd8efca65e1175053b97dc0836fe8306417dd993d7a864389a5281d37302ea;78a020ef314246281f19dc5eec25dbb28c50c5c376ee9df5a6b5090a0ec7d321;e139f4d944b153210afd8aef98174679bf7caead33207fadc3a2e8c4cb619abb	complete standardized dataset-label count with panel-specific governed mapping	
Arabidopsis thaliana_PRJCA016521_Root|Pericycle cell|root	Arabidopsis thaliana_PRJCA016521_Root	PRJCA016521	Arabidopsis thaliana	root	root	cell_type_original	Pericycle cell	PO:0025261	pilot_major_cell_family	stele_lineage	root	mapped	expert_defined_many_to_one_from_user_approved_exact_PO_labels; passes_base_gates	7811	standardized_h5ad_obs;panel_dataset_label_counts_v1;panel_label_freeze_v1;coarse_label_hierarchy_v1	internal_source_record:not_publicly_portable:data/datasets/Bioinformatics/h5ad/Arabidopsis thaliana_PRJCA016521_Root.h5ad;internal_source_record:not_publicly_portable:workspace/projects/PhyloOpenCell/metadata/panel_dataset_label_counts_v1.tsv.gz;internal_source_record:not_publicly_portable:workspace/projects/PhyloOpenCell/metadata/panel_label_freeze_v1.tsv;internal_source_record:not_publicly_portable:workspace/projects/PhyloOpenCell/metadata/coarse_label_hierarchy_v1.tsv	8b924a9e375ea3a2dca5f4ea0d68e73e31fe1f87d1c1d231afbbe933d0d845d2;a4bd8efca65e1175053b97dc0836fe8306417dd993d7a864389a5281d37302ea;78a020ef314246281f19dc5eec25dbb28c50c5c376ee9df5a6b5090a0ec7d321;e139f4d944b153210afd8aef98174679bf7caead33207fadc3a2e8c4cb619abb	complete standardized dataset-label count with panel-specific governed mapping	
Arabidopsis thaliana_PRJCA016521_Root|Phloem|vascular	Arabidopsis thaliana_PRJCA016521_Root	PRJCA016521	Arabidopsis thaliana	root	vascular	cell_type_original	Phloem	PO:0005417	pilot_major_cell_family	phloem_lineage	vascular	mapped	expert_defined_many_to_one_from_user_approved_exact_PO_labels; passes_base_gates	2219	standardized_h5ad_obs;panel_dataset_label_counts_v1;panel_label_freeze_v1;coarse_label_hierarchy_v1	internal_source_record:not_publicly_portable:data/datasets/Bioinformatics/h5ad/Arabidopsis thaliana_PRJCA016521_Root.h5ad;internal_source_record:not_publicly_portable:workspace/projects/PhyloOpenCell/metadata/panel_dataset_label_counts_v1.tsv.gz;internal_source_record:not_publicly_portable:workspace/projects/PhyloOpenCell/metadata/panel_label_freeze_v1.tsv;internal_source_record:not_publicly_portable:workspace/projects/PhyloOpenCell/metadata/coarse_label_hierarchy_v1.tsv	8b924a9e375ea3a2dca5f4ea0d68e73e31fe1f87d1c1d231afbbe933d0d845d2;a4bd8efca65e1175053b97dc0836fe8306417dd993d7a864389a5281d37302ea;78a020ef314246281f19dc5eec25dbb28c50c5c376ee9df5a6b5090a0ec7d321;e139f4d944b153210afd8aef98174679bf7caead33207fadc3a2e8c4cb619abb	complete standardized dataset-label count with panel-specific governed mapping	
Arabidopsis thaliana_PRJCA016521_Root|Root cortex|root	Arabidopsis thaliana_PRJCA016521_Root	PRJCA016521	Arabidopsis thaliana	root	root	cell_type_original	Root cortex	PO:0000258	pilot_major_cell_family	ground_tissue	root	mapped	expert_defined_many_to_one_from_user_approved_exact_PO_labels; passes_base_gates	4198	standardized_h5ad_obs;panel_dataset_label_counts_v1;panel_label_freeze_v1;coarse_label_hierarchy_v1	internal_source_record:not_publicly_portable:data/datasets/Bioinformatics/h5ad/Arabidopsis thaliana_PRJCA016521_Root.h5ad;internal_source_record:not_publicly_portable:workspace/projects/PhyloOpenCell/metadata/panel_dataset_label_counts_v1.tsv.gz;internal_source_record:not_publicly_portable:workspace/projects/PhyloOpenCell/metadata/panel_label_freeze_v1.tsv;internal_source_record:not_publicly_portable:workspace/projects/PhyloOpenCell/metadata/coarse_label_hierarchy_v1.tsv	8b924a9e375ea3a2dca5f4ea0d68e73e31fe1f87d1c1d231afbbe933d0d845d2;a4bd8efca65e1175053b97dc0836fe8306417dd993d7a864389a5281d37302ea;78a020ef314246281f19dc5eec25dbb28c50c5c376ee9df5a6b5090a0ec7d321;e139f4d944b153210afd8aef98174679bf7caead33207fadc3a2e8c4cb619abb	complete standardized dataset-label count with panel-specific governed mapping	
Arabidopsis thaliana_PRJCA016521_Root|Root endodermis|root	Arabidopsis thaliana_PRJCA016521_Root	PRJCA016521	Arabidopsis thaliana	root	root	cell_type_original	Root endodermis	PO:0005059	pilot_major_cell_family	ground_tissue	root	mapped	expert_defined_many_to_one_from_user_approved_exact_PO_labels; passes_base_gates	2996	standardized_h5ad_obs;panel_dataset_label_counts_v1;panel_label_freeze_v1;coarse_label_hierarchy_v1	internal_source_record:not_publicly_portable:data/datasets/Bioinformatics/h5ad/Arabidopsis thaliana_PRJCA016521_Root.h5ad;internal_source_record:not_publicly_portable:workspace/projects/PhyloOpenCell/metadata/panel_dataset_label_counts_v1.tsv.gz;internal_source_record:not_publicly_portable:workspace/projects/PhyloOpenCell/metadata/panel_label_freeze_v1.tsv;internal_source_record:not_publicly_portable:workspace/projects/PhyloOpenCell/metadata/coarse_label_hierarchy_v1.tsv	8b924a9e375ea3a2dca5f4ea0d68e73e31fe1f87d1c1d231afbbe933d0d845d2;a4bd8efca65e1175053b97dc0836fe8306417dd993d7a864389a5281d37302ea;78a020ef314246281f19dc5eec25dbb28c50c5c376ee9df5a6b5090a0ec7d321;e139f4d944b153210afd8aef98174679bf7caead33207fadc3a2e8c4cb619abb	complete standardized dataset-label count with panel-specific governed mapping	
Arabidopsis thaliana_PRJCA016521_Root|Root hair cell|root	Arabidopsis thaliana_PRJCA016521_Root	PRJCA016521	Arabidopsis thaliana	root	root	cell_type_original	Root hair cell	PO:0000256	pilot_major_cell_family	epidermal_system	root	mapped	expert_defined_many_to_one_from_user_approved_exact_PO_labels; passes_base_gates	2783	standardized_h5ad_obs;panel_dataset_label_counts_v1;panel_label_freeze_v1;coarse_label_hierarchy_v1	internal_source_record:not_publicly_portable:data/datasets/Bioinformatics/h5ad/Arabidopsis thaliana_PRJCA016521_Root.h5ad;internal_source_record:not_publicly_portable:workspace/projects/PhyloOpenCell/metadata/panel_dataset_label_counts_v1.tsv.gz;internal_source_record:not_publicly_portable:workspace/projects/PhyloOpenCell/metadata/panel_label_freeze_v1.tsv;internal_source_record:not_publicly_portable:workspace/projects/PhyloOpenCell/metadata/coarse_label_hierarchy_v1.tsv	8b924a9e375ea3a2dca5f4ea0d68e73e31fe1f87d1c1d231afbbe933d0d845d2;a4bd8efca65e1175053b97dc0836fe8306417dd993d7a864389a5281d37302ea;78a020ef314246281f19dc5eec25dbb28c50c5c376ee9df5a6b5090a0ec7d321;e139f4d944b153210afd8aef98174679bf7caead33207fadc3a2e8c4cb619abb	complete standardized dataset-label count with panel-specific governed mapping	
Arabidopsis thaliana_PRJCA016521_Root|Root initial cell|	Arabidopsis thaliana_PRJCA016521_Root	PRJCA016521	Arabidopsis thaliana	root		cell_type_original	Root initial cell	PO:0000059				unmapped	candidate_auto_exact; exact_name; Plant Ontology exact lexical match; requires curator acceptance	2694	standardized_h5ad_obs;ontology_mapping_candidates;panel_label_freeze_v1	internal_source_record:not_publicly_portable:data/datasets/Bioinformatics/h5ad/Arabidopsis thaliana_PRJCA016521_Root.h5ad;internal_source_record:not_publicly_portable:workspace/projects/PhyloOpenCell/metadata/ontology_mapping_candidates.tsv;internal_source_record:not_publicly_portable:workspace/projects/PhyloOpenCell/metadata/panel_label_freeze_v1.tsv	8b924a9e375ea3a2dca5f4ea0d68e73e31fe1f87d1c1d231afbbe933d0d845d2;e4a09d28939b9a165661f86d5a2f4fb0c1d33fea1c7465dcc7cf874f0a8238bc;78a020ef314246281f19dc5eec25dbb28c50c5c376ee9df5a6b5090a0ec7d321	complete standardized dataset-label count; no governed panel mapping	not_in_governed_panel_hierarchy
Arabidopsis thaliana_PRJCA016521_Root|Root procambium|root	Arabidopsis thaliana_PRJCA016521_Root	PRJCA016521	Arabidopsis thaliana	root	root	cell_type_original	Root procambium	PO:0006307	pilot_major_cell_family	stele_lineage	root	mapped	expert_defined_many_to_one_from_user_approved_exact_PO_labels; passes_base_gates	3684	standardized_h5ad_obs;panel_dataset_label_counts_v1;panel_label_freeze_v1;coarse_label_hierarchy_v1	internal_source_record:not_publicly_portable:data/datasets/Bioinformatics/h5ad/Arabidopsis thaliana_PRJCA016521_Root.h5ad;internal_source_record:not_publicly_portable:workspace/projects/PhyloOpenCell/metadata/panel_dataset_label_counts_v1.tsv.gz;internal_source_record:not_publicly_portable:workspace/projects/PhyloOpenCell/metadata/panel_label_freeze_v1.tsv;internal_source_record:not_publicly_portable:workspace/projects/PhyloOpenCell/metadata/coarse_label_hierarchy_v1.tsv	8b924a9e375ea3a2dca5f4ea0d68e73e31fe1f87d1c1d231afbbe933d0d845d2;a4bd8efca65e1175053b97dc0836fe8306417dd993d7a864389a5281d37302ea;78a020ef314246281f19dc5eec25dbb28c50c5c376ee9df5a6b5090a0ec7d321;e139f4d944b153210afd8aef98174679bf7caead33207fadc3a2e8c4cb619abb	complete standardized dataset-label count with panel-specific governed mapping	
Arabidopsis thaliana_PRJCA016521_Root|Root procambium|vascular	Arabidopsis thaliana_PRJCA016521_Root	PRJCA016521	Arabidopsis thaliana	root	vascular	cell_type_original	Root procambium	PO:0006307	pilot_major_cell_family	procambial_lineage	vascular	mapped	expert_defined_many_to_one_from_user_approved_exact_PO_labels; passes_base_gates	3684	standardized_h5ad_obs;panel_dataset_label_counts_v1;panel_label_freeze_v1;coarse_label_hierarchy_v1	internal_source_record:not_publicly_portable:data/datasets/Bioinformatics/h5ad/Arabidopsis thaliana_PRJCA016521_Root.h5ad;internal_source_record:not_publicly_portable:workspace/projects/PhyloOpenCell/metadata/panel_dataset_label_counts_v1.tsv.gz;internal_source_record:not_publicly_portable:workspace/projects/PhyloOpenCell/metadata/panel_label_freeze_v1.tsv;internal_source_record:not_publicly_portable:workspace/projects/PhyloOpenCell/metadata/coarse_label_hierarchy_v1.tsv	8b924a9e375ea3a2dca5f4ea0d68e73e31fe1f87d1c1d231afbbe933d0d845d2;a4bd8efca65e1175053b97dc0836fe8306417dd993d7a864389a5281d37302ea;78a020ef314246281f19dc5eec25dbb28c50c5c376ee9df5a6b5090a0ec7d321;e139f4d944b153210afd8aef98174679bf7caead33207fadc3a2e8c4cb619abb	complete standardized dataset-label count with panel-specific governed mapping	
Arabidopsis thaliana_PRJCA016521_Root|S-phase cell|	Arabidopsis thaliana_PRJCA016521_Root	PRJCA016521	Arabidopsis thaliana	root		cell_type_original	S-phase cell					unmapped	pending_manual_curation; exact_synonym	1453	standardized_h5ad_obs;ontology_mapping_candidates;panel_label_freeze_v1	internal_source_record:not_publicly_portable:data/datasets/Bioinformatics/h5ad/Arabidopsis thaliana_PRJCA016521_Root.h5ad;internal_source_record:not_publicly_portable:workspace/projects/PhyloOpenCell/metadata/ontology_mapping_candidates.tsv;internal_source_record:not_publicly_portable:workspace/projects/PhyloOpenCell/metadata/panel_label_freeze_v1.tsv	8b924a9e375ea3a2dca5f4ea0d68e73e31fe1f87d1c1d231afbbe933d0d845d2;e4a09d28939b9a165661f86d5a2f4fb0c1d33fea1c7465dcc7cf874f0a8238bc;78a020ef314246281f19dc5eec25dbb28c50c5c376ee9df5a6b5090a0ec7d321	complete standardized dataset-label count; no governed panel mapping	not_in_governed_panel_hierarchy
Arabidopsis thaliana_PRJCA016521_Root|Unknown|	Arabidopsis thaliana_PRJCA016521_Root	PRJCA016521	Arabidopsis thaliana	root		cell_type_original	Unknown					unknown	excluded_unknown	10933	standardized_h5ad_obs;ontology_mapping_candidates;panel_label_freeze_v1	internal_source_record:not_publicly_portable:data/datasets/Bioinformatics/h5ad/Arabidopsis thaliana_PRJCA016521_Root.h5ad;internal_source_record:not_publicly_portable:workspace/projects/PhyloOpenCell/metadata/ontology_mapping_candidates.tsv;internal_source_record:not_publicly_portable:workspace/projects/PhyloOpenCell/metadata/panel_label_freeze_v1.tsv	8b924a9e375ea3a2dca5f4ea0d68e73e31fe1f87d1c1d231afbbe933d0d845d2;e4a09d28939b9a165661f86d5a2f4fb0c1d33fea1c7465dcc7cf874f0a8238bc;78a020ef314246281f19dc5eec25dbb28c50c5c376ee9df5a6b5090a0ec7d321	complete standardized dataset-label count; no governed panel mapping	
Arabidopsis thaliana_PRJCA016521_Root|Xylem|vascular	Arabidopsis thaliana_PRJCA016521_Root	PRJCA016521	Arabidopsis thaliana	root	vascular	cell_type_original	Xylem	PO:0005352	pilot_major_cell_family	xylem_lineage	vascular	mapped	expert_defined_many_to_one_from_user_approved_exact_PO_labels; passes_base_gates	1870	standardized_h5ad_obs;panel_dataset_label_counts_v1;panel_label_freeze_v1;coarse_label_hierarchy_v1	internal_source_record:not_publicly_portable:data/datasets/Bioinformatics/h5ad/Arabidopsis thaliana_PRJCA016521_Root.h5ad;internal_source_record:not_publicly_portable:workspace/projects/PhyloOpenCell/metadata/panel_dataset_label_counts_v1.tsv.gz;internal_source_record:not_publicly_portable:workspace/projects/PhyloOpenCell/metadata/panel_label_freeze_v1.tsv;internal_source_record:not_publicly_portable:workspace/projects/PhyloOpenCell/metadata/coarse_label_hierarchy_v1.tsv	8b924a9e375ea3a2dca5f4ea0d68e73e31fe1f87d1c1d231afbbe933d0d845d2;a4bd8efca65e1175053b97dc0836fe8306417dd993d7a864389a5281d37302ea;78a020ef314246281f19dc5eec25dbb28c50c5c376ee9df5a6b5090a0ec7d321;e139f4d944b153210afd8aef98174679bf7caead33207fadc3a2e8c4cb619abb	complete standardized dataset-label count with panel-specific governed mapping	
Arabidopsis thaliana_PRJCA016521_Shoot|Companion cell|vascular	Arabidopsis thaliana_PRJCA016521_Shoot	PRJCA016521	Arabidopsis thaliana	shoot	vascular	cell_type_original	Companion cell	PO:0000071	pilot_major_cell_family	phloem_lineage	vascular	mapped	expert_defined_many_to_one_from_user_approved_exact_PO_labels; passes_base_gates	726	standardized_h5ad_obs;panel_dataset_label_counts_v1;panel_label_freeze_v1;coarse_label_hierarchy_v1	internal_source_record:not_publicly_portable:data/datasets/Bioinformatics/h5ad/Arabidopsis thaliana_PRJCA016521_Shoot.h5ad;internal_source_record:not_publicly_portable:workspace/projects/PhyloOpenCell/metadata/panel_dataset_label_counts_v1.tsv.gz;internal_source_record:not_publicly_portable:workspace/projects/PhyloOpenCell/metadata/panel_label_freeze_v1.tsv;internal_source_record:not_publicly_portable:workspace/projects/PhyloOpenCell/metadata/coarse_label_hierarchy_v1.tsv	892eab5ad576f0cd3a451ad9105863b557a91344c591f4ae1f5e3c04ea4aed9c;a4bd8efca65e1175053b97dc0836fe8306417dd993d7a864389a5281d37302ea;78a020ef314246281f19dc5eec25dbb28c50c5c376ee9df5a6b5090a0ec7d321;e139f4d944b153210afd8aef98174679bf7caead33207fadc3a2e8c4cb619abb	complete standardized dataset-label count with panel-specific governed mapping	
Arabidopsis thaliana_PRJCA016521_Shoot|Mesophyll cell|leaf	Arabidopsis thaliana_PRJCA016521_Shoot	PRJCA016521	Arabidopsis thaliana	shoot	leaf	cell_type_original	Mesophyll cell	PO:0004006	pilot_major_cell_family	photosynthetic_ground_tissue	leaf	mapped	expert_defined_many_to_one_from_user_approved_exact_PO_labels; passes_base_gates	7846	standardized_h5ad_obs;panel_dataset_label_counts_v1;panel_label_freeze_v1;coarse_label_hierarchy_v1	internal_source_record:not_publicly_portable:data/datasets/Bioinformatics/h5ad/Arabidopsis thaliana_PRJCA016521_Shoot.h5ad;internal_source_record:not_publicly_portable:workspace/projects/PhyloOpenCell/metadata/panel_dataset_label_counts_v1.tsv.gz;internal_source_record:not_publicly_portable:workspace/projects/PhyloOpenCell/metadata/panel_label_freeze_v1.tsv;internal_source_record:not_publicly_portable:workspace/projects/PhyloOpenCell/metadata/coarse_label_hierarchy_v1.tsv	892eab5ad576f0cd3a451ad9105863b557a91344c591f4ae1f5e3c04ea4aed9c;a4bd8efca65e1175053b97dc0836fe8306417dd993d7a864389a5281d37302ea;78a020ef314246281f19dc5eec25dbb28c50c5c376ee9df5a6b5090a0ec7d321;e139f4d944b153210afd8aef98174679bf7caead33207fadc3a2e8c4cb619abb	complete standardized dataset-label count with panel-specific governed mapping	
Arabidopsis thaliana_PRJCA016521_Shoot|S-phase cell|	Arabidopsis thaliana_PRJCA016521_Shoot	PRJCA016521	Arabidopsis thaliana	shoot		cell_type_original	S-phase cell					unmapped	pending_manual_curation; exact_synonym	394	standardized_h5ad_obs;ontology_mapping_candidates;panel_label_freeze_v1	internal_source_record:not_publicly_portable:data/datasets/Bioinformatics/h5ad/Arabidopsis thaliana_PRJCA016521_Shoot.h5ad;internal_source_record:not_publicly_portable:workspace/projects/PhyloOpenCell/metadata/ontology_mapping_candidates.tsv;internal_source_record:not_publicly_portable:workspace/projects/PhyloOpenCell/metadata/panel_label_freeze_v1.tsv	892eab5ad576f0cd3a451ad9105863b557a91344c591f4ae1f5e3c04ea4aed9c;e4a09d28939b9a165661f86d5a2f4fb0c1d33fea1c7465dcc7cf874f0a8238bc;78a020ef314246281f19dc5eec25dbb28c50c5c376ee9df5a6b5090a0ec7d321	complete standardized dataset-label count; no governed panel mapping	not_in_governed_panel_hierarchy
Arabidopsis thaliana_PRJCA016521_Shoot|Shoot apical meristem|	Arabidopsis thaliana_PRJCA016521_Shoot	PRJCA016521	Arabidopsis thaliana	shoot		cell_type_original	Shoot apical meristem	PO:0020148				unmapped	candidate_auto_exact; exact_name; Plant Ontology exact lexical match; requires curator acceptance	1160	standardized_h5ad_obs;ontology_mapping_candidates;panel_label_freeze_v1	internal_source_record:not_publicly_portable:data/datasets/Bioinformatics/h5ad/Arabidopsis thaliana_PRJCA016521_Shoot.h5ad;internal_source_record:not_publicly_portable:workspace/projects/PhyloOpenCell/metadata/ontology_mapping_candidates.tsv;internal_source_record:not_publicly_portable:workspace/projects/PhyloOpenCell/metadata/panel_label_freeze_v1.tsv	892eab5ad576f0cd3a451ad9105863b557a91344c591f4ae1f5e3c04ea4aed9c;e4a09d28939b9a165661f86d5a2f4fb0c1d33fea1c7465dcc7cf874f0a8238bc;78a020ef314246281f19dc5eec25dbb28c50c5c376ee9df5a6b5090a0ec7d321	complete standardized dataset-label count; no governed panel mapping	not_in_governed_panel_hierarchy
Arabidopsis thaliana_PRJCA016521_Shoot|Shoot parenchyma|	Arabidopsis thaliana_PRJCA016521_Shoot	PRJCA016521	Arabidopsis thaliana	shoot		cell_type_original	Shoot parenchyma					unmapped	pending_manual_curation; exact_synonym	2364	standardized_h5ad_obs;ontology_mapping_candidates;panel_label_freeze_v1	internal_source_record:not_publicly_portable:data/datasets/Bioinformatics/h5ad/Arabidopsis thaliana_PRJCA016521_Shoot.h5ad;internal_source_record:not_publicly_portable:workspace/projects/PhyloOpenCell/metadata/ontology_mapping_candidates.tsv;internal_source_record:not_publicly_portable:workspace/projects/PhyloOpenCell/metadata/panel_label_freeze_v1.tsv	892eab5ad576f0cd3a451ad9105863b557a91344c591f4ae1f5e3c04ea4aed9c;e4a09d28939b9a165661f86d5a2f4fb0c1d33fea1c7465dcc7cf874f0a8238bc;78a020ef314246281f19dc5eec25dbb28c50c5c376ee9df5a6b5090a0ec7d321	complete standardized dataset-label count; no governed panel mapping	not_in_governed_panel_hierarchy
Arabidopsis thaliana_PRJCA016521_Shoot|Shoot system cortex|	Arabidopsis thaliana_PRJCA016521_Shoot	PRJCA016521	Arabidopsis thaliana	shoot		cell_type_original	Shoot system cortex					unmapped	pending_manual_curation; exact_synonym	1241	standardized_h5ad_obs;ontology_mapping_candidates;panel_label_freeze_v1	internal_source_record:not_publicly_portable:data/datasets/Bioinformatics/h5ad/Arabidopsis thaliana_PRJCA016521_Shoot.h5ad;internal_source_record:not_publicly_portable:workspace/projects/PhyloOpenCell/metadata/ontology_mapping_candidates.tsv;internal_source_record:not_publicly_portable:workspace/projects/PhyloOpenCell/metadata/panel_label_freeze_v1.tsv	892eab5ad576f0cd3a451ad9105863b557a91344c591f4ae1f5e3c04ea4aed9c;e4a09d28939b9a165661f86d5a2f4fb0c1d33fea1c7465dcc7cf874f0a8238bc;78a020ef314246281f19dc5eec25dbb28c50c5c376ee9df5a6b5090a0ec7d321	complete standardized dataset-label count; no governed panel mapping	not_in_governed_panel_hierarchy
Arabidopsis thaliana_PRJCA016521_Shoot|Shoot system endodermis|	Arabidopsis thaliana_PRJCA016521_Shoot	PRJCA016521	Arabidopsis thaliana	shoot		cell_type_original	Shoot system endodermis					unmapped	pending_manual_curation; exact_synonym	853	standardized_h5ad_obs;ontology_mapping_candidates;panel_label_freeze_v1	internal_source_record:not_publicly_portable:data/datasets/Bioinformatics/h5ad/Arabidopsis thaliana_PRJCA016521_Shoot.h5ad;internal_source_record:not_publicly_portable:workspace/projects/PhyloOpenCell/metadata/ontology_mapping_candidates.tsv;internal_source_record:not_publicly_portable:workspace/projects/PhyloOpenCell/metadata/panel_label_freeze_v1.tsv	892eab5ad576f0cd3a451ad9105863b557a91344c591f4ae1f5e3c04ea4aed9c;e4a09d28939b9a165661f86d5a2f4fb0c1d33fea1c7465dcc7cf874f0a8238bc;78a020ef314246281f19dc5eec25dbb28c50c5c376ee9df5a6b5090a0ec7d321	complete standardized dataset-label count; no governed panel mapping	not_in_governed_panel_hierarchy
Arabidopsis thaliana_PRJCA016521_Shoot|Shoot system epidermis|	Arabidopsis thaliana_PRJCA016521_Shoot	PRJCA016521	Arabidopsis thaliana	shoot		cell_type_original	Shoot system epidermis	PO:0006035				unmapped	candidate_auto_exact; exact_name; Plant Ontology exact lexical match; requires curator acceptance	7680	standardized_h5ad_obs;ontology_mapping_candidates;panel_label_freeze_v1	internal_source_record:not_publicly_portable:data/datasets/Bioinformatics/h5ad/Arabidopsis thaliana_PRJCA016521_Shoot.h5ad;internal_source_record:not_publicly_portable:workspace/projects/PhyloOpenCell/metadata/ontology_mapping_candidates.tsv;internal_source_record:not_publicly_portable:workspace/projects/PhyloOpenCell/metadata/panel_label_freeze_v1.tsv	892eab5ad576f0cd3a451ad9105863b557a91344c591f4ae1f5e3c04ea4aed9c;e4a09d28939b9a165661f86d5a2f4fb0c1d33fea1c7465dcc7cf874f0a8238bc;78a020ef314246281f19dc5eec25dbb28c50c5c376ee9df5a6b5090a0ec7d321	complete standardized dataset-label count; no governed panel mapping	not_in_governed_panel_hierarchy
Arabidopsis thaliana_PRJCA016521_Shoot|Shoot system vascular system|vascular	Arabidopsis thaliana_PRJCA016521_Shoot	PRJCA016521	Arabidopsis thaliana	shoot	vascular	cell_type_original	Shoot system vascular system	PO:0025205	pilot_major_cell_family	vascular_unspecified	vascular	mapped	expert_defined_many_to_one_from_user_approved_exact_PO_labels; passes_base_gates	4542	standardized_h5ad_obs;panel_dataset_label_counts_v1;panel_label_freeze_v1;coarse_label_hierarchy_v1	internal_source_record:not_publicly_portable:data/datasets/Bioinformatics/h5ad/Arabidopsis thaliana_PRJCA016521_Shoot.h5ad;internal_source_record:not_publicly_portable:workspace/projects/PhyloOpenCell/metadata/panel_dataset_label_counts_v1.tsv.gz;internal_source_record:not_publicly_portable:workspace/projects/PhyloOpenCell/metadata/panel_label_freeze_v1.tsv;internal_source_record:not_publicly_portable:workspace/projects/PhyloOpenCell/metadata/coarse_label_hierarchy_v1.tsv	892eab5ad576f0cd3a451ad9105863b557a91344c591f4ae1f5e3c04ea4aed9c;a4bd8efca65e1175053b97dc0836fe8306417dd993d7a864389a5281d37302ea;78a020ef314246281f19dc5eec25dbb28c50c5c376ee9df5a6b5090a0ec7d321;e139f4d944b153210afd8aef98174679bf7caead33207fadc3a2e8c4cb619abb	complete standardized dataset-label count with panel-specific governed mapping	
Arabidopsis thaliana_PRJCA016521_Shoot|Sieve element|vascular	Arabidopsis thaliana_PRJCA016521_Shoot	PRJCA016521	Arabidopsis thaliana	shoot	vascular	cell_type_original	Sieve element	PO:0025406	pilot_major_cell_family	phloem_lineage	vascular	mapped	expert_defined_many_to_one_from_user_approved_exact_PO_labels; passes_base_gates	285	standardized_h5ad_obs;panel_dataset_label_counts_v1;panel_label_freeze_v1;coarse_label_hierarchy_v1	internal_source_record:not_publicly_portable:data/datasets/Bioinformatics/h5ad/Arabidopsis thaliana_PRJCA016521_Shoot.h5ad;internal_source_record:not_publicly_portable:workspace/projects/PhyloOpenCell/metadata/panel_dataset_label_counts_v1.tsv.gz;internal_source_record:not_publicly_portable:workspace/projects/PhyloOpenCell/metadata/panel_label_freeze_v1.tsv;internal_source_record:not_publicly_portable:workspace/projects/PhyloOpenCell/metadata/coarse_label_hierarchy_v1.tsv	892eab5ad576f0cd3a451ad9105863b557a91344c591f4ae1f5e3c04ea4aed9c;a4bd8efca65e1175053b97dc0836fe8306417dd993d7a864389a5281d37302ea;78a020ef314246281f19dc5eec25dbb28c50c5c376ee9df5a6b5090a0ec7d321;e139f4d944b153210afd8aef98174679bf7caead33207fadc3a2e8c4cb619abb	complete standardized dataset-label count with panel-specific governed mapping	
Arabidopsis thaliana_PRJCA016521_Shoot|Unknown|	Arabidopsis thaliana_PRJCA016521_Shoot	PRJCA016521	Arabidopsis thaliana	shoot		cell_type_original	Unknown					unknown	excluded_unknown	7956	standardized_h5ad_obs;ontology_mapping_candidates;panel_label_freeze_v1	internal_source_record:not_publicly_portable:data/datasets/Bioinformatics/h5ad/Arabidopsis thaliana_PRJCA016521_Shoot.h5ad;internal_source_record:not_publicly_portable:workspace/projects/PhyloOpenCell/metadata/ontology_mapping_candidates.tsv;internal_source_record:not_publicly_portable:workspace/projects/PhyloOpenCell/metadata/panel_label_freeze_v1.tsv	892eab5ad576f0cd3a451ad9105863b557a91344c591f4ae1f5e3c04ea4aed9c;e4a09d28939b9a165661f86d5a2f4fb0c1d33fea1c7465dcc7cf874f0a8238bc;78a020ef314246281f19dc5eec25dbb28c50c5c376ee9df5a6b5090a0ec7d321	complete standardized dataset-label count; no governed panel mapping	
Arabidopsis thaliana_PRJCA016521_Shoot|Xylem|vascular	Arabidopsis thaliana_PRJCA016521_Shoot	PRJCA016521	Arabidopsis thaliana	shoot	vascular	cell_type_original	Xylem	PO:0005352	pilot_major_cell_family	xylem_lineage	vascular	mapped	expert_defined_many_to_one_from_user_approved_exact_PO_labels; passes_base_gates	456	standardized_h5ad_obs;panel_dataset_label_counts_v1;panel_label_freeze_v1;coarse_label_hierarchy_v1	internal_source_record:not_publicly_portable:data/datasets/Bioinformatics/h5ad/Arabidopsis thaliana_PRJCA016521_Shoot.h5ad;internal_source_record:not_publicly_portable:workspace/projects/PhyloOpenCell/metadata/panel_dataset_label_counts_v1.tsv.gz;internal_source_record:not_publicly_portable:workspace/projects/PhyloOpenCell/metadata/panel_label_freeze_v1.tsv;internal_source_record:not_publicly_portable:workspace/projects/PhyloOpenCell/metadata/coarse_label_hierarchy_v1.tsv	892eab5ad576f0cd3a451ad9105863b557a91344c591f4ae1f5e3c04ea4aed9c;a4bd8efca65e1175053b97dc0836fe8306417dd993d7a864389a5281d37302ea;78a020ef314246281f19dc5eec25dbb28c50c5c376ee9df5a6b5090a0ec7d321;e139f4d944b153210afd8aef98174679bf7caead33207fadc3a2e8c4cb619abb	complete standardized dataset-label count with panel-specific governed mapping	
Arabidopsis thaliana_PRJCA021408_Root|Non-hair root epidermal cell|root	Arabidopsis thaliana_PRJCA021408_Root	PRJCA021408	Arabidopsis thaliana	root	root	cell_type_original	Non-hair root epidermal cell	PO:0000263	pilot_major_cell_family	epidermal_system	root	mapped	expert_defined_many_to_one_from_user_approved_exact_PO_labels; passes_base_gates	10599	standardized_h5ad_obs;panel_dataset_label_counts_v1;panel_label_freeze_v1;coarse_label_hierarchy_v1	internal_source_record:not_publicly_portable:data/datasets/Bioinformatics/h5ad/Arabidopsis thaliana_PRJCA021408_Root.h5ad;internal_source_record:not_publicly_portable:workspace/projects/PhyloOpenCell/metadata/panel_dataset_label_counts_v1.tsv.gz;internal_source_record:not_publicly_portable:workspace/projects/PhyloOpenCell/metadata/panel_label_freeze_v1.tsv;internal_source_record:not_publicly_portable:workspace/projects/PhyloOpenCell/metadata/coarse_label_hierarchy_v1.tsv	680c2896847d0c524dbe4e771098e35f2398a3e39f67498e9fa51610341ccbc3;a4bd8efca65e1175053b97dc0836fe8306417dd993d7a864389a5281d37302ea;78a020ef314246281f19dc5eec25dbb28c50c5c376ee9df5a6b5090a0ec7d321;e139f4d944b153210afd8aef98174679bf7caead33207fadc3a2e8c4cb619abb	complete standardized dataset-label count with panel-specific governed mapping	
Arabidopsis thaliana_PRJCA021408_Root|Root cortex|root	Arabidopsis thaliana_PRJCA021408_Root	PRJCA021408	Arabidopsis thaliana	root	root	cell_type_original	Root cortex	PO:0000258	pilot_major_cell_family	ground_tissue	root	mapped	expert_defined_many_to_one_from_user_approved_exact_PO_labels; passes_base_gates	5133	standardized_h5ad_obs;panel_dataset_label_counts_v1;panel_label_freeze_v1;coarse_label_hierarchy_v1	internal_source_record:not_publicly_portable:data/datasets/Bioinformatics/h5ad/Arabidopsis thaliana_PRJCA021408_Root.h5ad;internal_source_record:not_publicly_portable:workspace/projects/PhyloOpenCell/metadata/panel_dataset_label_counts_v1.tsv.gz;internal_source_record:not_publicly_portable:workspace/projects/PhyloOpenCell/metadata/panel_label_freeze_v1.tsv;internal_source_record:not_publicly_portable:workspace/projects/PhyloOpenCell/metadata/coarse_label_hierarchy_v1.tsv	680c2896847d0c524dbe4e771098e35f2398a3e39f67498e9fa51610341ccbc3;a4bd8efca65e1175053b97dc0836fe8306417dd993d7a864389a5281d37302ea;78a020ef314246281f19dc5eec25dbb28c50c5c376ee9df5a6b5090a0ec7d321;e139f4d944b153210afd8aef98174679bf7caead33207fadc3a2e8c4cb619abb	complete standardized dataset-label count with panel-specific governed mapping	
Arabidopsis thaliana_PRJCA021408_Root|Root endodermis|root	Arabidopsis thaliana_PRJCA021408_Root	PRJCA021408	Arabidopsis thaliana	root	root	cell_type_original	Root endodermis	PO:0005059	pilot_major_cell_family	ground_tissue	root	mapped	expert_defined_many_to_one_from_user_approved_exact_PO_labels; passes_base_gates	1417	standardized_h5ad_obs;panel_dataset_label_counts_v1;panel_label_freeze_v1;coarse_label_hierarchy_v1	internal_source_record:not_publicly_portable:data/datasets/Bioinformatics/h5ad/Arabidopsis thaliana_PRJCA021408_Root.h5ad;internal_source_record:not_publicly_portable:workspace/projects/PhyloOpenCell/metadata/panel_dataset_label_counts_v1.tsv.gz;internal_source_record:not_publicly_portable:workspace/projects/PhyloOpenCell/metadata/panel_label_freeze_v1.tsv;internal_source_record:not_publicly_portable:workspace/projects/PhyloOpenCell/metadata/coarse_label_hierarchy_v1.tsv	680c2896847d0c524dbe4e771098e35f2398a3e39f67498e9fa51610341ccbc3;a4bd8efca65e1175053b97dc0836fe8306417dd993d7a864389a5281d37302ea;78a020ef314246281f19dc5eec25dbb28c50c5c376ee9df5a6b5090a0ec7d321;e139f4d944b153210afd8aef98174679bf7caead33207fadc3a2e8c4cb619abb	complete standardized dataset-label count with panel-specific governed mapping	
Arabidopsis thaliana_PRJCA021408_Root|Root hair cell|root	Arabidopsis thaliana_PRJCA021408_Root	PRJCA021408	Arabidopsis thaliana	root	root	cell_type_original	Root hair cell	PO:0000256	pilot_major_cell_family	epidermal_system	root	mapped	expert_defined_many_to_one_from_user_approved_exact_PO_labels; passes_base_gates	654	standardized_h5ad_obs;panel_dataset_label_counts_v1;panel_label_freeze_v1;coarse_label_hierarchy_v1	internal_source_record:not_publicly_portable:data/datasets/Bioinformatics/h5ad/Arabidopsis thaliana_PRJCA021408_Root.h5ad;internal_source_record:not_publicly_portable:workspace/projects/PhyloOpenCell/metadata/panel_dataset_label_counts_v1.tsv.gz;internal_source_record:not_publicly_portable:workspace/projects/PhyloOpenCell/metadata/panel_label_freeze_v1.tsv;internal_source_record:not_publicly_portable:workspace/projects/PhyloOpenCell/metadata/coarse_label_hierarchy_v1.tsv	680c2896847d0c524dbe4e771098e35f2398a3e39f67498e9fa51610341ccbc3;a4bd8efca65e1175053b97dc0836fe8306417dd993d7a864389a5281d37302ea;78a020ef314246281f19dc5eec25dbb28c50c5c376ee9df5a6b5090a0ec7d321;e139f4d944b153210afd8aef98174679bf7caead33207fadc3a2e8c4cb619abb	complete standardized dataset-label count with panel-specific governed mapping	
Arabidopsis thaliana_PRJCA021408_Root|Unknown|	Arabidopsis thaliana_PRJCA021408_Root	PRJCA021408	Arabidopsis thaliana	root		cell_type_original	Unknown					unknown	excluded_unknown	3813	standardized_h5ad_obs;ontology_mapping_candidates;panel_label_freeze_v1	internal_source_record:not_publicly_portable:data/datasets/Bioinformatics/h5ad/Arabidopsis thaliana_PRJCA021408_Root.h5ad;internal_source_record:not_publicly_portable:workspace/projects/PhyloOpenCell/metadata/ontology_mapping_candidates.tsv;internal_source_record:not_publicly_portable:workspace/projects/PhyloOpenCell/metadata/panel_label_freeze_v1.tsv	680c2896847d0c524dbe4e771098e35f2398a3e39f67498e9fa51610341ccbc3;e4a09d28939b9a165661f86d5a2f4fb0c1d33fea1c7465dcc7cf874f0a8238bc;78a020ef314246281f19dc5eec25dbb28c50c5c376ee9df5a6b5090a0ec7d321	complete standardized dataset-label count; no governed panel mapping	
Arabidopsis thaliana_PRJCA021408_Shoot|Guard cell|leaf	Arabidopsis thaliana_PRJCA021408_Shoot	PRJCA021408	Arabidopsis thaliana	shoot	leaf	cell_type_original	Guard cell	PO:0000293	pilot_major_cell_family	epidermal_system	leaf	mapped	expert_defined_many_to_one_from_user_approved_exact_PO_labels; passes_base_gates	860	standardized_h5ad_obs;panel_dataset_label_counts_v1;panel_label_freeze_v1;coarse_label_hierarchy_v1	internal_source_record:not_publicly_portable:data/datasets/Bioinformatics/h5ad/Arabidopsis thaliana_PRJCA021408_Shoot.h5ad;internal_source_record:not_publicly_portable:workspace/projects/PhyloOpenCell/metadata/panel_dataset_label_counts_v1.tsv.gz;internal_source_record:not_publicly_portable:workspace/projects/PhyloOpenCell/metadata/panel_label_freeze_v1.tsv;internal_source_record:not_publicly_portable:workspace/projects/PhyloOpenCell/metadata/coarse_label_hierarchy_v1.tsv	e270a2f93999b4292aec6974c95c2bcd30d23d3d89f95a6b29e5314d628e5e4c;a4bd8efca65e1175053b97dc0836fe8306417dd993d7a864389a5281d37302ea;78a020ef314246281f19dc5eec25dbb28c50c5c376ee9df5a6b5090a0ec7d321;e139f4d944b153210afd8aef98174679bf7caead33207fadc3a2e8c4cb619abb	complete standardized dataset-label count with panel-specific governed mapping	
Arabidopsis thaliana_PRJCA021408_Shoot|Mesophyll cell|leaf	Arabidopsis thaliana_PRJCA021408_Shoot	PRJCA021408	Arabidopsis thaliana	shoot	leaf	cell_type_original	Mesophyll cell	PO:0004006	pilot_major_cell_family	photosynthetic_ground_tissue	leaf	mapped	expert_defined_many_to_one_from_user_approved_exact_PO_labels; passes_base_gates	27542	standardized_h5ad_obs;panel_dataset_label_counts_v1;panel_label_freeze_v1;coarse_label_hierarchy_v1	internal_source_record:not_publicly_portable:data/datasets/Bioinformatics/h5ad/Arabidopsis thaliana_PRJCA021408_Shoot.h5ad;internal_source_record:not_publicly_portable:workspace/projects/PhyloOpenCell/metadata/panel_dataset_label_counts_v1.tsv.gz;internal_source_record:not_publicly_portable:workspace/projects/PhyloOpenCell/metadata/panel_label_freeze_v1.tsv;internal_source_record:not_publicly_portable:workspace/projects/PhyloOpenCell/metadata/coarse_label_hierarchy_v1.tsv	e270a2f93999b4292aec6974c95c2bcd30d23d3d89f95a6b29e5314d628e5e4c;a4bd8efca65e1175053b97dc0836fe8306417dd993d7a864389a5281d37302ea;78a020ef314246281f19dc5eec25dbb28c50c5c376ee9df5a6b5090a0ec7d321;e139f4d944b153210afd8aef98174679bf7caead33207fadc3a2e8c4cb619abb	complete standardized dataset-label count with panel-specific governed mapping	
Arabidopsis thaliana_PRJCA021408_Shoot|Proliferating cell|	Arabidopsis thaliana_PRJCA021408_Shoot	PRJCA021408	Arabidopsis thaliana	shoot		cell_type_original	Proliferating cell					unmapped	pending_manual_curation; exact_synonym	4392	standardized_h5ad_obs;ontology_mapping_candidates;panel_label_freeze_v1	internal_source_record:not_publicly_portable:data/datasets/Bioinformatics/h5ad/Arabidopsis thaliana_PRJCA021408_Shoot.h5ad;internal_source_record:not_publicly_portable:workspace/projects/PhyloOpenCell/metadata/ontology_mapping_candidates.tsv;internal_source_record:not_publicly_portable:workspace/projects/PhyloOpenCell/metadata/panel_label_freeze_v1.tsv	e270a2f93999b4292aec6974c95c2bcd30d23d3d89f95a6b29e5314d628e5e4c;e4a09d28939b9a165661f86d5a2f4fb0c1d33fea1c7465dcc7cf874f0a8238bc;78a020ef314246281f19dc5eec25dbb28c50c5c376ee9df5a6b5090a0ec7d321	complete standardized dataset-label count; no governed panel mapping	not_in_governed_panel_hierarchy
Arabidopsis thaliana_PRJCA021408_Shoot|Shoot system epidermis|	Arabidopsis thaliana_PRJCA021408_Shoot	PRJCA021408	Arabidopsis thaliana	shoot		cell_type_original	Shoot system epidermis	PO:0006035				unmapped	candidate_auto_exact; exact_name; Plant Ontology exact lexical match; requires curator acceptance	9184	standardized_h5ad_obs;ontology_mapping_candidates;panel_label_freeze_v1	internal_source_record:not_publicly_portable:data/datasets/Bioinformatics/h5ad/Arabidopsis thaliana_PRJCA021408_Shoot.h5ad;internal_source_record:not_publicly_portable:workspace/projects/PhyloOpenCell/metadata/ontology_mapping_candidates.tsv;internal_source_record:not_publicly_portable:workspace/projects/PhyloOpenCell/metadata/panel_label_freeze_v1.tsv	e270a2f93999b4292aec6974c95c2bcd30d23d3d89f95a6b29e5314d628e5e4c;e4a09d28939b9a165661f86d5a2f4fb0c1d33fea1c7465dcc7cf874f0a8238bc;78a020ef314246281f19dc5eec25dbb28c50c5c376ee9df5a6b5090a0ec7d321	complete standardized dataset-label count; no governed panel mapping	not_in_governed_panel_hierarchy
Arabidopsis thaliana_PRJCA021408_Shoot|Unknown|	Arabidopsis thaliana_PRJCA021408_Shoot	PRJCA021408	Arabidopsis thaliana	shoot		cell_type_original	Unknown					unknown	excluded_unknown	26156	standardized_h5ad_obs;ontology_mapping_candidates;panel_label_freeze_v1	internal_source_record:not_publicly_portable:data/datasets/Bioinformatics/h5ad/Arabidopsis thaliana_PRJCA021408_Shoot.h5ad;internal_source_record:not_publicly_portable:workspace/projects/PhyloOpenCell/metadata/ontology_mapping_candidates.tsv;internal_source_record:not_publicly_portable:workspace/projects/PhyloOpenCell/metadata/panel_label_freeze_v1.tsv	e270a2f93999b4292aec6974c95c2bcd30d23d3d89f95a6b29e5314d628e5e4c;e4a09d28939b9a165661f86d5a2f4fb0c1d33fea1c7465dcc7cf874f0a8238bc;78a020ef314246281f19dc5eec25dbb28c50c5c376ee9df5a6b5090a0ec7d321	complete standardized dataset-label count; no governed panel mapping	
Arabidopsis thaliana_PRJDB14071|Bundle sheath cell|leaf	Arabidopsis thaliana_PRJDB14071	not explicitly recorded	Arabidopsis thaliana		leaf	cell_type_original	Bundle sheath cell	PO:0025541	pilot_major_cell_family	photosynthetic_ground_tissue	leaf	mapped	expert_defined_many_to_one_from_user_approved_exact_PO_labels; passes_base_gates	804	standardized_h5ad_obs;panel_dataset_label_counts_v1;panel_label_freeze_v1;coarse_label_hierarchy_v1	internal_source_record:not_publicly_portable:data/datasets/Bioinformatics/h5ad/Arabidopsis thaliana_PRJDB14071.h5ad;internal_source_record:not_publicly_portable:workspace/projects/PhyloOpenCell/metadata/panel_dataset_label_counts_v1.tsv.gz;internal_source_record:not_publicly_portable:workspace/projects/PhyloOpenCell/metadata/panel_label_freeze_v1.tsv;internal_source_record:not_publicly_portable:workspace/projects/PhyloOpenCell/metadata/coarse_label_hierarchy_v1.tsv	8eefdbb75f594f1a2a068f99b39f4c11bb2f58cbe19164560ce2c8e7637bec79;a4bd8efca65e1175053b97dc0836fe8306417dd993d7a864389a5281d37302ea;78a020ef314246281f19dc5eec25dbb28c50c5c376ee9df5a6b5090a0ec7d321;e139f4d944b153210afd8aef98174679bf7caead33207fadc3a2e8c4cb619abb	complete standardized dataset-label count with panel-specific governed mapping	
Arabidopsis thaliana_PRJDB14071|Companion cell|vascular	Arabidopsis thaliana_PRJDB14071	not explicitly recorded	Arabidopsis thaliana		vascular	cell_type_original	Companion cell	PO:0000071	pilot_major_cell_family	phloem_lineage	vascular	mapped	expert_defined_many_to_one_from_user_approved_exact_PO_labels; passes_base_gates	258	standardized_h5ad_obs;panel_dataset_label_counts_v1;panel_label_freeze_v1;coarse_label_hierarchy_v1	internal_source_record:not_publicly_portable:data/datasets/Bioinformatics/h5ad/Arabidopsis thaliana_PRJDB14071.h5ad;internal_source_record:not_publicly_portable:workspace/projects/PhyloOpenCell/metadata/panel_dataset_label_counts_v1.tsv.gz;internal_source_record:not_publicly_portable:workspace/projects/PhyloOpenCell/metadata/panel_label_freeze_v1.tsv;internal_source_record:not_publicly_portable:workspace/projects/PhyloOpenCell/metadata/coarse_label_hierarchy_v1.tsv	8eefdbb75f594f1a2a068f99b39f4c11bb2f58cbe19164560ce2c8e7637bec79;a4bd8efca65e1175053b97dc0836fe8306417dd993d7a864389a5281d37302ea;78a020ef314246281f19dc5eec25dbb28c50c5c376ee9df5a6b5090a0ec7d321;e139f4d944b153210afd8aef98174679bf7caead33207fadc3a2e8c4cb619abb	complete standardized dataset-label count with panel-specific governed mapping	
Arabidopsis thaliana_PRJDB14071|Leaf guard cell|leaf	Arabidopsis thaliana_PRJDB14071	not explicitly recorded	Arabidopsis thaliana		leaf	cell_type_original	Leaf guard cell	PO:0025237	pilot_major_cell_family	epidermal_system	leaf	mapped	expert_defined_many_to_one_from_user_approved_exact_PO_labels; passes_base_gates	360	standardized_h5ad_obs;panel_dataset_label_counts_v1;panel_label_freeze_v1;coarse_label_hierarchy_v1	internal_source_record:not_publicly_portable:data/datasets/Bioinformatics/h5ad/Arabidopsis thaliana_PRJDB14071.h5ad;internal_source_record:not_publicly_portable:workspace/projects/PhyloOpenCell/metadata/panel_dataset_label_counts_v1.tsv.gz;internal_source_record:not_publicly_portable:workspace/projects/PhyloOpenCell/metadata/panel_label_freeze_v1.tsv;internal_source_record:not_publicly_portable:workspace/projects/PhyloOpenCell/metadata/coarse_label_hierarchy_v1.tsv	8eefdbb75f594f1a2a068f99b39f4c11bb2f58cbe19164560ce2c8e7637bec79;a4bd8efca65e1175053b97dc0836fe8306417dd993d7a864389a5281d37302ea;78a020ef314246281f19dc5eec25dbb28c50c5c376ee9df5a6b5090a0ec7d321;e139f4d944b153210afd8aef98174679bf7caead33207fadc3a2e8c4cb619abb	complete standardized dataset-label count with panel-specific governed mapping	
Arabidopsis thaliana_PRJDB14071|Leaf lamina epidermis|leaf	Arabidopsis thaliana_PRJDB14071	not explicitly recorded	Arabidopsis thaliana		leaf	cell_type_original	Leaf lamina epidermis	PO:0000047	pilot_major_cell_family	epidermal_system	leaf	mapped	expert_defined_many_to_one_from_user_approved_exact_PO_labels; passes_base_gates	2334	standardized_h5ad_obs;panel_dataset_label_counts_v1;panel_label_freeze_v1;coarse_label_hierarchy_v1	internal_source_record:not_publicly_portable:data/datasets/Bioinformatics/h5ad/Arabidopsis thaliana_PRJDB14071.h5ad;internal_source_record:not_publicly_portable:workspace/projects/PhyloOpenCell/metadata/panel_dataset_label_counts_v1.tsv.gz;internal_source_record:not_publicly_portable:workspace/projects/PhyloOpenCell/metadata/panel_label_freeze_v1.tsv;internal_source_record:not_publicly_portable:workspace/projects/PhyloOpenCell/metadata/coarse_label_hierarchy_v1.tsv	8eefdbb75f594f1a2a068f99b39f4c11bb2f58cbe19164560ce2c8e7637bec79;a4bd8efca65e1175053b97dc0836fe8306417dd993d7a864389a5281d37302ea;78a020ef314246281f19dc5eec25dbb28c50c5c376ee9df5a6b5090a0ec7d321;e139f4d944b153210afd8aef98174679bf7caead33207fadc3a2e8c4cb619abb	complete standardized dataset-label count with panel-specific governed mapping	
Arabidopsis thaliana_PRJDB14071|Mesophyll cell|leaf	Arabidopsis thaliana_PRJDB14071	not explicitly recorded	Arabidopsis thaliana		leaf	cell_type_original	Mesophyll cell	PO:0004006	pilot_major_cell_family	photosynthetic_ground_tissue	leaf	mapped	expert_defined_many_to_one_from_user_approved_exact_PO_labels; passes_base_gates	124	standardized_h5ad_obs;panel_dataset_label_counts_v1;panel_label_freeze_v1;coarse_label_hierarchy_v1	internal_source_record:not_publicly_portable:data/datasets/Bioinformatics/h5ad/Arabidopsis thaliana_PRJDB14071.h5ad;internal_source_record:not_publicly_portable:workspace/projects/PhyloOpenCell/metadata/panel_dataset_label_counts_v1.tsv.gz;internal_source_record:not_publicly_portable:workspace/projects/PhyloOpenCell/metadata/panel_label_freeze_v1.tsv;internal_source_record:not_publicly_portable:workspace/projects/PhyloOpenCell/metadata/coarse_label_hierarchy_v1.tsv	8eefdbb75f594f1a2a068f99b39f4c11bb2f58cbe19164560ce2c8e7637bec79;a4bd8efca65e1175053b97dc0836fe8306417dd993d7a864389a5281d37302ea;78a020ef314246281f19dc5eec25dbb28c50c5c376ee9df5a6b5090a0ec7d321;e139f4d944b153210afd8aef98174679bf7caead33207fadc3a2e8c4cb619abb	complete standardized dataset-label count with panel-specific governed mapping	
Arabidopsis thaliana_PRJDB14071|Tracheary element|	Arabidopsis thaliana_PRJDB14071	not explicitly recorded	Arabidopsis thaliana			cell_type_original	Tracheary element	PO:0000290				unmapped	candidate_auto_exact; exact_name; Plant Ontology exact lexical match; requires curator acceptance	2394	standardized_h5ad_obs;ontology_mapping_candidates;panel_label_freeze_v1	internal_source_record:not_publicly_portable:data/datasets/Bioinformatics/h5ad/Arabidopsis thaliana_PRJDB14071.h5ad;internal_source_record:not_publicly_portable:workspace/projects/PhyloOpenCell/metadata/ontology_mapping_candidates.tsv;internal_source_record:not_publicly_portable:workspace/projects/PhyloOpenCell/metadata/panel_label_freeze_v1.tsv	8eefdbb75f594f1a2a068f99b39f4c11bb2f58cbe19164560ce2c8e7637bec79;e4a09d28939b9a165661f86d5a2f4fb0c1d33fea1c7465dcc7cf874f0a8238bc;78a020ef314246281f19dc5eec25dbb28c50c5c376ee9df5a6b5090a0ec7d321	complete standardized dataset-label count; no governed panel mapping	not_in_governed_panel_hierarchy
Arabidopsis thaliana_PRJDB14071|Unknown|	Arabidopsis thaliana_PRJDB14071	not explicitly recorded	Arabidopsis thaliana			cell_type_original	Unknown					unknown	excluded_unknown	12006	standardized_h5ad_obs;ontology_mapping_candidates;panel_label_freeze_v1	internal_source_record:not_publicly_portable:data/datasets/Bioinformatics/h5ad/Arabidopsis thaliana_PRJDB14071.h5ad;internal_source_record:not_publicly_portable:workspace/projects/PhyloOpenCell/metadata/ontology_mapping_candidates.tsv;internal_source_record:not_publicly_portable:workspace/projects/PhyloOpenCell/metadata/panel_label_freeze_v1.tsv	8eefdbb75f594f1a2a068f99b39f4c11bb2f58cbe19164560ce2c8e7637bec79;e4a09d28939b9a165661f86d5a2f4fb0c1d33fea1c7465dcc7cf874f0a8238bc;78a020ef314246281f19dc5eec25dbb28c50c5c376ee9df5a6b5090a0ec7d321	complete standardized dataset-label count; no governed panel mapping	
Arabidopsis thaliana_PRJEB47924|Leaf lamina epidermis|	Arabidopsis thaliana_PRJEB47924	PRJEB47924	Arabidopsis thaliana			cell_type_original	Leaf lamina epidermis	PO:0000047				unmapped	candidate_auto_exact; exact_name; Plant Ontology exact lexical match; requires curator acceptance	424	standardized_h5ad_obs;ontology_mapping_candidates;panel_label_freeze_v1	internal_source_record:not_publicly_portable:data/datasets/Bioinformatics/h5ad/Arabidopsis thaliana_PRJEB47924.h5ad;internal_source_record:not_publicly_portable:workspace/projects/PhyloOpenCell/metadata/ontology_mapping_candidates.tsv;internal_source_record:not_publicly_portable:workspace/projects/PhyloOpenCell/metadata/panel_label_freeze_v1.tsv	ec245dff31219ea342e291dea121733528d675c4cf95fa1292f4b7acdb1533d3;e4a09d28939b9a165661f86d5a2f4fb0c1d33fea1c7465dcc7cf874f0a8238bc;78a020ef314246281f19dc5eec25dbb28c50c5c376ee9df5a6b5090a0ec7d321	complete standardized dataset-label count; no governed panel mapping	not_in_governed_panel_hierarchy
Arabidopsis thaliana_PRJEB47924|Leaf vascular system|	Arabidopsis thaliana_PRJEB47924	PRJEB47924	Arabidopsis thaliana			cell_type_original	Leaf vascular system	PO:0000036				unmapped	candidate_auto_exact; exact_name; Plant Ontology exact lexical match; requires curator acceptance	297	standardized_h5ad_obs;ontology_mapping_candidates;panel_label_freeze_v1	internal_source_record:not_publicly_portable:data/datasets/Bioinformatics/h5ad/Arabidopsis thaliana_PRJEB47924.h5ad;internal_source_record:not_publicly_portable:workspace/projects/PhyloOpenCell/metadata/ontology_mapping_candidates.tsv;internal_source_record:not_publicly_portable:workspace/projects/PhyloOpenCell/metadata/panel_label_freeze_v1.tsv	ec245dff31219ea342e291dea121733528d675c4cf95fa1292f4b7acdb1533d3;e4a09d28939b9a165661f86d5a2f4fb0c1d33fea1c7465dcc7cf874f0a8238bc;78a020ef314246281f19dc5eec25dbb28c50c5c376ee9df5a6b5090a0ec7d321	complete standardized dataset-label count; no governed panel mapping	not_in_governed_panel_hierarchy
Arabidopsis thaliana_PRJEB47924|Unknown|	Arabidopsis thaliana_PRJEB47924	PRJEB47924	Arabidopsis thaliana			cell_type_original	Unknown					unknown	excluded_unknown	1565	standardized_h5ad_obs;ontology_mapping_candidates;panel_label_freeze_v1	internal_source_record:not_publicly_portable:data/datasets/Bioinformatics/h5ad/Arabidopsis thaliana_PRJEB47924.h5ad;internal_source_record:not_publicly_portable:workspace/projects/PhyloOpenCell/metadata/ontology_mapping_candidates.tsv;internal_source_record:not_publicly_portable:workspace/projects/PhyloOpenCell/metadata/panel_label_freeze_v1.tsv	ec245dff31219ea342e291dea121733528d675c4cf95fa1292f4b7acdb1533d3;e4a09d28939b9a165661f86d5a2f4fb0c1d33fea1c7465dcc7cf874f0a8238bc;78a020ef314246281f19dc5eec25dbb28c50c5c376ee9df5a6b5090a0ec7d321	complete standardized dataset-label count; no governed panel mapping	
Arabidopsis thaliana_PRJEB61052|Bundle sheath cell|leaf	Arabidopsis thaliana_PRJEB61052	PRJEB61052	Arabidopsis thaliana		leaf	cell_type_original	Bundle sheath cell	PO:0025541	pilot_major_cell_family	photosynthetic_ground_tissue	leaf	mapped	expert_defined_many_to_one_from_user_approved_exact_PO_labels; passes_base_gates	9894	standardized_h5ad_obs;panel_dataset_label_counts_v1;panel_label_freeze_v1;coarse_label_hierarchy_v1	internal_source_record:not_publicly_portable:data/datasets/Bioinformatics/h5ad/Arabidopsis thaliana_PRJEB61052.h5ad;internal_source_record:not_publicly_portable:workspace/projects/PhyloOpenCell/metadata/panel_dataset_label_counts_v1.tsv.gz;internal_source_record:not_publicly_portable:workspace/projects/PhyloOpenCell/metadata/panel_label_freeze_v1.tsv;internal_source_record:not_publicly_portable:workspace/projects/PhyloOpenCell/metadata/coarse_label_hierarchy_v1.tsv	7b705dc9de199355fb778ccb04fafa1673e73f701a167923bc1a2480018b1365;a4bd8efca65e1175053b97dc0836fe8306417dd993d7a864389a5281d37302ea;78a020ef314246281f19dc5eec25dbb28c50c5c376ee9df5a6b5090a0ec7d321;e139f4d944b153210afd8aef98174679bf7caead33207fadc3a2e8c4cb619abb	complete standardized dataset-label count with panel-specific governed mapping	
Arabidopsis thaliana_PRJEB61052|Companion cell|vascular	Arabidopsis thaliana_PRJEB61052	PRJEB61052	Arabidopsis thaliana		vascular	cell_type_original	Companion cell	PO:0000071	pilot_major_cell_family	phloem_lineage	vascular	mapped	expert_defined_many_to_one_from_user_approved_exact_PO_labels; passes_base_gates	1330	standardized_h5ad_obs;panel_dataset_label_counts_v1;panel_label_freeze_v1;coarse_label_hierarchy_v1	internal_source_record:not_publicly_portable:data/datasets/Bioinformatics/h5ad/Arabidopsis thaliana_PRJEB61052.h5ad;internal_source_record:not_publicly_portable:workspace/projects/PhyloOpenCell/metadata/panel_dataset_label_counts_v1.tsv.gz;internal_source_record:not_publicly_portable:workspace/projects/PhyloOpenCell/metadata/panel_label_freeze_v1.tsv;internal_source_record:not_publicly_portable:workspace/projects/PhyloOpenCell/metadata/coarse_label_hierarchy_v1.tsv	7b705dc9de199355fb778ccb04fafa1673e73f701a167923bc1a2480018b1365;a4bd8efca65e1175053b97dc0836fe8306417dd993d7a864389a5281d37302ea;78a020ef314246281f19dc5eec25dbb28c50c5c376ee9df5a6b5090a0ec7d321;e139f4d944b153210afd8aef98174679bf7caead33207fadc3a2e8c4cb619abb	complete standardized dataset-label count with panel-specific governed mapping	
Arabidopsis thaliana_PRJEB61052|Leaf guard cell|leaf	Arabidopsis thaliana_PRJEB61052	PRJEB61052	Arabidopsis thaliana		leaf	cell_type_original	Leaf guard cell	PO:0025237	pilot_major_cell_family	epidermal_system	leaf	mapped	expert_defined_many_to_one_from_user_approved_exact_PO_labels; passes_base_gates	3615	standardized_h5ad_obs;panel_dataset_label_counts_v1;panel_label_freeze_v1;coarse_label_hierarchy_v1	internal_source_record:not_publicly_portable:data/datasets/Bioinformatics/h5ad/Arabidopsis thaliana_PRJEB61052.h5ad;internal_source_record:not_publicly_portable:workspace/projects/PhyloOpenCell/metadata/panel_dataset_label_counts_v1.tsv.gz;internal_source_record:not_publicly_portable:workspace/projects/PhyloOpenCell/metadata/panel_label_freeze_v1.tsv;internal_source_record:not_publicly_portable:workspace/projects/PhyloOpenCell/metadata/coarse_label_hierarchy_v1.tsv	7b705dc9de199355fb778ccb04fafa1673e73f701a167923bc1a2480018b1365;a4bd8efca65e1175053b97dc0836fe8306417dd993d7a864389a5281d37302ea;78a020ef314246281f19dc5eec25dbb28c50c5c376ee9df5a6b5090a0ec7d321;e139f4d944b153210afd8aef98174679bf7caead33207fadc3a2e8c4cb619abb	complete standardized dataset-label count with panel-specific governed mapping	
Arabidopsis thaliana_PRJEB61052|Leaf lamina epidermis|leaf	Arabidopsis thaliana_PRJEB61052	PRJEB61052	Arabidopsis thaliana		leaf	cell_type_original	Leaf lamina epidermis	PO:0000047	pilot_major_cell_family	epidermal_system	leaf	mapped	expert_defined_many_to_one_from_user_approved_exact_PO_labels; passes_base_gates	2599	standardized_h5ad_obs;panel_dataset_label_counts_v1;panel_label_freeze_v1;coarse_label_hierarchy_v1	internal_source_record:not_publicly_portable:data/datasets/Bioinformatics/h5ad/Arabidopsis thaliana_PRJEB61052.h5ad;internal_source_record:not_publicly_portable:workspace/projects/PhyloOpenCell/metadata/panel_dataset_label_counts_v1.tsv.gz;internal_source_record:not_publicly_portable:workspace/projects/PhyloOpenCell/metadata/panel_label_freeze_v1.tsv;internal_source_record:not_publicly_portable:workspace/projects/PhyloOpenCell/metadata/coarse_label_hierarchy_v1.tsv	7b705dc9de199355fb778ccb04fafa1673e73f701a167923bc1a2480018b1365;a4bd8efca65e1175053b97dc0836fe8306417dd993d7a864389a5281d37302ea;78a020ef314246281f19dc5eec25dbb28c50c5c376ee9df5a6b5090a0ec7d321;e139f4d944b153210afd8aef98174679bf7caead33207fadc3a2e8c4cb619abb	complete standardized dataset-label count with panel-specific governed mapping	
Arabidopsis thaliana_PRJEB61052|Leaf preprocambium|	Arabidopsis thaliana_PRJEB61052	PRJEB61052	Arabidopsis thaliana			cell_type_original	Leaf preprocambium					unmapped	pending_manual_curation; exact_synonym	2874	standardized_h5ad_obs;ontology_mapping_candidates;panel_label_freeze_v1	internal_source_record:not_publicly_portable:data/datasets/Bioinformatics/h5ad/Arabidopsis thaliana_PRJEB61052.h5ad;internal_source_record:not_publicly_portable:workspace/projects/PhyloOpenCell/metadata/ontology_mapping_candidates.tsv;internal_source_record:not_publicly_portable:workspace/projects/PhyloOpenCell/metadata/panel_label_freeze_v1.tsv	7b705dc9de199355fb778ccb04fafa1673e73f701a167923bc1a2480018b1365;e4a09d28939b9a165661f86d5a2f4fb0c1d33fea1c7465dcc7cf874f0a8238bc;78a020ef314246281f19dc5eec25dbb28c50c5c376ee9df5a6b5090a0ec7d321	complete standardized dataset-label count; no governed panel mapping	not_in_governed_panel_hierarchy
Arabidopsis thaliana_PRJEB61052|Phloem parenchyma cell|vascular	Arabidopsis thaliana_PRJEB61052	PRJEB61052	Arabidopsis thaliana		vascular	cell_type_original	Phloem parenchyma cell	PO:0025627	pilot_major_cell_family	phloem_lineage	vascular	mapped	expert_defined_many_to_one_from_user_approved_exact_PO_labels; passes_base_gates	852	standardized_h5ad_obs;panel_dataset_label_counts_v1;panel_label_freeze_v1;coarse_label_hierarchy_v1	internal_source_record:not_publicly_portable:data/datasets/Bioinformatics/h5ad/Arabidopsis thaliana_PRJEB61052.h5ad;internal_source_record:not_publicly_portable:workspace/projects/PhyloOpenCell/metadata/panel_dataset_label_counts_v1.tsv.gz;internal_source_record:not_publicly_portable:workspace/projects/PhyloOpenCell/metadata/panel_label_freeze_v1.tsv;internal_source_record:not_publicly_portable:workspace/projects/PhyloOpenCell/metadata/coarse_label_hierarchy_v1.tsv	7b705dc9de199355fb778ccb04fafa1673e73f701a167923bc1a2480018b1365;a4bd8efca65e1175053b97dc0836fe8306417dd993d7a864389a5281d37302ea;78a020ef314246281f19dc5eec25dbb28c50c5c376ee9df5a6b5090a0ec7d321;e139f4d944b153210afd8aef98174679bf7caead33207fadc3a2e8c4cb619abb	complete standardized dataset-label count with panel-specific governed mapping	
Arabidopsis thaliana_PRJEB61052|Unknown|	Arabidopsis thaliana_PRJEB61052	PRJEB61052	Arabidopsis thaliana			cell_type_original	Unknown					unknown	excluded_unknown	32902	standardized_h5ad_obs;ontology_mapping_candidates;panel_label_freeze_v1	internal_source_record:not_publicly_portable:data/datasets/Bioinformatics/h5ad/Arabidopsis thaliana_PRJEB61052.h5ad;internal_source_record:not_publicly_portable:workspace/projects/PhyloOpenCell/metadata/ontology_mapping_candidates.tsv;internal_source_record:not_publicly_portable:workspace/projects/PhyloOpenCell/metadata/panel_label_freeze_v1.tsv	7b705dc9de199355fb778ccb04fafa1673e73f701a167923bc1a2480018b1365;e4a09d28939b9a165661f86d5a2f4fb0c1d33fea1c7465dcc7cf874f0a8238bc;78a020ef314246281f19dc5eec25dbb28c50c5c376ee9df5a6b5090a0ec7d321	complete standardized dataset-label count; no governed panel mapping	
Arabidopsis thaliana_PRJNA471914|Non-hair root epidermal cell|root	Arabidopsis thaliana_PRJNA471914	PRJNA471914	Arabidopsis thaliana		root	cell_type_original	Non-hair root epidermal cell	PO:0000263	pilot_major_cell_family	epidermal_system	root	mapped	expert_defined_many_to_one_from_user_approved_exact_PO_labels; passes_base_gates	846	standardized_h5ad_obs;panel_dataset_label_counts_v1;panel_label_freeze_v1;coarse_label_hierarchy_v1	internal_source_record:not_publicly_portable:data/datasets/Bioinformatics/h5ad/Arabidopsis thaliana_PRJNA471914.h5ad;internal_source_record:not_publicly_portable:workspace/projects/PhyloOpenCell/metadata/panel_dataset_label_counts_v1.tsv.gz;internal_source_record:not_publicly_portable:workspace/projects/PhyloOpenCell/metadata/panel_label_freeze_v1.tsv;internal_source_record:not_publicly_portable:workspace/projects/PhyloOpenCell/metadata/coarse_label_hierarchy_v1.tsv	84c4860b741543f088f276a2f2a42fea92a2b9d8c97321df444fbfdb03fd24c2;a4bd8efca65e1175053b97dc0836fe8306417dd993d7a864389a5281d37302ea;78a020ef314246281f19dc5eec25dbb28c50c5c376ee9df5a6b5090a0ec7d321;e139f4d944b153210afd8aef98174679bf7caead33207fadc3a2e8c4cb619abb	complete standardized dataset-label count with panel-specific governed mapping	
Arabidopsis thaliana_PRJNA471914|Phloem pole pericycle cell|	Arabidopsis thaliana_PRJNA471914	PRJNA471914	Arabidopsis thaliana			cell_type_original	Phloem pole pericycle cell	PO:0000065				unmapped	candidate_auto_exact; exact_name; Plant Ontology exact lexical match; requires curator acceptance	343	standardized_h5ad_obs;ontology_mapping_candidates;panel_label_freeze_v1	internal_source_record:not_publicly_portable:data/datasets/Bioinformatics/h5ad/Arabidopsis thaliana_PRJNA471914.h5ad;internal_source_record:not_publicly_portable:workspace/projects/PhyloOpenCell/metadata/ontology_mapping_candidates.tsv;internal_source_record:not_publicly_portable:workspace/projects/PhyloOpenCell/metadata/panel_label_freeze_v1.tsv	84c4860b741543f088f276a2f2a42fea92a2b9d8c97321df444fbfdb03fd24c2;e4a09d28939b9a165661f86d5a2f4fb0c1d33fea1c7465dcc7cf874f0a8238bc;78a020ef314246281f19dc5eec25dbb28c50c5c376ee9df5a6b5090a0ec7d321	complete standardized dataset-label count; no governed panel mapping	not_in_governed_panel_hierarchy
Arabidopsis thaliana_PRJNA471914|Primary xylem|	Arabidopsis thaliana_PRJNA471914	PRJNA471914	Arabidopsis thaliana			cell_type_original	Primary xylem	PO:0005849				unmapped	candidate_auto_exact; exact_name; Plant Ontology exact lexical match; requires curator acceptance	245	standardized_h5ad_obs;ontology_mapping_candidates;panel_label_freeze_v1	internal_source_record:not_publicly_portable:data/datasets/Bioinformatics/h5ad/Arabidopsis thaliana_PRJNA471914.h5ad;internal_source_record:not_publicly_portable:workspace/projects/PhyloOpenCell/metadata/ontology_mapping_candidates.tsv;internal_source_record:not_publicly_portable:workspace/projects/PhyloOpenCell/metadata/panel_label_freeze_v1.tsv	84c4860b741543f088f276a2f2a42fea92a2b9d8c97321df444fbfdb03fd24c2;e4a09d28939b9a165661f86d5a2f4fb0c1d33fea1c7465dcc7cf874f0a8238bc;78a020ef314246281f19dc5eec25dbb28c50c5c376ee9df5a6b5090a0ec7d321	complete standardized dataset-label count; no governed panel mapping	not_in_governed_panel_hierarchy
Arabidopsis thaliana_PRJNA471914|Protophloem|	Arabidopsis thaliana_PRJNA471914	PRJNA471914	Arabidopsis thaliana			cell_type_original	Protophloem	PO:0006077				unmapped	candidate_auto_exact; exact_name; Plant Ontology exact lexical match; requires curator acceptance	100	standardized_h5ad_obs;ontology_mapping_candidates;panel_label_freeze_v1	internal_source_record:not_publicly_portable:data/datasets/Bioinformatics/h5ad/Arabidopsis thaliana_PRJNA471914.h5ad;internal_source_record:not_publicly_portable:workspace/projects/PhyloOpenCell/metadata/ontology_mapping_candidates.tsv;internal_source_record:not_publicly_portable:workspace/projects/PhyloOpenCell/metadata/panel_label_freeze_v1.tsv	84c4860b741543f088f276a2f2a42fea92a2b9d8c97321df444fbfdb03fd24c2;e4a09d28939b9a165661f86d5a2f4fb0c1d33fea1c7465dcc7cf874f0a8238bc;78a020ef314246281f19dc5eec25dbb28c50c5c376ee9df5a6b5090a0ec7d321	complete standardized dataset-label count; no governed panel mapping	not_in_governed_panel_hierarchy
Arabidopsis thaliana_PRJNA471914|Root cortex|root	Arabidopsis thaliana_PRJNA471914	PRJNA471914	Arabidopsis thaliana		root	cell_type_original	Root cortex	PO:0000258	pilot_major_cell_family	ground_tissue	root	mapped	expert_defined_many_to_one_from_user_approved_exact_PO_labels; passes_base_gates	401	standardized_h5ad_obs;panel_dataset_label_counts_v1;panel_label_freeze_v1;coarse_label_hierarchy_v1	internal_source_record:not_publicly_portable:data/datasets/Bioinformatics/h5ad/Arabidopsis thaliana_PRJNA471914.h5ad;internal_source_record:not_publicly_portable:workspace/projects/PhyloOpenCell/metadata/panel_dataset_label_counts_v1.tsv.gz;internal_source_record:not_publicly_portable:workspace/projects/PhyloOpenCell/metadata/panel_label_freeze_v1.tsv;internal_source_record:not_publicly_portable:workspace/projects/PhyloOpenCell/metadata/coarse_label_hierarchy_v1.tsv	84c4860b741543f088f276a2f2a42fea92a2b9d8c97321df444fbfdb03fd24c2;a4bd8efca65e1175053b97dc0836fe8306417dd993d7a864389a5281d37302ea;78a020ef314246281f19dc5eec25dbb28c50c5c376ee9df5a6b5090a0ec7d321;e139f4d944b153210afd8aef98174679bf7caead33207fadc3a2e8c4cb619abb	complete standardized dataset-label count with panel-specific governed mapping	
Arabidopsis thaliana_PRJNA471914|Root endodermis|root	Arabidopsis thaliana_PRJNA471914	PRJNA471914	Arabidopsis thaliana		root	cell_type_original	Root endodermis	PO:0005059	pilot_major_cell_family	ground_tissue	root	mapped	expert_defined_many_to_one_from_user_approved_exact_PO_labels; passes_base_gates	198	standardized_h5ad_obs;panel_dataset_label_counts_v1;panel_label_freeze_v1;coarse_label_hierarchy_v1	internal_source_record:not_publicly_portable:data/datasets/Bioinformatics/h5ad/Arabidopsis thaliana_PRJNA471914.h5ad;internal_source_record:not_publicly_portable:workspace/projects/PhyloOpenCell/metadata/panel_dataset_label_counts_v1.tsv.gz;internal_source_record:not_publicly_portable:workspace/projects/PhyloOpenCell/metadata/panel_label_freeze_v1.tsv;internal_source_record:not_publicly_portable:workspace/projects/PhyloOpenCell/metadata/coarse_label_hierarchy_v1.tsv	84c4860b741543f088f276a2f2a42fea92a2b9d8c97321df444fbfdb03fd24c2;a4bd8efca65e1175053b97dc0836fe8306417dd993d7a864389a5281d37302ea;78a020ef314246281f19dc5eec25dbb28c50c5c376ee9df5a6b5090a0ec7d321;e139f4d944b153210afd8aef98174679bf7caead33207fadc3a2e8c4cb619abb	complete standardized dataset-label count with panel-specific governed mapping	
Arabidopsis thaliana_PRJNA471914|Root hair cell|root	Arabidopsis thaliana_PRJNA471914	PRJNA471914	Arabidopsis thaliana		root	cell_type_original	Root hair cell	PO:0000256	pilot_major_cell_family	epidermal_system	root	mapped	expert_defined_many_to_one_from_user_approved_exact_PO_labels; passes_base_gates	599	standardized_h5ad_obs;panel_dataset_label_counts_v1;panel_label_freeze_v1;coarse_label_hierarchy_v1	internal_source_record:not_publicly_portable:data/datasets/Bioinformatics/h5ad/Arabidopsis thaliana_PRJNA471914.h5ad;internal_source_record:not_publicly_portable:workspace/projects/PhyloOpenCell/metadata/panel_dataset_label_counts_v1.tsv.gz;internal_source_record:not_publicly_portable:workspace/projects/PhyloOpenCell/metadata/panel_label_freeze_v1.tsv;internal_source_record:not_publicly_portable:workspace/projects/PhyloOpenCell/metadata/coarse_label_hierarchy_v1.tsv	84c4860b741543f088f276a2f2a42fea92a2b9d8c97321df444fbfdb03fd24c2;a4bd8efca65e1175053b97dc0836fe8306417dd993d7a864389a5281d37302ea;78a020ef314246281f19dc5eec25dbb28c50c5c376ee9df5a6b5090a0ec7d321;e139f4d944b153210afd8aef98174679bf7caead33207fadc3a2e8c4cb619abb	complete standardized dataset-label count with panel-specific governed mapping	
Arabidopsis thaliana_PRJNA471914|Root meristem|	Arabidopsis thaliana_PRJNA471914	PRJNA471914	Arabidopsis thaliana			cell_type_original	Root meristem	PO:0006085				unmapped	candidate_auto_exact; exact_name; Plant Ontology exact lexical match; requires curator acceptance	1203	standardized_h5ad_obs;ontology_mapping_candidates;panel_label_freeze_v1	internal_source_record:not_publicly_portable:data/datasets/Bioinformatics/h5ad/Arabidopsis thaliana_PRJNA471914.h5ad;internal_source_record:not_publicly_portable:workspace/projects/PhyloOpenCell/metadata/ontology_mapping_candidates.tsv;internal_source_record:not_publicly_portable:workspace/projects/PhyloOpenCell/metadata/panel_label_freeze_v1.tsv	84c4860b741543f088f276a2f2a42fea92a2b9d8c97321df444fbfdb03fd24c2;e4a09d28939b9a165661f86d5a2f4fb0c1d33fea1c7465dcc7cf874f0a8238bc;78a020ef314246281f19dc5eec25dbb28c50c5c376ee9df5a6b5090a0ec7d321	complete standardized dataset-label count; no governed panel mapping	not_in_governed_panel_hierarchy
Arabidopsis thaliana_PRJNA471914|Root procambium|root	Arabidopsis thaliana_PRJNA471914	PRJNA471914	Arabidopsis thaliana		root	cell_type_original	Root procambium	PO:0006307	pilot_major_cell_family	stele_lineage	root	mapped	expert_defined_many_to_one_from_user_approved_exact_PO_labels; passes_base_gates	269	standardized_h5ad_obs;panel_dataset_label_counts_v1;panel_label_freeze_v1;coarse_label_hierarchy_v1	internal_source_record:not_publicly_portable:data/datasets/Bioinformatics/h5ad/Arabidopsis thaliana_PRJNA471914.h5ad;internal_source_record:not_publicly_portable:workspace/projects/PhyloOpenCell/metadata/panel_dataset_label_counts_v1.tsv.gz;internal_source_record:not_publicly_portable:workspace/projects/PhyloOpenCell/metadata/panel_label_freeze_v1.tsv;internal_source_record:not_publicly_portable:workspace/projects/PhyloOpenCell/metadata/coarse_label_hierarchy_v1.tsv	84c4860b741543f088f276a2f2a42fea92a2b9d8c97321df444fbfdb03fd24c2;a4bd8efca65e1175053b97dc0836fe8306417dd993d7a864389a5281d37302ea;78a020ef314246281f19dc5eec25dbb28c50c5c376ee9df5a6b5090a0ec7d321;e139f4d944b153210afd8aef98174679bf7caead33207fadc3a2e8c4cb619abb	complete standardized dataset-label count with panel-specific governed mapping	
Arabidopsis thaliana_PRJNA471914|Root procambium|vascular	Arabidopsis thaliana_PRJNA471914	PRJNA471914	Arabidopsis thaliana		vascular	cell_type_original	Root procambium	PO:0006307	pilot_major_cell_family	procambial_lineage	vascular	mapped	expert_defined_many_to_one_from_user_approved_exact_PO_labels; passes_base_gates	269	standardized_h5ad_obs;panel_dataset_label_counts_v1;panel_label_freeze_v1;coarse_label_hierarchy_v1	internal_source_record:not_publicly_portable:data/datasets/Bioinformatics/h5ad/Arabidopsis thaliana_PRJNA471914.h5ad;internal_source_record:not_publicly_portable:workspace/projects/PhyloOpenCell/metadata/panel_dataset_label_counts_v1.tsv.gz;internal_source_record:not_publicly_portable:workspace/projects/PhyloOpenCell/metadata/panel_label_freeze_v1.tsv;internal_source_record:not_publicly_portable:workspace/projects/PhyloOpenCell/metadata/coarse_label_hierarchy_v1.tsv	84c4860b741543f088f276a2f2a42fea92a2b9d8c97321df444fbfdb03fd24c2;a4bd8efca65e1175053b97dc0836fe8306417dd993d7a864389a5281d37302ea;78a020ef314246281f19dc5eec25dbb28c50c5c376ee9df5a6b5090a0ec7d321;e139f4d944b153210afd8aef98174679bf7caead33207fadc3a2e8c4cb619abb	complete standardized dataset-label count with panel-specific governed mapping	
Arabidopsis thaliana_PRJNA471914|Unknown|	Arabidopsis thaliana_PRJNA471914	PRJNA471914	Arabidopsis thaliana			cell_type_original	Unknown					unknown	excluded_unknown	841	standardized_h5ad_obs;ontology_mapping_candidates;panel_label_freeze_v1	internal_source_record:not_publicly_portable:data/datasets/Bioinformatics/h5ad/Arabidopsis thaliana_PRJNA471914.h5ad;internal_source_record:not_publicly_portable:workspace/projects/PhyloOpenCell/metadata/ontology_mapping_candidates.tsv;internal_source_record:not_publicly_portable:workspace/projects/PhyloOpenCell/metadata/panel_label_freeze_v1.tsv	84c4860b741543f088f276a2f2a42fea92a2b9d8c97321df444fbfdb03fd24c2;e4a09d28939b9a165661f86d5a2f4fb0c1d33fea1c7465dcc7cf874f0a8238bc;78a020ef314246281f19dc5eec25dbb28c50c5c376ee9df5a6b5090a0ec7d321	complete standardized dataset-label count; no governed panel mapping	
Arabidopsis thaliana_PRJNA497883|Companion cell|vascular	Arabidopsis thaliana_PRJNA497883	PRJNA497883	Arabidopsis thaliana		vascular	cell_type_original	Companion cell	PO:0000071	pilot_major_cell_family	phloem_lineage	vascular	mapped	expert_defined_many_to_one_from_user_approved_exact_PO_labels; passes_base_gates	807	standardized_h5ad_obs;panel_dataset_label_counts_v1;panel_label_freeze_v1;coarse_label_hierarchy_v1	internal_source_record:not_publicly_portable:data/datasets/Bioinformatics/h5ad/Arabidopsis thaliana_PRJNA497883.h5ad;internal_source_record:not_publicly_portable:workspace/projects/PhyloOpenCell/metadata/panel_dataset_label_counts_v1.tsv.gz;internal_source_record:not_publicly_portable:workspace/projects/PhyloOpenCell/metadata/panel_label_freeze_v1.tsv;internal_source_record:not_publicly_portable:workspace/projects/PhyloOpenCell/metadata/coarse_label_hierarchy_v1.tsv	22c00f43ad00912a07d4b1a06dff9ece516f872939e7117dffd6a3708a366338;a4bd8efca65e1175053b97dc0836fe8306417dd993d7a864389a5281d37302ea;78a020ef314246281f19dc5eec25dbb28c50c5c376ee9df5a6b5090a0ec7d321;e139f4d944b153210afd8aef98174679bf7caead33207fadc3a2e8c4cb619abb	complete standardized dataset-label count with panel-specific governed mapping	
Arabidopsis thaliana_PRJNA497883|Lateral root cap|	Arabidopsis thaliana_PRJNA497883	PRJNA497883	Arabidopsis thaliana			cell_type_original	Lateral root cap	PO:0020131				unmapped	candidate_auto_exact; exact_name; Plant Ontology exact lexical match; requires curator acceptance	2189	standardized_h5ad_obs;ontology_mapping_candidates;panel_label_freeze_v1	internal_source_record:not_publicly_portable:data/datasets/Bioinformatics/h5ad/Arabidopsis thaliana_PRJNA497883.h5ad;internal_source_record:not_publicly_portable:workspace/projects/PhyloOpenCell/metadata/ontology_mapping_candidates.tsv;internal_source_record:not_publicly_portable:workspace/projects/PhyloOpenCell/metadata/panel_label_freeze_v1.tsv	22c00f43ad00912a07d4b1a06dff9ece516f872939e7117dffd6a3708a366338;e4a09d28939b9a165661f86d5a2f4fb0c1d33fea1c7465dcc7cf874f0a8238bc;78a020ef314246281f19dc5eec25dbb28c50c5c376ee9df5a6b5090a0ec7d321	complete standardized dataset-label count; no governed panel mapping	not_in_governed_panel_hierarchy
Arabidopsis thaliana_PRJNA497883|Non-hair root epidermal cell|root	Arabidopsis thaliana_PRJNA497883	PRJNA497883	Arabidopsis thaliana		root	cell_type_original	Non-hair root epidermal cell	PO:0000263	pilot_major_cell_family	epidermal_system	root	mapped	expert_defined_many_to_one_from_user_approved_exact_PO_labels; passes_base_gates	1917	standardized_h5ad_obs;panel_dataset_label_counts_v1;panel_label_freeze_v1;coarse_label_hierarchy_v1	internal_source_record:not_publicly_portable:data/datasets/Bioinformatics/h5ad/Arabidopsis thaliana_PRJNA497883.h5ad;internal_source_record:not_publicly_portable:workspace/projects/PhyloOpenCell/metadata/panel_dataset_label_counts_v1.tsv.gz;internal_source_record:not_publicly_portable:workspace/projects/PhyloOpenCell/metadata/panel_label_freeze_v1.tsv;internal_source_record:not_publicly_portable:workspace/projects/PhyloOpenCell/metadata/coarse_label_hierarchy_v1.tsv	22c00f43ad00912a07d4b1a06dff9ece516f872939e7117dffd6a3708a366338;a4bd8efca65e1175053b97dc0836fe8306417dd993d7a864389a5281d37302ea;78a020ef314246281f19dc5eec25dbb28c50c5c376ee9df5a6b5090a0ec7d321;e139f4d944b153210afd8aef98174679bf7caead33207fadc3a2e8c4cb619abb	complete standardized dataset-label count with panel-specific governed mapping	
Arabidopsis thaliana_PRJNA497883|Phloem pole pericycle cell|	Arabidopsis thaliana_PRJNA497883	PRJNA497883	Arabidopsis thaliana			cell_type_original	Phloem pole pericycle cell	PO:0000065				unmapped	candidate_auto_exact; exact_name; Plant Ontology exact lexical match; requires curator acceptance	809	standardized_h5ad_obs;ontology_mapping_candidates;panel_label_freeze_v1	internal_source_record:not_publicly_portable:data/datasets/Bioinformatics/h5ad/Arabidopsis thaliana_PRJNA497883.h5ad;internal_source_record:not_publicly_portable:workspace/projects/PhyloOpenCell/metadata/ontology_mapping_candidates.tsv;internal_source_record:not_publicly_portable:workspace/projects/PhyloOpenCell/metadata/panel_label_freeze_v1.tsv	22c00f43ad00912a07d4b1a06dff9ece516f872939e7117dffd6a3708a366338;e4a09d28939b9a165661f86d5a2f4fb0c1d33fea1c7465dcc7cf874f0a8238bc;78a020ef314246281f19dc5eec25dbb28c50c5c376ee9df5a6b5090a0ec7d321	complete standardized dataset-label count; no governed panel mapping	not_in_governed_panel_hierarchy
Arabidopsis thaliana_PRJNA497883|Primary xylem|	Arabidopsis thaliana_PRJNA497883	PRJNA497883	Arabidopsis thaliana			cell_type_original	Primary xylem	PO:0005849				unmapped	candidate_auto_exact; exact_name; Plant Ontology exact lexical match; requires curator acceptance	595	standardized_h5ad_obs;ontology_mapping_candidates;panel_label_freeze_v1	internal_source_record:not_publicly_portable:data/datasets/Bioinformatics/h5ad/Arabidopsis thaliana_PRJNA497883.h5ad;internal_source_record:not_publicly_portable:workspace/projects/PhyloOpenCell/metadata/ontology_mapping_candidates.tsv;internal_source_record:not_publicly_portable:workspace/projects/PhyloOpenCell/metadata/panel_label_freeze_v1.tsv	22c00f43ad00912a07d4b1a06dff9ece516f872939e7117dffd6a3708a366338;e4a09d28939b9a165661f86d5a2f4fb0c1d33fea1c7465dcc7cf874f0a8238bc;78a020ef314246281f19dc5eec25dbb28c50c5c376ee9df5a6b5090a0ec7d321	complete standardized dataset-label count; no governed panel mapping	not_in_governed_panel_hierarchy
Arabidopsis thaliana_PRJNA497883|Protophloem|	Arabidopsis thaliana_PRJNA497883	PRJNA497883	Arabidopsis thaliana			cell_type_original	Protophloem	PO:0006077				unmapped	candidate_auto_exact; exact_name; Plant Ontology exact lexical match; requires curator acceptance	310	standardized_h5ad_obs;ontology_mapping_candidates;panel_label_freeze_v1	internal_source_record:not_publicly_portable:data/datasets/Bioinformatics/h5ad/Arabidopsis thaliana_PRJNA497883.h5ad;internal_source_record:not_publicly_portable:workspace/projects/PhyloOpenCell/metadata/ontology_mapping_candidates.tsv;internal_source_record:not_publicly_portable:workspace/projects/PhyloOpenCell/metadata/panel_label_freeze_v1.tsv	22c00f43ad00912a07d4b1a06dff9ece516f872939e7117dffd6a3708a366338;e4a09d28939b9a165661f86d5a2f4fb0c1d33fea1c7465dcc7cf874f0a8238bc;78a020ef314246281f19dc5eec25dbb28c50c5c376ee9df5a6b5090a0ec7d321	complete standardized dataset-label count; no governed panel mapping	not_in_governed_panel_hierarchy
Arabidopsis thaliana_PRJNA497883|Root cortex|root	Arabidopsis thaliana_PRJNA497883	PRJNA497883	Arabidopsis thaliana		root	cell_type_original	Root cortex	PO:0000258	pilot_major_cell_family	ground_tissue	root	mapped	expert_defined_many_to_one_from_user_approved_exact_PO_labels; passes_base_gates	1461	standardized_h5ad_obs;panel_dataset_label_counts_v1;panel_label_freeze_v1;coarse_label_hierarchy_v1	internal_source_record:not_publicly_portable:data/datasets/Bioinformatics/h5ad/Arabidopsis thaliana_PRJNA497883.h5ad;internal_source_record:not_publicly_portable:workspace/projects/PhyloOpenCell/metadata/panel_dataset_label_counts_v1.tsv.gz;internal_source_record:not_publicly_portable:workspace/projects/PhyloOpenCell/metadata/panel_label_freeze_v1.tsv;internal_source_record:not_publicly_portable:workspace/projects/PhyloOpenCell/metadata/coarse_label_hierarchy_v1.tsv	22c00f43ad00912a07d4b1a06dff9ece516f872939e7117dffd6a3708a366338;a4bd8efca65e1175053b97dc0836fe8306417dd993d7a864389a5281d37302ea;78a020ef314246281f19dc5eec25dbb28c50c5c376ee9df5a6b5090a0ec7d321;e139f4d944b153210afd8aef98174679bf7caead33207fadc3a2e8c4cb619abb	complete standardized dataset-label count with panel-specific governed mapping	
Arabidopsis thaliana_PRJNA497883|Root endodermis|root	Arabidopsis thaliana_PRJNA497883	PRJNA497883	Arabidopsis thaliana		root	cell_type_original	Root endodermis	PO:0005059	pilot_major_cell_family	ground_tissue	root	mapped	expert_defined_many_to_one_from_user_approved_exact_PO_labels; passes_base_gates	1454	standardized_h5ad_obs;panel_dataset_label_counts_v1;panel_label_freeze_v1;coarse_label_hierarchy_v1	internal_source_record:not_publicly_portable:data/datasets/Bioinformatics/h5ad/Arabidopsis thaliana_PRJNA497883.h5ad;internal_source_record:not_publicly_portable:workspace/projects/PhyloOpenCell/metadata/panel_dataset_label_counts_v1.tsv.gz;internal_source_record:not_publicly_portable:workspace/projects/PhyloOpenCell/metadata/panel_label_freeze_v1.tsv;internal_source_record:not_publicly_portable:workspace/projects/PhyloOpenCell/metadata/coarse_label_hierarchy_v1.tsv	22c00f43ad00912a07d4b1a06dff9ece516f872939e7117dffd6a3708a366338;a4bd8efca65e1175053b97dc0836fe8306417dd993d7a864389a5281d37302ea;78a020ef314246281f19dc5eec25dbb28c50c5c376ee9df5a6b5090a0ec7d321;e139f4d944b153210afd8aef98174679bf7caead33207fadc3a2e8c4cb619abb	complete standardized dataset-label count with panel-specific governed mapping	
Arabidopsis thaliana_PRJNA497883|Root hair cell|root	Arabidopsis thaliana_PRJNA497883	PRJNA497883	Arabidopsis thaliana		root	cell_type_original	Root hair cell	PO:0000256	pilot_major_cell_family	epidermal_system	root	mapped	expert_defined_many_to_one_from_user_approved_exact_PO_labels; passes_base_gates	1011	standardized_h5ad_obs;panel_dataset_label_counts_v1;panel_label_freeze_v1;coarse_label_hierarchy_v1	internal_source_record:not_publicly_portable:data/datasets/Bioinformatics/h5ad/Arabidopsis thaliana_PRJNA497883.h5ad;internal_source_record:not_publicly_portable:workspace/projects/PhyloOpenCell/metadata/panel_dataset_label_counts_v1.tsv.gz;internal_source_record:not_publicly_portable:workspace/projects/PhyloOpenCell/metadata/panel_label_freeze_v1.tsv;internal_source_record:not_publicly_portable:workspace/projects/PhyloOpenCell/metadata/coarse_label_hierarchy_v1.tsv	22c00f43ad00912a07d4b1a06dff9ece516f872939e7117dffd6a3708a366338;a4bd8efca65e1175053b97dc0836fe8306417dd993d7a864389a5281d37302ea;78a020ef314246281f19dc5eec25dbb28c50c5c376ee9df5a6b5090a0ec7d321;e139f4d944b153210afd8aef98174679bf7caead33207fadc3a2e8c4cb619abb	complete standardized dataset-label count with panel-specific governed mapping	
Arabidopsis thaliana_PRJNA497883|Root meristem|	Arabidopsis thaliana_PRJNA497883	PRJNA497883	Arabidopsis thaliana			cell_type_original	Root meristem	PO:0006085				unmapped	candidate_auto_exact; exact_name; Plant Ontology exact lexical match; requires curator acceptance	1432	standardized_h5ad_obs;ontology_mapping_candidates;panel_label_freeze_v1	internal_source_record:not_publicly_portable:data/datasets/Bioinformatics/h5ad/Arabidopsis thaliana_PRJNA497883.h5ad;internal_source_record:not_publicly_portable:workspace/projects/PhyloOpenCell/metadata/ontology_mapping_candidates.tsv;internal_source_record:not_publicly_portable:workspace/projects/PhyloOpenCell/metadata/panel_label_freeze_v1.tsv	22c00f43ad00912a07d4b1a06dff9ece516f872939e7117dffd6a3708a366338;e4a09d28939b9a165661f86d5a2f4fb0c1d33fea1c7465dcc7cf874f0a8238bc;78a020ef314246281f19dc5eec25dbb28c50c5c376ee9df5a6b5090a0ec7d321	complete standardized dataset-label count; no governed panel mapping	not_in_governed_panel_hierarchy
Arabidopsis thaliana_PRJNA497883|Root procambium|root	Arabidopsis thaliana_PRJNA497883	PRJNA497883	Arabidopsis thaliana		root	cell_type_original	Root procambium	PO:0006307	pilot_major_cell_family	stele_lineage	root	mapped	expert_defined_many_to_one_from_user_approved_exact_PO_labels; passes_base_gates	1775	standardized_h5ad_obs;panel_dataset_label_counts_v1;panel_label_freeze_v1;coarse_label_hierarchy_v1	internal_source_record:not_publicly_portable:data/datasets/Bioinformatics/h5ad/Arabidopsis thaliana_PRJNA497883.h5ad;internal_source_record:not_publicly_portable:workspace/projects/PhyloOpenCell/metadata/panel_dataset_label_counts_v1.tsv.gz;internal_source_record:not_publicly_portable:workspace/projects/PhyloOpenCell/metadata/panel_label_freeze_v1.tsv;internal_source_record:not_publicly_portable:workspace/projects/PhyloOpenCell/metadata/coarse_label_hierarchy_v1.tsv	22c00f43ad00912a07d4b1a06dff9ece516f872939e7117dffd6a3708a366338;a4bd8efca65e1175053b97dc0836fe8306417dd993d7a864389a5281d37302ea;78a020ef314246281f19dc5eec25dbb28c50c5c376ee9df5a6b5090a0ec7d321;e139f4d944b153210afd8aef98174679bf7caead33207fadc3a2e8c4cb619abb	complete standardized dataset-label count with panel-specific governed mapping	
Arabidopsis thaliana_PRJNA497883|Root procambium|vascular	Arabidopsis thaliana_PRJNA497883	PRJNA497883	Arabidopsis thaliana		vascular	cell_type_original	Root procambium	PO:0006307	pilot_major_cell_family	procambial_lineage	vascular	mapped	expert_defined_many_to_one_from_user_approved_exact_PO_labels; passes_base_gates	1775	standardized_h5ad_obs;panel_dataset_label_counts_v1;panel_label_freeze_v1;coarse_label_hierarchy_v1	internal_source_record:not_publicly_portable:data/datasets/Bioinformatics/h5ad/Arabidopsis thaliana_PRJNA497883.h5ad;internal_source_record:not_publicly_portable:workspace/projects/PhyloOpenCell/metadata/panel_dataset_label_counts_v1.tsv.gz;internal_source_record:not_publicly_portable:workspace/projects/PhyloOpenCell/metadata/panel_label_freeze_v1.tsv;internal_source_record:not_publicly_portable:workspace/projects/PhyloOpenCell/metadata/coarse_label_hierarchy_v1.tsv	22c00f43ad00912a07d4b1a06dff9ece516f872939e7117dffd6a3708a366338;a4bd8efca65e1175053b97dc0836fe8306417dd993d7a864389a5281d37302ea;78a020ef314246281f19dc5eec25dbb28c50c5c376ee9df5a6b5090a0ec7d321;e139f4d944b153210afd8aef98174679bf7caead33207fadc3a2e8c4cb619abb	complete standardized dataset-label count with panel-specific governed mapping	
Arabidopsis thaliana_PRJNA497883|Xylem pole pericycle cell|	Arabidopsis thaliana_PRJNA497883	PRJNA497883	Arabidopsis thaliana			cell_type_original	Xylem pole pericycle cell	PO:0000064				unmapped	candidate_auto_exact; exact_name; Plant Ontology exact lexical match; requires curator acceptance	2109	standardized_h5ad_obs;ontology_mapping_candidates;panel_label_freeze_v1	internal_source_record:not_publicly_portable:data/datasets/Bioinformatics/h5ad/Arabidopsis thaliana_PRJNA497883.h5ad;internal_source_record:not_publicly_portable:workspace/projects/PhyloOpenCell/metadata/ontology_mapping_candidates.tsv;internal_source_record:not_publicly_portable:workspace/projects/PhyloOpenCell/metadata/panel_label_freeze_v1.tsv	22c00f43ad00912a07d4b1a06dff9ece516f872939e7117dffd6a3708a366338;e4a09d28939b9a165661f86d5a2f4fb0c1d33fea1c7465dcc7cf874f0a8238bc;78a020ef314246281f19dc5eec25dbb28c50c5c376ee9df5a6b5090a0ec7d321	complete standardized dataset-label count; no governed panel mapping	not_in_governed_panel_hierarchy
Arabidopsis thaliana_PRJNA506007|Columella root cap cell|root	Arabidopsis thaliana_PRJNA506007	PRJNA506007	Arabidopsis thaliana		root	cell_type_original	Columella root cap cell	PO:0020132	pilot_major_cell_family	root_cap	root	mapped	expert_defined_many_to_one_from_user_approved_exact_PO_labels; passes_base_gates	17	standardized_h5ad_obs;panel_dataset_label_counts_v1;panel_label_freeze_v1;coarse_label_hierarchy_v1	internal_source_record:not_publicly_portable:data/datasets/Bioinformatics/h5ad/Arabidopsis thaliana_PRJNA506007.h5ad;internal_source_record:not_publicly_portable:workspace/projects/PhyloOpenCell/metadata/panel_dataset_label_counts_v1.tsv.gz;internal_source_record:not_publicly_portable:workspace/projects/PhyloOpenCell/metadata/panel_label_freeze_v1.tsv;internal_source_record:not_publicly_portable:workspace/projects/PhyloOpenCell/metadata/coarse_label_hierarchy_v1.tsv	4dc94fd5dabf9fc880615e62b954bddb08a140ef27f62904ba0b4be5a8abe459;a4bd8efca65e1175053b97dc0836fe8306417dd993d7a864389a5281d37302ea;78a020ef314246281f19dc5eec25dbb28c50c5c376ee9df5a6b5090a0ec7d321;e139f4d944b153210afd8aef98174679bf7caead33207fadc3a2e8c4cb619abb	complete standardized dataset-label count with panel-specific governed mapping	
Arabidopsis thaliana_PRJNA506007|Non_hair root epidermal cell|	Arabidopsis thaliana_PRJNA506007	PRJNA506007	Arabidopsis thaliana			cell_type_original	Non_hair root epidermal cell	PO:0000263				unmapped	candidate_auto_exact; exact_name; Plant Ontology exact lexical match; requires curator acceptance	7662	standardized_h5ad_obs;ontology_mapping_candidates;panel_label_freeze_v1	internal_source_record:not_publicly_portable:data/datasets/Bioinformatics/h5ad/Arabidopsis thaliana_PRJNA506007.h5ad;internal_source_record:not_publicly_portable:workspace/projects/PhyloOpenCell/metadata/ontology_mapping_candidates.tsv;internal_source_record:not_publicly_portable:workspace/projects/PhyloOpenCell/metadata/panel_label_freeze_v1.tsv	4dc94fd5dabf9fc880615e62b954bddb08a140ef27f62904ba0b4be5a8abe459;e4a09d28939b9a165661f86d5a2f4fb0c1d33fea1c7465dcc7cf874f0a8238bc;78a020ef314246281f19dc5eec25dbb28c50c5c376ee9df5a6b5090a0ec7d321	complete standardized dataset-label count; no governed panel mapping	not_in_governed_panel_hierarchy
Arabidopsis thaliana_PRJNA506007|Primary phloem|	Arabidopsis thaliana_PRJNA506007	PRJNA506007	Arabidopsis thaliana			cell_type_original	Primary phloem	PO:0006075				unmapped	candidate_auto_exact; exact_name; Plant Ontology exact lexical match; requires curator acceptance	1531	standardized_h5ad_obs;ontology_mapping_candidates;panel_label_freeze_v1	internal_source_record:not_publicly_portable:data/datasets/Bioinformatics/h5ad/Arabidopsis thaliana_PRJNA506007.h5ad;internal_source_record:not_publicly_portable:workspace/projects/PhyloOpenCell/metadata/ontology_mapping_candidates.tsv;internal_source_record:not_publicly_portable:workspace/projects/PhyloOpenCell/metadata/panel_label_freeze_v1.tsv	4dc94fd5dabf9fc880615e62b954bddb08a140ef27f62904ba0b4be5a8abe459;e4a09d28939b9a165661f86d5a2f4fb0c1d33fea1c7465dcc7cf874f0a8238bc;78a020ef314246281f19dc5eec25dbb28c50c5c376ee9df5a6b5090a0ec7d321	complete standardized dataset-label count; no governed panel mapping	not_in_governed_panel_hierarchy
Arabidopsis thaliana_PRJNA506007|Primary xylem|	Arabidopsis thaliana_PRJNA506007	PRJNA506007	Arabidopsis thaliana			cell_type_original	Primary xylem	PO:0005849				unmapped	candidate_auto_exact; exact_name; Plant Ontology exact lexical match; requires curator acceptance	1180	standardized_h5ad_obs;ontology_mapping_candidates;panel_label_freeze_v1	internal_source_record:not_publicly_portable:data/datasets/Bioinformatics/h5ad/Arabidopsis thaliana_PRJNA506007.h5ad;internal_source_record:not_publicly_portable:workspace/projects/PhyloOpenCell/metadata/ontology_mapping_candidates.tsv;internal_source_record:not_publicly_portable:workspace/projects/PhyloOpenCell/metadata/panel_label_freeze_v1.tsv	4dc94fd5dabf9fc880615e62b954bddb08a140ef27f62904ba0b4be5a8abe459;e4a09d28939b9a165661f86d5a2f4fb0c1d33fea1c7465dcc7cf874f0a8238bc;78a020ef314246281f19dc5eec25dbb28c50c5c376ee9df5a6b5090a0ec7d321	complete standardized dataset-label count; no governed panel mapping	not_in_governed_panel_hierarchy
Arabidopsis thaliana_PRJNA506007|Root cortex|root	Arabidopsis thaliana_PRJNA506007	PRJNA506007	Arabidopsis thaliana		root	cell_type_original	Root cortex	PO:0000258	pilot_major_cell_family	ground_tissue	root	mapped	expert_defined_many_to_one_from_user_approved_exact_PO_labels; passes_base_gates	1920	standardized_h5ad_obs;panel_dataset_label_counts_v1;panel_label_freeze_v1;coarse_label_hierarchy_v1	internal_source_record:not_publicly_portable:data/datasets/Bioinformatics/h5ad/Arabidopsis thaliana_PRJNA506007.h5ad;internal_source_record:not_publicly_portable:workspace/projects/PhyloOpenCell/metadata/panel_dataset_label_counts_v1.tsv.gz;internal_source_record:not_publicly_portable:workspace/projects/PhyloOpenCell/metadata/panel_label_freeze_v1.tsv;internal_source_record:not_publicly_portable:workspace/projects/PhyloOpenCell/metadata/coarse_label_hierarchy_v1.tsv	4dc94fd5dabf9fc880615e62b954bddb08a140ef27f62904ba0b4be5a8abe459;a4bd8efca65e1175053b97dc0836fe8306417dd993d7a864389a5281d37302ea;78a020ef314246281f19dc5eec25dbb28c50c5c376ee9df5a6b5090a0ec7d321;e139f4d944b153210afd8aef98174679bf7caead33207fadc3a2e8c4cb619abb	complete standardized dataset-label count with panel-specific governed mapping	
Arabidopsis thaliana_PRJNA506007|Root endodermis|root	Arabidopsis thaliana_PRJNA506007	PRJNA506007	Arabidopsis thaliana		root	cell_type_original	Root endodermis	PO:0005059	pilot_major_cell_family	ground_tissue	root	mapped	expert_defined_many_to_one_from_user_approved_exact_PO_labels; passes_base_gates	287	standardized_h5ad_obs;panel_dataset_label_counts_v1;panel_label_freeze_v1;coarse_label_hierarchy_v1	internal_source_record:not_publicly_portable:data/datasets/Bioinformatics/h5ad/Arabidopsis thaliana_PRJNA506007.h5ad;internal_source_record:not_publicly_portable:workspace/projects/PhyloOpenCell/metadata/panel_dataset_label_counts_v1.tsv.gz;internal_source_record:not_publicly_portable:workspace/projects/PhyloOpenCell/metadata/panel_label_freeze_v1.tsv;internal_source_record:not_publicly_portable:workspace/projects/PhyloOpenCell/metadata/coarse_label_hierarchy_v1.tsv	4dc94fd5dabf9fc880615e62b954bddb08a140ef27f62904ba0b4be5a8abe459;a4bd8efca65e1175053b97dc0836fe8306417dd993d7a864389a5281d37302ea;78a020ef314246281f19dc5eec25dbb28c50c5c376ee9df5a6b5090a0ec7d321;e139f4d944b153210afd8aef98174679bf7caead33207fadc3a2e8c4cb619abb	complete standardized dataset-label count with panel-specific governed mapping	
Arabidopsis thaliana_PRJNA506007|Root hair cell|root	Arabidopsis thaliana_PRJNA506007	PRJNA506007	Arabidopsis thaliana		root	cell_type_original	Root hair cell	PO:0000256	pilot_major_cell_family	epidermal_system	root	mapped	expert_defined_many_to_one_from_user_approved_exact_PO_labels; passes_base_gates	1634	standardized_h5ad_obs;panel_dataset_label_counts_v1;panel_label_freeze_v1;coarse_label_hierarchy_v1	internal_source_record:not_publicly_portable:data/datasets/Bioinformatics/h5ad/Arabidopsis thaliana_PRJNA506007.h5ad;internal_source_record:not_publicly_portable:workspace/projects/PhyloOpenCell/metadata/panel_dataset_label_counts_v1.tsv.gz;internal_source_record:not_publicly_portable:workspace/projects/PhyloOpenCell/metadata/panel_label_freeze_v1.tsv;internal_source_record:not_publicly_portable:workspace/projects/PhyloOpenCell/metadata/coarse_label_hierarchy_v1.tsv	4dc94fd5dabf9fc880615e62b954bddb08a140ef27f62904ba0b4be5a8abe459;a4bd8efca65e1175053b97dc0836fe8306417dd993d7a864389a5281d37302ea;78a020ef314246281f19dc5eec25dbb28c50c5c376ee9df5a6b5090a0ec7d321;e139f4d944b153210afd8aef98174679bf7caead33207fadc3a2e8c4cb619abb	complete standardized dataset-label count with panel-specific governed mapping	
Arabidopsis thaliana_PRJNA506007|Root meristem|	Arabidopsis thaliana_PRJNA506007	PRJNA506007	Arabidopsis thaliana			cell_type_original	Root meristem	PO:0006085				unmapped	candidate_auto_exact; exact_name; Plant Ontology exact lexical match; requires curator acceptance	1612	standardized_h5ad_obs;ontology_mapping_candidates;panel_label_freeze_v1	internal_source_record:not_publicly_portable:data/datasets/Bioinformatics/h5ad/Arabidopsis thaliana_PRJNA506007.h5ad;internal_source_record:not_publicly_portable:workspace/projects/PhyloOpenCell/metadata/ontology_mapping_candidates.tsv;internal_source_record:not_publicly_portable:workspace/projects/PhyloOpenCell/metadata/panel_label_freeze_v1.tsv	4dc94fd5dabf9fc880615e62b954bddb08a140ef27f62904ba0b4be5a8abe459;e4a09d28939b9a165661f86d5a2f4fb0c1d33fea1c7465dcc7cf874f0a8238bc;78a020ef314246281f19dc5eec25dbb28c50c5c376ee9df5a6b5090a0ec7d321	complete standardized dataset-label count; no governed panel mapping	not_in_governed_panel_hierarchy
Arabidopsis thaliana_PRJNA507252|Companion cell|vascular	Arabidopsis thaliana_PRJNA507252	PRJNA507252	Arabidopsis thaliana		vascular	cell_type_original	Companion cell	PO:0000071	pilot_major_cell_family	phloem_lineage	vascular	mapped	expert_defined_many_to_one_from_user_approved_exact_PO_labels; passes_base_gates	282	standardized_h5ad_obs;panel_dataset_label_counts_v1;panel_label_freeze_v1;coarse_label_hierarchy_v1	internal_source_record:not_publicly_portable:data/datasets/Bioinformatics/h5ad/Arabidopsis thaliana_PRJNA507252.h5ad;internal_source_record:not_publicly_portable:workspace/projects/PhyloOpenCell/metadata/panel_dataset_label_counts_v1.tsv.gz;internal_source_record:not_publicly_portable:workspace/projects/PhyloOpenCell/metadata/panel_label_freeze_v1.tsv;internal_source_record:not_publicly_portable:workspace/projects/PhyloOpenCell/metadata/coarse_label_hierarchy_v1.tsv	cd34477c0b02b2401c16ce5a46e840c0c566b72797aa971a23c96e892b15ec1f;a4bd8efca65e1175053b97dc0836fe8306417dd993d7a864389a5281d37302ea;78a020ef314246281f19dc5eec25dbb28c50c5c376ee9df5a6b5090a0ec7d321;e139f4d944b153210afd8aef98174679bf7caead33207fadc3a2e8c4cb619abb	complete standardized dataset-label count with panel-specific governed mapping	
Arabidopsis thaliana_PRJNA507252|Lateral root cap|	Arabidopsis thaliana_PRJNA507252	PRJNA507252	Arabidopsis thaliana			cell_type_original	Lateral root cap	PO:0020131				unmapped	candidate_auto_exact; exact_name; Plant Ontology exact lexical match; requires curator acceptance	3689	standardized_h5ad_obs;ontology_mapping_candidates;panel_label_freeze_v1	internal_source_record:not_publicly_portable:data/datasets/Bioinformatics/h5ad/Arabidopsis thaliana_PRJNA507252.h5ad;internal_source_record:not_publicly_portable:workspace/projects/PhyloOpenCell/metadata/ontology_mapping_candidates.tsv;internal_source_record:not_publicly_portable:workspace/projects/PhyloOpenCell/metadata/panel_label_freeze_v1.tsv	cd34477c0b02b2401c16ce5a46e840c0c566b72797aa971a23c96e892b15ec1f;e4a09d28939b9a165661f86d5a2f4fb0c1d33fea1c7465dcc7cf874f0a8238bc;78a020ef314246281f19dc5eec25dbb28c50c5c376ee9df5a6b5090a0ec7d321	complete standardized dataset-label count; no governed panel mapping	not_in_governed_panel_hierarchy
Arabidopsis thaliana_PRJNA507252|Non-hair root epidermal cell|root	Arabidopsis thaliana_PRJNA507252	PRJNA507252	Arabidopsis thaliana		root	cell_type_original	Non-hair root epidermal cell	PO:0000263	pilot_major_cell_family	epidermal_system	root	mapped	expert_defined_many_to_one_from_user_approved_exact_PO_labels; passes_base_gates	2484	standardized_h5ad_obs;panel_dataset_label_counts_v1;panel_label_freeze_v1;coarse_label_hierarchy_v1	internal_source_record:not_publicly_portable:data/datasets/Bioinformatics/h5ad/Arabidopsis thaliana_PRJNA507252.h5ad;internal_source_record:not_publicly_portable:workspace/projects/PhyloOpenCell/metadata/panel_dataset_label_counts_v1.tsv.gz;internal_source_record:not_publicly_portable:workspace/projects/PhyloOpenCell/metadata/panel_label_freeze_v1.tsv;internal_source_record:not_publicly_portable:workspace/projects/PhyloOpenCell/metadata/coarse_label_hierarchy_v1.tsv	cd34477c0b02b2401c16ce5a46e840c0c566b72797aa971a23c96e892b15ec1f;a4bd8efca65e1175053b97dc0836fe8306417dd993d7a864389a5281d37302ea;78a020ef314246281f19dc5eec25dbb28c50c5c376ee9df5a6b5090a0ec7d321;e139f4d944b153210afd8aef98174679bf7caead33207fadc3a2e8c4cb619abb	complete standardized dataset-label count with panel-specific governed mapping	
Arabidopsis thaliana_PRJNA507252|Phloem pole pericycle cell|	Arabidopsis thaliana_PRJNA507252	PRJNA507252	Arabidopsis thaliana			cell_type_original	Phloem pole pericycle cell	PO:0000065				unmapped	candidate_auto_exact; exact_name; Plant Ontology exact lexical match; requires curator acceptance	907	standardized_h5ad_obs;ontology_mapping_candidates;panel_label_freeze_v1	internal_source_record:not_publicly_portable:data/datasets/Bioinformatics/h5ad/Arabidopsis thaliana_PRJNA507252.h5ad;internal_source_record:not_publicly_portable:workspace/projects/PhyloOpenCell/metadata/ontology_mapping_candidates.tsv;internal_source_record:not_publicly_portable:workspace/projects/PhyloOpenCell/metadata/panel_label_freeze_v1.tsv	cd34477c0b02b2401c16ce5a46e840c0c566b72797aa971a23c96e892b15ec1f;e4a09d28939b9a165661f86d5a2f4fb0c1d33fea1c7465dcc7cf874f0a8238bc;78a020ef314246281f19dc5eec25dbb28c50c5c376ee9df5a6b5090a0ec7d321	complete standardized dataset-label count; no governed panel mapping	not_in_governed_panel_hierarchy
Arabidopsis thaliana_PRJNA507252|Primary phloem|	Arabidopsis thaliana_PRJNA507252	PRJNA507252	Arabidopsis thaliana			cell_type_original	Primary phloem	PO:0006075				unmapped	candidate_auto_exact; exact_name; Plant Ontology exact lexical match; requires curator acceptance	1133	standardized_h5ad_obs;ontology_mapping_candidates;panel_label_freeze_v1	internal_source_record:not_publicly_portable:data/datasets/Bioinformatics/h5ad/Arabidopsis thaliana_PRJNA507252.h5ad;internal_source_record:not_publicly_portable:workspace/projects/PhyloOpenCell/metadata/ontology_mapping_candidates.tsv;internal_source_record:not_publicly_portable:workspace/projects/PhyloOpenCell/metadata/panel_label_freeze_v1.tsv	cd34477c0b02b2401c16ce5a46e840c0c566b72797aa971a23c96e892b15ec1f;e4a09d28939b9a165661f86d5a2f4fb0c1d33fea1c7465dcc7cf874f0a8238bc;78a020ef314246281f19dc5eec25dbb28c50c5c376ee9df5a6b5090a0ec7d321	complete standardized dataset-label count; no governed panel mapping	not_in_governed_panel_hierarchy
Arabidopsis thaliana_PRJNA507252|Primary xylem|	Arabidopsis thaliana_PRJNA507252	PRJNA507252	Arabidopsis thaliana			cell_type_original	Primary xylem	PO:0005849				unmapped	candidate_auto_exact; exact_name; Plant Ontology exact lexical match; requires curator acceptance	389	standardized_h5ad_obs;ontology_mapping_candidates;panel_label_freeze_v1	internal_source_record:not_publicly_portable:data/datasets/Bioinformatics/h5ad/Arabidopsis thaliana_PRJNA507252.h5ad;internal_source_record:not_publicly_portable:workspace/projects/PhyloOpenCell/metadata/ontology_mapping_candidates.tsv;internal_source_record:not_publicly_portable:workspace/projects/PhyloOpenCell/metadata/panel_label_freeze_v1.tsv	cd34477c0b02b2401c16ce5a46e840c0c566b72797aa971a23c96e892b15ec1f;e4a09d28939b9a165661f86d5a2f4fb0c1d33fea1c7465dcc7cf874f0a8238bc;78a020ef314246281f19dc5eec25dbb28c50c5c376ee9df5a6b5090a0ec7d321	complete standardized dataset-label count; no governed panel mapping	not_in_governed_panel_hierarchy
Arabidopsis thaliana_PRJNA507252|Protophloem|	Arabidopsis thaliana_PRJNA507252	PRJNA507252	Arabidopsis thaliana			cell_type_original	Protophloem	PO:0006077				unmapped	candidate_auto_exact; exact_name; Plant Ontology exact lexical match; requires curator acceptance	74	standardized_h5ad_obs;ontology_mapping_candidates;panel_label_freeze_v1	internal_source_record:not_publicly_portable:data/datasets/Bioinformatics/h5ad/Arabidopsis thaliana_PRJNA507252.h5ad;internal_source_record:not_publicly_portable:workspace/projects/PhyloOpenCell/metadata/ontology_mapping_candidates.tsv;internal_source_record:not_publicly_portable:workspace/projects/PhyloOpenCell/metadata/panel_label_freeze_v1.tsv	cd34477c0b02b2401c16ce5a46e840c0c566b72797aa971a23c96e892b15ec1f;e4a09d28939b9a165661f86d5a2f4fb0c1d33fea1c7465dcc7cf874f0a8238bc;78a020ef314246281f19dc5eec25dbb28c50c5c376ee9df5a6b5090a0ec7d321	complete standardized dataset-label count; no governed panel mapping	not_in_governed_panel_hierarchy
Arabidopsis thaliana_PRJNA507252|Root cortex|root	Arabidopsis thaliana_PRJNA507252	PRJNA507252	Arabidopsis thaliana		root	cell_type_original	Root cortex	PO:0000258	pilot_major_cell_family	ground_tissue	root	mapped	expert_defined_many_to_one_from_user_approved_exact_PO_labels; passes_base_gates	3116	standardized_h5ad_obs;panel_dataset_label_counts_v1;panel_label_freeze_v1;coarse_label_hierarchy_v1	internal_source_record:not_publicly_portable:data/datasets/Bioinformatics/h5ad/Arabidopsis thaliana_PRJNA507252.h5ad;internal_source_record:not_publicly_portable:workspace/projects/PhyloOpenCell/metadata/panel_dataset_label_counts_v1.tsv.gz;internal_source_record:not_publicly_portable:workspace/projects/PhyloOpenCell/metadata/panel_label_freeze_v1.tsv;internal_source_record:not_publicly_portable:workspace/projects/PhyloOpenCell/metadata/coarse_label_hierarchy_v1.tsv	cd34477c0b02b2401c16ce5a46e840c0c566b72797aa971a23c96e892b15ec1f;a4bd8efca65e1175053b97dc0836fe8306417dd993d7a864389a5281d37302ea;78a020ef314246281f19dc5eec25dbb28c50c5c376ee9df5a6b5090a0ec7d321;e139f4d944b153210afd8aef98174679bf7caead33207fadc3a2e8c4cb619abb	complete standardized dataset-label count with panel-specific governed mapping	
Arabidopsis thaliana_PRJNA507252|Root endodermis|root	Arabidopsis thaliana_PRJNA507252	PRJNA507252	Arabidopsis thaliana		root	cell_type_original	Root endodermis	PO:0005059	pilot_major_cell_family	ground_tissue	root	mapped	expert_defined_many_to_one_from_user_approved_exact_PO_labels; passes_base_gates	1505	standardized_h5ad_obs;panel_dataset_label_counts_v1;panel_label_freeze_v1;coarse_label_hierarchy_v1	internal_source_record:not_publicly_portable:data/datasets/Bioinformatics/h5ad/Arabidopsis thaliana_PRJNA507252.h5ad;internal_source_record:not_publicly_portable:workspace/projects/PhyloOpenCell/metadata/panel_dataset_label_counts_v1.tsv.gz;internal_source_record:not_publicly_portable:workspace/projects/PhyloOpenCell/metadata/panel_label_freeze_v1.tsv;internal_source_record:not_publicly_portable:workspace/projects/PhyloOpenCell/metadata/coarse_label_hierarchy_v1.tsv	cd34477c0b02b2401c16ce5a46e840c0c566b72797aa971a23c96e892b15ec1f;a4bd8efca65e1175053b97dc0836fe8306417dd993d7a864389a5281d37302ea;78a020ef314246281f19dc5eec25dbb28c50c5c376ee9df5a6b5090a0ec7d321;e139f4d944b153210afd8aef98174679bf7caead33207fadc3a2e8c4cb619abb	complete standardized dataset-label count with panel-specific governed mapping	
Arabidopsis thaliana_PRJNA507252|Root hair cell|root	Arabidopsis thaliana_PRJNA507252	PRJNA507252	Arabidopsis thaliana		root	cell_type_original	Root hair cell	PO:0000256	pilot_major_cell_family	epidermal_system	root	mapped	expert_defined_many_to_one_from_user_approved_exact_PO_labels; passes_base_gates	2558	standardized_h5ad_obs;panel_dataset_label_counts_v1;panel_label_freeze_v1;coarse_label_hierarchy_v1	internal_source_record:not_publicly_portable:data/datasets/Bioinformatics/h5ad/Arabidopsis thaliana_PRJNA507252.h5ad;internal_source_record:not_publicly_portable:workspace/projects/PhyloOpenCell/metadata/panel_dataset_label_counts_v1.tsv.gz;internal_source_record:not_publicly_portable:workspace/projects/PhyloOpenCell/metadata/panel_label_freeze_v1.tsv;internal_source_record:not_publicly_portable:workspace/projects/PhyloOpenCell/metadata/coarse_label_hierarchy_v1.tsv	cd34477c0b02b2401c16ce5a46e840c0c566b72797aa971a23c96e892b15ec1f;a4bd8efca65e1175053b97dc0836fe8306417dd993d7a864389a5281d37302ea;78a020ef314246281f19dc5eec25dbb28c50c5c376ee9df5a6b5090a0ec7d321;e139f4d944b153210afd8aef98174679bf7caead33207fadc3a2e8c4cb619abb	complete standardized dataset-label count with panel-specific governed mapping	
Arabidopsis thaliana_PRJNA507252|Root meristem|	Arabidopsis thaliana_PRJNA507252	PRJNA507252	Arabidopsis thaliana			cell_type_original	Root meristem	PO:0006085				unmapped	candidate_auto_exact; exact_name; Plant Ontology exact lexical match; requires curator acceptance	517	standardized_h5ad_obs;ontology_mapping_candidates;panel_label_freeze_v1	internal_source_record:not_publicly_portable:data/datasets/Bioinformatics/h5ad/Arabidopsis thaliana_PRJNA507252.h5ad;internal_source_record:not_publicly_portable:workspace/projects/PhyloOpenCell/metadata/ontology_mapping_candidates.tsv;internal_source_record:not_publicly_portable:workspace/projects/PhyloOpenCell/metadata/panel_label_freeze_v1.tsv	cd34477c0b02b2401c16ce5a46e840c0c566b72797aa971a23c96e892b15ec1f;e4a09d28939b9a165661f86d5a2f4fb0c1d33fea1c7465dcc7cf874f0a8238bc;78a020ef314246281f19dc5eec25dbb28c50c5c376ee9df5a6b5090a0ec7d321	complete standardized dataset-label count; no governed panel mapping	not_in_governed_panel_hierarchy
Arabidopsis thaliana_PRJNA507252|Root procambium|root	Arabidopsis thaliana_PRJNA507252	PRJNA507252	Arabidopsis thaliana		root	cell_type_original	Root procambium	PO:0006307	pilot_major_cell_family	stele_lineage	root	mapped	expert_defined_many_to_one_from_user_approved_exact_PO_labels; passes_base_gates	883	standardized_h5ad_obs;panel_dataset_label_counts_v1;panel_label_freeze_v1;coarse_label_hierarchy_v1	internal_source_record:not_publicly_portable:data/datasets/Bioinformatics/h5ad/Arabidopsis thaliana_PRJNA507252.h5ad;internal_source_record:not_publicly_portable:workspace/projects/PhyloOpenCell/metadata/panel_dataset_label_counts_v1.tsv.gz;internal_source_record:not_publicly_portable:workspace/projects/PhyloOpenCell/metadata/panel_label_freeze_v1.tsv;internal_source_record:not_publicly_portable:workspace/projects/PhyloOpenCell/metadata/coarse_label_hierarchy_v1.tsv	cd34477c0b02b2401c16ce5a46e840c0c566b72797aa971a23c96e892b15ec1f;a4bd8efca65e1175053b97dc0836fe8306417dd993d7a864389a5281d37302ea;78a020ef314246281f19dc5eec25dbb28c50c5c376ee9df5a6b5090a0ec7d321;e139f4d944b153210afd8aef98174679bf7caead33207fadc3a2e8c4cb619abb	complete standardized dataset-label count with panel-specific governed mapping	
Arabidopsis thaliana_PRJNA507252|Root procambium|vascular	Arabidopsis thaliana_PRJNA507252	PRJNA507252	Arabidopsis thaliana		vascular	cell_type_original	Root procambium	PO:0006307	pilot_major_cell_family	procambial_lineage	vascular	mapped	expert_defined_many_to_one_from_user_approved_exact_PO_labels; passes_base_gates	883	standardized_h5ad_obs;panel_dataset_label_counts_v1;panel_label_freeze_v1;coarse_label_hierarchy_v1	internal_source_record:not_publicly_portable:data/datasets/Bioinformatics/h5ad/Arabidopsis thaliana_PRJNA507252.h5ad;internal_source_record:not_publicly_portable:workspace/projects/PhyloOpenCell/metadata/panel_dataset_label_counts_v1.tsv.gz;internal_source_record:not_publicly_portable:workspace/projects/PhyloOpenCell/metadata/panel_label_freeze_v1.tsv;internal_source_record:not_publicly_portable:workspace/projects/PhyloOpenCell/metadata/coarse_label_hierarchy_v1.tsv	cd34477c0b02b2401c16ce5a46e840c0c566b72797aa971a23c96e892b15ec1f;a4bd8efca65e1175053b97dc0836fe8306417dd993d7a864389a5281d37302ea;78a020ef314246281f19dc5eec25dbb28c50c5c376ee9df5a6b5090a0ec7d321;e139f4d944b153210afd8aef98174679bf7caead33207fadc3a2e8c4cb619abb	complete standardized dataset-label count with panel-specific governed mapping	
Arabidopsis thaliana_PRJNA509920|Columella root cap cell|root	Arabidopsis thaliana_PRJNA509920	PRJNA509920	Arabidopsis thaliana		root	cell_type_original	Columella root cap cell	PO:0020132	pilot_major_cell_family	root_cap	root	mapped	expert_defined_many_to_one_from_user_approved_exact_PO_labels; passes_base_gates	908	standardized_h5ad_obs;panel_dataset_label_counts_v1;panel_label_freeze_v1;coarse_label_hierarchy_v1	internal_source_record:not_publicly_portable:data/datasets/Bioinformatics/h5ad/Arabidopsis thaliana_PRJNA509920.h5ad;internal_source_record:not_publicly_portable:workspace/projects/PhyloOpenCell/metadata/panel_dataset_label_counts_v1.tsv.gz;internal_source_record:not_publicly_portable:workspace/projects/PhyloOpenCell/metadata/panel_label_freeze_v1.tsv;internal_source_record:not_publicly_portable:workspace/projects/PhyloOpenCell/metadata/coarse_label_hierarchy_v1.tsv	f76f4518101c6d7db558040931370b831fa113785ed8d703693c6b9602d63a2b;a4bd8efca65e1175053b97dc0836fe8306417dd993d7a864389a5281d37302ea;78a020ef314246281f19dc5eec25dbb28c50c5c376ee9df5a6b5090a0ec7d321;e139f4d944b153210afd8aef98174679bf7caead33207fadc3a2e8c4cb619abb	complete standardized dataset-label count with panel-specific governed mapping	
Arabidopsis thaliana_PRJNA509920|Lateral root cap|	Arabidopsis thaliana_PRJNA509920	PRJNA509920	Arabidopsis thaliana			cell_type_original	Lateral root cap	PO:0020131				unmapped	candidate_auto_exact; exact_name; Plant Ontology exact lexical match; requires curator acceptance	1693	standardized_h5ad_obs;ontology_mapping_candidates;panel_label_freeze_v1	internal_source_record:not_publicly_portable:data/datasets/Bioinformatics/h5ad/Arabidopsis thaliana_PRJNA509920.h5ad;internal_source_record:not_publicly_portable:workspace/projects/PhyloOpenCell/metadata/ontology_mapping_candidates.tsv;internal_source_record:not_publicly_portable:workspace/projects/PhyloOpenCell/metadata/panel_label_freeze_v1.tsv	f76f4518101c6d7db558040931370b831fa113785ed8d703693c6b9602d63a2b;e4a09d28939b9a165661f86d5a2f4fb0c1d33fea1c7465dcc7cf874f0a8238bc;78a020ef314246281f19dc5eec25dbb28c50c5c376ee9df5a6b5090a0ec7d321	complete standardized dataset-label count; no governed panel mapping	not_in_governed_panel_hierarchy
Arabidopsis thaliana_PRJNA509920|Non_hair root epidermal cell|	Arabidopsis thaliana_PRJNA509920	PRJNA509920	Arabidopsis thaliana			cell_type_original	Non_hair root epidermal cell	PO:0000263				unmapped	candidate_auto_exact; exact_name; Plant Ontology exact lexical match; requires curator acceptance	740	standardized_h5ad_obs;ontology_mapping_candidates;panel_label_freeze_v1	internal_source_record:not_publicly_portable:data/datasets/Bioinformatics/h5ad/Arabidopsis thaliana_PRJNA509920.h5ad;internal_source_record:not_publicly_portable:workspace/projects/PhyloOpenCell/metadata/ontology_mapping_candidates.tsv;internal_source_record:not_publicly_portable:workspace/projects/PhyloOpenCell/metadata/panel_label_freeze_v1.tsv	f76f4518101c6d7db558040931370b831fa113785ed8d703693c6b9602d63a2b;e4a09d28939b9a165661f86d5a2f4fb0c1d33fea1c7465dcc7cf874f0a8238bc;78a020ef314246281f19dc5eec25dbb28c50c5c376ee9df5a6b5090a0ec7d321	complete standardized dataset-label count; no governed panel mapping	not_in_governed_panel_hierarchy
Arabidopsis thaliana_PRJNA509920|Phloem pole pericycle cell|	Arabidopsis thaliana_PRJNA509920	PRJNA509920	Arabidopsis thaliana			cell_type_original	Phloem pole pericycle cell	PO:0000065				unmapped	candidate_auto_exact; exact_name; Plant Ontology exact lexical match; requires curator acceptance	256	standardized_h5ad_obs;ontology_mapping_candidates;panel_label_freeze_v1	internal_source_record:not_publicly_portable:data/datasets/Bioinformatics/h5ad/Arabidopsis thaliana_PRJNA509920.h5ad;internal_source_record:not_publicly_portable:workspace/projects/PhyloOpenCell/metadata/ontology_mapping_candidates.tsv;internal_source_record:not_publicly_portable:workspace/projects/PhyloOpenCell/metadata/panel_label_freeze_v1.tsv	f76f4518101c6d7db558040931370b831fa113785ed8d703693c6b9602d63a2b;e4a09d28939b9a165661f86d5a2f4fb0c1d33fea1c7465dcc7cf874f0a8238bc;78a020ef314246281f19dc5eec25dbb28c50c5c376ee9df5a6b5090a0ec7d321	complete standardized dataset-label count; no governed panel mapping	not_in_governed_panel_hierarchy
Arabidopsis thaliana_PRJNA509920|Primary xylem|	Arabidopsis thaliana_PRJNA509920	PRJNA509920	Arabidopsis thaliana			cell_type_original	Primary xylem	PO:0005849				unmapped	candidate_auto_exact; exact_name; Plant Ontology exact lexical match; requires curator acceptance	662	standardized_h5ad_obs;ontology_mapping_candidates;panel_label_freeze_v1	internal_source_record:not_publicly_portable:data/datasets/Bioinformatics/h5ad/Arabidopsis thaliana_PRJNA509920.h5ad;internal_source_record:not_publicly_portable:workspace/projects/PhyloOpenCell/metadata/ontology_mapping_candidates.tsv;internal_source_record:not_publicly_portable:workspace/projects/PhyloOpenCell/metadata/panel_label_freeze_v1.tsv	f76f4518101c6d7db558040931370b831fa113785ed8d703693c6b9602d63a2b;e4a09d28939b9a165661f86d5a2f4fb0c1d33fea1c7465dcc7cf874f0a8238bc;78a020ef314246281f19dc5eec25dbb28c50c5c376ee9df5a6b5090a0ec7d321	complete standardized dataset-label count; no governed panel mapping	not_in_governed_panel_hierarchy
Arabidopsis thaliana_PRJNA509920|Protophloem|	Arabidopsis thaliana_PRJNA509920	PRJNA509920	Arabidopsis thaliana			cell_type_original	Protophloem	PO:0006077				unmapped	candidate_auto_exact; exact_name; Plant Ontology exact lexical match; requires curator acceptance	516	standardized_h5ad_obs;ontology_mapping_candidates;panel_label_freeze_v1	internal_source_record:not_publicly_portable:data/datasets/Bioinformatics/h5ad/Arabidopsis thaliana_PRJNA509920.h5ad;internal_source_record:not_publicly_portable:workspace/projects/PhyloOpenCell/metadata/ontology_mapping_candidates.tsv;internal_source_record:not_publicly_portable:workspace/projects/PhyloOpenCell/metadata/panel_label_freeze_v1.tsv	f76f4518101c6d7db558040931370b831fa113785ed8d703693c6b9602d63a2b;e4a09d28939b9a165661f86d5a2f4fb0c1d33fea1c7465dcc7cf874f0a8238bc;78a020ef314246281f19dc5eec25dbb28c50c5c376ee9df5a6b5090a0ec7d321	complete standardized dataset-label count; no governed panel mapping	not_in_governed_panel_hierarchy
Arabidopsis thaliana_PRJNA509920|Root cortex|root	Arabidopsis thaliana_PRJNA509920	PRJNA509920	Arabidopsis thaliana		root	cell_type_original	Root cortex	PO:0000258	pilot_major_cell_family	ground_tissue	root	mapped	expert_defined_many_to_one_from_user_approved_exact_PO_labels; passes_base_gates	1601	standardized_h5ad_obs;panel_dataset_label_counts_v1;panel_label_freeze_v1;coarse_label_hierarchy_v1	internal_source_record:not_publicly_portable:data/datasets/Bioinformatics/h5ad/Arabidopsis thaliana_PRJNA509920.h5ad;internal_source_record:not_publicly_portable:workspace/projects/PhyloOpenCell/metadata/panel_dataset_label_counts_v1.tsv.gz;internal_source_record:not_publicly_portable:workspace/projects/PhyloOpenCell/metadata/panel_label_freeze_v1.tsv;internal_source_record:not_publicly_portable:workspace/projects/PhyloOpenCell/metadata/coarse_label_hierarchy_v1.tsv	f76f4518101c6d7db558040931370b831fa113785ed8d703693c6b9602d63a2b;a4bd8efca65e1175053b97dc0836fe8306417dd993d7a864389a5281d37302ea;78a020ef314246281f19dc5eec25dbb28c50c5c376ee9df5a6b5090a0ec7d321;e139f4d944b153210afd8aef98174679bf7caead33207fadc3a2e8c4cb619abb	complete standardized dataset-label count with panel-specific governed mapping	
Arabidopsis thaliana_PRJNA509920|Root endodermis|root	Arabidopsis thaliana_PRJNA509920	PRJNA509920	Arabidopsis thaliana		root	cell_type_original	Root endodermis	PO:0005059	pilot_major_cell_family	ground_tissue	root	mapped	expert_defined_many_to_one_from_user_approved_exact_PO_labels; passes_base_gates	287	standardized_h5ad_obs;panel_dataset_label_counts_v1;panel_label_freeze_v1;coarse_label_hierarchy_v1	internal_source_record:not_publicly_portable:data/datasets/Bioinformatics/h5ad/Arabidopsis thaliana_PRJNA509920.h5ad;internal_source_record:not_publicly_portable:workspace/projects/PhyloOpenCell/metadata/panel_dataset_label_counts_v1.tsv.gz;internal_source_record:not_publicly_portable:workspace/projects/PhyloOpenCell/metadata/panel_label_freeze_v1.tsv;internal_source_record:not_publicly_portable:workspace/projects/PhyloOpenCell/metadata/coarse_label_hierarchy_v1.tsv	f76f4518101c6d7db558040931370b831fa113785ed8d703693c6b9602d63a2b;a4bd8efca65e1175053b97dc0836fe8306417dd993d7a864389a5281d37302ea;78a020ef314246281f19dc5eec25dbb28c50c5c376ee9df5a6b5090a0ec7d321;e139f4d944b153210afd8aef98174679bf7caead33207fadc3a2e8c4cb619abb	complete standardized dataset-label count with panel-specific governed mapping	
Arabidopsis thaliana_PRJNA509920|Root hair cell|root	Arabidopsis thaliana_PRJNA509920	PRJNA509920	Arabidopsis thaliana		root	cell_type_original	Root hair cell	PO:0000256	pilot_major_cell_family	epidermal_system	root	mapped	expert_defined_many_to_one_from_user_approved_exact_PO_labels; passes_base_gates	953	standardized_h5ad_obs;panel_dataset_label_counts_v1;panel_label_freeze_v1;coarse_label_hierarchy_v1	internal_source_record:not_publicly_portable:data/datasets/Bioinformatics/h5ad/Arabidopsis thaliana_PRJNA509920.h5ad;internal_source_record:not_publicly_portable:workspace/projects/PhyloOpenCell/metadata/panel_dataset_label_counts_v1.tsv.gz;internal_source_record:not_publicly_portable:workspace/projects/PhyloOpenCell/metadata/panel_label_freeze_v1.tsv;internal_source_record:not_publicly_portable:workspace/projects/PhyloOpenCell/metadata/coarse_label_hierarchy_v1.tsv	f76f4518101c6d7db558040931370b831fa113785ed8d703693c6b9602d63a2b;a4bd8efca65e1175053b97dc0836fe8306417dd993d7a864389a5281d37302ea;78a020ef314246281f19dc5eec25dbb28c50c5c376ee9df5a6b5090a0ec7d321;e139f4d944b153210afd8aef98174679bf7caead33207fadc3a2e8c4cb619abb	complete standardized dataset-label count with panel-specific governed mapping	
Arabidopsis thaliana_PRJNA509920|Root meristem|	Arabidopsis thaliana_PRJNA509920	PRJNA509920	Arabidopsis thaliana			cell_type_original	Root meristem	PO:0006085				unmapped	candidate_auto_exact; exact_name; Plant Ontology exact lexical match; requires curator acceptance	2312	standardized_h5ad_obs;ontology_mapping_candidates;panel_label_freeze_v1	internal_source_record:not_publicly_portable:data/datasets/Bioinformatics/h5ad/Arabidopsis thaliana_PRJNA509920.h5ad;internal_source_record:not_publicly_portable:workspace/projects/PhyloOpenCell/metadata/ontology_mapping_candidates.tsv;internal_source_record:not_publicly_portable:workspace/projects/PhyloOpenCell/metadata/panel_label_freeze_v1.tsv	f76f4518101c6d7db558040931370b831fa113785ed8d703693c6b9602d63a2b;e4a09d28939b9a165661f86d5a2f4fb0c1d33fea1c7465dcc7cf874f0a8238bc;78a020ef314246281f19dc5eec25dbb28c50c5c376ee9df5a6b5090a0ec7d321	complete standardized dataset-label count; no governed panel mapping	not_in_governed_panel_hierarchy
Arabidopsis thaliana_PRJNA517021|Companion cell|vascular	Arabidopsis thaliana_PRJNA517021	PRJNA517021	Arabidopsis thaliana		vascular	cell_type_original	Companion cell	PO:0000071	pilot_major_cell_family	phloem_lineage	vascular	mapped	expert_defined_many_to_one_from_user_approved_exact_PO_labels; passes_base_gates	659	standardized_h5ad_obs;panel_dataset_label_counts_v1;panel_label_freeze_v1;coarse_label_hierarchy_v1	internal_source_record:not_publicly_portable:data/datasets/Bioinformatics/h5ad/Arabidopsis thaliana_PRJNA517021.h5ad;internal_source_record:not_publicly_portable:workspace/projects/PhyloOpenCell/metadata/panel_dataset_label_counts_v1.tsv.gz;internal_source_record:not_publicly_portable:workspace/projects/PhyloOpenCell/metadata/panel_label_freeze_v1.tsv;internal_source_record:not_publicly_portable:workspace/projects/PhyloOpenCell/metadata/coarse_label_hierarchy_v1.tsv	f3157e3e8d5e831b0d152465779afa717dfb9a4b5dd552dfa6679752eeb98b04;a4bd8efca65e1175053b97dc0836fe8306417dd993d7a864389a5281d37302ea;78a020ef314246281f19dc5eec25dbb28c50c5c376ee9df5a6b5090a0ec7d321;e139f4d944b153210afd8aef98174679bf7caead33207fadc3a2e8c4cb619abb	complete standardized dataset-label count with panel-specific governed mapping	
Arabidopsis thaliana_PRJNA517021|Lateral root cap|	Arabidopsis thaliana_PRJNA517021	PRJNA517021	Arabidopsis thaliana			cell_type_original	Lateral root cap	PO:0020131				unmapped	candidate_auto_exact; exact_name; Plant Ontology exact lexical match; requires curator acceptance	1888	standardized_h5ad_obs;ontology_mapping_candidates;panel_label_freeze_v1	internal_source_record:not_publicly_portable:data/datasets/Bioinformatics/h5ad/Arabidopsis thaliana_PRJNA517021.h5ad;internal_source_record:not_publicly_portable:workspace/projects/PhyloOpenCell/metadata/ontology_mapping_candidates.tsv;internal_source_record:not_publicly_portable:workspace/projects/PhyloOpenCell/metadata/panel_label_freeze_v1.tsv	f3157e3e8d5e831b0d152465779afa717dfb9a4b5dd552dfa6679752eeb98b04;e4a09d28939b9a165661f86d5a2f4fb0c1d33fea1c7465dcc7cf874f0a8238bc;78a020ef314246281f19dc5eec25dbb28c50c5c376ee9df5a6b5090a0ec7d321	complete standardized dataset-label count; no governed panel mapping	not_in_governed_panel_hierarchy
Arabidopsis thaliana_PRJNA517021|Pericycle cell|root	Arabidopsis thaliana_PRJNA517021	PRJNA517021	Arabidopsis thaliana		root	cell_type_original	Pericycle cell	PO:0025261	pilot_major_cell_family	stele_lineage	root	mapped	expert_defined_many_to_one_from_user_approved_exact_PO_labels; passes_base_gates	2919	standardized_h5ad_obs;panel_dataset_label_counts_v1;panel_label_freeze_v1;coarse_label_hierarchy_v1	internal_source_record:not_publicly_portable:data/datasets/Bioinformatics/h5ad/Arabidopsis thaliana_PRJNA517021.h5ad;internal_source_record:not_publicly_portable:workspace/projects/PhyloOpenCell/metadata/panel_dataset_label_counts_v1.tsv.gz;internal_source_record:not_publicly_portable:workspace/projects/PhyloOpenCell/metadata/panel_label_freeze_v1.tsv;internal_source_record:not_publicly_portable:workspace/projects/PhyloOpenCell/metadata/coarse_label_hierarchy_v1.tsv	f3157e3e8d5e831b0d152465779afa717dfb9a4b5dd552dfa6679752eeb98b04;a4bd8efca65e1175053b97dc0836fe8306417dd993d7a864389a5281d37302ea;78a020ef314246281f19dc5eec25dbb28c50c5c376ee9df5a6b5090a0ec7d321;e139f4d944b153210afd8aef98174679bf7caead33207fadc3a2e8c4cb619abb	complete standardized dataset-label count with panel-specific governed mapping	
Arabidopsis thaliana_PRJNA517021|Photosynthetic cell|	Arabidopsis thaliana_PRJNA517021	PRJNA517021	Arabidopsis thaliana			cell_type_original	Photosynthetic cell					unmapped	pending_manual_curation; exact_synonym	72	standardized_h5ad_obs;ontology_mapping_candidates;panel_label_freeze_v1	internal_source_record:not_publicly_portable:data/datasets/Bioinformatics/h5ad/Arabidopsis thaliana_PRJNA517021.h5ad;internal_source_record:not_publicly_portable:workspace/projects/PhyloOpenCell/metadata/ontology_mapping_candidates.tsv;internal_source_record:not_publicly_portable:workspace/projects/PhyloOpenCell/metadata/panel_label_freeze_v1.tsv	f3157e3e8d5e831b0d152465779afa717dfb9a4b5dd552dfa6679752eeb98b04;e4a09d28939b9a165661f86d5a2f4fb0c1d33fea1c7465dcc7cf874f0a8238bc;78a020ef314246281f19dc5eec25dbb28c50c5c376ee9df5a6b5090a0ec7d321	complete standardized dataset-label count; no governed panel mapping	not_in_governed_panel_hierarchy
Arabidopsis thaliana_PRJNA517021|Primary phloem|	Arabidopsis thaliana_PRJNA517021	PRJNA517021	Arabidopsis thaliana			cell_type_original	Primary phloem	PO:0006075				unmapped	candidate_auto_exact; exact_name; Plant Ontology exact lexical match; requires curator acceptance	929	standardized_h5ad_obs;ontology_mapping_candidates;panel_label_freeze_v1	internal_source_record:not_publicly_portable:data/datasets/Bioinformatics/h5ad/Arabidopsis thaliana_PRJNA517021.h5ad;internal_source_record:not_publicly_portable:workspace/projects/PhyloOpenCell/metadata/ontology_mapping_candidates.tsv;internal_source_record:not_publicly_portable:workspace/projects/PhyloOpenCell/metadata/panel_label_freeze_v1.tsv	f3157e3e8d5e831b0d152465779afa717dfb9a4b5dd552dfa6679752eeb98b04;e4a09d28939b9a165661f86d5a2f4fb0c1d33fea1c7465dcc7cf874f0a8238bc;78a020ef314246281f19dc5eec25dbb28c50c5c376ee9df5a6b5090a0ec7d321	complete standardized dataset-label count; no governed panel mapping	not_in_governed_panel_hierarchy
Arabidopsis thaliana_PRJNA517021|Primary xylem|	Arabidopsis thaliana_PRJNA517021	PRJNA517021	Arabidopsis thaliana			cell_type_original	Primary xylem	PO:0005849				unmapped	candidate_auto_exact; exact_name; Plant Ontology exact lexical match; requires curator acceptance	298	standardized_h5ad_obs;ontology_mapping_candidates;panel_label_freeze_v1	internal_source_record:not_publicly_portable:data/datasets/Bioinformatics/h5ad/Arabidopsis thaliana_PRJNA517021.h5ad;internal_source_record:not_publicly_portable:workspace/projects/PhyloOpenCell/metadata/ontology_mapping_candidates.tsv;internal_source_record:not_publicly_portable:workspace/projects/PhyloOpenCell/metadata/panel_label_freeze_v1.tsv	f3157e3e8d5e831b0d152465779afa717dfb9a4b5dd552dfa6679752eeb98b04;e4a09d28939b9a165661f86d5a2f4fb0c1d33fea1c7465dcc7cf874f0a8238bc;78a020ef314246281f19dc5eec25dbb28c50c5c376ee9df5a6b5090a0ec7d321	complete standardized dataset-label count; no governed panel mapping	not_in_governed_panel_hierarchy
Arabidopsis thaliana_PRJNA517021|Protophloem|	Arabidopsis thaliana_PRJNA517021	PRJNA517021	Arabidopsis thaliana			cell_type_original	Protophloem	PO:0006077				unmapped	candidate_auto_exact; exact_name; Plant Ontology exact lexical match; requires curator acceptance	259	standardized_h5ad_obs;ontology_mapping_candidates;panel_label_freeze_v1	internal_source_record:not_publicly_portable:data/datasets/Bioinformatics/h5ad/Arabidopsis thaliana_PRJNA517021.h5ad;internal_source_record:not_publicly_portable:workspace/projects/PhyloOpenCell/metadata/ontology_mapping_candidates.tsv;internal_source_record:not_publicly_portable:workspace/projects/PhyloOpenCell/metadata/panel_label_freeze_v1.tsv	f3157e3e8d5e831b0d152465779afa717dfb9a4b5dd552dfa6679752eeb98b04;e4a09d28939b9a165661f86d5a2f4fb0c1d33fea1c7465dcc7cf874f0a8238bc;78a020ef314246281f19dc5eec25dbb28c50c5c376ee9df5a6b5090a0ec7d321	complete standardized dataset-label count; no governed panel mapping	not_in_governed_panel_hierarchy
Arabidopsis thaliana_PRJNA517021|Root cortex|root	Arabidopsis thaliana_PRJNA517021	PRJNA517021	Arabidopsis thaliana		root	cell_type_original	Root cortex	PO:0000258	pilot_major_cell_family	ground_tissue	root	mapped	expert_defined_many_to_one_from_user_approved_exact_PO_labels; passes_base_gates	1161	standardized_h5ad_obs;panel_dataset_label_counts_v1;panel_label_freeze_v1;coarse_label_hierarchy_v1	internal_source_record:not_publicly_portable:data/datasets/Bioinformatics/h5ad/Arabidopsis thaliana_PRJNA517021.h5ad;internal_source_record:not_publicly_portable:workspace/projects/PhyloOpenCell/metadata/panel_dataset_label_counts_v1.tsv.gz;internal_source_record:not_publicly_portable:workspace/projects/PhyloOpenCell/metadata/panel_label_freeze_v1.tsv;internal_source_record:not_publicly_portable:workspace/projects/PhyloOpenCell/metadata/coarse_label_hierarchy_v1.tsv	f3157e3e8d5e831b0d152465779afa717dfb9a4b5dd552dfa6679752eeb98b04;a4bd8efca65e1175053b97dc0836fe8306417dd993d7a864389a5281d37302ea;78a020ef314246281f19dc5eec25dbb28c50c5c376ee9df5a6b5090a0ec7d321;e139f4d944b153210afd8aef98174679bf7caead33207fadc3a2e8c4cb619abb	complete standardized dataset-label count with panel-specific governed mapping	
Arabidopsis thaliana_PRJNA517021|Root endodermis|root	Arabidopsis thaliana_PRJNA517021	PRJNA517021	Arabidopsis thaliana		root	cell_type_original	Root endodermis	PO:0005059	pilot_major_cell_family	ground_tissue	root	mapped	expert_defined_many_to_one_from_user_approved_exact_PO_labels; passes_base_gates	2145	standardized_h5ad_obs;panel_dataset_label_counts_v1;panel_label_freeze_v1;coarse_label_hierarchy_v1	internal_source_record:not_publicly_portable:data/datasets/Bioinformatics/h5ad/Arabidopsis thaliana_PRJNA517021.h5ad;internal_source_record:not_publicly_portable:workspace/projects/PhyloOpenCell/metadata/panel_dataset_label_counts_v1.tsv.gz;internal_source_record:not_publicly_portable:workspace/projects/PhyloOpenCell/metadata/panel_label_freeze_v1.tsv;internal_source_record:not_publicly_portable:workspace/projects/PhyloOpenCell/metadata/coarse_label_hierarchy_v1.tsv	f3157e3e8d5e831b0d152465779afa717dfb9a4b5dd552dfa6679752eeb98b04;a4bd8efca65e1175053b97dc0836fe8306417dd993d7a864389a5281d37302ea;78a020ef314246281f19dc5eec25dbb28c50c5c376ee9df5a6b5090a0ec7d321;e139f4d944b153210afd8aef98174679bf7caead33207fadc3a2e8c4cb619abb	complete standardized dataset-label count with panel-specific governed mapping	
Arabidopsis thaliana_PRJNA517021|Root hair cell|root	Arabidopsis thaliana_PRJNA517021	PRJNA517021	Arabidopsis thaliana		root	cell_type_original	Root hair cell	PO:0000256	pilot_major_cell_family	epidermal_system	root	mapped	expert_defined_many_to_one_from_user_approved_exact_PO_labels; passes_base_gates	1017	standardized_h5ad_obs;panel_dataset_label_counts_v1;panel_label_freeze_v1;coarse_label_hierarchy_v1	internal_source_record:not_publicly_portable:data/datasets/Bioinformatics/h5ad/Arabidopsis thaliana_PRJNA517021.h5ad;internal_source_record:not_publicly_portable:workspace/projects/PhyloOpenCell/metadata/panel_dataset_label_counts_v1.tsv.gz;internal_source_record:not_publicly_portable:workspace/projects/PhyloOpenCell/metadata/panel_label_freeze_v1.tsv;internal_source_record:not_publicly_portable:workspace/projects/PhyloOpenCell/metadata/coarse_label_hierarchy_v1.tsv	f3157e3e8d5e831b0d152465779afa717dfb9a4b5dd552dfa6679752eeb98b04;a4bd8efca65e1175053b97dc0836fe8306417dd993d7a864389a5281d37302ea;78a020ef314246281f19dc5eec25dbb28c50c5c376ee9df5a6b5090a0ec7d321;e139f4d944b153210afd8aef98174679bf7caead33207fadc3a2e8c4cb619abb	complete standardized dataset-label count with panel-specific governed mapping	
Arabidopsis thaliana_PRJNA517021|Root meristem|	Arabidopsis thaliana_PRJNA517021	PRJNA517021	Arabidopsis thaliana			cell_type_original	Root meristem	PO:0006085				unmapped	candidate_auto_exact; exact_name; Plant Ontology exact lexical match; requires curator acceptance	799	standardized_h5ad_obs;ontology_mapping_candidates;panel_label_freeze_v1	internal_source_record:not_publicly_portable:data/datasets/Bioinformatics/h5ad/Arabidopsis thaliana_PRJNA517021.h5ad;internal_source_record:not_publicly_portable:workspace/projects/PhyloOpenCell/metadata/ontology_mapping_candidates.tsv;internal_source_record:not_publicly_portable:workspace/projects/PhyloOpenCell/metadata/panel_label_freeze_v1.tsv	f3157e3e8d5e831b0d152465779afa717dfb9a4b5dd552dfa6679752eeb98b04;e4a09d28939b9a165661f86d5a2f4fb0c1d33fea1c7465dcc7cf874f0a8238bc;78a020ef314246281f19dc5eec25dbb28c50c5c376ee9df5a6b5090a0ec7d321	complete standardized dataset-label count; no governed panel mapping	not_in_governed_panel_hierarchy
Arabidopsis thaliana_PRJNA517021|Root procambium|root	Arabidopsis thaliana_PRJNA517021	PRJNA517021	Arabidopsis thaliana		root	cell_type_original	Root procambium	PO:0006307	pilot_major_cell_family	stele_lineage	root	mapped	expert_defined_many_to_one_from_user_approved_exact_PO_labels; passes_base_gates	528	standardized_h5ad_obs;panel_dataset_label_counts_v1;panel_label_freeze_v1;coarse_label_hierarchy_v1	internal_source_record:not_publicly_portable:data/datasets/Bioinformatics/h5ad/Arabidopsis thaliana_PRJNA517021.h5ad;internal_source_record:not_publicly_portable:workspace/projects/PhyloOpenCell/metadata/panel_dataset_label_counts_v1.tsv.gz;internal_source_record:not_publicly_portable:workspace/projects/PhyloOpenCell/metadata/panel_label_freeze_v1.tsv;internal_source_record:not_publicly_portable:workspace/projects/PhyloOpenCell/metadata/coarse_label_hierarchy_v1.tsv	f3157e3e8d5e831b0d152465779afa717dfb9a4b5dd552dfa6679752eeb98b04;a4bd8efca65e1175053b97dc0836fe8306417dd993d7a864389a5281d37302ea;78a020ef314246281f19dc5eec25dbb28c50c5c376ee9df5a6b5090a0ec7d321;e139f4d944b153210afd8aef98174679bf7caead33207fadc3a2e8c4cb619abb	complete standardized dataset-label count with panel-specific governed mapping	
Arabidopsis thaliana_PRJNA517021|Root procambium|vascular	Arabidopsis thaliana_PRJNA517021	PRJNA517021	Arabidopsis thaliana		vascular	cell_type_original	Root procambium	PO:0006307	pilot_major_cell_family	procambial_lineage	vascular	mapped	expert_defined_many_to_one_from_user_approved_exact_PO_labels; passes_base_gates	528	standardized_h5ad_obs;panel_dataset_label_counts_v1;panel_label_freeze_v1;coarse_label_hierarchy_v1	internal_source_record:not_publicly_portable:data/datasets/Bioinformatics/h5ad/Arabidopsis thaliana_PRJNA517021.h5ad;internal_source_record:not_publicly_portable:workspace/projects/PhyloOpenCell/metadata/panel_dataset_label_counts_v1.tsv.gz;internal_source_record:not_publicly_portable:workspace/projects/PhyloOpenCell/metadata/panel_label_freeze_v1.tsv;internal_source_record:not_publicly_portable:workspace/projects/PhyloOpenCell/metadata/coarse_label_hierarchy_v1.tsv	f3157e3e8d5e831b0d152465779afa717dfb9a4b5dd552dfa6679752eeb98b04;a4bd8efca65e1175053b97dc0836fe8306417dd993d7a864389a5281d37302ea;78a020ef314246281f19dc5eec25dbb28c50c5c376ee9df5a6b5090a0ec7d321;e139f4d944b153210afd8aef98174679bf7caead33207fadc3a2e8c4cb619abb	complete standardized dataset-label count with panel-specific governed mapping	
Arabidopsis thaliana_PRJNA551314|Bundle sheath cell|	Arabidopsis thaliana_PRJNA551314	PRJNA551314	Arabidopsis thaliana			cell_type_original	Bundle sheath cell	PO:0025541				unmapped	candidate_auto_exact; exact_name; Plant Ontology exact lexical match; requires curator acceptance	439	standardized_h5ad_obs;ontology_mapping_candidates;panel_label_freeze_v1	internal_source_record:not_publicly_portable:data/datasets/Bioinformatics/h5ad/Arabidopsis thaliana_PRJNA551314.h5ad;internal_source_record:not_publicly_portable:workspace/projects/PhyloOpenCell/metadata/ontology_mapping_candidates.tsv;internal_source_record:not_publicly_portable:workspace/projects/PhyloOpenCell/metadata/panel_label_freeze_v1.tsv	16f55da4364a85e0c665ee8ccd4c737ad5472ad22acb49ed33cdb3e3482e0c15;e4a09d28939b9a165661f86d5a2f4fb0c1d33fea1c7465dcc7cf874f0a8238bc;78a020ef314246281f19dc5eec25dbb28c50c5c376ee9df5a6b5090a0ec7d321	complete standardized dataset-label count; no governed panel mapping	not_in_governed_panel_hierarchy
Arabidopsis thaliana_PRJNA551314|Companion cell|	Arabidopsis thaliana_PRJNA551314	PRJNA551314	Arabidopsis thaliana			cell_type_original	Companion cell	PO:0000071				unmapped	candidate_auto_exact; exact_name; Plant Ontology exact lexical match; requires curator acceptance	38	standardized_h5ad_obs;ontology_mapping_candidates;panel_label_freeze_v1	internal_source_record:not_publicly_portable:data/datasets/Bioinformatics/h5ad/Arabidopsis thaliana_PRJNA551314.h5ad;internal_source_record:not_publicly_portable:workspace/projects/PhyloOpenCell/metadata/ontology_mapping_candidates.tsv;internal_source_record:not_publicly_portable:workspace/projects/PhyloOpenCell/metadata/panel_label_freeze_v1.tsv	16f55da4364a85e0c665ee8ccd4c737ad5472ad22acb49ed33cdb3e3482e0c15;e4a09d28939b9a165661f86d5a2f4fb0c1d33fea1c7465dcc7cf874f0a8238bc;78a020ef314246281f19dc5eec25dbb28c50c5c376ee9df5a6b5090a0ec7d321	complete standardized dataset-label count; no governed panel mapping	not_in_governed_panel_hierarchy
Arabidopsis thaliana_PRJNA551314|Mesophyll cell|	Arabidopsis thaliana_PRJNA551314	PRJNA551314	Arabidopsis thaliana			cell_type_original	Mesophyll cell	PO:0004006				unmapped	candidate_auto_exact; exact_name; Plant Ontology exact lexical match; requires curator acceptance	73	standardized_h5ad_obs;ontology_mapping_candidates;panel_label_freeze_v1	internal_source_record:not_publicly_portable:data/datasets/Bioinformatics/h5ad/Arabidopsis thaliana_PRJNA551314.h5ad;internal_source_record:not_publicly_portable:workspace/projects/PhyloOpenCell/metadata/ontology_mapping_candidates.tsv;internal_source_record:not_publicly_portable:workspace/projects/PhyloOpenCell/metadata/panel_label_freeze_v1.tsv	16f55da4364a85e0c665ee8ccd4c737ad5472ad22acb49ed33cdb3e3482e0c15;e4a09d28939b9a165661f86d5a2f4fb0c1d33fea1c7465dcc7cf874f0a8238bc;78a020ef314246281f19dc5eec25dbb28c50c5c376ee9df5a6b5090a0ec7d321	complete standardized dataset-label count; no governed panel mapping	not_in_governed_panel_hierarchy
Arabidopsis thaliana_PRJNA551314|Unknown|	Arabidopsis thaliana_PRJNA551314	PRJNA551314	Arabidopsis thaliana			cell_type_original	Unknown					unknown	excluded_unknown	227	standardized_h5ad_obs;ontology_mapping_candidates;panel_label_freeze_v1	internal_source_record:not_publicly_portable:data/datasets/Bioinformatics/h5ad/Arabidopsis thaliana_PRJNA551314.h5ad;internal_source_record:not_publicly_portable:workspace/projects/PhyloOpenCell/metadata/ontology_mapping_candidates.tsv;internal_source_record:not_publicly_portable:workspace/projects/PhyloOpenCell/metadata/panel_label_freeze_v1.tsv	16f55da4364a85e0c665ee8ccd4c737ad5472ad22acb49ed33cdb3e3482e0c15;e4a09d28939b9a165661f86d5a2f4fb0c1d33fea1c7465dcc7cf874f0a8238bc;78a020ef314246281f19dc5eec25dbb28c50c5c376ee9df5a6b5090a0ec7d321	complete standardized dataset-label count; no governed panel mapping	
Arabidopsis thaliana_PRJNA577177|Early-stage meristemoid|	Arabidopsis thaliana_PRJNA577177	PRJNA577177	Arabidopsis thaliana			cell_type_original	Early-stage meristemoid					unmapped	pending_manual_curation; exact_synonym	1902	standardized_h5ad_obs;ontology_mapping_candidates;panel_label_freeze_v1	internal_source_record:not_publicly_portable:data/datasets/Bioinformatics/h5ad/Arabidopsis thaliana_PRJNA577177.h5ad;internal_source_record:not_publicly_portable:workspace/projects/PhyloOpenCell/metadata/ontology_mapping_candidates.tsv;internal_source_record:not_publicly_portable:workspace/projects/PhyloOpenCell/metadata/panel_label_freeze_v1.tsv	bd1e7a0ac84abc8a2f24d4a15311e68f33398da945ef069ecc0a37905c849477;e4a09d28939b9a165661f86d5a2f4fb0c1d33fea1c7465dcc7cf874f0a8238bc;78a020ef314246281f19dc5eec25dbb28c50c5c376ee9df5a6b5090a0ec7d321	complete standardized dataset-label count; no governed panel mapping	not_in_governed_panel_hierarchy
Arabidopsis thaliana_PRJNA577177|Guard mother cell|	Arabidopsis thaliana_PRJNA577177	PRJNA577177	Arabidopsis thaliana			cell_type_original	Guard mother cell	PO:0000351				unmapped	candidate_auto_exact; exact_name; Plant Ontology exact lexical match; requires curator acceptance	277	standardized_h5ad_obs;ontology_mapping_candidates;panel_label_freeze_v1	internal_source_record:not_publicly_portable:data/datasets/Bioinformatics/h5ad/Arabidopsis thaliana_PRJNA577177.h5ad;internal_source_record:not_publicly_portable:workspace/projects/PhyloOpenCell/metadata/ontology_mapping_candidates.tsv;internal_source_record:not_publicly_portable:workspace/projects/PhyloOpenCell/metadata/panel_label_freeze_v1.tsv	bd1e7a0ac84abc8a2f24d4a15311e68f33398da945ef069ecc0a37905c849477;e4a09d28939b9a165661f86d5a2f4fb0c1d33fea1c7465dcc7cf874f0a8238bc;78a020ef314246281f19dc5eec25dbb28c50c5c376ee9df5a6b5090a0ec7d321	complete standardized dataset-label count; no governed panel mapping	not_in_governed_panel_hierarchy
Arabidopsis thaliana_PRJNA577177|Late-stage meristemoid|	Arabidopsis thaliana_PRJNA577177	PRJNA577177	Arabidopsis thaliana			cell_type_original	Late-stage meristemoid					unmapped	pending_manual_curation; exact_synonym	1219	standardized_h5ad_obs;ontology_mapping_candidates;panel_label_freeze_v1	internal_source_record:not_publicly_portable:data/datasets/Bioinformatics/h5ad/Arabidopsis thaliana_PRJNA577177.h5ad;internal_source_record:not_publicly_portable:workspace/projects/PhyloOpenCell/metadata/ontology_mapping_candidates.tsv;internal_source_record:not_publicly_portable:workspace/projects/PhyloOpenCell/metadata/panel_label_freeze_v1.tsv	bd1e7a0ac84abc8a2f24d4a15311e68f33398da945ef069ecc0a37905c849477;e4a09d28939b9a165661f86d5a2f4fb0c1d33fea1c7465dcc7cf874f0a8238bc;78a020ef314246281f19dc5eec25dbb28c50c5c376ee9df5a6b5090a0ec7d321	complete standardized dataset-label count; no governed panel mapping	not_in_governed_panel_hierarchy
Arabidopsis thaliana_PRJNA577177|Leaf guard cell|leaf	Arabidopsis thaliana_PRJNA577177	PRJNA577177	Arabidopsis thaliana		leaf	cell_type_original	Leaf guard cell	PO:0025237	pilot_major_cell_family	epidermal_system	leaf	mapped	expert_defined_many_to_one_from_user_approved_exact_PO_labels; passes_base_gates	1061	standardized_h5ad_obs;panel_dataset_label_counts_v1;panel_label_freeze_v1;coarse_label_hierarchy_v1	internal_source_record:not_publicly_portable:data/datasets/Bioinformatics/h5ad/Arabidopsis thaliana_PRJNA577177.h5ad;internal_source_record:not_publicly_portable:workspace/projects/PhyloOpenCell/metadata/panel_dataset_label_counts_v1.tsv.gz;internal_source_record:not_publicly_portable:workspace/projects/PhyloOpenCell/metadata/panel_label_freeze_v1.tsv;internal_source_record:not_publicly_portable:workspace/projects/PhyloOpenCell/metadata/coarse_label_hierarchy_v1.tsv	bd1e7a0ac84abc8a2f24d4a15311e68f33398da945ef069ecc0a37905c849477;a4bd8efca65e1175053b97dc0836fe8306417dd993d7a864389a5281d37302ea;78a020ef314246281f19dc5eec25dbb28c50c5c376ee9df5a6b5090a0ec7d321;e139f4d944b153210afd8aef98174679bf7caead33207fadc3a2e8c4cb619abb	complete standardized dataset-label count with panel-specific governed mapping	
Arabidopsis thaliana_PRJNA577177|Leaf pavement cell|leaf	Arabidopsis thaliana_PRJNA577177	PRJNA577177	Arabidopsis thaliana		leaf	cell_type_original	Leaf pavement cell	PO:0025212	pilot_major_cell_family	epidermal_system	leaf	mapped	expert_defined_many_to_one_from_user_approved_exact_PO_labels; passes_base_gates	2015	standardized_h5ad_obs;panel_dataset_label_counts_v1;panel_label_freeze_v1;coarse_label_hierarchy_v1	internal_source_record:not_publicly_portable:data/datasets/Bioinformatics/h5ad/Arabidopsis thaliana_PRJNA577177.h5ad;internal_source_record:not_publicly_portable:workspace/projects/PhyloOpenCell/metadata/panel_dataset_label_counts_v1.tsv.gz;internal_source_record:not_publicly_portable:workspace/projects/PhyloOpenCell/metadata/panel_label_freeze_v1.tsv;internal_source_record:not_publicly_portable:workspace/projects/PhyloOpenCell/metadata/coarse_label_hierarchy_v1.tsv	bd1e7a0ac84abc8a2f24d4a15311e68f33398da945ef069ecc0a37905c849477;a4bd8efca65e1175053b97dc0836fe8306417dd993d7a864389a5281d37302ea;78a020ef314246281f19dc5eec25dbb28c50c5c376ee9df5a6b5090a0ec7d321;e139f4d944b153210afd8aef98174679bf7caead33207fadc3a2e8c4cb619abb	complete standardized dataset-label count with panel-specific governed mapping	
Arabidopsis thaliana_PRJNA577177|Mesophyll cell|leaf	Arabidopsis thaliana_PRJNA577177	PRJNA577177	Arabidopsis thaliana		leaf	cell_type_original	Mesophyll cell	PO:0004006	pilot_major_cell_family	photosynthetic_ground_tissue	leaf	mapped	expert_defined_many_to_one_from_user_approved_exact_PO_labels; passes_base_gates	2726	standardized_h5ad_obs;panel_dataset_label_counts_v1;panel_label_freeze_v1;coarse_label_hierarchy_v1	internal_source_record:not_publicly_portable:data/datasets/Bioinformatics/h5ad/Arabidopsis thaliana_PRJNA577177.h5ad;internal_source_record:not_publicly_portable:workspace/projects/PhyloOpenCell/metadata/panel_dataset_label_counts_v1.tsv.gz;internal_source_record:not_publicly_portable:workspace/projects/PhyloOpenCell/metadata/panel_label_freeze_v1.tsv;internal_source_record:not_publicly_portable:workspace/projects/PhyloOpenCell/metadata/coarse_label_hierarchy_v1.tsv	bd1e7a0ac84abc8a2f24d4a15311e68f33398da945ef069ecc0a37905c849477;a4bd8efca65e1175053b97dc0836fe8306417dd993d7a864389a5281d37302ea;78a020ef314246281f19dc5eec25dbb28c50c5c376ee9df5a6b5090a0ec7d321;e139f4d944b153210afd8aef98174679bf7caead33207fadc3a2e8c4cb619abb	complete standardized dataset-label count with panel-specific governed mapping	
Arabidopsis thaliana_PRJNA577177|Stomatal initial cell|	Arabidopsis thaliana_PRJNA577177	PRJNA577177	Arabidopsis thaliana			cell_type_original	Stomatal initial cell	PO:0000062				unmapped	candidate_auto_exact; exact_name; Plant Ontology exact lexical match; requires curator acceptance	703	standardized_h5ad_obs;ontology_mapping_candidates;panel_label_freeze_v1	internal_source_record:not_publicly_portable:data/datasets/Bioinformatics/h5ad/Arabidopsis thaliana_PRJNA577177.h5ad;internal_source_record:not_publicly_portable:workspace/projects/PhyloOpenCell/metadata/ontology_mapping_candidates.tsv;internal_source_record:not_publicly_portable:workspace/projects/PhyloOpenCell/metadata/panel_label_freeze_v1.tsv	bd1e7a0ac84abc8a2f24d4a15311e68f33398da945ef069ecc0a37905c849477;e4a09d28939b9a165661f86d5a2f4fb0c1d33fea1c7465dcc7cf874f0a8238bc;78a020ef314246281f19dc5eec25dbb28c50c5c376ee9df5a6b5090a0ec7d321	complete standardized dataset-label count; no governed panel mapping	not_in_governed_panel_hierarchy
Arabidopsis thaliana_PRJNA577177|Unknown|	Arabidopsis thaliana_PRJNA577177	PRJNA577177	Arabidopsis thaliana			cell_type_original	Unknown					unknown	excluded_unknown	1815	standardized_h5ad_obs;ontology_mapping_candidates;panel_label_freeze_v1	internal_source_record:not_publicly_portable:data/datasets/Bioinformatics/h5ad/Arabidopsis thaliana_PRJNA577177.h5ad;internal_source_record:not_publicly_portable:workspace/projects/PhyloOpenCell/metadata/ontology_mapping_candidates.tsv;internal_source_record:not_publicly_portable:workspace/projects/PhyloOpenCell/metadata/panel_label_freeze_v1.tsv	bd1e7a0ac84abc8a2f24d4a15311e68f33398da945ef069ecc0a37905c849477;e4a09d28939b9a165661f86d5a2f4fb0c1d33fea1c7465dcc7cf874f0a8238bc;78a020ef314246281f19dc5eec25dbb28c50c5c376ee9df5a6b5090a0ec7d321	complete standardized dataset-label count; no governed panel mapping	
Arabidopsis thaliana_PRJNA577177|Young guard cell|	Arabidopsis thaliana_PRJNA577177	PRJNA577177	Arabidopsis thaliana			cell_type_original	Young guard cell					unmapped	pending_manual_curation; exact_synonym	774	standardized_h5ad_obs;ontology_mapping_candidates;panel_label_freeze_v1	internal_source_record:not_publicly_portable:data/datasets/Bioinformatics/h5ad/Arabidopsis thaliana_PRJNA577177.h5ad;internal_source_record:not_publicly_portable:workspace/projects/PhyloOpenCell/metadata/ontology_mapping_candidates.tsv;internal_source_record:not_publicly_portable:workspace/projects/PhyloOpenCell/metadata/panel_label_freeze_v1.tsv	bd1e7a0ac84abc8a2f24d4a15311e68f33398da945ef069ecc0a37905c849477;e4a09d28939b9a165661f86d5a2f4fb0c1d33fea1c7465dcc7cf874f0a8238bc;78a020ef314246281f19dc5eec25dbb28c50c5c376ee9df5a6b5090a0ec7d321	complete standardized dataset-label count; no governed panel mapping	not_in_governed_panel_hierarchy
Arabidopsis thaliana_PRJNA594539|Columella root cap cell|root	Arabidopsis thaliana_PRJNA594539	PRJNA594539	Arabidopsis thaliana		root	cell_type_original	Columella root cap cell	PO:0020132	pilot_major_cell_family	root_cap	root	mapped	expert_defined_many_to_one_from_user_approved_exact_PO_labels; passes_base_gates	1513	standardized_h5ad_obs;panel_dataset_label_counts_v1;panel_label_freeze_v1;coarse_label_hierarchy_v1	internal_source_record:not_publicly_portable:data/datasets/Bioinformatics/h5ad/Arabidopsis thaliana_PRJNA594539.h5ad;internal_source_record:not_publicly_portable:workspace/projects/PhyloOpenCell/metadata/panel_dataset_label_counts_v1.tsv.gz;internal_source_record:not_publicly_portable:workspace/projects/PhyloOpenCell/metadata/panel_label_freeze_v1.tsv;internal_source_record:not_publicly_portable:workspace/projects/PhyloOpenCell/metadata/coarse_label_hierarchy_v1.tsv	7ffeb5ce96d7f067af07f3dd2339ca5ffccf6457c643d56ae20cc7be170afe2e;a4bd8efca65e1175053b97dc0836fe8306417dd993d7a864389a5281d37302ea;78a020ef314246281f19dc5eec25dbb28c50c5c376ee9df5a6b5090a0ec7d321;e139f4d944b153210afd8aef98174679bf7caead33207fadc3a2e8c4cb619abb	complete standardized dataset-label count with panel-specific governed mapping	
Arabidopsis thaliana_PRJNA594539|Dividing cell|	Arabidopsis thaliana_PRJNA594539	PRJNA594539	Arabidopsis thaliana			cell_type_original	Dividing cell					unmapped	pending_manual_curation; exact_synonym	318	standardized_h5ad_obs;ontology_mapping_candidates;panel_label_freeze_v1	internal_source_record:not_publicly_portable:data/datasets/Bioinformatics/h5ad/Arabidopsis thaliana_PRJNA594539.h5ad;internal_source_record:not_publicly_portable:workspace/projects/PhyloOpenCell/metadata/ontology_mapping_candidates.tsv;internal_source_record:not_publicly_portable:workspace/projects/PhyloOpenCell/metadata/panel_label_freeze_v1.tsv	7ffeb5ce96d7f067af07f3dd2339ca5ffccf6457c643d56ae20cc7be170afe2e;e4a09d28939b9a165661f86d5a2f4fb0c1d33fea1c7465dcc7cf874f0a8238bc;78a020ef314246281f19dc5eec25dbb28c50c5c376ee9df5a6b5090a0ec7d321	complete standardized dataset-label count; no governed panel mapping	not_in_governed_panel_hierarchy
Arabidopsis thaliana_PRJNA594539|Lateral root cap|	Arabidopsis thaliana_PRJNA594539	PRJNA594539	Arabidopsis thaliana			cell_type_original	Lateral root cap	PO:0020131				unmapped	candidate_auto_exact; exact_name; Plant Ontology exact lexical match; requires curator acceptance	1590	standardized_h5ad_obs;ontology_mapping_candidates;panel_label_freeze_v1	internal_source_record:not_publicly_portable:data/datasets/Bioinformatics/h5ad/Arabidopsis thaliana_PRJNA594539.h5ad;internal_source_record:not_publicly_portable:workspace/projects/PhyloOpenCell/metadata/ontology_mapping_candidates.tsv;internal_source_record:not_publicly_portable:workspace/projects/PhyloOpenCell/metadata/panel_label_freeze_v1.tsv	7ffeb5ce96d7f067af07f3dd2339ca5ffccf6457c643d56ae20cc7be170afe2e;e4a09d28939b9a165661f86d5a2f4fb0c1d33fea1c7465dcc7cf874f0a8238bc;78a020ef314246281f19dc5eec25dbb28c50c5c376ee9df5a6b5090a0ec7d321	complete standardized dataset-label count; no governed panel mapping	not_in_governed_panel_hierarchy
Arabidopsis thaliana_PRJNA594539|Non-hair root epidermal cell|root	Arabidopsis thaliana_PRJNA594539	PRJNA594539	Arabidopsis thaliana		root	cell_type_original	Non-hair root epidermal cell	PO:0000263	pilot_major_cell_family	epidermal_system	root	mapped	expert_defined_many_to_one_from_user_approved_exact_PO_labels; passes_base_gates	935	standardized_h5ad_obs;panel_dataset_label_counts_v1;panel_label_freeze_v1;coarse_label_hierarchy_v1	internal_source_record:not_publicly_portable:data/datasets/Bioinformatics/h5ad/Arabidopsis thaliana_PRJNA594539.h5ad;internal_source_record:not_publicly_portable:workspace/projects/PhyloOpenCell/metadata/panel_dataset_label_counts_v1.tsv.gz;internal_source_record:not_publicly_portable:workspace/projects/PhyloOpenCell/metadata/panel_label_freeze_v1.tsv;internal_source_record:not_publicly_portable:workspace/projects/PhyloOpenCell/metadata/coarse_label_hierarchy_v1.tsv	7ffeb5ce96d7f067af07f3dd2339ca5ffccf6457c643d56ae20cc7be170afe2e;a4bd8efca65e1175053b97dc0836fe8306417dd993d7a864389a5281d37302ea;78a020ef314246281f19dc5eec25dbb28c50c5c376ee9df5a6b5090a0ec7d321;e139f4d944b153210afd8aef98174679bf7caead33207fadc3a2e8c4cb619abb	complete standardized dataset-label count with panel-specific governed mapping	
Arabidopsis thaliana_PRJNA594539|Pericycle cell|root	Arabidopsis thaliana_PRJNA594539	PRJNA594539	Arabidopsis thaliana		root	cell_type_original	Pericycle cell	PO:0025261	pilot_major_cell_family	stele_lineage	root	mapped	expert_defined_many_to_one_from_user_approved_exact_PO_labels; passes_base_gates	1539	standardized_h5ad_obs;panel_dataset_label_counts_v1;panel_label_freeze_v1;coarse_label_hierarchy_v1	internal_source_record:not_publicly_portable:data/datasets/Bioinformatics/h5ad/Arabidopsis thaliana_PRJNA594539.h5ad;internal_source_record:not_publicly_portable:workspace/projects/PhyloOpenCell/metadata/panel_dataset_label_counts_v1.tsv.gz;internal_source_record:not_publicly_portable:workspace/projects/PhyloOpenCell/metadata/panel_label_freeze_v1.tsv;internal_source_record:not_publicly_portable:workspace/projects/PhyloOpenCell/metadata/coarse_label_hierarchy_v1.tsv	7ffeb5ce96d7f067af07f3dd2339ca5ffccf6457c643d56ae20cc7be170afe2e;a4bd8efca65e1175053b97dc0836fe8306417dd993d7a864389a5281d37302ea;78a020ef314246281f19dc5eec25dbb28c50c5c376ee9df5a6b5090a0ec7d321;e139f4d944b153210afd8aef98174679bf7caead33207fadc3a2e8c4cb619abb	complete standardized dataset-label count with panel-specific governed mapping	
Arabidopsis thaliana_PRJNA594539|Phloem|vascular	Arabidopsis thaliana_PRJNA594539	PRJNA594539	Arabidopsis thaliana		vascular	cell_type_original	Phloem	PO:0005417	pilot_major_cell_family	phloem_lineage	vascular	mapped	expert_defined_many_to_one_from_user_approved_exact_PO_labels; passes_base_gates	582	standardized_h5ad_obs;panel_dataset_label_counts_v1;panel_label_freeze_v1;coarse_label_hierarchy_v1	internal_source_record:not_publicly_portable:data/datasets/Bioinformatics/h5ad/Arabidopsis thaliana_PRJNA594539.h5ad;internal_source_record:not_publicly_portable:workspace/projects/PhyloOpenCell/metadata/panel_dataset_label_counts_v1.tsv.gz;internal_source_record:not_publicly_portable:workspace/projects/PhyloOpenCell/metadata/panel_label_freeze_v1.tsv;internal_source_record:not_publicly_portable:workspace/projects/PhyloOpenCell/metadata/coarse_label_hierarchy_v1.tsv	7ffeb5ce96d7f067af07f3dd2339ca5ffccf6457c643d56ae20cc7be170afe2e;a4bd8efca65e1175053b97dc0836fe8306417dd993d7a864389a5281d37302ea;78a020ef314246281f19dc5eec25dbb28c50c5c376ee9df5a6b5090a0ec7d321;e139f4d944b153210afd8aef98174679bf7caead33207fadc3a2e8c4cb619abb	complete standardized dataset-label count with panel-specific governed mapping	
Arabidopsis thaliana_PRJNA594539|Phloem pole pericycle cell|	Arabidopsis thaliana_PRJNA594539	PRJNA594539	Arabidopsis thaliana			cell_type_original	Phloem pole pericycle cell	PO:0000065				unmapped	candidate_auto_exact; exact_name; Plant Ontology exact lexical match; requires curator acceptance	936	standardized_h5ad_obs;ontology_mapping_candidates;panel_label_freeze_v1	internal_source_record:not_publicly_portable:data/datasets/Bioinformatics/h5ad/Arabidopsis thaliana_PRJNA594539.h5ad;internal_source_record:not_publicly_portable:workspace/projects/PhyloOpenCell/metadata/ontology_mapping_candidates.tsv;internal_source_record:not_publicly_portable:workspace/projects/PhyloOpenCell/metadata/panel_label_freeze_v1.tsv	7ffeb5ce96d7f067af07f3dd2339ca5ffccf6457c643d56ae20cc7be170afe2e;e4a09d28939b9a165661f86d5a2f4fb0c1d33fea1c7465dcc7cf874f0a8238bc;78a020ef314246281f19dc5eec25dbb28c50c5c376ee9df5a6b5090a0ec7d321	complete standardized dataset-label count; no governed panel mapping	not_in_governed_panel_hierarchy
Arabidopsis thaliana_PRJNA594539|Primary xylem|	Arabidopsis thaliana_PRJNA594539	PRJNA594539	Arabidopsis thaliana			cell_type_original	Primary xylem	PO:0005849				unmapped	candidate_auto_exact; exact_name; Plant Ontology exact lexical match; requires curator acceptance	531	standardized_h5ad_obs;ontology_mapping_candidates;panel_label_freeze_v1	internal_source_record:not_publicly_portable:data/datasets/Bioinformatics/h5ad/Arabidopsis thaliana_PRJNA594539.h5ad;internal_source_record:not_publicly_portable:workspace/projects/PhyloOpenCell/metadata/ontology_mapping_candidates.tsv;internal_source_record:not_publicly_portable:workspace/projects/PhyloOpenCell/metadata/panel_label_freeze_v1.tsv	7ffeb5ce96d7f067af07f3dd2339ca5ffccf6457c643d56ae20cc7be170afe2e;e4a09d28939b9a165661f86d5a2f4fb0c1d33fea1c7465dcc7cf874f0a8238bc;78a020ef314246281f19dc5eec25dbb28c50c5c376ee9df5a6b5090a0ec7d321	complete standardized dataset-label count; no governed panel mapping	not_in_governed_panel_hierarchy
Arabidopsis thaliana_PRJNA594539|Protophloem|	Arabidopsis thaliana_PRJNA594539	PRJNA594539	Arabidopsis thaliana			cell_type_original	Protophloem	PO:0006077				unmapped	candidate_auto_exact; exact_name; Plant Ontology exact lexical match; requires curator acceptance	237	standardized_h5ad_obs;ontology_mapping_candidates;panel_label_freeze_v1	internal_source_record:not_publicly_portable:data/datasets/Bioinformatics/h5ad/Arabidopsis thaliana_PRJNA594539.h5ad;internal_source_record:not_publicly_portable:workspace/projects/PhyloOpenCell/metadata/ontology_mapping_candidates.tsv;internal_source_record:not_publicly_portable:workspace/projects/PhyloOpenCell/metadata/panel_label_freeze_v1.tsv	7ffeb5ce96d7f067af07f3dd2339ca5ffccf6457c643d56ae20cc7be170afe2e;e4a09d28939b9a165661f86d5a2f4fb0c1d33fea1c7465dcc7cf874f0a8238bc;78a020ef314246281f19dc5eec25dbb28c50c5c376ee9df5a6b5090a0ec7d321	complete standardized dataset-label count; no governed panel mapping	not_in_governed_panel_hierarchy
Arabidopsis thaliana_PRJNA594539|Root cortex|root	Arabidopsis thaliana_PRJNA594539	PRJNA594539	Arabidopsis thaliana		root	cell_type_original	Root cortex	PO:0000258	pilot_major_cell_family	ground_tissue	root	mapped	expert_defined_many_to_one_from_user_approved_exact_PO_labels; passes_base_gates	1356	standardized_h5ad_obs;panel_dataset_label_counts_v1;panel_label_freeze_v1;coarse_label_hierarchy_v1	internal_source_record:not_publicly_portable:data/datasets/Bioinformatics/h5ad/Arabidopsis thaliana_PRJNA594539.h5ad;internal_source_record:not_publicly_portable:workspace/projects/PhyloOpenCell/metadata/panel_dataset_label_counts_v1.tsv.gz;internal_source_record:not_publicly_portable:workspace/projects/PhyloOpenCell/metadata/panel_label_freeze_v1.tsv;internal_source_record:not_publicly_portable:workspace/projects/PhyloOpenCell/metadata/coarse_label_hierarchy_v1.tsv	7ffeb5ce96d7f067af07f3dd2339ca5ffccf6457c643d56ae20cc7be170afe2e;a4bd8efca65e1175053b97dc0836fe8306417dd993d7a864389a5281d37302ea;78a020ef314246281f19dc5eec25dbb28c50c5c376ee9df5a6b5090a0ec7d321;e139f4d944b153210afd8aef98174679bf7caead33207fadc3a2e8c4cb619abb	complete standardized dataset-label count with panel-specific governed mapping	
Arabidopsis thaliana_PRJNA594539|Root endodermis|root	Arabidopsis thaliana_PRJNA594539	PRJNA594539	Arabidopsis thaliana		root	cell_type_original	Root endodermis	PO:0005059	pilot_major_cell_family	ground_tissue	root	mapped	expert_defined_many_to_one_from_user_approved_exact_PO_labels; passes_base_gates	1038	standardized_h5ad_obs;panel_dataset_label_counts_v1;panel_label_freeze_v1;coarse_label_hierarchy_v1	internal_source_record:not_publicly_portable:data/datasets/Bioinformatics/h5ad/Arabidopsis thaliana_PRJNA594539.h5ad;internal_source_record:not_publicly_portable:workspace/projects/PhyloOpenCell/metadata/panel_dataset_label_counts_v1.tsv.gz;internal_source_record:not_publicly_portable:workspace/projects/PhyloOpenCell/metadata/panel_label_freeze_v1.tsv;internal_source_record:not_publicly_portable:workspace/projects/PhyloOpenCell/metadata/coarse_label_hierarchy_v1.tsv	7ffeb5ce96d7f067af07f3dd2339ca5ffccf6457c643d56ae20cc7be170afe2e;a4bd8efca65e1175053b97dc0836fe8306417dd993d7a864389a5281d37302ea;78a020ef314246281f19dc5eec25dbb28c50c5c376ee9df5a6b5090a0ec7d321;e139f4d944b153210afd8aef98174679bf7caead33207fadc3a2e8c4cb619abb	complete standardized dataset-label count with panel-specific governed mapping	
Arabidopsis thaliana_PRJNA594539|Root hair cell|root	Arabidopsis thaliana_PRJNA594539	PRJNA594539	Arabidopsis thaliana		root	cell_type_original	Root hair cell	PO:0000256	pilot_major_cell_family	epidermal_system	root	mapped	expert_defined_many_to_one_from_user_approved_exact_PO_labels; passes_base_gates	1225	standardized_h5ad_obs;panel_dataset_label_counts_v1;panel_label_freeze_v1;coarse_label_hierarchy_v1	internal_source_record:not_publicly_portable:data/datasets/Bioinformatics/h5ad/Arabidopsis thaliana_PRJNA594539.h5ad;internal_source_record:not_publicly_portable:workspace/projects/PhyloOpenCell/metadata/panel_dataset_label_counts_v1.tsv.gz;internal_source_record:not_publicly_portable:workspace/projects/PhyloOpenCell/metadata/panel_label_freeze_v1.tsv;internal_source_record:not_publicly_portable:workspace/projects/PhyloOpenCell/metadata/coarse_label_hierarchy_v1.tsv	7ffeb5ce96d7f067af07f3dd2339ca5ffccf6457c643d56ae20cc7be170afe2e;a4bd8efca65e1175053b97dc0836fe8306417dd993d7a864389a5281d37302ea;78a020ef314246281f19dc5eec25dbb28c50c5c376ee9df5a6b5090a0ec7d321;e139f4d944b153210afd8aef98174679bf7caead33207fadc3a2e8c4cb619abb	complete standardized dataset-label count with panel-specific governed mapping	
Arabidopsis thaliana_PRJNA594539|Root initial cell|	Arabidopsis thaliana_PRJNA594539	PRJNA594539	Arabidopsis thaliana			cell_type_original	Root initial cell	PO:0000059				unmapped	candidate_auto_exact; exact_name; Plant Ontology exact lexical match; requires curator acceptance	935	standardized_h5ad_obs;ontology_mapping_candidates;panel_label_freeze_v1	internal_source_record:not_publicly_portable:data/datasets/Bioinformatics/h5ad/Arabidopsis thaliana_PRJNA594539.h5ad;internal_source_record:not_publicly_portable:workspace/projects/PhyloOpenCell/metadata/ontology_mapping_candidates.tsv;internal_source_record:not_publicly_portable:workspace/projects/PhyloOpenCell/metadata/panel_label_freeze_v1.tsv	7ffeb5ce96d7f067af07f3dd2339ca5ffccf6457c643d56ae20cc7be170afe2e;e4a09d28939b9a165661f86d5a2f4fb0c1d33fea1c7465dcc7cf874f0a8238bc;78a020ef314246281f19dc5eec25dbb28c50c5c376ee9df5a6b5090a0ec7d321	complete standardized dataset-label count; no governed panel mapping	not_in_governed_panel_hierarchy
Arabidopsis thaliana_PRJNA594539|Root meristem|	Arabidopsis thaliana_PRJNA594539	PRJNA594539	Arabidopsis thaliana			cell_type_original	Root meristem	PO:0006085				unmapped	candidate_auto_exact; exact_name; Plant Ontology exact lexical match; requires curator acceptance	1292	standardized_h5ad_obs;ontology_mapping_candidates;panel_label_freeze_v1	internal_source_record:not_publicly_portable:data/datasets/Bioinformatics/h5ad/Arabidopsis thaliana_PRJNA594539.h5ad;internal_source_record:not_publicly_portable:workspace/projects/PhyloOpenCell/metadata/ontology_mapping_candidates.tsv;internal_source_record:not_publicly_portable:workspace/projects/PhyloOpenCell/metadata/panel_label_freeze_v1.tsv	7ffeb5ce96d7f067af07f3dd2339ca5ffccf6457c643d56ae20cc7be170afe2e;e4a09d28939b9a165661f86d5a2f4fb0c1d33fea1c7465dcc7cf874f0a8238bc;78a020ef314246281f19dc5eec25dbb28c50c5c376ee9df5a6b5090a0ec7d321	complete standardized dataset-label count; no governed panel mapping	not_in_governed_panel_hierarchy
Arabidopsis thaliana_PRJNA594539|Root procambium|root	Arabidopsis thaliana_PRJNA594539	PRJNA594539	Arabidopsis thaliana		root	cell_type_original	Root procambium	PO:0006307	pilot_major_cell_family	stele_lineage	root	mapped	expert_defined_many_to_one_from_user_approved_exact_PO_labels; passes_base_gates	1193	standardized_h5ad_obs;panel_dataset_label_counts_v1;panel_label_freeze_v1;coarse_label_hierarchy_v1	internal_source_record:not_publicly_portable:data/datasets/Bioinformatics/h5ad/Arabidopsis thaliana_PRJNA594539.h5ad;internal_source_record:not_publicly_portable:workspace/projects/PhyloOpenCell/metadata/panel_dataset_label_counts_v1.tsv.gz;internal_source_record:not_publicly_portable:workspace/projects/PhyloOpenCell/metadata/panel_label_freeze_v1.tsv;internal_source_record:not_publicly_portable:workspace/projects/PhyloOpenCell/metadata/coarse_label_hierarchy_v1.tsv	7ffeb5ce96d7f067af07f3dd2339ca5ffccf6457c643d56ae20cc7be170afe2e;a4bd8efca65e1175053b97dc0836fe8306417dd993d7a864389a5281d37302ea;78a020ef314246281f19dc5eec25dbb28c50c5c376ee9df5a6b5090a0ec7d321;e139f4d944b153210afd8aef98174679bf7caead33207fadc3a2e8c4cb619abb	complete standardized dataset-label count with panel-specific governed mapping	
Arabidopsis thaliana_PRJNA594539|Root procambium|vascular	Arabidopsis thaliana_PRJNA594539	PRJNA594539	Arabidopsis thaliana		vascular	cell_type_original	Root procambium	PO:0006307	pilot_major_cell_family	procambial_lineage	vascular	mapped	expert_defined_many_to_one_from_user_approved_exact_PO_labels; passes_base_gates	1193	standardized_h5ad_obs;panel_dataset_label_counts_v1;panel_label_freeze_v1;coarse_label_hierarchy_v1	internal_source_record:not_publicly_portable:data/datasets/Bioinformatics/h5ad/Arabidopsis thaliana_PRJNA594539.h5ad;internal_source_record:not_publicly_portable:workspace/projects/PhyloOpenCell/metadata/panel_dataset_label_counts_v1.tsv.gz;internal_source_record:not_publicly_portable:workspace/projects/PhyloOpenCell/metadata/panel_label_freeze_v1.tsv;internal_source_record:not_publicly_portable:workspace/projects/PhyloOpenCell/metadata/coarse_label_hierarchy_v1.tsv	7ffeb5ce96d7f067af07f3dd2339ca5ffccf6457c643d56ae20cc7be170afe2e;a4bd8efca65e1175053b97dc0836fe8306417dd993d7a864389a5281d37302ea;78a020ef314246281f19dc5eec25dbb28c50c5c376ee9df5a6b5090a0ec7d321;e139f4d944b153210afd8aef98174679bf7caead33207fadc3a2e8c4cb619abb	complete standardized dataset-label count with panel-specific governed mapping	
Arabidopsis thaliana_PRJNA594539|Xylem pole pericycle cell|	Arabidopsis thaliana_PRJNA594539	PRJNA594539	Arabidopsis thaliana			cell_type_original	Xylem pole pericycle cell	PO:0000064				unmapped	candidate_auto_exact; exact_name; Plant Ontology exact lexical match; requires curator acceptance	710	standardized_h5ad_obs;ontology_mapping_candidates;panel_label_freeze_v1	internal_source_record:not_publicly_portable:data/datasets/Bioinformatics/h5ad/Arabidopsis thaliana_PRJNA594539.h5ad;internal_source_record:not_publicly_portable:workspace/projects/PhyloOpenCell/metadata/ontology_mapping_candidates.tsv;internal_source_record:not_publicly_portable:workspace/projects/PhyloOpenCell/metadata/panel_label_freeze_v1.tsv	7ffeb5ce96d7f067af07f3dd2339ca5ffccf6457c643d56ae20cc7be170afe2e;e4a09d28939b9a165661f86d5a2f4fb0c1d33fea1c7465dcc7cf874f0a8238bc;78a020ef314246281f19dc5eec25dbb28c50c5c376ee9df5a6b5090a0ec7d321	complete standardized dataset-label count; no governed panel mapping	not_in_governed_panel_hierarchy
Arabidopsis thaliana_PRJNA605594|Bundle sheath cell|	Arabidopsis thaliana_PRJNA605594	PRJNA605594	Arabidopsis thaliana			cell_type_original	Bundle sheath cell	PO:0025541				unmapped	candidate_auto_exact; exact_name; Plant Ontology exact lexical match; requires curator acceptance	2985	standardized_h5ad_obs;ontology_mapping_candidates;panel_label_freeze_v1	internal_source_record:not_publicly_portable:data/datasets/Bioinformatics/h5ad/Arabidopsis thaliana_PRJNA605594.h5ad;internal_source_record:not_publicly_portable:workspace/projects/PhyloOpenCell/metadata/ontology_mapping_candidates.tsv;internal_source_record:not_publicly_portable:workspace/projects/PhyloOpenCell/metadata/panel_label_freeze_v1.tsv	7886cc894700ce70b4b6177445aca02d1854266a9c83e982cd69ecbdc9f3531d;e4a09d28939b9a165661f86d5a2f4fb0c1d33fea1c7465dcc7cf874f0a8238bc;78a020ef314246281f19dc5eec25dbb28c50c5c376ee9df5a6b5090a0ec7d321	complete standardized dataset-label count; no governed panel mapping	not_in_governed_panel_hierarchy
Arabidopsis thaliana_PRJNA605594|Companion cell|	Arabidopsis thaliana_PRJNA605594	PRJNA605594	Arabidopsis thaliana			cell_type_original	Companion cell	PO:0000071				unmapped	candidate_auto_exact; exact_name; Plant Ontology exact lexical match; requires curator acceptance	713	standardized_h5ad_obs;ontology_mapping_candidates;panel_label_freeze_v1	internal_source_record:not_publicly_portable:data/datasets/Bioinformatics/h5ad/Arabidopsis thaliana_PRJNA605594.h5ad;internal_source_record:not_publicly_portable:workspace/projects/PhyloOpenCell/metadata/ontology_mapping_candidates.tsv;internal_source_record:not_publicly_portable:workspace/projects/PhyloOpenCell/metadata/panel_label_freeze_v1.tsv	7886cc894700ce70b4b6177445aca02d1854266a9c83e982cd69ecbdc9f3531d;e4a09d28939b9a165661f86d5a2f4fb0c1d33fea1c7465dcc7cf874f0a8238bc;78a020ef314246281f19dc5eec25dbb28c50c5c376ee9df5a6b5090a0ec7d321	complete standardized dataset-label count; no governed panel mapping	not_in_governed_panel_hierarchy
Arabidopsis thaliana_PRJNA605594|Leaf guard cell|	Arabidopsis thaliana_PRJNA605594	PRJNA605594	Arabidopsis thaliana			cell_type_original	Leaf guard cell	PO:0025237				unmapped	candidate_auto_exact; exact_name; Plant Ontology exact lexical match; requires curator acceptance	684	standardized_h5ad_obs;ontology_mapping_candidates;panel_label_freeze_v1	internal_source_record:not_publicly_portable:data/datasets/Bioinformatics/h5ad/Arabidopsis thaliana_PRJNA605594.h5ad;internal_source_record:not_publicly_portable:workspace/projects/PhyloOpenCell/metadata/ontology_mapping_candidates.tsv;internal_source_record:not_publicly_portable:workspace/projects/PhyloOpenCell/metadata/panel_label_freeze_v1.tsv	7886cc894700ce70b4b6177445aca02d1854266a9c83e982cd69ecbdc9f3531d;e4a09d28939b9a165661f86d5a2f4fb0c1d33fea1c7465dcc7cf874f0a8238bc;78a020ef314246281f19dc5eec25dbb28c50c5c376ee9df5a6b5090a0ec7d321	complete standardized dataset-label count; no governed panel mapping	not_in_governed_panel_hierarchy
Arabidopsis thaliana_PRJNA605594|Leaf lamina epidermis|	Arabidopsis thaliana_PRJNA605594	PRJNA605594	Arabidopsis thaliana			cell_type_original	Leaf lamina epidermis	PO:0000047				unmapped	candidate_auto_exact; exact_name; Plant Ontology exact lexical match; requires curator acceptance	3603	standardized_h5ad_obs;ontology_mapping_candidates;panel_label_freeze_v1	internal_source_record:not_publicly_portable:data/datasets/Bioinformatics/h5ad/Arabidopsis thaliana_PRJNA605594.h5ad;internal_source_record:not_publicly_portable:workspace/projects/PhyloOpenCell/metadata/ontology_mapping_candidates.tsv;internal_source_record:not_publicly_portable:workspace/projects/PhyloOpenCell/metadata/panel_label_freeze_v1.tsv	7886cc894700ce70b4b6177445aca02d1854266a9c83e982cd69ecbdc9f3531d;e4a09d28939b9a165661f86d5a2f4fb0c1d33fea1c7465dcc7cf874f0a8238bc;78a020ef314246281f19dc5eec25dbb28c50c5c376ee9df5a6b5090a0ec7d321	complete standardized dataset-label count; no governed panel mapping	not_in_governed_panel_hierarchy
Arabidopsis thaliana_PRJNA605594|Leaf preprocambium|	Arabidopsis thaliana_PRJNA605594	PRJNA605594	Arabidopsis thaliana			cell_type_original	Leaf preprocambium					unmapped	pending_manual_curation; exact_synonym	1510	standardized_h5ad_obs;ontology_mapping_candidates;panel_label_freeze_v1	internal_source_record:not_publicly_portable:data/datasets/Bioinformatics/h5ad/Arabidopsis thaliana_PRJNA605594.h5ad;internal_source_record:not_publicly_portable:workspace/projects/PhyloOpenCell/metadata/ontology_mapping_candidates.tsv;internal_source_record:not_publicly_portable:workspace/projects/PhyloOpenCell/metadata/panel_label_freeze_v1.tsv	7886cc894700ce70b4b6177445aca02d1854266a9c83e982cd69ecbdc9f3531d;e4a09d28939b9a165661f86d5a2f4fb0c1d33fea1c7465dcc7cf874f0a8238bc;78a020ef314246281f19dc5eec25dbb28c50c5c376ee9df5a6b5090a0ec7d321	complete standardized dataset-label count; no governed panel mapping	not_in_governed_panel_hierarchy
Arabidopsis thaliana_PRJNA605594|Mesophyll cell|	Arabidopsis thaliana_PRJNA605594	PRJNA605594	Arabidopsis thaliana			cell_type_original	Mesophyll cell	PO:0004006				unmapped	candidate_auto_exact; exact_name; Plant Ontology exact lexical match; requires curator acceptance	22967	standardized_h5ad_obs;ontology_mapping_candidates;panel_label_freeze_v1	internal_source_record:not_publicly_portable:data/datasets/Bioinformatics/h5ad/Arabidopsis thaliana_PRJNA605594.h5ad;internal_source_record:not_publicly_portable:workspace/projects/PhyloOpenCell/metadata/ontology_mapping_candidates.tsv;internal_source_record:not_publicly_portable:workspace/projects/PhyloOpenCell/metadata/panel_label_freeze_v1.tsv	7886cc894700ce70b4b6177445aca02d1854266a9c83e982cd69ecbdc9f3531d;e4a09d28939b9a165661f86d5a2f4fb0c1d33fea1c7465dcc7cf874f0a8238bc;78a020ef314246281f19dc5eec25dbb28c50c5c376ee9df5a6b5090a0ec7d321	complete standardized dataset-label count; no governed panel mapping	not_in_governed_panel_hierarchy
Arabidopsis thaliana_PRJNA605594|Phloem parenchyma cell|	Arabidopsis thaliana_PRJNA605594	PRJNA605594	Arabidopsis thaliana			cell_type_original	Phloem parenchyma cell	PO:0025627				unmapped	candidate_auto_exact; exact_name; Plant Ontology exact lexical match; requires curator acceptance	3908	standardized_h5ad_obs;ontology_mapping_candidates;panel_label_freeze_v1	internal_source_record:not_publicly_portable:data/datasets/Bioinformatics/h5ad/Arabidopsis thaliana_PRJNA605594.h5ad;internal_source_record:not_publicly_portable:workspace/projects/PhyloOpenCell/metadata/ontology_mapping_candidates.tsv;internal_source_record:not_publicly_portable:workspace/projects/PhyloOpenCell/metadata/panel_label_freeze_v1.tsv	7886cc894700ce70b4b6177445aca02d1854266a9c83e982cd69ecbdc9f3531d;e4a09d28939b9a165661f86d5a2f4fb0c1d33fea1c7465dcc7cf874f0a8238bc;78a020ef314246281f19dc5eec25dbb28c50c5c376ee9df5a6b5090a0ec7d321	complete standardized dataset-label count; no governed panel mapping	not_in_governed_panel_hierarchy
Arabidopsis thaliana_PRJNA605594|Unknown|	Arabidopsis thaliana_PRJNA605594	PRJNA605594	Arabidopsis thaliana			cell_type_original	Unknown					unknown	excluded_unknown	17091	standardized_h5ad_obs;ontology_mapping_candidates;panel_label_freeze_v1	internal_source_record:not_publicly_portable:data/datasets/Bioinformatics/h5ad/Arabidopsis thaliana_PRJNA605594.h5ad;internal_source_record:not_publicly_portable:workspace/projects/PhyloOpenCell/metadata/ontology_mapping_candidates.tsv;internal_source_record:not_publicly_portable:workspace/projects/PhyloOpenCell/metadata/panel_label_freeze_v1.tsv	7886cc894700ce70b4b6177445aca02d1854266a9c83e982cd69ecbdc9f3531d;e4a09d28939b9a165661f86d5a2f4fb0c1d33fea1c7465dcc7cf874f0a8238bc;78a020ef314246281f19dc5eec25dbb28c50c5c376ee9df5a6b5090a0ec7d321	complete standardized dataset-label count; no governed panel mapping	
Arabidopsis thaliana_PRJNA613684|Bundle sheath cell|leaf	Arabidopsis thaliana_PRJNA613684	PRJNA613684	Arabidopsis thaliana		leaf	cell_type_original	Bundle sheath cell	PO:0025541	pilot_major_cell_family	photosynthetic_ground_tissue	leaf	mapped	expert_defined_many_to_one_from_user_approved_exact_PO_labels; passes_base_gates	1480	standardized_h5ad_obs;panel_dataset_label_counts_v1;panel_label_freeze_v1;coarse_label_hierarchy_v1	internal_source_record:not_publicly_portable:data/datasets/Bioinformatics/h5ad/Arabidopsis thaliana_PRJNA613684.h5ad;internal_source_record:not_publicly_portable:workspace/projects/PhyloOpenCell/metadata/panel_dataset_label_counts_v1.tsv.gz;internal_source_record:not_publicly_portable:workspace/projects/PhyloOpenCell/metadata/panel_label_freeze_v1.tsv;internal_source_record:not_publicly_portable:workspace/projects/PhyloOpenCell/metadata/coarse_label_hierarchy_v1.tsv	8419d59c91135eaf06586e202062ebce425aa6319f31a73cf1759b228494305c;a4bd8efca65e1175053b97dc0836fe8306417dd993d7a864389a5281d37302ea;78a020ef314246281f19dc5eec25dbb28c50c5c376ee9df5a6b5090a0ec7d321;e139f4d944b153210afd8aef98174679bf7caead33207fadc3a2e8c4cb619abb	complete standardized dataset-label count with panel-specific governed mapping	
Arabidopsis thaliana_PRJNA613684|Companion cell|vascular	Arabidopsis thaliana_PRJNA613684	PRJNA613684	Arabidopsis thaliana		vascular	cell_type_original	Companion cell	PO:0000071	pilot_major_cell_family	phloem_lineage	vascular	mapped	expert_defined_many_to_one_from_user_approved_exact_PO_labels; passes_base_gates	629	standardized_h5ad_obs;panel_dataset_label_counts_v1;panel_label_freeze_v1;coarse_label_hierarchy_v1	internal_source_record:not_publicly_portable:data/datasets/Bioinformatics/h5ad/Arabidopsis thaliana_PRJNA613684.h5ad;internal_source_record:not_publicly_portable:workspace/projects/PhyloOpenCell/metadata/panel_dataset_label_counts_v1.tsv.gz;internal_source_record:not_publicly_portable:workspace/projects/PhyloOpenCell/metadata/panel_label_freeze_v1.tsv;internal_source_record:not_publicly_portable:workspace/projects/PhyloOpenCell/metadata/coarse_label_hierarchy_v1.tsv	8419d59c91135eaf06586e202062ebce425aa6319f31a73cf1759b228494305c;a4bd8efca65e1175053b97dc0836fe8306417dd993d7a864389a5281d37302ea;78a020ef314246281f19dc5eec25dbb28c50c5c376ee9df5a6b5090a0ec7d321;e139f4d944b153210afd8aef98174679bf7caead33207fadc3a2e8c4cb619abb	complete standardized dataset-label count with panel-specific governed mapping	
Arabidopsis thaliana_PRJNA613684|Leaf lamina epidermis|leaf	Arabidopsis thaliana_PRJNA613684	PRJNA613684	Arabidopsis thaliana		leaf	cell_type_original	Leaf lamina epidermis	PO:0000047	pilot_major_cell_family	epidermal_system	leaf	mapped	expert_defined_many_to_one_from_user_approved_exact_PO_labels; passes_base_gates	1746	standardized_h5ad_obs;panel_dataset_label_counts_v1;panel_label_freeze_v1;coarse_label_hierarchy_v1	internal_source_record:not_publicly_portable:data/datasets/Bioinformatics/h5ad/Arabidopsis thaliana_PRJNA613684.h5ad;internal_source_record:not_publicly_portable:workspace/projects/PhyloOpenCell/metadata/panel_dataset_label_counts_v1.tsv.gz;internal_source_record:not_publicly_portable:workspace/projects/PhyloOpenCell/metadata/panel_label_freeze_v1.tsv;internal_source_record:not_publicly_portable:workspace/projects/PhyloOpenCell/metadata/coarse_label_hierarchy_v1.tsv	8419d59c91135eaf06586e202062ebce425aa6319f31a73cf1759b228494305c;a4bd8efca65e1175053b97dc0836fe8306417dd993d7a864389a5281d37302ea;78a020ef314246281f19dc5eec25dbb28c50c5c376ee9df5a6b5090a0ec7d321;e139f4d944b153210afd8aef98174679bf7caead33207fadc3a2e8c4cb619abb	complete standardized dataset-label count with panel-specific governed mapping	
Arabidopsis thaliana_PRJNA613684|Mesophyll cell|leaf	Arabidopsis thaliana_PRJNA613684	PRJNA613684	Arabidopsis thaliana		leaf	cell_type_original	Mesophyll cell	PO:0004006	pilot_major_cell_family	photosynthetic_ground_tissue	leaf	mapped	expert_defined_many_to_one_from_user_approved_exact_PO_labels; passes_base_gates	7653	standardized_h5ad_obs;panel_dataset_label_counts_v1;panel_label_freeze_v1;coarse_label_hierarchy_v1	internal_source_record:not_publicly_portable:data/datasets/Bioinformatics/h5ad/Arabidopsis thaliana_PRJNA613684.h5ad;internal_source_record:not_publicly_portable:workspace/projects/PhyloOpenCell/metadata/panel_dataset_label_counts_v1.tsv.gz;internal_source_record:not_publicly_portable:workspace/projects/PhyloOpenCell/metadata/panel_label_freeze_v1.tsv;internal_source_record:not_publicly_portable:workspace/projects/PhyloOpenCell/metadata/coarse_label_hierarchy_v1.tsv	8419d59c91135eaf06586e202062ebce425aa6319f31a73cf1759b228494305c;a4bd8efca65e1175053b97dc0836fe8306417dd993d7a864389a5281d37302ea;78a020ef314246281f19dc5eec25dbb28c50c5c376ee9df5a6b5090a0ec7d321;e139f4d944b153210afd8aef98174679bf7caead33207fadc3a2e8c4cb619abb	complete standardized dataset-label count with panel-specific governed mapping	
Arabidopsis thaliana_PRJNA613684|Unknown|	Arabidopsis thaliana_PRJNA613684	PRJNA613684	Arabidopsis thaliana			cell_type_original	Unknown					unknown	excluded_unknown	4816	standardized_h5ad_obs;ontology_mapping_candidates;panel_label_freeze_v1	internal_source_record:not_publicly_portable:data/datasets/Bioinformatics/h5ad/Arabidopsis thaliana_PRJNA613684.h5ad;internal_source_record:not_publicly_portable:workspace/projects/PhyloOpenCell/metadata/ontology_mapping_candidates.tsv;internal_source_record:not_publicly_portable:workspace/projects/PhyloOpenCell/metadata/panel_label_freeze_v1.tsv	8419d59c91135eaf06586e202062ebce425aa6319f31a73cf1759b228494305c;e4a09d28939b9a165661f86d5a2f4fb0c1d33fea1c7465dcc7cf874f0a8238bc;78a020ef314246281f19dc5eec25dbb28c50c5c376ee9df5a6b5090a0ec7d321	complete standardized dataset-label count; no governed panel mapping	
Arabidopsis thaliana_PRJNA640389|Columella root cap cell|root	Arabidopsis thaliana_PRJNA640389	PRJNA640389	Arabidopsis thaliana		root	cell_type_original	Columella root cap cell	PO:0020132	pilot_major_cell_family	root_cap	root	mapped	expert_defined_many_to_one_from_user_approved_exact_PO_labels; passes_base_gates	8535	standardized_h5ad_obs;panel_dataset_label_counts_v1;panel_label_freeze_v1;coarse_label_hierarchy_v1	internal_source_record:not_publicly_portable:data/datasets/Bioinformatics/h5ad/Arabidopsis thaliana_PRJNA640389.h5ad;internal_source_record:not_publicly_portable:workspace/projects/PhyloOpenCell/metadata/panel_dataset_label_counts_v1.tsv.gz;internal_source_record:not_publicly_portable:workspace/projects/PhyloOpenCell/metadata/panel_label_freeze_v1.tsv;internal_source_record:not_publicly_portable:workspace/projects/PhyloOpenCell/metadata/coarse_label_hierarchy_v1.tsv	07f9999c49eb8fc6c71afa11ef72fd3d3329134a8774c8e82956f637589d7eb0;a4bd8efca65e1175053b97dc0836fe8306417dd993d7a864389a5281d37302ea;78a020ef314246281f19dc5eec25dbb28c50c5c376ee9df5a6b5090a0ec7d321;e139f4d944b153210afd8aef98174679bf7caead33207fadc3a2e8c4cb619abb	complete standardized dataset-label count with panel-specific governed mapping	
Arabidopsis thaliana_PRJNA640389|Cortex|	Arabidopsis thaliana_PRJNA640389	PRJNA640389	Arabidopsis thaliana			cell_type_original	Cortex	PO:0005708				unmapped	candidate_auto_exact; exact_name; Plant Ontology exact lexical match; requires curator acceptance	11073	standardized_h5ad_obs;ontology_mapping_candidates;panel_label_freeze_v1	internal_source_record:not_publicly_portable:data/datasets/Bioinformatics/h5ad/Arabidopsis thaliana_PRJNA640389.h5ad;internal_source_record:not_publicly_portable:workspace/projects/PhyloOpenCell/metadata/ontology_mapping_candidates.tsv;internal_source_record:not_publicly_portable:workspace/projects/PhyloOpenCell/metadata/panel_label_freeze_v1.tsv	07f9999c49eb8fc6c71afa11ef72fd3d3329134a8774c8e82956f637589d7eb0;e4a09d28939b9a165661f86d5a2f4fb0c1d33fea1c7465dcc7cf874f0a8238bc;78a020ef314246281f19dc5eec25dbb28c50c5c376ee9df5a6b5090a0ec7d321	complete standardized dataset-label count; no governed panel mapping	not_in_governed_panel_hierarchy
Arabidopsis thaliana_PRJNA640389|Lateral root cap|	Arabidopsis thaliana_PRJNA640389	PRJNA640389	Arabidopsis thaliana			cell_type_original	Lateral root cap	PO:0020131				unmapped	candidate_auto_exact; exact_name; Plant Ontology exact lexical match; requires curator acceptance	18396	standardized_h5ad_obs;ontology_mapping_candidates;panel_label_freeze_v1	internal_source_record:not_publicly_portable:data/datasets/Bioinformatics/h5ad/Arabidopsis thaliana_PRJNA640389.h5ad;internal_source_record:not_publicly_portable:workspace/projects/PhyloOpenCell/metadata/ontology_mapping_candidates.tsv;internal_source_record:not_publicly_portable:workspace/projects/PhyloOpenCell/metadata/panel_label_freeze_v1.tsv	07f9999c49eb8fc6c71afa11ef72fd3d3329134a8774c8e82956f637589d7eb0;e4a09d28939b9a165661f86d5a2f4fb0c1d33fea1c7465dcc7cf874f0a8238bc;78a020ef314246281f19dc5eec25dbb28c50c5c376ee9df5a6b5090a0ec7d321	complete standardized dataset-label count; no governed panel mapping	not_in_governed_panel_hierarchy
Arabidopsis thaliana_PRJNA640389|Metaphloem & Companion cell|	Arabidopsis thaliana_PRJNA640389	PRJNA640389	Arabidopsis thaliana			cell_type_original	Metaphloem & Companion cell					unmapped	pending_manual_curation; exact_synonym	3224	standardized_h5ad_obs;ontology_mapping_candidates;panel_label_freeze_v1	internal_source_record:not_publicly_portable:data/datasets/Bioinformatics/h5ad/Arabidopsis thaliana_PRJNA640389.h5ad;internal_source_record:not_publicly_portable:workspace/projects/PhyloOpenCell/metadata/ontology_mapping_candidates.tsv;internal_source_record:not_publicly_portable:workspace/projects/PhyloOpenCell/metadata/panel_label_freeze_v1.tsv	07f9999c49eb8fc6c71afa11ef72fd3d3329134a8774c8e82956f637589d7eb0;e4a09d28939b9a165661f86d5a2f4fb0c1d33fea1c7465dcc7cf874f0a8238bc;78a020ef314246281f19dc5eec25dbb28c50c5c376ee9df5a6b5090a0ec7d321	complete standardized dataset-label count; no governed panel mapping	not_in_governed_panel_hierarchy
Arabidopsis thaliana_PRJNA640389|Metaxylem|vascular	Arabidopsis thaliana_PRJNA640389	PRJNA640389	Arabidopsis thaliana		vascular	cell_type_original	Metaxylem	PO:0000372	pilot_major_cell_family	xylem_lineage	vascular	mapped	expert_defined_many_to_one_from_user_approved_exact_PO_labels; passes_base_gates	1643	standardized_h5ad_obs;panel_dataset_label_counts_v1;panel_label_freeze_v1;coarse_label_hierarchy_v1	internal_source_record:not_publicly_portable:data/datasets/Bioinformatics/h5ad/Arabidopsis thaliana_PRJNA640389.h5ad;internal_source_record:not_publicly_portable:workspace/projects/PhyloOpenCell/metadata/panel_dataset_label_counts_v1.tsv.gz;internal_source_record:not_publicly_portable:workspace/projects/PhyloOpenCell/metadata/panel_label_freeze_v1.tsv;internal_source_record:not_publicly_portable:workspace/projects/PhyloOpenCell/metadata/coarse_label_hierarchy_v1.tsv	07f9999c49eb8fc6c71afa11ef72fd3d3329134a8774c8e82956f637589d7eb0;a4bd8efca65e1175053b97dc0836fe8306417dd993d7a864389a5281d37302ea;78a020ef314246281f19dc5eec25dbb28c50c5c376ee9df5a6b5090a0ec7d321;e139f4d944b153210afd8aef98174679bf7caead33207fadc3a2e8c4cb619abb	complete standardized dataset-label count with panel-specific governed mapping	
Arabidopsis thaliana_PRJNA640389|Non-hair root epidermal cell|root	Arabidopsis thaliana_PRJNA640389	PRJNA640389	Arabidopsis thaliana		root	cell_type_original	Non-hair root epidermal cell	PO:0000263	pilot_major_cell_family	epidermal_system	root	mapped	expert_defined_many_to_one_from_user_approved_exact_PO_labels; passes_base_gates	13380	standardized_h5ad_obs;panel_dataset_label_counts_v1;panel_label_freeze_v1;coarse_label_hierarchy_v1	internal_source_record:not_publicly_portable:data/datasets/Bioinformatics/h5ad/Arabidopsis thaliana_PRJNA640389.h5ad;internal_source_record:not_publicly_portable:workspace/projects/PhyloOpenCell/metadata/panel_dataset_label_counts_v1.tsv.gz;internal_source_record:not_publicly_portable:workspace/projects/PhyloOpenCell/metadata/panel_label_freeze_v1.tsv;internal_source_record:not_publicly_portable:workspace/projects/PhyloOpenCell/metadata/coarse_label_hierarchy_v1.tsv	07f9999c49eb8fc6c71afa11ef72fd3d3329134a8774c8e82956f637589d7eb0;a4bd8efca65e1175053b97dc0836fe8306417dd993d7a864389a5281d37302ea;78a020ef314246281f19dc5eec25dbb28c50c5c376ee9df5a6b5090a0ec7d321;e139f4d944b153210afd8aef98174679bf7caead33207fadc3a2e8c4cb619abb	complete standardized dataset-label count with panel-specific governed mapping	
Arabidopsis thaliana_PRJNA640389|Phloem pole pericycle cell|	Arabidopsis thaliana_PRJNA640389	PRJNA640389	Arabidopsis thaliana			cell_type_original	Phloem pole pericycle cell	PO:0000065				unmapped	candidate_auto_exact; exact_name; Plant Ontology exact lexical match; requires curator acceptance	4634	standardized_h5ad_obs;ontology_mapping_candidates;panel_label_freeze_v1	internal_source_record:not_publicly_portable:data/datasets/Bioinformatics/h5ad/Arabidopsis thaliana_PRJNA640389.h5ad;internal_source_record:not_publicly_portable:workspace/projects/PhyloOpenCell/metadata/ontology_mapping_candidates.tsv;internal_source_record:not_publicly_portable:workspace/projects/PhyloOpenCell/metadata/panel_label_freeze_v1.tsv	07f9999c49eb8fc6c71afa11ef72fd3d3329134a8774c8e82956f637589d7eb0;e4a09d28939b9a165661f86d5a2f4fb0c1d33fea1c7465dcc7cf874f0a8238bc;78a020ef314246281f19dc5eec25dbb28c50c5c376ee9df5a6b5090a0ec7d321	complete standardized dataset-label count; no governed panel mapping	not_in_governed_panel_hierarchy
Arabidopsis thaliana_PRJNA640389|Protophloem|	Arabidopsis thaliana_PRJNA640389	PRJNA640389	Arabidopsis thaliana			cell_type_original	Protophloem	PO:0006077				unmapped	candidate_auto_exact; exact_name; Plant Ontology exact lexical match; requires curator acceptance	939	standardized_h5ad_obs;ontology_mapping_candidates;panel_label_freeze_v1	internal_source_record:not_publicly_portable:data/datasets/Bioinformatics/h5ad/Arabidopsis thaliana_PRJNA640389.h5ad;internal_source_record:not_publicly_portable:workspace/projects/PhyloOpenCell/metadata/ontology_mapping_candidates.tsv;internal_source_record:not_publicly_portable:workspace/projects/PhyloOpenCell/metadata/panel_label_freeze_v1.tsv	07f9999c49eb8fc6c71afa11ef72fd3d3329134a8774c8e82956f637589d7eb0;e4a09d28939b9a165661f86d5a2f4fb0c1d33fea1c7465dcc7cf874f0a8238bc;78a020ef314246281f19dc5eec25dbb28c50c5c376ee9df5a6b5090a0ec7d321	complete standardized dataset-label count; no governed panel mapping	not_in_governed_panel_hierarchy
Arabidopsis thaliana_PRJNA640389|Protoxylem|	Arabidopsis thaliana_PRJNA640389	PRJNA640389	Arabidopsis thaliana			cell_type_original	Protoxylem	PO:0000272				unmapped	candidate_auto_exact; exact_name; Plant Ontology exact lexical match; requires curator acceptance	3195	standardized_h5ad_obs;ontology_mapping_candidates;panel_label_freeze_v1	internal_source_record:not_publicly_portable:data/datasets/Bioinformatics/h5ad/Arabidopsis thaliana_PRJNA640389.h5ad;internal_source_record:not_publicly_portable:workspace/projects/PhyloOpenCell/metadata/ontology_mapping_candidates.tsv;internal_source_record:not_publicly_portable:workspace/projects/PhyloOpenCell/metadata/panel_label_freeze_v1.tsv	07f9999c49eb8fc6c71afa11ef72fd3d3329134a8774c8e82956f637589d7eb0;e4a09d28939b9a165661f86d5a2f4fb0c1d33fea1c7465dcc7cf874f0a8238bc;78a020ef314246281f19dc5eec25dbb28c50c5c376ee9df5a6b5090a0ec7d321	complete standardized dataset-label count; no governed panel mapping	not_in_governed_panel_hierarchy
Arabidopsis thaliana_PRJNA640389|Quiescent center|	Arabidopsis thaliana_PRJNA640389	PRJNA640389	Arabidopsis thaliana			cell_type_original	Quiescent center	PO:0020149				unmapped	candidate_auto_exact; exact_name; Plant Ontology exact lexical match; requires curator acceptance	158	standardized_h5ad_obs;ontology_mapping_candidates;panel_label_freeze_v1	internal_source_record:not_publicly_portable:data/datasets/Bioinformatics/h5ad/Arabidopsis thaliana_PRJNA640389.h5ad;internal_source_record:not_publicly_portable:workspace/projects/PhyloOpenCell/metadata/ontology_mapping_candidates.tsv;internal_source_record:not_publicly_portable:workspace/projects/PhyloOpenCell/metadata/panel_label_freeze_v1.tsv	07f9999c49eb8fc6c71afa11ef72fd3d3329134a8774c8e82956f637589d7eb0;e4a09d28939b9a165661f86d5a2f4fb0c1d33fea1c7465dcc7cf874f0a8238bc;78a020ef314246281f19dc5eec25dbb28c50c5c376ee9df5a6b5090a0ec7d321	complete standardized dataset-label count; no governed panel mapping	not_in_governed_panel_hierarchy
Arabidopsis thaliana_PRJNA640389|Root endodermis|root	Arabidopsis thaliana_PRJNA640389	PRJNA640389	Arabidopsis thaliana		root	cell_type_original	Root endodermis	PO:0005059	pilot_major_cell_family	ground_tissue	root	mapped	expert_defined_many_to_one_from_user_approved_exact_PO_labels; passes_base_gates	11369	standardized_h5ad_obs;panel_dataset_label_counts_v1;panel_label_freeze_v1;coarse_label_hierarchy_v1	internal_source_record:not_publicly_portable:data/datasets/Bioinformatics/h5ad/Arabidopsis thaliana_PRJNA640389.h5ad;internal_source_record:not_publicly_portable:workspace/projects/PhyloOpenCell/metadata/panel_dataset_label_counts_v1.tsv.gz;internal_source_record:not_publicly_portable:workspace/projects/PhyloOpenCell/metadata/panel_label_freeze_v1.tsv;internal_source_record:not_publicly_portable:workspace/projects/PhyloOpenCell/metadata/coarse_label_hierarchy_v1.tsv	07f9999c49eb8fc6c71afa11ef72fd3d3329134a8774c8e82956f637589d7eb0;a4bd8efca65e1175053b97dc0836fe8306417dd993d7a864389a5281d37302ea;78a020ef314246281f19dc5eec25dbb28c50c5c376ee9df5a6b5090a0ec7d321;e139f4d944b153210afd8aef98174679bf7caead33207fadc3a2e8c4cb619abb	complete standardized dataset-label count with panel-specific governed mapping	
Arabidopsis thaliana_PRJNA640389|Root hair cell|root	Arabidopsis thaliana_PRJNA640389	PRJNA640389	Arabidopsis thaliana		root	cell_type_original	Root hair cell	PO:0000256	pilot_major_cell_family	epidermal_system	root	mapped	expert_defined_many_to_one_from_user_approved_exact_PO_labels; passes_base_gates	12361	standardized_h5ad_obs;panel_dataset_label_counts_v1;panel_label_freeze_v1;coarse_label_hierarchy_v1	internal_source_record:not_publicly_portable:data/datasets/Bioinformatics/h5ad/Arabidopsis thaliana_PRJNA640389.h5ad;internal_source_record:not_publicly_portable:workspace/projects/PhyloOpenCell/metadata/panel_dataset_label_counts_v1.tsv.gz;internal_source_record:not_publicly_portable:workspace/projects/PhyloOpenCell/metadata/panel_label_freeze_v1.tsv;internal_source_record:not_publicly_portable:workspace/projects/PhyloOpenCell/metadata/coarse_label_hierarchy_v1.tsv	07f9999c49eb8fc6c71afa11ef72fd3d3329134a8774c8e82956f637589d7eb0;a4bd8efca65e1175053b97dc0836fe8306417dd993d7a864389a5281d37302ea;78a020ef314246281f19dc5eec25dbb28c50c5c376ee9df5a6b5090a0ec7d321;e139f4d944b153210afd8aef98174679bf7caead33207fadc3a2e8c4cb619abb	complete standardized dataset-label count with panel-specific governed mapping	
Arabidopsis thaliana_PRJNA640389|Root procambium|root	Arabidopsis thaliana_PRJNA640389	PRJNA640389	Arabidopsis thaliana		root	cell_type_original	Root procambium	PO:0006307	pilot_major_cell_family	stele_lineage	root	mapped	expert_defined_many_to_one_from_user_approved_exact_PO_labels; passes_base_gates	9307	standardized_h5ad_obs;panel_dataset_label_counts_v1;panel_label_freeze_v1;coarse_label_hierarchy_v1	internal_source_record:not_publicly_portable:data/datasets/Bioinformatics/h5ad/Arabidopsis thaliana_PRJNA640389.h5ad;internal_source_record:not_publicly_portable:workspace/projects/PhyloOpenCell/metadata/panel_dataset_label_counts_v1.tsv.gz;internal_source_record:not_publicly_portable:workspace/projects/PhyloOpenCell/metadata/panel_label_freeze_v1.tsv;internal_source_record:not_publicly_portable:workspace/projects/PhyloOpenCell/metadata/coarse_label_hierarchy_v1.tsv	07f9999c49eb8fc6c71afa11ef72fd3d3329134a8774c8e82956f637589d7eb0;a4bd8efca65e1175053b97dc0836fe8306417dd993d7a864389a5281d37302ea;78a020ef314246281f19dc5eec25dbb28c50c5c376ee9df5a6b5090a0ec7d321;e139f4d944b153210afd8aef98174679bf7caead33207fadc3a2e8c4cb619abb	complete standardized dataset-label count with panel-specific governed mapping	
Arabidopsis thaliana_PRJNA640389|Root procambium|vascular	Arabidopsis thaliana_PRJNA640389	PRJNA640389	Arabidopsis thaliana		vascular	cell_type_original	Root procambium	PO:0006307	pilot_major_cell_family	procambial_lineage	vascular	mapped	expert_defined_many_to_one_from_user_approved_exact_PO_labels; passes_base_gates	9307	standardized_h5ad_obs;panel_dataset_label_counts_v1;panel_label_freeze_v1;coarse_label_hierarchy_v1	internal_source_record:not_publicly_portable:data/datasets/Bioinformatics/h5ad/Arabidopsis thaliana_PRJNA640389.h5ad;internal_source_record:not_publicly_portable:workspace/projects/PhyloOpenCell/metadata/panel_dataset_label_counts_v1.tsv.gz;internal_source_record:not_publicly_portable:workspace/projects/PhyloOpenCell/metadata/panel_label_freeze_v1.tsv;internal_source_record:not_publicly_portable:workspace/projects/PhyloOpenCell/metadata/coarse_label_hierarchy_v1.tsv	07f9999c49eb8fc6c71afa11ef72fd3d3329134a8774c8e82956f637589d7eb0;a4bd8efca65e1175053b97dc0836fe8306417dd993d7a864389a5281d37302ea;78a020ef314246281f19dc5eec25dbb28c50c5c376ee9df5a6b5090a0ec7d321;e139f4d944b153210afd8aef98174679bf7caead33207fadc3a2e8c4cb619abb	complete standardized dataset-label count with panel-specific governed mapping	
Arabidopsis thaliana_PRJNA640389|Xylem pole pericycle cell|	Arabidopsis thaliana_PRJNA640389	PRJNA640389	Arabidopsis thaliana			cell_type_original	Xylem pole pericycle cell	PO:0000064				unmapped	candidate_auto_exact; exact_name; Plant Ontology exact lexical match; requires curator acceptance	12213	standardized_h5ad_obs;ontology_mapping_candidates;panel_label_freeze_v1	internal_source_record:not_publicly_portable:data/datasets/Bioinformatics/h5ad/Arabidopsis thaliana_PRJNA640389.h5ad;internal_source_record:not_publicly_portable:workspace/projects/PhyloOpenCell/metadata/ontology_mapping_candidates.tsv;internal_source_record:not_publicly_portable:workspace/projects/PhyloOpenCell/metadata/panel_label_freeze_v1.tsv	07f9999c49eb8fc6c71afa11ef72fd3d3329134a8774c8e82956f637589d7eb0;e4a09d28939b9a165661f86d5a2f4fb0c1d33fea1c7465dcc7cf874f0a8238bc;78a020ef314246281f19dc5eec25dbb28c50c5c376ee9df5a6b5090a0ec7d321	complete standardized dataset-label count; no governed panel mapping	not_in_governed_panel_hierarchy
Arabidopsis thaliana_PRJNA648028||	Arabidopsis thaliana_PRJNA648028	PRJNA648028	Arabidopsis thaliana			cell_type_original						unknown	missing value in standardized source-label field	25398	standardized_h5ad_obs;ontology_mapping_candidates;panel_label_freeze_v1	internal_source_record:not_publicly_portable:data/datasets/Bioinformatics/h5ad/Arabidopsis thaliana_PRJNA648028.h5ad;internal_source_record:not_publicly_portable:workspace/projects/PhyloOpenCell/metadata/ontology_mapping_candidates.tsv;internal_source_record:not_publicly_portable:workspace/projects/PhyloOpenCell/metadata/panel_label_freeze_v1.tsv	0f31bb40568d12fc04757da3f77b7664af163e09b9985ba67dc1b9f8d06810e5;e4a09d28939b9a165661f86d5a2f4fb0c1d33fea1c7465dcc7cf874f0a8238bc;78a020ef314246281f19dc5eec25dbb28c50c5c376ee9df5a6b5090a0ec7d321	complete standardized dataset-label count; no governed panel mapping	
Arabidopsis thaliana_PRJNA649267|Companion cell|vascular	Arabidopsis thaliana_PRJNA649267	PRJNA649267	Arabidopsis thaliana		vascular	cell_type_original	Companion cell	PO:0000071	pilot_major_cell_family	phloem_lineage	vascular	mapped	expert_defined_many_to_one_from_user_approved_exact_PO_labels; passes_base_gates	213	standardized_h5ad_obs;panel_dataset_label_counts_v1;panel_label_freeze_v1;coarse_label_hierarchy_v1	internal_source_record:not_publicly_portable:data/datasets/Bioinformatics/h5ad/Arabidopsis thaliana_PRJNA649267.h5ad;internal_source_record:not_publicly_portable:workspace/projects/PhyloOpenCell/metadata/panel_dataset_label_counts_v1.tsv.gz;internal_source_record:not_publicly_portable:workspace/projects/PhyloOpenCell/metadata/panel_label_freeze_v1.tsv;internal_source_record:not_publicly_portable:workspace/projects/PhyloOpenCell/metadata/coarse_label_hierarchy_v1.tsv	01ed8a8bd04fc49f6aacc3c2f30faa993ecf5338d7432845b75a743b5873098d;a4bd8efca65e1175053b97dc0836fe8306417dd993d7a864389a5281d37302ea;78a020ef314246281f19dc5eec25dbb28c50c5c376ee9df5a6b5090a0ec7d321;e139f4d944b153210afd8aef98174679bf7caead33207fadc3a2e8c4cb619abb	complete standardized dataset-label count with panel-specific governed mapping	
Arabidopsis thaliana_PRJNA649267|Lateral root cap|	Arabidopsis thaliana_PRJNA649267	PRJNA649267	Arabidopsis thaliana			cell_type_original	Lateral root cap	PO:0020131				unmapped	candidate_auto_exact; exact_name; Plant Ontology exact lexical match; requires curator acceptance	288	standardized_h5ad_obs;ontology_mapping_candidates;panel_label_freeze_v1	internal_source_record:not_publicly_portable:data/datasets/Bioinformatics/h5ad/Arabidopsis thaliana_PRJNA649267.h5ad;internal_source_record:not_publicly_portable:workspace/projects/PhyloOpenCell/metadata/ontology_mapping_candidates.tsv;internal_source_record:not_publicly_portable:workspace/projects/PhyloOpenCell/metadata/panel_label_freeze_v1.tsv	01ed8a8bd04fc49f6aacc3c2f30faa993ecf5338d7432845b75a743b5873098d;e4a09d28939b9a165661f86d5a2f4fb0c1d33fea1c7465dcc7cf874f0a8238bc;78a020ef314246281f19dc5eec25dbb28c50c5c376ee9df5a6b5090a0ec7d321	complete standardized dataset-label count; no governed panel mapping	not_in_governed_panel_hierarchy
Arabidopsis thaliana_PRJNA649267|Non_hair root epidermal cell|	Arabidopsis thaliana_PRJNA649267	PRJNA649267	Arabidopsis thaliana			cell_type_original	Non_hair root epidermal cell	PO:0000263				unmapped	candidate_auto_exact; exact_name; Plant Ontology exact lexical match; requires curator acceptance	1204	standardized_h5ad_obs;ontology_mapping_candidates;panel_label_freeze_v1	internal_source_record:not_publicly_portable:data/datasets/Bioinformatics/h5ad/Arabidopsis thaliana_PRJNA649267.h5ad;internal_source_record:not_publicly_portable:workspace/projects/PhyloOpenCell/metadata/ontology_mapping_candidates.tsv;internal_source_record:not_publicly_portable:workspace/projects/PhyloOpenCell/metadata/panel_label_freeze_v1.tsv	01ed8a8bd04fc49f6aacc3c2f30faa993ecf5338d7432845b75a743b5873098d;e4a09d28939b9a165661f86d5a2f4fb0c1d33fea1c7465dcc7cf874f0a8238bc;78a020ef314246281f19dc5eec25dbb28c50c5c376ee9df5a6b5090a0ec7d321	complete standardized dataset-label count; no governed panel mapping	not_in_governed_panel_hierarchy
Arabidopsis thaliana_PRJNA649267|Pericycle cell|root	Arabidopsis thaliana_PRJNA649267	PRJNA649267	Arabidopsis thaliana		root	cell_type_original	Pericycle cell	PO:0025261	pilot_major_cell_family	stele_lineage	root	mapped	expert_defined_many_to_one_from_user_approved_exact_PO_labels; passes_base_gates	795	standardized_h5ad_obs;panel_dataset_label_counts_v1;panel_label_freeze_v1;coarse_label_hierarchy_v1	internal_source_record:not_publicly_portable:data/datasets/Bioinformatics/h5ad/Arabidopsis thaliana_PRJNA649267.h5ad;internal_source_record:not_publicly_portable:workspace/projects/PhyloOpenCell/metadata/panel_dataset_label_counts_v1.tsv.gz;internal_source_record:not_publicly_portable:workspace/projects/PhyloOpenCell/metadata/panel_label_freeze_v1.tsv;internal_source_record:not_publicly_portable:workspace/projects/PhyloOpenCell/metadata/coarse_label_hierarchy_v1.tsv	01ed8a8bd04fc49f6aacc3c2f30faa993ecf5338d7432845b75a743b5873098d;a4bd8efca65e1175053b97dc0836fe8306417dd993d7a864389a5281d37302ea;78a020ef314246281f19dc5eec25dbb28c50c5c376ee9df5a6b5090a0ec7d321;e139f4d944b153210afd8aef98174679bf7caead33207fadc3a2e8c4cb619abb	complete standardized dataset-label count with panel-specific governed mapping	
Arabidopsis thaliana_PRJNA649267|Phloem pole pericycle cell|	Arabidopsis thaliana_PRJNA649267	PRJNA649267	Arabidopsis thaliana			cell_type_original	Phloem pole pericycle cell	PO:0000065				unmapped	candidate_auto_exact; exact_name; Plant Ontology exact lexical match; requires curator acceptance	1264	standardized_h5ad_obs;ontology_mapping_candidates;panel_label_freeze_v1	internal_source_record:not_publicly_portable:data/datasets/Bioinformatics/h5ad/Arabidopsis thaliana_PRJNA649267.h5ad;internal_source_record:not_publicly_portable:workspace/projects/PhyloOpenCell/metadata/ontology_mapping_candidates.tsv;internal_source_record:not_publicly_portable:workspace/projects/PhyloOpenCell/metadata/panel_label_freeze_v1.tsv	01ed8a8bd04fc49f6aacc3c2f30faa993ecf5338d7432845b75a743b5873098d;e4a09d28939b9a165661f86d5a2f4fb0c1d33fea1c7465dcc7cf874f0a8238bc;78a020ef314246281f19dc5eec25dbb28c50c5c376ee9df5a6b5090a0ec7d321	complete standardized dataset-label count; no governed panel mapping	not_in_governed_panel_hierarchy
Arabidopsis thaliana_PRJNA649267|Pholem|	Arabidopsis thaliana_PRJNA649267	PRJNA649267	Arabidopsis thaliana			cell_type_original	Pholem					unmapped	pending_manual_curation; exact_synonym	438	standardized_h5ad_obs;ontology_mapping_candidates;panel_label_freeze_v1	internal_source_record:not_publicly_portable:data/datasets/Bioinformatics/h5ad/Arabidopsis thaliana_PRJNA649267.h5ad;internal_source_record:not_publicly_portable:workspace/projects/PhyloOpenCell/metadata/ontology_mapping_candidates.tsv;internal_source_record:not_publicly_portable:workspace/projects/PhyloOpenCell/metadata/panel_label_freeze_v1.tsv	01ed8a8bd04fc49f6aacc3c2f30faa993ecf5338d7432845b75a743b5873098d;e4a09d28939b9a165661f86d5a2f4fb0c1d33fea1c7465dcc7cf874f0a8238bc;78a020ef314246281f19dc5eec25dbb28c50c5c376ee9df5a6b5090a0ec7d321	complete standardized dataset-label count; no governed panel mapping	not_in_governed_panel_hierarchy
Arabidopsis thaliana_PRJNA649267|Primary xylem|	Arabidopsis thaliana_PRJNA649267	PRJNA649267	Arabidopsis thaliana			cell_type_original	Primary xylem	PO:0005849				unmapped	candidate_auto_exact; exact_name; Plant Ontology exact lexical match; requires curator acceptance	45	standardized_h5ad_obs;ontology_mapping_candidates;panel_label_freeze_v1	internal_source_record:not_publicly_portable:data/datasets/Bioinformatics/h5ad/Arabidopsis thaliana_PRJNA649267.h5ad;internal_source_record:not_publicly_portable:workspace/projects/PhyloOpenCell/metadata/ontology_mapping_candidates.tsv;internal_source_record:not_publicly_portable:workspace/projects/PhyloOpenCell/metadata/panel_label_freeze_v1.tsv	01ed8a8bd04fc49f6aacc3c2f30faa993ecf5338d7432845b75a743b5873098d;e4a09d28939b9a165661f86d5a2f4fb0c1d33fea1c7465dcc7cf874f0a8238bc;78a020ef314246281f19dc5eec25dbb28c50c5c376ee9df5a6b5090a0ec7d321	complete standardized dataset-label count; no governed panel mapping	not_in_governed_panel_hierarchy
Arabidopsis thaliana_PRJNA649267|Root cortex|root	Arabidopsis thaliana_PRJNA649267	PRJNA649267	Arabidopsis thaliana		root	cell_type_original	Root cortex	PO:0000258	pilot_major_cell_family	ground_tissue	root	mapped	expert_defined_many_to_one_from_user_approved_exact_PO_labels; passes_base_gates	1142	standardized_h5ad_obs;panel_dataset_label_counts_v1;panel_label_freeze_v1;coarse_label_hierarchy_v1	internal_source_record:not_publicly_portable:data/datasets/Bioinformatics/h5ad/Arabidopsis thaliana_PRJNA649267.h5ad;internal_source_record:not_publicly_portable:workspace/projects/PhyloOpenCell/metadata/panel_dataset_label_counts_v1.tsv.gz;internal_source_record:not_publicly_portable:workspace/projects/PhyloOpenCell/metadata/panel_label_freeze_v1.tsv;internal_source_record:not_publicly_portable:workspace/projects/PhyloOpenCell/metadata/coarse_label_hierarchy_v1.tsv	01ed8a8bd04fc49f6aacc3c2f30faa993ecf5338d7432845b75a743b5873098d;a4bd8efca65e1175053b97dc0836fe8306417dd993d7a864389a5281d37302ea;78a020ef314246281f19dc5eec25dbb28c50c5c376ee9df5a6b5090a0ec7d321;e139f4d944b153210afd8aef98174679bf7caead33207fadc3a2e8c4cb619abb	complete standardized dataset-label count with panel-specific governed mapping	
Arabidopsis thaliana_PRJNA649267|Root endodermis|root	Arabidopsis thaliana_PRJNA649267	PRJNA649267	Arabidopsis thaliana		root	cell_type_original	Root endodermis	PO:0005059	pilot_major_cell_family	ground_tissue	root	mapped	expert_defined_many_to_one_from_user_approved_exact_PO_labels; passes_base_gates	1721	standardized_h5ad_obs;panel_dataset_label_counts_v1;panel_label_freeze_v1;coarse_label_hierarchy_v1	internal_source_record:not_publicly_portable:data/datasets/Bioinformatics/h5ad/Arabidopsis thaliana_PRJNA649267.h5ad;internal_source_record:not_publicly_portable:workspace/projects/PhyloOpenCell/metadata/panel_dataset_label_counts_v1.tsv.gz;internal_source_record:not_publicly_portable:workspace/projects/PhyloOpenCell/metadata/panel_label_freeze_v1.tsv;internal_source_record:not_publicly_portable:workspace/projects/PhyloOpenCell/metadata/coarse_label_hierarchy_v1.tsv	01ed8a8bd04fc49f6aacc3c2f30faa993ecf5338d7432845b75a743b5873098d;a4bd8efca65e1175053b97dc0836fe8306417dd993d7a864389a5281d37302ea;78a020ef314246281f19dc5eec25dbb28c50c5c376ee9df5a6b5090a0ec7d321;e139f4d944b153210afd8aef98174679bf7caead33207fadc3a2e8c4cb619abb	complete standardized dataset-label count with panel-specific governed mapping	
Arabidopsis thaliana_PRJNA649267|Root hair cell|root	Arabidopsis thaliana_PRJNA649267	PRJNA649267	Arabidopsis thaliana		root	cell_type_original	Root hair cell	PO:0000256	pilot_major_cell_family	epidermal_system	root	mapped	expert_defined_many_to_one_from_user_approved_exact_PO_labels; passes_base_gates	986	standardized_h5ad_obs;panel_dataset_label_counts_v1;panel_label_freeze_v1;coarse_label_hierarchy_v1	internal_source_record:not_publicly_portable:data/datasets/Bioinformatics/h5ad/Arabidopsis thaliana_PRJNA649267.h5ad;internal_source_record:not_publicly_portable:workspace/projects/PhyloOpenCell/metadata/panel_dataset_label_counts_v1.tsv.gz;internal_source_record:not_publicly_portable:workspace/projects/PhyloOpenCell/metadata/panel_label_freeze_v1.tsv;internal_source_record:not_publicly_portable:workspace/projects/PhyloOpenCell/metadata/coarse_label_hierarchy_v1.tsv	01ed8a8bd04fc49f6aacc3c2f30faa993ecf5338d7432845b75a743b5873098d;a4bd8efca65e1175053b97dc0836fe8306417dd993d7a864389a5281d37302ea;78a020ef314246281f19dc5eec25dbb28c50c5c376ee9df5a6b5090a0ec7d321;e139f4d944b153210afd8aef98174679bf7caead33207fadc3a2e8c4cb619abb	complete standardized dataset-label count with panel-specific governed mapping	
Arabidopsis thaliana_PRJNA649267|Root meristem|	Arabidopsis thaliana_PRJNA649267	PRJNA649267	Arabidopsis thaliana			cell_type_original	Root meristem	PO:0006085				unmapped	candidate_auto_exact; exact_name; Plant Ontology exact lexical match; requires curator acceptance	2019	standardized_h5ad_obs;ontology_mapping_candidates;panel_label_freeze_v1	internal_source_record:not_publicly_portable:data/datasets/Bioinformatics/h5ad/Arabidopsis thaliana_PRJNA649267.h5ad;internal_source_record:not_publicly_portable:workspace/projects/PhyloOpenCell/metadata/ontology_mapping_candidates.tsv;internal_source_record:not_publicly_portable:workspace/projects/PhyloOpenCell/metadata/panel_label_freeze_v1.tsv	01ed8a8bd04fc49f6aacc3c2f30faa993ecf5338d7432845b75a743b5873098d;e4a09d28939b9a165661f86d5a2f4fb0c1d33fea1c7465dcc7cf874f0a8238bc;78a020ef314246281f19dc5eec25dbb28c50c5c376ee9df5a6b5090a0ec7d321	complete standardized dataset-label count; no governed panel mapping	not_in_governed_panel_hierarchy
Arabidopsis thaliana_PRJNA649267|Root procambium|root	Arabidopsis thaliana_PRJNA649267	PRJNA649267	Arabidopsis thaliana		root	cell_type_original	Root procambium	PO:0006307	pilot_major_cell_family	stele_lineage	root	mapped	expert_defined_many_to_one_from_user_approved_exact_PO_labels; passes_base_gates	826	standardized_h5ad_obs;panel_dataset_label_counts_v1;panel_label_freeze_v1;coarse_label_hierarchy_v1	internal_source_record:not_publicly_portable:data/datasets/Bioinformatics/h5ad/Arabidopsis thaliana_PRJNA649267.h5ad;internal_source_record:not_publicly_portable:workspace/projects/PhyloOpenCell/metadata/panel_dataset_label_counts_v1.tsv.gz;internal_source_record:not_publicly_portable:workspace/projects/PhyloOpenCell/metadata/panel_label_freeze_v1.tsv;internal_source_record:not_publicly_portable:workspace/projects/PhyloOpenCell/metadata/coarse_label_hierarchy_v1.tsv	01ed8a8bd04fc49f6aacc3c2f30faa993ecf5338d7432845b75a743b5873098d;a4bd8efca65e1175053b97dc0836fe8306417dd993d7a864389a5281d37302ea;78a020ef314246281f19dc5eec25dbb28c50c5c376ee9df5a6b5090a0ec7d321;e139f4d944b153210afd8aef98174679bf7caead33207fadc3a2e8c4cb619abb	complete standardized dataset-label count with panel-specific governed mapping	
Arabidopsis thaliana_PRJNA649267|Root procambium|vascular	Arabidopsis thaliana_PRJNA649267	PRJNA649267	Arabidopsis thaliana		vascular	cell_type_original	Root procambium	PO:0006307	pilot_major_cell_family	procambial_lineage	vascular	mapped	expert_defined_many_to_one_from_user_approved_exact_PO_labels; passes_base_gates	826	standardized_h5ad_obs;panel_dataset_label_counts_v1;panel_label_freeze_v1;coarse_label_hierarchy_v1	internal_source_record:not_publicly_portable:data/datasets/Bioinformatics/h5ad/Arabidopsis thaliana_PRJNA649267.h5ad;internal_source_record:not_publicly_portable:workspace/projects/PhyloOpenCell/metadata/panel_dataset_label_counts_v1.tsv.gz;internal_source_record:not_publicly_portable:workspace/projects/PhyloOpenCell/metadata/panel_label_freeze_v1.tsv;internal_source_record:not_publicly_portable:workspace/projects/PhyloOpenCell/metadata/coarse_label_hierarchy_v1.tsv	01ed8a8bd04fc49f6aacc3c2f30faa993ecf5338d7432845b75a743b5873098d;a4bd8efca65e1175053b97dc0836fe8306417dd993d7a864389a5281d37302ea;78a020ef314246281f19dc5eec25dbb28c50c5c376ee9df5a6b5090a0ec7d321;e139f4d944b153210afd8aef98174679bf7caead33207fadc3a2e8c4cb619abb	complete standardized dataset-label count with panel-specific governed mapping	
Arabidopsis thaliana_PRJNA649267|Xylem pole pericycle cell|	Arabidopsis thaliana_PRJNA649267	PRJNA649267	Arabidopsis thaliana			cell_type_original	Xylem pole pericycle cell	PO:0000064				unmapped	candidate_auto_exact; exact_name; Plant Ontology exact lexical match; requires curator acceptance	49	standardized_h5ad_obs;ontology_mapping_candidates;panel_label_freeze_v1	internal_source_record:not_publicly_portable:data/datasets/Bioinformatics/h5ad/Arabidopsis thaliana_PRJNA649267.h5ad;internal_source_record:not_publicly_portable:workspace/projects/PhyloOpenCell/metadata/ontology_mapping_candidates.tsv;internal_source_record:not_publicly_portable:workspace/projects/PhyloOpenCell/metadata/panel_label_freeze_v1.tsv	01ed8a8bd04fc49f6aacc3c2f30faa993ecf5338d7432845b75a743b5873098d;e4a09d28939b9a165661f86d5a2f4fb0c1d33fea1c7465dcc7cf874f0a8238bc;78a020ef314246281f19dc5eec25dbb28c50c5c376ee9df5a6b5090a0ec7d321	complete standardized dataset-label count; no governed panel mapping	not_in_governed_panel_hierarchy
Arabidopsis thaliana_PRJNA659737|Epidermis-like cell|	Arabidopsis thaliana_PRJNA659737	PRJNA659737	Arabidopsis thaliana			cell_type_original	Epidermis-like cell					unmapped	pending_manual_curation; exact_synonym	1729	standardized_h5ad_obs;ontology_mapping_candidates;panel_label_freeze_v1	internal_source_record:not_publicly_portable:data/datasets/Bioinformatics/h5ad/Arabidopsis thaliana_PRJNA659737.h5ad;internal_source_record:not_publicly_portable:workspace/projects/PhyloOpenCell/metadata/ontology_mapping_candidates.tsv;internal_source_record:not_publicly_portable:workspace/projects/PhyloOpenCell/metadata/panel_label_freeze_v1.tsv	dccd70bd3c5d29995368870557620239e2fa5babb2ba708bb58b873196f7ae3e;e4a09d28939b9a165661f86d5a2f4fb0c1d33fea1c7465dcc7cf874f0a8238bc;78a020ef314246281f19dc5eec25dbb28c50c5c376ee9df5a6b5090a0ec7d321	complete standardized dataset-label count; no governed panel mapping	not_in_governed_panel_hierarchy
Arabidopsis thaliana_PRJNA659737|Explant vasculature and callus founder cell|	Arabidopsis thaliana_PRJNA659737	PRJNA659737	Arabidopsis thaliana			cell_type_original	Explant vasculature and callus founder cell					unmapped	pending_manual_curation; exact_synonym	915	standardized_h5ad_obs;ontology_mapping_candidates;panel_label_freeze_v1	internal_source_record:not_publicly_portable:data/datasets/Bioinformatics/h5ad/Arabidopsis thaliana_PRJNA659737.h5ad;internal_source_record:not_publicly_portable:workspace/projects/PhyloOpenCell/metadata/ontology_mapping_candidates.tsv;internal_source_record:not_publicly_portable:workspace/projects/PhyloOpenCell/metadata/panel_label_freeze_v1.tsv	dccd70bd3c5d29995368870557620239e2fa5babb2ba708bb58b873196f7ae3e;e4a09d28939b9a165661f86d5a2f4fb0c1d33fea1c7465dcc7cf874f0a8238bc;78a020ef314246281f19dc5eec25dbb28c50c5c376ee9df5a6b5090a0ec7d321	complete standardized dataset-label count; no governed panel mapping	not_in_governed_panel_hierarchy
Arabidopsis thaliana_PRJNA659737|Lateral root cap like cell|	Arabidopsis thaliana_PRJNA659737	PRJNA659737	Arabidopsis thaliana			cell_type_original	Lateral root cap like cell					unmapped	pending_manual_curation; exact_synonym	184	standardized_h5ad_obs;ontology_mapping_candidates;panel_label_freeze_v1	internal_source_record:not_publicly_portable:data/datasets/Bioinformatics/h5ad/Arabidopsis thaliana_PRJNA659737.h5ad;internal_source_record:not_publicly_portable:workspace/projects/PhyloOpenCell/metadata/ontology_mapping_candidates.tsv;internal_source_record:not_publicly_portable:workspace/projects/PhyloOpenCell/metadata/panel_label_freeze_v1.tsv	dccd70bd3c5d29995368870557620239e2fa5babb2ba708bb58b873196f7ae3e;e4a09d28939b9a165661f86d5a2f4fb0c1d33fea1c7465dcc7cf874f0a8238bc;78a020ef314246281f19dc5eec25dbb28c50c5c376ee9df5a6b5090a0ec7d321	complete standardized dataset-label count; no governed panel mapping	not_in_governed_panel_hierarchy
Arabidopsis thaliana_PRJNA659737|Proliferating cell|	Arabidopsis thaliana_PRJNA659737	PRJNA659737	Arabidopsis thaliana			cell_type_original	Proliferating cell					unmapped	pending_manual_curation; exact_synonym	421	standardized_h5ad_obs;ontology_mapping_candidates;panel_label_freeze_v1	internal_source_record:not_publicly_portable:data/datasets/Bioinformatics/h5ad/Arabidopsis thaliana_PRJNA659737.h5ad;internal_source_record:not_publicly_portable:workspace/projects/PhyloOpenCell/metadata/ontology_mapping_candidates.tsv;internal_source_record:not_publicly_portable:workspace/projects/PhyloOpenCell/metadata/panel_label_freeze_v1.tsv	dccd70bd3c5d29995368870557620239e2fa5babb2ba708bb58b873196f7ae3e;e4a09d28939b9a165661f86d5a2f4fb0c1d33fea1c7465dcc7cf874f0a8238bc;78a020ef314246281f19dc5eec25dbb28c50c5c376ee9df5a6b5090a0ec7d321	complete standardized dataset-label count; no governed panel mapping	not_in_governed_panel_hierarchy
Arabidopsis thaliana_PRJNA659737|Quiescent center-like cell|	Arabidopsis thaliana_PRJNA659737	PRJNA659737	Arabidopsis thaliana			cell_type_original	Quiescent center-like cell					unmapped	pending_manual_curation; exact_synonym	382	standardized_h5ad_obs;ontology_mapping_candidates;panel_label_freeze_v1	internal_source_record:not_publicly_portable:data/datasets/Bioinformatics/h5ad/Arabidopsis thaliana_PRJNA659737.h5ad;internal_source_record:not_publicly_portable:workspace/projects/PhyloOpenCell/metadata/ontology_mapping_candidates.tsv;internal_source_record:not_publicly_portable:workspace/projects/PhyloOpenCell/metadata/panel_label_freeze_v1.tsv	dccd70bd3c5d29995368870557620239e2fa5babb2ba708bb58b873196f7ae3e;e4a09d28939b9a165661f86d5a2f4fb0c1d33fea1c7465dcc7cf874f0a8238bc;78a020ef314246281f19dc5eec25dbb28c50c5c376ee9df5a6b5090a0ec7d321	complete standardized dataset-label count; no governed panel mapping	not_in_governed_panel_hierarchy
Arabidopsis thaliana_PRJNA659737|Unknown|	Arabidopsis thaliana_PRJNA659737	PRJNA659737	Arabidopsis thaliana			cell_type_original	Unknown					unknown	excluded_unknown	366	standardized_h5ad_obs;ontology_mapping_candidates;panel_label_freeze_v1	internal_source_record:not_publicly_portable:data/datasets/Bioinformatics/h5ad/Arabidopsis thaliana_PRJNA659737.h5ad;internal_source_record:not_publicly_portable:workspace/projects/PhyloOpenCell/metadata/ontology_mapping_candidates.tsv;internal_source_record:not_publicly_portable:workspace/projects/PhyloOpenCell/metadata/panel_label_freeze_v1.tsv	dccd70bd3c5d29995368870557620239e2fa5babb2ba708bb58b873196f7ae3e;e4a09d28939b9a165661f86d5a2f4fb0c1d33fea1c7465dcc7cf874f0a8238bc;78a020ef314246281f19dc5eec25dbb28c50c5c376ee9df5a6b5090a0ec7d321	complete standardized dataset-label count; no governed panel mapping	
Arabidopsis thaliana_PRJNA659737|Vascular-initial-like cell|	Arabidopsis thaliana_PRJNA659737	PRJNA659737	Arabidopsis thaliana			cell_type_original	Vascular-initial-like cell					unmapped	pending_manual_curation; exact_synonym	1713	standardized_h5ad_obs;ontology_mapping_candidates;panel_label_freeze_v1	internal_source_record:not_publicly_portable:data/datasets/Bioinformatics/h5ad/Arabidopsis thaliana_PRJNA659737.h5ad;internal_source_record:not_publicly_portable:workspace/projects/PhyloOpenCell/metadata/ontology_mapping_candidates.tsv;internal_source_record:not_publicly_portable:workspace/projects/PhyloOpenCell/metadata/panel_label_freeze_v1.tsv	dccd70bd3c5d29995368870557620239e2fa5babb2ba708bb58b873196f7ae3e;e4a09d28939b9a165661f86d5a2f4fb0c1d33fea1c7465dcc7cf874f0a8238bc;78a020ef314246281f19dc5eec25dbb28c50c5c376ee9df5a6b5090a0ec7d321	complete standardized dataset-label count; no governed panel mapping	not_in_governed_panel_hierarchy
Arabidopsis thaliana_PRJNA664874|Lateral root cap|	Arabidopsis thaliana_PRJNA664874	PRJNA664874	Arabidopsis thaliana			cell_type_original	Lateral root cap	PO:0020131				unmapped	candidate_auto_exact; exact_name; Plant Ontology exact lexical match; requires curator acceptance	180	standardized_h5ad_obs;ontology_mapping_candidates;panel_label_freeze_v1	internal_source_record:not_publicly_portable:data/datasets/Bioinformatics/h5ad/Arabidopsis thaliana_PRJNA664874.h5ad;internal_source_record:not_publicly_portable:workspace/projects/PhyloOpenCell/metadata/ontology_mapping_candidates.tsv;internal_source_record:not_publicly_portable:workspace/projects/PhyloOpenCell/metadata/panel_label_freeze_v1.tsv	19bd114dec6034770d9c3021029978ce759d0139986bc3661415190e37644384;e4a09d28939b9a165661f86d5a2f4fb0c1d33fea1c7465dcc7cf874f0a8238bc;78a020ef314246281f19dc5eec25dbb28c50c5c376ee9df5a6b5090a0ec7d321	complete standardized dataset-label count; no governed panel mapping	not_in_governed_panel_hierarchy
Arabidopsis thaliana_PRJNA664874|Non-hair root epidermal cell|root	Arabidopsis thaliana_PRJNA664874	PRJNA664874	Arabidopsis thaliana		root	cell_type_original	Non-hair root epidermal cell	PO:0000263	pilot_major_cell_family	epidermal_system	root	mapped	expert_defined_many_to_one_from_user_approved_exact_PO_labels; passes_base_gates	55	standardized_h5ad_obs;panel_dataset_label_counts_v1;panel_label_freeze_v1;coarse_label_hierarchy_v1	internal_source_record:not_publicly_portable:data/datasets/Bioinformatics/h5ad/Arabidopsis thaliana_PRJNA664874.h5ad;internal_source_record:not_publicly_portable:workspace/projects/PhyloOpenCell/metadata/panel_dataset_label_counts_v1.tsv.gz;internal_source_record:not_publicly_portable:workspace/projects/PhyloOpenCell/metadata/panel_label_freeze_v1.tsv;internal_source_record:not_publicly_portable:workspace/projects/PhyloOpenCell/metadata/coarse_label_hierarchy_v1.tsv	19bd114dec6034770d9c3021029978ce759d0139986bc3661415190e37644384;a4bd8efca65e1175053b97dc0836fe8306417dd993d7a864389a5281d37302ea;78a020ef314246281f19dc5eec25dbb28c50c5c376ee9df5a6b5090a0ec7d321;e139f4d944b153210afd8aef98174679bf7caead33207fadc3a2e8c4cb619abb	complete standardized dataset-label count with panel-specific governed mapping	
Arabidopsis thaliana_PRJNA664874|Primary xylem|	Arabidopsis thaliana_PRJNA664874	PRJNA664874	Arabidopsis thaliana			cell_type_original	Primary xylem	PO:0005849				unmapped	candidate_auto_exact; exact_name; Plant Ontology exact lexical match; requires curator acceptance	215	standardized_h5ad_obs;ontology_mapping_candidates;panel_label_freeze_v1	internal_source_record:not_publicly_portable:data/datasets/Bioinformatics/h5ad/Arabidopsis thaliana_PRJNA664874.h5ad;internal_source_record:not_publicly_portable:workspace/projects/PhyloOpenCell/metadata/ontology_mapping_candidates.tsv;internal_source_record:not_publicly_portable:workspace/projects/PhyloOpenCell/metadata/panel_label_freeze_v1.tsv	19bd114dec6034770d9c3021029978ce759d0139986bc3661415190e37644384;e4a09d28939b9a165661f86d5a2f4fb0c1d33fea1c7465dcc7cf874f0a8238bc;78a020ef314246281f19dc5eec25dbb28c50c5c376ee9df5a6b5090a0ec7d321	complete standardized dataset-label count; no governed panel mapping	not_in_governed_panel_hierarchy
Arabidopsis thaliana_PRJNA664874|Root cortex|root	Arabidopsis thaliana_PRJNA664874	PRJNA664874	Arabidopsis thaliana		root	cell_type_original	Root cortex	PO:0000258	pilot_major_cell_family	ground_tissue	root	mapped	expert_defined_many_to_one_from_user_approved_exact_PO_labels; passes_base_gates	82	standardized_h5ad_obs;panel_dataset_label_counts_v1;panel_label_freeze_v1;coarse_label_hierarchy_v1	internal_source_record:not_publicly_portable:data/datasets/Bioinformatics/h5ad/Arabidopsis thaliana_PRJNA664874.h5ad;internal_source_record:not_publicly_portable:workspace/projects/PhyloOpenCell/metadata/panel_dataset_label_counts_v1.tsv.gz;internal_source_record:not_publicly_portable:workspace/projects/PhyloOpenCell/metadata/panel_label_freeze_v1.tsv;internal_source_record:not_publicly_portable:workspace/projects/PhyloOpenCell/metadata/coarse_label_hierarchy_v1.tsv	19bd114dec6034770d9c3021029978ce759d0139986bc3661415190e37644384;a4bd8efca65e1175053b97dc0836fe8306417dd993d7a864389a5281d37302ea;78a020ef314246281f19dc5eec25dbb28c50c5c376ee9df5a6b5090a0ec7d321;e139f4d944b153210afd8aef98174679bf7caead33207fadc3a2e8c4cb619abb	complete standardized dataset-label count with panel-specific governed mapping	
Arabidopsis thaliana_PRJNA664874|Root endodermis|root	Arabidopsis thaliana_PRJNA664874	PRJNA664874	Arabidopsis thaliana		root	cell_type_original	Root endodermis	PO:0005059	pilot_major_cell_family	ground_tissue	root	mapped	expert_defined_many_to_one_from_user_approved_exact_PO_labels; passes_base_gates	57	standardized_h5ad_obs;panel_dataset_label_counts_v1;panel_label_freeze_v1;coarse_label_hierarchy_v1	internal_source_record:not_publicly_portable:data/datasets/Bioinformatics/h5ad/Arabidopsis thaliana_PRJNA664874.h5ad;internal_source_record:not_publicly_portable:workspace/projects/PhyloOpenCell/metadata/panel_dataset_label_counts_v1.tsv.gz;internal_source_record:not_publicly_portable:workspace/projects/PhyloOpenCell/metadata/panel_label_freeze_v1.tsv;internal_source_record:not_publicly_portable:workspace/projects/PhyloOpenCell/metadata/coarse_label_hierarchy_v1.tsv	19bd114dec6034770d9c3021029978ce759d0139986bc3661415190e37644384;a4bd8efca65e1175053b97dc0836fe8306417dd993d7a864389a5281d37302ea;78a020ef314246281f19dc5eec25dbb28c50c5c376ee9df5a6b5090a0ec7d321;e139f4d944b153210afd8aef98174679bf7caead33207fadc3a2e8c4cb619abb	complete standardized dataset-label count with panel-specific governed mapping	
Arabidopsis thaliana_PRJNA664874|Root hair cell|root	Arabidopsis thaliana_PRJNA664874	PRJNA664874	Arabidopsis thaliana		root	cell_type_original	Root hair cell	PO:0000256	pilot_major_cell_family	epidermal_system	root	mapped	expert_defined_many_to_one_from_user_approved_exact_PO_labels; passes_base_gates	83	standardized_h5ad_obs;panel_dataset_label_counts_v1;panel_label_freeze_v1;coarse_label_hierarchy_v1	internal_source_record:not_publicly_portable:data/datasets/Bioinformatics/h5ad/Arabidopsis thaliana_PRJNA664874.h5ad;internal_source_record:not_publicly_portable:workspace/projects/PhyloOpenCell/metadata/panel_dataset_label_counts_v1.tsv.gz;internal_source_record:not_publicly_portable:workspace/projects/PhyloOpenCell/metadata/panel_label_freeze_v1.tsv;internal_source_record:not_publicly_portable:workspace/projects/PhyloOpenCell/metadata/coarse_label_hierarchy_v1.tsv	19bd114dec6034770d9c3021029978ce759d0139986bc3661415190e37644384;a4bd8efca65e1175053b97dc0836fe8306417dd993d7a864389a5281d37302ea;78a020ef314246281f19dc5eec25dbb28c50c5c376ee9df5a6b5090a0ec7d321;e139f4d944b153210afd8aef98174679bf7caead33207fadc3a2e8c4cb619abb	complete standardized dataset-label count with panel-specific governed mapping	
Arabidopsis thaliana_PRJNA664874|Unknown|	Arabidopsis thaliana_PRJNA664874	PRJNA664874	Arabidopsis thaliana			cell_type_original	Unknown					unknown	excluded_unknown	602	standardized_h5ad_obs;ontology_mapping_candidates;panel_label_freeze_v1	internal_source_record:not_publicly_portable:data/datasets/Bioinformatics/h5ad/Arabidopsis thaliana_PRJNA664874.h5ad;internal_source_record:not_publicly_portable:workspace/projects/PhyloOpenCell/metadata/ontology_mapping_candidates.tsv;internal_source_record:not_publicly_portable:workspace/projects/PhyloOpenCell/metadata/panel_label_freeze_v1.tsv	19bd114dec6034770d9c3021029978ce759d0139986bc3661415190e37644384;e4a09d28939b9a165661f86d5a2f4fb0c1d33fea1c7465dcc7cf874f0a8238bc;78a020ef314246281f19dc5eec25dbb28c50c5c376ee9df5a6b5090a0ec7d321	complete standardized dataset-label count; no governed panel mapping	
Arabidopsis thaliana_PRJNA666436|Columella root cap cell|root	Arabidopsis thaliana_PRJNA666436	PRJNA666436	Arabidopsis thaliana		root	cell_type_original	Columella root cap cell	PO:0020132	pilot_major_cell_family	root_cap	root	mapped	expert_defined_many_to_one_from_user_approved_exact_PO_labels; passes_base_gates	425	standardized_h5ad_obs;panel_dataset_label_counts_v1;panel_label_freeze_v1;coarse_label_hierarchy_v1	internal_source_record:not_publicly_portable:data/datasets/Bioinformatics/h5ad/Arabidopsis thaliana_PRJNA666436.h5ad;internal_source_record:not_publicly_portable:workspace/projects/PhyloOpenCell/metadata/panel_dataset_label_counts_v1.tsv.gz;internal_source_record:not_publicly_portable:workspace/projects/PhyloOpenCell/metadata/panel_label_freeze_v1.tsv;internal_source_record:not_publicly_portable:workspace/projects/PhyloOpenCell/metadata/coarse_label_hierarchy_v1.tsv	4d488c29a75f03f8cb25e637c1bc05a400186aa43e456da2de71f7dd59b14f6e;a4bd8efca65e1175053b97dc0836fe8306417dd993d7a864389a5281d37302ea;78a020ef314246281f19dc5eec25dbb28c50c5c376ee9df5a6b5090a0ec7d321;e139f4d944b153210afd8aef98174679bf7caead33207fadc3a2e8c4cb619abb	complete standardized dataset-label count with panel-specific governed mapping	
Arabidopsis thaliana_PRJNA666436|Companion cell|vascular	Arabidopsis thaliana_PRJNA666436	PRJNA666436	Arabidopsis thaliana		vascular	cell_type_original	Companion cell	PO:0000071	pilot_major_cell_family	phloem_lineage	vascular	mapped	expert_defined_many_to_one_from_user_approved_exact_PO_labels; passes_base_gates	1214	standardized_h5ad_obs;panel_dataset_label_counts_v1;panel_label_freeze_v1;coarse_label_hierarchy_v1	internal_source_record:not_publicly_portable:data/datasets/Bioinformatics/h5ad/Arabidopsis thaliana_PRJNA666436.h5ad;internal_source_record:not_publicly_portable:workspace/projects/PhyloOpenCell/metadata/panel_dataset_label_counts_v1.tsv.gz;internal_source_record:not_publicly_portable:workspace/projects/PhyloOpenCell/metadata/panel_label_freeze_v1.tsv;internal_source_record:not_publicly_portable:workspace/projects/PhyloOpenCell/metadata/coarse_label_hierarchy_v1.tsv	4d488c29a75f03f8cb25e637c1bc05a400186aa43e456da2de71f7dd59b14f6e;a4bd8efca65e1175053b97dc0836fe8306417dd993d7a864389a5281d37302ea;78a020ef314246281f19dc5eec25dbb28c50c5c376ee9df5a6b5090a0ec7d321;e139f4d944b153210afd8aef98174679bf7caead33207fadc3a2e8c4cb619abb	complete standardized dataset-label count with panel-specific governed mapping	
Arabidopsis thaliana_PRJNA666436|Lateral root cap|	Arabidopsis thaliana_PRJNA666436	PRJNA666436	Arabidopsis thaliana			cell_type_original	Lateral root cap	PO:0020131				unmapped	candidate_auto_exact; exact_name; Plant Ontology exact lexical match; requires curator acceptance	4358	standardized_h5ad_obs;ontology_mapping_candidates;panel_label_freeze_v1	internal_source_record:not_publicly_portable:data/datasets/Bioinformatics/h5ad/Arabidopsis thaliana_PRJNA666436.h5ad;internal_source_record:not_publicly_portable:workspace/projects/PhyloOpenCell/metadata/ontology_mapping_candidates.tsv;internal_source_record:not_publicly_portable:workspace/projects/PhyloOpenCell/metadata/panel_label_freeze_v1.tsv	4d488c29a75f03f8cb25e637c1bc05a400186aa43e456da2de71f7dd59b14f6e;e4a09d28939b9a165661f86d5a2f4fb0c1d33fea1c7465dcc7cf874f0a8238bc;78a020ef314246281f19dc5eec25dbb28c50c5c376ee9df5a6b5090a0ec7d321	complete standardized dataset-label count; no governed panel mapping	not_in_governed_panel_hierarchy
Arabidopsis thaliana_PRJNA666436|Non-hair root epidermal cell|root	Arabidopsis thaliana_PRJNA666436	PRJNA666436	Arabidopsis thaliana		root	cell_type_original	Non-hair root epidermal cell	PO:0000263	pilot_major_cell_family	epidermal_system	root	mapped	expert_defined_many_to_one_from_user_approved_exact_PO_labels; passes_base_gates	1525	standardized_h5ad_obs;panel_dataset_label_counts_v1;panel_label_freeze_v1;coarse_label_hierarchy_v1	internal_source_record:not_publicly_portable:data/datasets/Bioinformatics/h5ad/Arabidopsis thaliana_PRJNA666436.h5ad;internal_source_record:not_publicly_portable:workspace/projects/PhyloOpenCell/metadata/panel_dataset_label_counts_v1.tsv.gz;internal_source_record:not_publicly_portable:workspace/projects/PhyloOpenCell/metadata/panel_label_freeze_v1.tsv;internal_source_record:not_publicly_portable:workspace/projects/PhyloOpenCell/metadata/coarse_label_hierarchy_v1.tsv	4d488c29a75f03f8cb25e637c1bc05a400186aa43e456da2de71f7dd59b14f6e;a4bd8efca65e1175053b97dc0836fe8306417dd993d7a864389a5281d37302ea;78a020ef314246281f19dc5eec25dbb28c50c5c376ee9df5a6b5090a0ec7d321;e139f4d944b153210afd8aef98174679bf7caead33207fadc3a2e8c4cb619abb	complete standardized dataset-label count with panel-specific governed mapping	
Arabidopsis thaliana_PRJNA666436|Pericycle cell|root	Arabidopsis thaliana_PRJNA666436	PRJNA666436	Arabidopsis thaliana		root	cell_type_original	Pericycle cell	PO:0025261	pilot_major_cell_family	stele_lineage	root	mapped	expert_defined_many_to_one_from_user_approved_exact_PO_labels; passes_base_gates	2482	standardized_h5ad_obs;panel_dataset_label_counts_v1;panel_label_freeze_v1;coarse_label_hierarchy_v1	internal_source_record:not_publicly_portable:data/datasets/Bioinformatics/h5ad/Arabidopsis thaliana_PRJNA666436.h5ad;internal_source_record:not_publicly_portable:workspace/projects/PhyloOpenCell/metadata/panel_dataset_label_counts_v1.tsv.gz;internal_source_record:not_publicly_portable:workspace/projects/PhyloOpenCell/metadata/panel_label_freeze_v1.tsv;internal_source_record:not_publicly_portable:workspace/projects/PhyloOpenCell/metadata/coarse_label_hierarchy_v1.tsv	4d488c29a75f03f8cb25e637c1bc05a400186aa43e456da2de71f7dd59b14f6e;a4bd8efca65e1175053b97dc0836fe8306417dd993d7a864389a5281d37302ea;78a020ef314246281f19dc5eec25dbb28c50c5c376ee9df5a6b5090a0ec7d321;e139f4d944b153210afd8aef98174679bf7caead33207fadc3a2e8c4cb619abb	complete standardized dataset-label count with panel-specific governed mapping	
Arabidopsis thaliana_PRJNA666436|Phloem pole pericycle cell|	Arabidopsis thaliana_PRJNA666436	PRJNA666436	Arabidopsis thaliana			cell_type_original	Phloem pole pericycle cell	PO:0000065				unmapped	candidate_auto_exact; exact_name; Plant Ontology exact lexical match; requires curator acceptance	3089	standardized_h5ad_obs;ontology_mapping_candidates;panel_label_freeze_v1	internal_source_record:not_publicly_portable:data/datasets/Bioinformatics/h5ad/Arabidopsis thaliana_PRJNA666436.h5ad;internal_source_record:not_publicly_portable:workspace/projects/PhyloOpenCell/metadata/ontology_mapping_candidates.tsv;internal_source_record:not_publicly_portable:workspace/projects/PhyloOpenCell/metadata/panel_label_freeze_v1.tsv	4d488c29a75f03f8cb25e637c1bc05a400186aa43e456da2de71f7dd59b14f6e;e4a09d28939b9a165661f86d5a2f4fb0c1d33fea1c7465dcc7cf874f0a8238bc;78a020ef314246281f19dc5eec25dbb28c50c5c376ee9df5a6b5090a0ec7d321	complete standardized dataset-label count; no governed panel mapping	not_in_governed_panel_hierarchy
Arabidopsis thaliana_PRJNA666436|Primary phloem|	Arabidopsis thaliana_PRJNA666436	PRJNA666436	Arabidopsis thaliana			cell_type_original	Primary phloem	PO:0006075				unmapped	candidate_auto_exact; exact_name; Plant Ontology exact lexical match; requires curator acceptance	500	standardized_h5ad_obs;ontology_mapping_candidates;panel_label_freeze_v1	internal_source_record:not_publicly_portable:data/datasets/Bioinformatics/h5ad/Arabidopsis thaliana_PRJNA666436.h5ad;internal_source_record:not_publicly_portable:workspace/projects/PhyloOpenCell/metadata/ontology_mapping_candidates.tsv;internal_source_record:not_publicly_portable:workspace/projects/PhyloOpenCell/metadata/panel_label_freeze_v1.tsv	4d488c29a75f03f8cb25e637c1bc05a400186aa43e456da2de71f7dd59b14f6e;e4a09d28939b9a165661f86d5a2f4fb0c1d33fea1c7465dcc7cf874f0a8238bc;78a020ef314246281f19dc5eec25dbb28c50c5c376ee9df5a6b5090a0ec7d321	complete standardized dataset-label count; no governed panel mapping	not_in_governed_panel_hierarchy
Arabidopsis thaliana_PRJNA666436|Primary xylem|	Arabidopsis thaliana_PRJNA666436	PRJNA666436	Arabidopsis thaliana			cell_type_original	Primary xylem	PO:0005849				unmapped	candidate_auto_exact; exact_name; Plant Ontology exact lexical match; requires curator acceptance	743	standardized_h5ad_obs;ontology_mapping_candidates;panel_label_freeze_v1	internal_source_record:not_publicly_portable:data/datasets/Bioinformatics/h5ad/Arabidopsis thaliana_PRJNA666436.h5ad;internal_source_record:not_publicly_portable:workspace/projects/PhyloOpenCell/metadata/ontology_mapping_candidates.tsv;internal_source_record:not_publicly_portable:workspace/projects/PhyloOpenCell/metadata/panel_label_freeze_v1.tsv	4d488c29a75f03f8cb25e637c1bc05a400186aa43e456da2de71f7dd59b14f6e;e4a09d28939b9a165661f86d5a2f4fb0c1d33fea1c7465dcc7cf874f0a8238bc;78a020ef314246281f19dc5eec25dbb28c50c5c376ee9df5a6b5090a0ec7d321	complete standardized dataset-label count; no governed panel mapping	not_in_governed_panel_hierarchy
Arabidopsis thaliana_PRJNA666436|Root cortex|root	Arabidopsis thaliana_PRJNA666436	PRJNA666436	Arabidopsis thaliana		root	cell_type_original	Root cortex	PO:0000258	pilot_major_cell_family	ground_tissue	root	mapped	expert_defined_many_to_one_from_user_approved_exact_PO_labels; passes_base_gates	725	standardized_h5ad_obs;panel_dataset_label_counts_v1;panel_label_freeze_v1;coarse_label_hierarchy_v1	internal_source_record:not_publicly_portable:data/datasets/Bioinformatics/h5ad/Arabidopsis thaliana_PRJNA666436.h5ad;internal_source_record:not_publicly_portable:workspace/projects/PhyloOpenCell/metadata/panel_dataset_label_counts_v1.tsv.gz;internal_source_record:not_publicly_portable:workspace/projects/PhyloOpenCell/metadata/panel_label_freeze_v1.tsv;internal_source_record:not_publicly_portable:workspace/projects/PhyloOpenCell/metadata/coarse_label_hierarchy_v1.tsv	4d488c29a75f03f8cb25e637c1bc05a400186aa43e456da2de71f7dd59b14f6e;a4bd8efca65e1175053b97dc0836fe8306417dd993d7a864389a5281d37302ea;78a020ef314246281f19dc5eec25dbb28c50c5c376ee9df5a6b5090a0ec7d321;e139f4d944b153210afd8aef98174679bf7caead33207fadc3a2e8c4cb619abb	complete standardized dataset-label count with panel-specific governed mapping	
Arabidopsis thaliana_PRJNA666436|Root endodermis|root	Arabidopsis thaliana_PRJNA666436	PRJNA666436	Arabidopsis thaliana		root	cell_type_original	Root endodermis	PO:0005059	pilot_major_cell_family	ground_tissue	root	mapped	expert_defined_many_to_one_from_user_approved_exact_PO_labels; passes_base_gates	977	standardized_h5ad_obs;panel_dataset_label_counts_v1;panel_label_freeze_v1;coarse_label_hierarchy_v1	internal_source_record:not_publicly_portable:data/datasets/Bioinformatics/h5ad/Arabidopsis thaliana_PRJNA666436.h5ad;internal_source_record:not_publicly_portable:workspace/projects/PhyloOpenCell/metadata/panel_dataset_label_counts_v1.tsv.gz;internal_source_record:not_publicly_portable:workspace/projects/PhyloOpenCell/metadata/panel_label_freeze_v1.tsv;internal_source_record:not_publicly_portable:workspace/projects/PhyloOpenCell/metadata/coarse_label_hierarchy_v1.tsv	4d488c29a75f03f8cb25e637c1bc05a400186aa43e456da2de71f7dd59b14f6e;a4bd8efca65e1175053b97dc0836fe8306417dd993d7a864389a5281d37302ea;78a020ef314246281f19dc5eec25dbb28c50c5c376ee9df5a6b5090a0ec7d321;e139f4d944b153210afd8aef98174679bf7caead33207fadc3a2e8c4cb619abb	complete standardized dataset-label count with panel-specific governed mapping	
Arabidopsis thaliana_PRJNA666436|Root hair cell|root	Arabidopsis thaliana_PRJNA666436	PRJNA666436	Arabidopsis thaliana		root	cell_type_original	Root hair cell	PO:0000256	pilot_major_cell_family	epidermal_system	root	mapped	expert_defined_many_to_one_from_user_approved_exact_PO_labels; passes_base_gates	591	standardized_h5ad_obs;panel_dataset_label_counts_v1;panel_label_freeze_v1;coarse_label_hierarchy_v1	internal_source_record:not_publicly_portable:data/datasets/Bioinformatics/h5ad/Arabidopsis thaliana_PRJNA666436.h5ad;internal_source_record:not_publicly_portable:workspace/projects/PhyloOpenCell/metadata/panel_dataset_label_counts_v1.tsv.gz;internal_source_record:not_publicly_portable:workspace/projects/PhyloOpenCell/metadata/panel_label_freeze_v1.tsv;internal_source_record:not_publicly_portable:workspace/projects/PhyloOpenCell/metadata/coarse_label_hierarchy_v1.tsv	4d488c29a75f03f8cb25e637c1bc05a400186aa43e456da2de71f7dd59b14f6e;a4bd8efca65e1175053b97dc0836fe8306417dd993d7a864389a5281d37302ea;78a020ef314246281f19dc5eec25dbb28c50c5c376ee9df5a6b5090a0ec7d321;e139f4d944b153210afd8aef98174679bf7caead33207fadc3a2e8c4cb619abb	complete standardized dataset-label count with panel-specific governed mapping	
Arabidopsis thaliana_PRJNA666436|Root meristem|	Arabidopsis thaliana_PRJNA666436	PRJNA666436	Arabidopsis thaliana			cell_type_original	Root meristem	PO:0006085				unmapped	candidate_auto_exact; exact_name; Plant Ontology exact lexical match; requires curator acceptance	1016	standardized_h5ad_obs;ontology_mapping_candidates;panel_label_freeze_v1	internal_source_record:not_publicly_portable:data/datasets/Bioinformatics/h5ad/Arabidopsis thaliana_PRJNA666436.h5ad;internal_source_record:not_publicly_portable:workspace/projects/PhyloOpenCell/metadata/ontology_mapping_candidates.tsv;internal_source_record:not_publicly_portable:workspace/projects/PhyloOpenCell/metadata/panel_label_freeze_v1.tsv	4d488c29a75f03f8cb25e637c1bc05a400186aa43e456da2de71f7dd59b14f6e;e4a09d28939b9a165661f86d5a2f4fb0c1d33fea1c7465dcc7cf874f0a8238bc;78a020ef314246281f19dc5eec25dbb28c50c5c376ee9df5a6b5090a0ec7d321	complete standardized dataset-label count; no governed panel mapping	not_in_governed_panel_hierarchy
Arabidopsis thaliana_PRJNA666436|Xylem pole pericycle cell|	Arabidopsis thaliana_PRJNA666436	PRJNA666436	Arabidopsis thaliana			cell_type_original	Xylem pole pericycle cell	PO:0000064				unmapped	candidate_auto_exact; exact_name; Plant Ontology exact lexical match; requires curator acceptance	1214	standardized_h5ad_obs;ontology_mapping_candidates;panel_label_freeze_v1	internal_source_record:not_publicly_portable:data/datasets/Bioinformatics/h5ad/Arabidopsis thaliana_PRJNA666436.h5ad;internal_source_record:not_publicly_portable:workspace/projects/PhyloOpenCell/metadata/ontology_mapping_candidates.tsv;internal_source_record:not_publicly_portable:workspace/projects/PhyloOpenCell/metadata/panel_label_freeze_v1.tsv	4d488c29a75f03f8cb25e637c1bc05a400186aa43e456da2de71f7dd59b14f6e;e4a09d28939b9a165661f86d5a2f4fb0c1d33fea1c7465dcc7cf874f0a8238bc;78a020ef314246281f19dc5eec25dbb28c50c5c376ee9df5a6b5090a0ec7d321	complete standardized dataset-label count; no governed panel mapping	not_in_governed_panel_hierarchy
Arabidopsis thaliana_PRJNA678377|Bundle sheath cell|leaf	Arabidopsis thaliana_PRJNA678377	PRJNA678377	Arabidopsis thaliana		leaf	cell_type_original	Bundle sheath cell	PO:0025541	pilot_major_cell_family	photosynthetic_ground_tissue	leaf	mapped	expert_defined_many_to_one_from_user_approved_exact_PO_labels; passes_base_gates	419	standardized_h5ad_obs;panel_dataset_label_counts_v1;panel_label_freeze_v1;coarse_label_hierarchy_v1	internal_source_record:not_publicly_portable:data/datasets/Bioinformatics/h5ad/Arabidopsis thaliana_PRJNA678377.h5ad;internal_source_record:not_publicly_portable:workspace/projects/PhyloOpenCell/metadata/panel_dataset_label_counts_v1.tsv.gz;internal_source_record:not_publicly_portable:workspace/projects/PhyloOpenCell/metadata/panel_label_freeze_v1.tsv;internal_source_record:not_publicly_portable:workspace/projects/PhyloOpenCell/metadata/coarse_label_hierarchy_v1.tsv	8da4619f556e935a8a8a8443e772553953da7129650edce453b8d4ca424c6ce4;a4bd8efca65e1175053b97dc0836fe8306417dd993d7a864389a5281d37302ea;78a020ef314246281f19dc5eec25dbb28c50c5c376ee9df5a6b5090a0ec7d321;e139f4d944b153210afd8aef98174679bf7caead33207fadc3a2e8c4cb619abb	complete standardized dataset-label count with panel-specific governed mapping	
Arabidopsis thaliana_PRJNA678377|Companion cell|vascular	Arabidopsis thaliana_PRJNA678377	PRJNA678377	Arabidopsis thaliana		vascular	cell_type_original	Companion cell	PO:0000071	pilot_major_cell_family	phloem_lineage	vascular	mapped	expert_defined_many_to_one_from_user_approved_exact_PO_labels; passes_base_gates	105	standardized_h5ad_obs;panel_dataset_label_counts_v1;panel_label_freeze_v1;coarse_label_hierarchy_v1	internal_source_record:not_publicly_portable:data/datasets/Bioinformatics/h5ad/Arabidopsis thaliana_PRJNA678377.h5ad;internal_source_record:not_publicly_portable:workspace/projects/PhyloOpenCell/metadata/panel_dataset_label_counts_v1.tsv.gz;internal_source_record:not_publicly_portable:workspace/projects/PhyloOpenCell/metadata/panel_label_freeze_v1.tsv;internal_source_record:not_publicly_portable:workspace/projects/PhyloOpenCell/metadata/coarse_label_hierarchy_v1.tsv	8da4619f556e935a8a8a8443e772553953da7129650edce453b8d4ca424c6ce4;a4bd8efca65e1175053b97dc0836fe8306417dd993d7a864389a5281d37302ea;78a020ef314246281f19dc5eec25dbb28c50c5c376ee9df5a6b5090a0ec7d321;e139f4d944b153210afd8aef98174679bf7caead33207fadc3a2e8c4cb619abb	complete standardized dataset-label count with panel-specific governed mapping	
Arabidopsis thaliana_PRJNA678377|Leaf guard cell|leaf	Arabidopsis thaliana_PRJNA678377	PRJNA678377	Arabidopsis thaliana		leaf	cell_type_original	Leaf guard cell	PO:0025237	pilot_major_cell_family	epidermal_system	leaf	mapped	expert_defined_many_to_one_from_user_approved_exact_PO_labels; passes_base_gates	71	standardized_h5ad_obs;panel_dataset_label_counts_v1;panel_label_freeze_v1;coarse_label_hierarchy_v1	internal_source_record:not_publicly_portable:data/datasets/Bioinformatics/h5ad/Arabidopsis thaliana_PRJNA678377.h5ad;internal_source_record:not_publicly_portable:workspace/projects/PhyloOpenCell/metadata/panel_dataset_label_counts_v1.tsv.gz;internal_source_record:not_publicly_portable:workspace/projects/PhyloOpenCell/metadata/panel_label_freeze_v1.tsv;internal_source_record:not_publicly_portable:workspace/projects/PhyloOpenCell/metadata/coarse_label_hierarchy_v1.tsv	8da4619f556e935a8a8a8443e772553953da7129650edce453b8d4ca424c6ce4;a4bd8efca65e1175053b97dc0836fe8306417dd993d7a864389a5281d37302ea;78a020ef314246281f19dc5eec25dbb28c50c5c376ee9df5a6b5090a0ec7d321;e139f4d944b153210afd8aef98174679bf7caead33207fadc3a2e8c4cb619abb	complete standardized dataset-label count with panel-specific governed mapping	
Arabidopsis thaliana_PRJNA678377|Leaf lamina epidermis|leaf	Arabidopsis thaliana_PRJNA678377	PRJNA678377	Arabidopsis thaliana		leaf	cell_type_original	Leaf lamina epidermis	PO:0000047	pilot_major_cell_family	epidermal_system	leaf	mapped	expert_defined_many_to_one_from_user_approved_exact_PO_labels; passes_base_gates	177	standardized_h5ad_obs;panel_dataset_label_counts_v1;panel_label_freeze_v1;coarse_label_hierarchy_v1	internal_source_record:not_publicly_portable:data/datasets/Bioinformatics/h5ad/Arabidopsis thaliana_PRJNA678377.h5ad;internal_source_record:not_publicly_portable:workspace/projects/PhyloOpenCell/metadata/panel_dataset_label_counts_v1.tsv.gz;internal_source_record:not_publicly_portable:workspace/projects/PhyloOpenCell/metadata/panel_label_freeze_v1.tsv;internal_source_record:not_publicly_portable:workspace/projects/PhyloOpenCell/metadata/coarse_label_hierarchy_v1.tsv	8da4619f556e935a8a8a8443e772553953da7129650edce453b8d4ca424c6ce4;a4bd8efca65e1175053b97dc0836fe8306417dd993d7a864389a5281d37302ea;78a020ef314246281f19dc5eec25dbb28c50c5c376ee9df5a6b5090a0ec7d321;e139f4d944b153210afd8aef98174679bf7caead33207fadc3a2e8c4cb619abb	complete standardized dataset-label count with panel-specific governed mapping	
Arabidopsis thaliana_PRJNA678377|Mesophyll cell|leaf	Arabidopsis thaliana_PRJNA678377	PRJNA678377	Arabidopsis thaliana		leaf	cell_type_original	Mesophyll cell	PO:0004006	pilot_major_cell_family	photosynthetic_ground_tissue	leaf	mapped	expert_defined_many_to_one_from_user_approved_exact_PO_labels; passes_base_gates	4220	standardized_h5ad_obs;panel_dataset_label_counts_v1;panel_label_freeze_v1;coarse_label_hierarchy_v1	internal_source_record:not_publicly_portable:data/datasets/Bioinformatics/h5ad/Arabidopsis thaliana_PRJNA678377.h5ad;internal_source_record:not_publicly_portable:workspace/projects/PhyloOpenCell/metadata/panel_dataset_label_counts_v1.tsv.gz;internal_source_record:not_publicly_portable:workspace/projects/PhyloOpenCell/metadata/panel_label_freeze_v1.tsv;internal_source_record:not_publicly_portable:workspace/projects/PhyloOpenCell/metadata/coarse_label_hierarchy_v1.tsv	8da4619f556e935a8a8a8443e772553953da7129650edce453b8d4ca424c6ce4;a4bd8efca65e1175053b97dc0836fe8306417dd993d7a864389a5281d37302ea;78a020ef314246281f19dc5eec25dbb28c50c5c376ee9df5a6b5090a0ec7d321;e139f4d944b153210afd8aef98174679bf7caead33207fadc3a2e8c4cb619abb	complete standardized dataset-label count with panel-specific governed mapping	
Arabidopsis thaliana_PRJNA678377|Phloem parenchyma cell|vascular	Arabidopsis thaliana_PRJNA678377	PRJNA678377	Arabidopsis thaliana		vascular	cell_type_original	Phloem parenchyma cell	PO:0025627	pilot_major_cell_family	phloem_lineage	vascular	mapped	expert_defined_many_to_one_from_user_approved_exact_PO_labels; passes_base_gates	336	standardized_h5ad_obs;panel_dataset_label_counts_v1;panel_label_freeze_v1;coarse_label_hierarchy_v1	internal_source_record:not_publicly_portable:data/datasets/Bioinformatics/h5ad/Arabidopsis thaliana_PRJNA678377.h5ad;internal_source_record:not_publicly_portable:workspace/projects/PhyloOpenCell/metadata/panel_dataset_label_counts_v1.tsv.gz;internal_source_record:not_publicly_portable:workspace/projects/PhyloOpenCell/metadata/panel_label_freeze_v1.tsv;internal_source_record:not_publicly_portable:workspace/projects/PhyloOpenCell/metadata/coarse_label_hierarchy_v1.tsv	8da4619f556e935a8a8a8443e772553953da7129650edce453b8d4ca424c6ce4;a4bd8efca65e1175053b97dc0836fe8306417dd993d7a864389a5281d37302ea;78a020ef314246281f19dc5eec25dbb28c50c5c376ee9df5a6b5090a0ec7d321;e139f4d944b153210afd8aef98174679bf7caead33207fadc3a2e8c4cb619abb	complete standardized dataset-label count with panel-specific governed mapping	
Arabidopsis thaliana_PRJNA680241|Root cortex|root	Arabidopsis thaliana_PRJNA680241	PRJNA680241	Arabidopsis thaliana	lateral root	root	cell_type_original	Root cortex	PO:0000258	pilot_major_cell_family	ground_tissue	root	mapped	expert_defined_many_to_one_from_user_approved_exact_PO_labels; passes_base_gates	60	standardized_h5ad_obs;panel_dataset_label_counts_v1;panel_label_freeze_v1;coarse_label_hierarchy_v1	internal_source_record:not_publicly_portable:data/datasets/Bioinformatics/h5ad/Arabidopsis thaliana_PRJNA680241.h5ad;internal_source_record:not_publicly_portable:workspace/projects/PhyloOpenCell/metadata/panel_dataset_label_counts_v1.tsv.gz;internal_source_record:not_publicly_portable:workspace/projects/PhyloOpenCell/metadata/panel_label_freeze_v1.tsv;internal_source_record:not_publicly_portable:workspace/projects/PhyloOpenCell/metadata/coarse_label_hierarchy_v1.tsv	8e2a9d741ca833454f084971e7b02ba8211ac2e3ac5a88ff96d9731dc340f966;a4bd8efca65e1175053b97dc0836fe8306417dd993d7a864389a5281d37302ea;78a020ef314246281f19dc5eec25dbb28c50c5c376ee9df5a6b5090a0ec7d321;e139f4d944b153210afd8aef98174679bf7caead33207fadc3a2e8c4cb619abb	complete standardized dataset-label count with panel-specific governed mapping	
Arabidopsis thaliana_PRJNA680241|Root endodermis|root	Arabidopsis thaliana_PRJNA680241	PRJNA680241	Arabidopsis thaliana	lateral root	root	cell_type_original	Root endodermis	PO:0005059	pilot_major_cell_family	ground_tissue	root	mapped	expert_defined_many_to_one_from_user_approved_exact_PO_labels; passes_base_gates	75	standardized_h5ad_obs;panel_dataset_label_counts_v1;panel_label_freeze_v1;coarse_label_hierarchy_v1	internal_source_record:not_publicly_portable:data/datasets/Bioinformatics/h5ad/Arabidopsis thaliana_PRJNA680241.h5ad;internal_source_record:not_publicly_portable:workspace/projects/PhyloOpenCell/metadata/panel_dataset_label_counts_v1.tsv.gz;internal_source_record:not_publicly_portable:workspace/projects/PhyloOpenCell/metadata/panel_label_freeze_v1.tsv;internal_source_record:not_publicly_portable:workspace/projects/PhyloOpenCell/metadata/coarse_label_hierarchy_v1.tsv	8e2a9d741ca833454f084971e7b02ba8211ac2e3ac5a88ff96d9731dc340f966;a4bd8efca65e1175053b97dc0836fe8306417dd993d7a864389a5281d37302ea;78a020ef314246281f19dc5eec25dbb28c50c5c376ee9df5a6b5090a0ec7d321;e139f4d944b153210afd8aef98174679bf7caead33207fadc3a2e8c4cb619abb	complete standardized dataset-label count with panel-specific governed mapping	
Arabidopsis thaliana_PRJNA680241|Unknown|	Arabidopsis thaliana_PRJNA680241	PRJNA680241	Arabidopsis thaliana	lateral root		cell_type_original	Unknown					unknown	excluded_unknown	210	standardized_h5ad_obs;ontology_mapping_candidates;panel_label_freeze_v1	internal_source_record:not_publicly_portable:data/datasets/Bioinformatics/h5ad/Arabidopsis thaliana_PRJNA680241.h5ad;internal_source_record:not_publicly_portable:workspace/projects/PhyloOpenCell/metadata/ontology_mapping_candidates.tsv;internal_source_record:not_publicly_portable:workspace/projects/PhyloOpenCell/metadata/panel_label_freeze_v1.tsv	8e2a9d741ca833454f084971e7b02ba8211ac2e3ac5a88ff96d9731dc340f966;e4a09d28939b9a165661f86d5a2f4fb0c1d33fea1c7465dcc7cf874f0a8238bc;78a020ef314246281f19dc5eec25dbb28c50c5c376ee9df5a6b5090a0ec7d321	complete standardized dataset-label count; no governed panel mapping	
Arabidopsis thaliana_PRJNA703045|Leaf guard cell|leaf	Arabidopsis thaliana_PRJNA703045	PRJNA703045	Arabidopsis thaliana		leaf	cell_type_original	Leaf guard cell	PO:0025237	pilot_major_cell_family	epidermal_system	leaf	mapped	expert_defined_many_to_one_from_user_approved_exact_PO_labels; passes_base_gates	1352	standardized_h5ad_obs;panel_dataset_label_counts_v1;panel_label_freeze_v1;coarse_label_hierarchy_v1	internal_source_record:not_publicly_portable:data/datasets/Bioinformatics/h5ad/Arabidopsis thaliana_PRJNA703045.h5ad;internal_source_record:not_publicly_portable:workspace/projects/PhyloOpenCell/metadata/panel_dataset_label_counts_v1.tsv.gz;internal_source_record:not_publicly_portable:workspace/projects/PhyloOpenCell/metadata/panel_label_freeze_v1.tsv;internal_source_record:not_publicly_portable:workspace/projects/PhyloOpenCell/metadata/coarse_label_hierarchy_v1.tsv	d3adc1221b2293332fc5cab85dba16f708da92db0bfbac05d6ed3fb3fac7d5ae;a4bd8efca65e1175053b97dc0836fe8306417dd993d7a864389a5281d37302ea;78a020ef314246281f19dc5eec25dbb28c50c5c376ee9df5a6b5090a0ec7d321;e139f4d944b153210afd8aef98174679bf7caead33207fadc3a2e8c4cb619abb	complete standardized dataset-label count with panel-specific governed mapping	
Arabidopsis thaliana_PRJNA703045|Leaf lamina epidermis|leaf	Arabidopsis thaliana_PRJNA703045	PRJNA703045	Arabidopsis thaliana		leaf	cell_type_original	Leaf lamina epidermis	PO:0000047	pilot_major_cell_family	epidermal_system	leaf	mapped	expert_defined_many_to_one_from_user_approved_exact_PO_labels; passes_base_gates	488	standardized_h5ad_obs;panel_dataset_label_counts_v1;panel_label_freeze_v1;coarse_label_hierarchy_v1	internal_source_record:not_publicly_portable:data/datasets/Bioinformatics/h5ad/Arabidopsis thaliana_PRJNA703045.h5ad;internal_source_record:not_publicly_portable:workspace/projects/PhyloOpenCell/metadata/panel_dataset_label_counts_v1.tsv.gz;internal_source_record:not_publicly_portable:workspace/projects/PhyloOpenCell/metadata/panel_label_freeze_v1.tsv;internal_source_record:not_publicly_portable:workspace/projects/PhyloOpenCell/metadata/coarse_label_hierarchy_v1.tsv	d3adc1221b2293332fc5cab85dba16f708da92db0bfbac05d6ed3fb3fac7d5ae;a4bd8efca65e1175053b97dc0836fe8306417dd993d7a864389a5281d37302ea;78a020ef314246281f19dc5eec25dbb28c50c5c376ee9df5a6b5090a0ec7d321;e139f4d944b153210afd8aef98174679bf7caead33207fadc3a2e8c4cb619abb	complete standardized dataset-label count with panel-specific governed mapping	
Arabidopsis thaliana_PRJNA703045|Leaf vascular system|leaf	Arabidopsis thaliana_PRJNA703045	PRJNA703045	Arabidopsis thaliana		leaf	cell_type_original	Leaf vascular system	PO:0000036	pilot_major_cell_family	vascular_system	leaf	mapped	expert_defined_many_to_one_from_user_approved_exact_PO_labels; passes_base_gates	2558	standardized_h5ad_obs;panel_dataset_label_counts_v1;panel_label_freeze_v1;coarse_label_hierarchy_v1	internal_source_record:not_publicly_portable:data/datasets/Bioinformatics/h5ad/Arabidopsis thaliana_PRJNA703045.h5ad;internal_source_record:not_publicly_portable:workspace/projects/PhyloOpenCell/metadata/panel_dataset_label_counts_v1.tsv.gz;internal_source_record:not_publicly_portable:workspace/projects/PhyloOpenCell/metadata/panel_label_freeze_v1.tsv;internal_source_record:not_publicly_portable:workspace/projects/PhyloOpenCell/metadata/coarse_label_hierarchy_v1.tsv	d3adc1221b2293332fc5cab85dba16f708da92db0bfbac05d6ed3fb3fac7d5ae;a4bd8efca65e1175053b97dc0836fe8306417dd993d7a864389a5281d37302ea;78a020ef314246281f19dc5eec25dbb28c50c5c376ee9df5a6b5090a0ec7d321;e139f4d944b153210afd8aef98174679bf7caead33207fadc3a2e8c4cb619abb	complete standardized dataset-label count with panel-specific governed mapping	
Arabidopsis thaliana_PRJNA703045|Leaf vascular system|vascular	Arabidopsis thaliana_PRJNA703045	PRJNA703045	Arabidopsis thaliana		vascular	cell_type_original	Leaf vascular system	PO:0000036	pilot_major_cell_family	vascular_unspecified	vascular	mapped	expert_defined_many_to_one_from_user_approved_exact_PO_labels; passes_base_gates	2558	standardized_h5ad_obs;panel_dataset_label_counts_v1;panel_label_freeze_v1;coarse_label_hierarchy_v1	internal_source_record:not_publicly_portable:data/datasets/Bioinformatics/h5ad/Arabidopsis thaliana_PRJNA703045.h5ad;internal_source_record:not_publicly_portable:workspace/projects/PhyloOpenCell/metadata/panel_dataset_label_counts_v1.tsv.gz;internal_source_record:not_publicly_portable:workspace/projects/PhyloOpenCell/metadata/panel_label_freeze_v1.tsv;internal_source_record:not_publicly_portable:workspace/projects/PhyloOpenCell/metadata/coarse_label_hierarchy_v1.tsv	d3adc1221b2293332fc5cab85dba16f708da92db0bfbac05d6ed3fb3fac7d5ae;a4bd8efca65e1175053b97dc0836fe8306417dd993d7a864389a5281d37302ea;78a020ef314246281f19dc5eec25dbb28c50c5c376ee9df5a6b5090a0ec7d321;e139f4d944b153210afd8aef98174679bf7caead33207fadc3a2e8c4cb619abb	complete standardized dataset-label count with panel-specific governed mapping	
Arabidopsis thaliana_PRJNA703045|Mesophyll cell|leaf	Arabidopsis thaliana_PRJNA703045	PRJNA703045	Arabidopsis thaliana		leaf	cell_type_original	Mesophyll cell	PO:0004006	pilot_major_cell_family	photosynthetic_ground_tissue	leaf	mapped	expert_defined_many_to_one_from_user_approved_exact_PO_labels; passes_base_gates	2075	standardized_h5ad_obs;panel_dataset_label_counts_v1;panel_label_freeze_v1;coarse_label_hierarchy_v1	internal_source_record:not_publicly_portable:data/datasets/Bioinformatics/h5ad/Arabidopsis thaliana_PRJNA703045.h5ad;internal_source_record:not_publicly_portable:workspace/projects/PhyloOpenCell/metadata/panel_dataset_label_counts_v1.tsv.gz;internal_source_record:not_publicly_portable:workspace/projects/PhyloOpenCell/metadata/panel_label_freeze_v1.tsv;internal_source_record:not_publicly_portable:workspace/projects/PhyloOpenCell/metadata/coarse_label_hierarchy_v1.tsv	d3adc1221b2293332fc5cab85dba16f708da92db0bfbac05d6ed3fb3fac7d5ae;a4bd8efca65e1175053b97dc0836fe8306417dd993d7a864389a5281d37302ea;78a020ef314246281f19dc5eec25dbb28c50c5c376ee9df5a6b5090a0ec7d321;e139f4d944b153210afd8aef98174679bf7caead33207fadc3a2e8c4cb619abb	complete standardized dataset-label count with panel-specific governed mapping	
Arabidopsis thaliana_PRJNA703045|Unknown|	Arabidopsis thaliana_PRJNA703045	PRJNA703045	Arabidopsis thaliana			cell_type_original	Unknown					unknown	excluded_unknown	11113	standardized_h5ad_obs;ontology_mapping_candidates;panel_label_freeze_v1	internal_source_record:not_publicly_portable:data/datasets/Bioinformatics/h5ad/Arabidopsis thaliana_PRJNA703045.h5ad;internal_source_record:not_publicly_portable:workspace/projects/PhyloOpenCell/metadata/ontology_mapping_candidates.tsv;internal_source_record:not_publicly_portable:workspace/projects/PhyloOpenCell/metadata/panel_label_freeze_v1.tsv	d3adc1221b2293332fc5cab85dba16f708da92db0bfbac05d6ed3fb3fac7d5ae;e4a09d28939b9a165661f86d5a2f4fb0c1d33fea1c7465dcc7cf874f0a8238bc;78a020ef314246281f19dc5eec25dbb28c50c5c376ee9df5a6b5090a0ec7d321	complete standardized dataset-label count; no governed panel mapping	
Arabidopsis thaliana_PRJNA716169|Columella initial cell|	Arabidopsis thaliana_PRJNA716169	PRJNA716169	Arabidopsis thaliana	not explicitly recorded in source; annotation labels include root and shoot meristem initials		cell_type_original	Columella initial cell					unmapped	pending_manual_curation; exact_synonym	66	standardized_h5ad_obs;ontology_mapping_candidates;panel_label_freeze_v1	internal_source_record:not_publicly_portable:data/datasets/Bioinformatics/h5ad/Arabidopsis thaliana_PRJNA716169.h5ad;internal_source_record:not_publicly_portable:workspace/projects/PhyloOpenCell/metadata/ontology_mapping_candidates.tsv;internal_source_record:not_publicly_portable:workspace/projects/PhyloOpenCell/metadata/panel_label_freeze_v1.tsv	2e9a12c6762ec579df4bf61a8e3d19f8eb339d1cf728c2bc1237593a67e5ebe5;e4a09d28939b9a165661f86d5a2f4fb0c1d33fea1c7465dcc7cf874f0a8238bc;78a020ef314246281f19dc5eec25dbb28c50c5c376ee9df5a6b5090a0ec7d321	complete standardized dataset-label count; no governed panel mapping	not_in_governed_panel_hierarchy
Arabidopsis thaliana_PRJNA716169|Dividing protoderm|	Arabidopsis thaliana_PRJNA716169	PRJNA716169	Arabidopsis thaliana	not explicitly recorded in source; annotation labels include root and shoot meristem initials		cell_type_original	Dividing protoderm					unmapped	pending_manual_curation; exact_synonym	182	standardized_h5ad_obs;ontology_mapping_candidates;panel_label_freeze_v1	internal_source_record:not_publicly_portable:data/datasets/Bioinformatics/h5ad/Arabidopsis thaliana_PRJNA716169.h5ad;internal_source_record:not_publicly_portable:workspace/projects/PhyloOpenCell/metadata/ontology_mapping_candidates.tsv;internal_source_record:not_publicly_portable:workspace/projects/PhyloOpenCell/metadata/panel_label_freeze_v1.tsv	2e9a12c6762ec579df4bf61a8e3d19f8eb339d1cf728c2bc1237593a67e5ebe5;e4a09d28939b9a165661f86d5a2f4fb0c1d33fea1c7465dcc7cf874f0a8238bc;78a020ef314246281f19dc5eec25dbb28c50c5c376ee9df5a6b5090a0ec7d321	complete standardized dataset-label count; no governed panel mapping	not_in_governed_panel_hierarchy
Arabidopsis thaliana_PRJNA716169|Shoot meristem initial cell|	Arabidopsis thaliana_PRJNA716169	PRJNA716169	Arabidopsis thaliana	not explicitly recorded in source; annotation labels include root and shoot meristem initials		cell_type_original	Shoot meristem initial cell					unmapped	pending_manual_curation; exact_synonym	61	standardized_h5ad_obs;ontology_mapping_candidates;panel_label_freeze_v1	internal_source_record:not_publicly_portable:data/datasets/Bioinformatics/h5ad/Arabidopsis thaliana_PRJNA716169.h5ad;internal_source_record:not_publicly_portable:workspace/projects/PhyloOpenCell/metadata/ontology_mapping_candidates.tsv;internal_source_record:not_publicly_portable:workspace/projects/PhyloOpenCell/metadata/panel_label_freeze_v1.tsv	2e9a12c6762ec579df4bf61a8e3d19f8eb339d1cf728c2bc1237593a67e5ebe5;e4a09d28939b9a165661f86d5a2f4fb0c1d33fea1c7465dcc7cf874f0a8238bc;78a020ef314246281f19dc5eec25dbb28c50c5c376ee9df5a6b5090a0ec7d321	complete standardized dataset-label count; no governed panel mapping	not_in_governed_panel_hierarchy
Arabidopsis thaliana_PRJNA716169|Suspensor|	Arabidopsis thaliana_PRJNA716169	PRJNA716169	Arabidopsis thaliana	not explicitly recorded in source; annotation labels include root and shoot meristem initials		cell_type_original	Suspensor	PO:0020108				unmapped	candidate_auto_exact; exact_name; Plant Ontology exact lexical match; requires curator acceptance	74	standardized_h5ad_obs;ontology_mapping_candidates;panel_label_freeze_v1	internal_source_record:not_publicly_portable:data/datasets/Bioinformatics/h5ad/Arabidopsis thaliana_PRJNA716169.h5ad;internal_source_record:not_publicly_portable:workspace/projects/PhyloOpenCell/metadata/ontology_mapping_candidates.tsv;internal_source_record:not_publicly_portable:workspace/projects/PhyloOpenCell/metadata/panel_label_freeze_v1.tsv	2e9a12c6762ec579df4bf61a8e3d19f8eb339d1cf728c2bc1237593a67e5ebe5;e4a09d28939b9a165661f86d5a2f4fb0c1d33fea1c7465dcc7cf874f0a8238bc;78a020ef314246281f19dc5eec25dbb28c50c5c376ee9df5a6b5090a0ec7d321	complete standardized dataset-label count; no governed panel mapping	not_in_governed_panel_hierarchy
Arabidopsis thaliana_PRJNA716169|Unknown|	Arabidopsis thaliana_PRJNA716169	PRJNA716169	Arabidopsis thaliana	not explicitly recorded in source; annotation labels include root and shoot meristem initials		cell_type_original	Unknown					unknown	excluded_unknown	214	standardized_h5ad_obs;ontology_mapping_candidates;panel_label_freeze_v1	internal_source_record:not_publicly_portable:data/datasets/Bioinformatics/h5ad/Arabidopsis thaliana_PRJNA716169.h5ad;internal_source_record:not_publicly_portable:workspace/projects/PhyloOpenCell/metadata/ontology_mapping_candidates.tsv;internal_source_record:not_publicly_portable:workspace/projects/PhyloOpenCell/metadata/panel_label_freeze_v1.tsv	2e9a12c6762ec579df4bf61a8e3d19f8eb339d1cf728c2bc1237593a67e5ebe5;e4a09d28939b9a165661f86d5a2f4fb0c1d33fea1c7465dcc7cf874f0a8238bc;78a020ef314246281f19dc5eec25dbb28c50c5c376ee9df5a6b5090a0ec7d321	complete standardized dataset-label count; no governed panel mapping	
Arabidopsis thaliana_PRJNA716169|Vascular initial cell|	Arabidopsis thaliana_PRJNA716169	PRJNA716169	Arabidopsis thaliana	not explicitly recorded in source; annotation labels include root and shoot meristem initials		cell_type_original	Vascular initial cell					unmapped	pending_manual_curation; exact_synonym	36	standardized_h5ad_obs;ontology_mapping_candidates;panel_label_freeze_v1	internal_source_record:not_publicly_portable:data/datasets/Bioinformatics/h5ad/Arabidopsis thaliana_PRJNA716169.h5ad;internal_source_record:not_publicly_portable:workspace/projects/PhyloOpenCell/metadata/ontology_mapping_candidates.tsv;internal_source_record:not_publicly_portable:workspace/projects/PhyloOpenCell/metadata/panel_label_freeze_v1.tsv	2e9a12c6762ec579df4bf61a8e3d19f8eb339d1cf728c2bc1237593a67e5ebe5;e4a09d28939b9a165661f86d5a2f4fb0c1d33fea1c7465dcc7cf874f0a8238bc;78a020ef314246281f19dc5eec25dbb28c50c5c376ee9df5a6b5090a0ec7d321	complete standardized dataset-label count; no governed panel mapping	not_in_governed_panel_hierarchy
Arabidopsis thaliana_PRJNA730707|Cortex|	Arabidopsis thaliana_PRJNA730707	PRJNA730707	Arabidopsis thaliana			cell_type_original	Cortex	PO:0005708				unmapped	candidate_auto_exact; exact_name; Plant Ontology exact lexical match; requires curator acceptance	2252	standardized_h5ad_obs;ontology_mapping_candidates;panel_label_freeze_v1	internal_source_record:not_publicly_portable:data/datasets/Bioinformatics/h5ad/Arabidopsis thaliana_PRJNA730707.h5ad;internal_source_record:not_publicly_portable:workspace/projects/PhyloOpenCell/metadata/ontology_mapping_candidates.tsv;internal_source_record:not_publicly_portable:workspace/projects/PhyloOpenCell/metadata/panel_label_freeze_v1.tsv	36a56938fdefe29a23a22d94005baa5b650c7ebc39b14b987d02b55d8829192a;e4a09d28939b9a165661f86d5a2f4fb0c1d33fea1c7465dcc7cf874f0a8238bc;78a020ef314246281f19dc5eec25dbb28c50c5c376ee9df5a6b5090a0ec7d321	complete standardized dataset-label count; no governed panel mapping	not_in_governed_panel_hierarchy
Arabidopsis thaliana_PRJNA730707|Epidermis|	Arabidopsis thaliana_PRJNA730707	PRJNA730707	Arabidopsis thaliana			cell_type_original	Epidermis					unmapped	pending_manual_curation; exact_synonym	2769	standardized_h5ad_obs;ontology_mapping_candidates;panel_label_freeze_v1	internal_source_record:not_publicly_portable:data/datasets/Bioinformatics/h5ad/Arabidopsis thaliana_PRJNA730707.h5ad;internal_source_record:not_publicly_portable:workspace/projects/PhyloOpenCell/metadata/ontology_mapping_candidates.tsv;internal_source_record:not_publicly_portable:workspace/projects/PhyloOpenCell/metadata/panel_label_freeze_v1.tsv	36a56938fdefe29a23a22d94005baa5b650c7ebc39b14b987d02b55d8829192a;e4a09d28939b9a165661f86d5a2f4fb0c1d33fea1c7465dcc7cf874f0a8238bc;78a020ef314246281f19dc5eec25dbb28c50c5c376ee9df5a6b5090a0ec7d321	complete standardized dataset-label count; no governed panel mapping	not_in_governed_panel_hierarchy
Arabidopsis thaliana_PRJNA730707|Flower meristem|	Arabidopsis thaliana_PRJNA730707	PRJNA730707	Arabidopsis thaliana			cell_type_original	Flower meristem	PO:0000229				unmapped	candidate_auto_exact; exact_name; Plant Ontology exact lexical match; requires curator acceptance	1683	standardized_h5ad_obs;ontology_mapping_candidates;panel_label_freeze_v1	internal_source_record:not_publicly_portable:data/datasets/Bioinformatics/h5ad/Arabidopsis thaliana_PRJNA730707.h5ad;internal_source_record:not_publicly_portable:workspace/projects/PhyloOpenCell/metadata/ontology_mapping_candidates.tsv;internal_source_record:not_publicly_portable:workspace/projects/PhyloOpenCell/metadata/panel_label_freeze_v1.tsv	36a56938fdefe29a23a22d94005baa5b650c7ebc39b14b987d02b55d8829192a;e4a09d28939b9a165661f86d5a2f4fb0c1d33fea1c7465dcc7cf874f0a8238bc;78a020ef314246281f19dc5eec25dbb28c50c5c376ee9df5a6b5090a0ec7d321	complete standardized dataset-label count; no governed panel mapping	not_in_governed_panel_hierarchy
Arabidopsis thaliana_PRJNA730707|Mesophyll cell|leaf	Arabidopsis thaliana_PRJNA730707	PRJNA730707	Arabidopsis thaliana		leaf	cell_type_original	Mesophyll cell	PO:0004006	pilot_major_cell_family	photosynthetic_ground_tissue	leaf	mapped	expert_defined_many_to_one_from_user_approved_exact_PO_labels; passes_base_gates	55	standardized_h5ad_obs;panel_dataset_label_counts_v1;panel_label_freeze_v1;coarse_label_hierarchy_v1	internal_source_record:not_publicly_portable:data/datasets/Bioinformatics/h5ad/Arabidopsis thaliana_PRJNA730707.h5ad;internal_source_record:not_publicly_portable:workspace/projects/PhyloOpenCell/metadata/panel_dataset_label_counts_v1.tsv.gz;internal_source_record:not_publicly_portable:workspace/projects/PhyloOpenCell/metadata/panel_label_freeze_v1.tsv;internal_source_record:not_publicly_portable:workspace/projects/PhyloOpenCell/metadata/coarse_label_hierarchy_v1.tsv	36a56938fdefe29a23a22d94005baa5b650c7ebc39b14b987d02b55d8829192a;a4bd8efca65e1175053b97dc0836fe8306417dd993d7a864389a5281d37302ea;78a020ef314246281f19dc5eec25dbb28c50c5c376ee9df5a6b5090a0ec7d321;e139f4d944b153210afd8aef98174679bf7caead33207fadc3a2e8c4cb619abb	complete standardized dataset-label count with panel-specific governed mapping	
Arabidopsis thaliana_PRJNA730707|Phloem|vascular	Arabidopsis thaliana_PRJNA730707	PRJNA730707	Arabidopsis thaliana		vascular	cell_type_original	Phloem	PO:0005417	pilot_major_cell_family	phloem_lineage	vascular	mapped	expert_defined_many_to_one_from_user_approved_exact_PO_labels; passes_base_gates	119	standardized_h5ad_obs;panel_dataset_label_counts_v1;panel_label_freeze_v1;coarse_label_hierarchy_v1	internal_source_record:not_publicly_portable:data/datasets/Bioinformatics/h5ad/Arabidopsis thaliana_PRJNA730707.h5ad;internal_source_record:not_publicly_portable:workspace/projects/PhyloOpenCell/metadata/panel_dataset_label_counts_v1.tsv.gz;internal_source_record:not_publicly_portable:workspace/projects/PhyloOpenCell/metadata/panel_label_freeze_v1.tsv;internal_source_record:not_publicly_portable:workspace/projects/PhyloOpenCell/metadata/coarse_label_hierarchy_v1.tsv	36a56938fdefe29a23a22d94005baa5b650c7ebc39b14b987d02b55d8829192a;a4bd8efca65e1175053b97dc0836fe8306417dd993d7a864389a5281d37302ea;78a020ef314246281f19dc5eec25dbb28c50c5c376ee9df5a6b5090a0ec7d321;e139f4d944b153210afd8aef98174679bf7caead33207fadc3a2e8c4cb619abb	complete standardized dataset-label count with panel-specific governed mapping	
Arabidopsis thaliana_PRJNA730707|Procambium|	Arabidopsis thaliana_PRJNA730707	PRJNA730707	Arabidopsis thaliana			cell_type_original	Procambium	PO:0025275				unmapped	candidate_auto_exact; exact_name; Plant Ontology exact lexical match; requires curator acceptance	1842	standardized_h5ad_obs;ontology_mapping_candidates;panel_label_freeze_v1	internal_source_record:not_publicly_portable:data/datasets/Bioinformatics/h5ad/Arabidopsis thaliana_PRJNA730707.h5ad;internal_source_record:not_publicly_portable:workspace/projects/PhyloOpenCell/metadata/ontology_mapping_candidates.tsv;internal_source_record:not_publicly_portable:workspace/projects/PhyloOpenCell/metadata/panel_label_freeze_v1.tsv	36a56938fdefe29a23a22d94005baa5b650c7ebc39b14b987d02b55d8829192a;e4a09d28939b9a165661f86d5a2f4fb0c1d33fea1c7465dcc7cf874f0a8238bc;78a020ef314246281f19dc5eec25dbb28c50c5c376ee9df5a6b5090a0ec7d321	complete standardized dataset-label count; no governed panel mapping	not_in_governed_panel_hierarchy
Arabidopsis thaliana_PRJNA730707|Proliferating cell|	Arabidopsis thaliana_PRJNA730707	PRJNA730707	Arabidopsis thaliana			cell_type_original	Proliferating cell					unmapped	pending_manual_curation; exact_synonym	2282	standardized_h5ad_obs;ontology_mapping_candidates;panel_label_freeze_v1	internal_source_record:not_publicly_portable:data/datasets/Bioinformatics/h5ad/Arabidopsis thaliana_PRJNA730707.h5ad;internal_source_record:not_publicly_portable:workspace/projects/PhyloOpenCell/metadata/ontology_mapping_candidates.tsv;internal_source_record:not_publicly_portable:workspace/projects/PhyloOpenCell/metadata/panel_label_freeze_v1.tsv	36a56938fdefe29a23a22d94005baa5b650c7ebc39b14b987d02b55d8829192a;e4a09d28939b9a165661f86d5a2f4fb0c1d33fea1c7465dcc7cf874f0a8238bc;78a020ef314246281f19dc5eec25dbb28c50c5c376ee9df5a6b5090a0ec7d321	complete standardized dataset-label count; no governed panel mapping	not_in_governed_panel_hierarchy
Arabidopsis thaliana_PRJNA730707|S-phase cell|	Arabidopsis thaliana_PRJNA730707	PRJNA730707	Arabidopsis thaliana			cell_type_original	S-phase cell					unmapped	pending_manual_curation; exact_synonym	1065	standardized_h5ad_obs;ontology_mapping_candidates;panel_label_freeze_v1	internal_source_record:not_publicly_portable:data/datasets/Bioinformatics/h5ad/Arabidopsis thaliana_PRJNA730707.h5ad;internal_source_record:not_publicly_portable:workspace/projects/PhyloOpenCell/metadata/ontology_mapping_candidates.tsv;internal_source_record:not_publicly_portable:workspace/projects/PhyloOpenCell/metadata/panel_label_freeze_v1.tsv	36a56938fdefe29a23a22d94005baa5b650c7ebc39b14b987d02b55d8829192a;e4a09d28939b9a165661f86d5a2f4fb0c1d33fea1c7465dcc7cf874f0a8238bc;78a020ef314246281f19dc5eec25dbb28c50c5c376ee9df5a6b5090a0ec7d321	complete standardized dataset-label count; no governed panel mapping	not_in_governed_panel_hierarchy
Arabidopsis thaliana_PRJNA730707|Unknown|	Arabidopsis thaliana_PRJNA730707	PRJNA730707	Arabidopsis thaliana			cell_type_original	Unknown					unknown	excluded_unknown	699	standardized_h5ad_obs;ontology_mapping_candidates;panel_label_freeze_v1	internal_source_record:not_publicly_portable:data/datasets/Bioinformatics/h5ad/Arabidopsis thaliana_PRJNA730707.h5ad;internal_source_record:not_publicly_portable:workspace/projects/PhyloOpenCell/metadata/ontology_mapping_candidates.tsv;internal_source_record:not_publicly_portable:workspace/projects/PhyloOpenCell/metadata/panel_label_freeze_v1.tsv	36a56938fdefe29a23a22d94005baa5b650c7ebc39b14b987d02b55d8829192a;e4a09d28939b9a165661f86d5a2f4fb0c1d33fea1c7465dcc7cf874f0a8238bc;78a020ef314246281f19dc5eec25dbb28c50c5c376ee9df5a6b5090a0ec7d321	complete standardized dataset-label count; no governed panel mapping	
Arabidopsis thaliana_PRJNA730707|Xylem parenchyma cell|vascular	Arabidopsis thaliana_PRJNA730707	PRJNA730707	Arabidopsis thaliana		vascular	cell_type_original	Xylem parenchyma cell					excluded	frozen panel-label exclusion (excluded): Cross-panel reuse is intentional for organ-specific vascular/procambial labels; final biological acceptance still required.	618	standardized_h5ad_obs;panel_label_freeze_v1	internal_source_record:not_publicly_portable:data/datasets/Bioinformatics/h5ad/Arabidopsis thaliana_PRJNA730707.h5ad;internal_source_record:not_publicly_portable:workspace/projects/PhyloOpenCell/metadata/panel_label_freeze_v1.tsv	36a56938fdefe29a23a22d94005baa5b650c7ebc39b14b987d02b55d8829192a;78a020ef314246281f19dc5eec25dbb28c50c5c376ee9df5a6b5090a0ec7d321	complete standardized dataset-label count with explicit frozen exclusion	frozen_excluded_label
Arabidopsis thaliana_PRJNA742744|Companion cell|vascular	Arabidopsis thaliana_PRJNA742744	PRJNA742744	Arabidopsis thaliana		vascular	cell_type_original	Companion cell	PO:0000071	pilot_major_cell_family	phloem_lineage	vascular	mapped	expert_defined_many_to_one_from_user_approved_exact_PO_labels; passes_base_gates	90	standardized_h5ad_obs;panel_dataset_label_counts_v1;panel_label_freeze_v1;coarse_label_hierarchy_v1	internal_source_record:not_publicly_portable:data/datasets/Bioinformatics/h5ad/Arabidopsis thaliana_PRJNA742744.h5ad;internal_source_record:not_publicly_portable:workspace/projects/PhyloOpenCell/metadata/panel_dataset_label_counts_v1.tsv.gz;internal_source_record:not_publicly_portable:workspace/projects/PhyloOpenCell/metadata/panel_label_freeze_v1.tsv;internal_source_record:not_publicly_portable:workspace/projects/PhyloOpenCell/metadata/coarse_label_hierarchy_v1.tsv	7901c23938e28b9c8dc37301b7f1367f06bf4a12547d385e77fe1df0bb19c9ea;a4bd8efca65e1175053b97dc0836fe8306417dd993d7a864389a5281d37302ea;78a020ef314246281f19dc5eec25dbb28c50c5c376ee9df5a6b5090a0ec7d321;e139f4d944b153210afd8aef98174679bf7caead33207fadc3a2e8c4cb619abb	complete standardized dataset-label count with panel-specific governed mapping	
Arabidopsis thaliana_PRJNA742744|Lateral root cap|	Arabidopsis thaliana_PRJNA742744	PRJNA742744	Arabidopsis thaliana			cell_type_original	Lateral root cap	PO:0020131				unmapped	candidate_auto_exact; exact_name; Plant Ontology exact lexical match; requires curator acceptance	208	standardized_h5ad_obs;ontology_mapping_candidates;panel_label_freeze_v1	internal_source_record:not_publicly_portable:data/datasets/Bioinformatics/h5ad/Arabidopsis thaliana_PRJNA742744.h5ad;internal_source_record:not_publicly_portable:workspace/projects/PhyloOpenCell/metadata/ontology_mapping_candidates.tsv;internal_source_record:not_publicly_portable:workspace/projects/PhyloOpenCell/metadata/panel_label_freeze_v1.tsv	7901c23938e28b9c8dc37301b7f1367f06bf4a12547d385e77fe1df0bb19c9ea;e4a09d28939b9a165661f86d5a2f4fb0c1d33fea1c7465dcc7cf874f0a8238bc;78a020ef314246281f19dc5eec25dbb28c50c5c376ee9df5a6b5090a0ec7d321	complete standardized dataset-label count; no governed panel mapping	not_in_governed_panel_hierarchy
Arabidopsis thaliana_PRJNA742744|Non-hair root epidermal cell|root	Arabidopsis thaliana_PRJNA742744	PRJNA742744	Arabidopsis thaliana		root	cell_type_original	Non-hair root epidermal cell	PO:0000263	pilot_major_cell_family	epidermal_system	root	mapped	expert_defined_many_to_one_from_user_approved_exact_PO_labels; passes_base_gates	761	standardized_h5ad_obs;panel_dataset_label_counts_v1;panel_label_freeze_v1;coarse_label_hierarchy_v1	internal_source_record:not_publicly_portable:data/datasets/Bioinformatics/h5ad/Arabidopsis thaliana_PRJNA742744.h5ad;internal_source_record:not_publicly_portable:workspace/projects/PhyloOpenCell/metadata/panel_dataset_label_counts_v1.tsv.gz;internal_source_record:not_publicly_portable:workspace/projects/PhyloOpenCell/metadata/panel_label_freeze_v1.tsv;internal_source_record:not_publicly_portable:workspace/projects/PhyloOpenCell/metadata/coarse_label_hierarchy_v1.tsv	7901c23938e28b9c8dc37301b7f1367f06bf4a12547d385e77fe1df0bb19c9ea;a4bd8efca65e1175053b97dc0836fe8306417dd993d7a864389a5281d37302ea;78a020ef314246281f19dc5eec25dbb28c50c5c376ee9df5a6b5090a0ec7d321;e139f4d944b153210afd8aef98174679bf7caead33207fadc3a2e8c4cb619abb	complete standardized dataset-label count with panel-specific governed mapping	
Arabidopsis thaliana_PRJNA742744|Pericycle cell|root	Arabidopsis thaliana_PRJNA742744	PRJNA742744	Arabidopsis thaliana		root	cell_type_original	Pericycle cell	PO:0025261	pilot_major_cell_family	stele_lineage	root	mapped	expert_defined_many_to_one_from_user_approved_exact_PO_labels; passes_base_gates	620	standardized_h5ad_obs;panel_dataset_label_counts_v1;panel_label_freeze_v1;coarse_label_hierarchy_v1	internal_source_record:not_publicly_portable:data/datasets/Bioinformatics/h5ad/Arabidopsis thaliana_PRJNA742744.h5ad;internal_source_record:not_publicly_portable:workspace/projects/PhyloOpenCell/metadata/panel_dataset_label_counts_v1.tsv.gz;internal_source_record:not_publicly_portable:workspace/projects/PhyloOpenCell/metadata/panel_label_freeze_v1.tsv;internal_source_record:not_publicly_portable:workspace/projects/PhyloOpenCell/metadata/coarse_label_hierarchy_v1.tsv	7901c23938e28b9c8dc37301b7f1367f06bf4a12547d385e77fe1df0bb19c9ea;a4bd8efca65e1175053b97dc0836fe8306417dd993d7a864389a5281d37302ea;78a020ef314246281f19dc5eec25dbb28c50c5c376ee9df5a6b5090a0ec7d321;e139f4d944b153210afd8aef98174679bf7caead33207fadc3a2e8c4cb619abb	complete standardized dataset-label count with panel-specific governed mapping	
Arabidopsis thaliana_PRJNA742744|Pholem|	Arabidopsis thaliana_PRJNA742744	PRJNA742744	Arabidopsis thaliana			cell_type_original	Pholem					unmapped	pending_manual_curation; exact_synonym	313	standardized_h5ad_obs;ontology_mapping_candidates;panel_label_freeze_v1	internal_source_record:not_publicly_portable:data/datasets/Bioinformatics/h5ad/Arabidopsis thaliana_PRJNA742744.h5ad;internal_source_record:not_publicly_portable:workspace/projects/PhyloOpenCell/metadata/ontology_mapping_candidates.tsv;internal_source_record:not_publicly_portable:workspace/projects/PhyloOpenCell/metadata/panel_label_freeze_v1.tsv	7901c23938e28b9c8dc37301b7f1367f06bf4a12547d385e77fe1df0bb19c9ea;e4a09d28939b9a165661f86d5a2f4fb0c1d33fea1c7465dcc7cf874f0a8238bc;78a020ef314246281f19dc5eec25dbb28c50c5c376ee9df5a6b5090a0ec7d321	complete standardized dataset-label count; no governed panel mapping	not_in_governed_panel_hierarchy
Arabidopsis thaliana_PRJNA742744|Root cortex|root	Arabidopsis thaliana_PRJNA742744	PRJNA742744	Arabidopsis thaliana		root	cell_type_original	Root cortex	PO:0000258	pilot_major_cell_family	ground_tissue	root	mapped	expert_defined_many_to_one_from_user_approved_exact_PO_labels; passes_base_gates	396	standardized_h5ad_obs;panel_dataset_label_counts_v1;panel_label_freeze_v1;coarse_label_hierarchy_v1	internal_source_record:not_publicly_portable:data/datasets/Bioinformatics/h5ad/Arabidopsis thaliana_PRJNA742744.h5ad;internal_source_record:not_publicly_portable:workspace/projects/PhyloOpenCell/metadata/panel_dataset_label_counts_v1.tsv.gz;internal_source_record:not_publicly_portable:workspace/projects/PhyloOpenCell/metadata/panel_label_freeze_v1.tsv;internal_source_record:not_publicly_portable:workspace/projects/PhyloOpenCell/metadata/coarse_label_hierarchy_v1.tsv	7901c23938e28b9c8dc37301b7f1367f06bf4a12547d385e77fe1df0bb19c9ea;a4bd8efca65e1175053b97dc0836fe8306417dd993d7a864389a5281d37302ea;78a020ef314246281f19dc5eec25dbb28c50c5c376ee9df5a6b5090a0ec7d321;e139f4d944b153210afd8aef98174679bf7caead33207fadc3a2e8c4cb619abb	complete standardized dataset-label count with panel-specific governed mapping	
Arabidopsis thaliana_PRJNA742744|Root endodermis|root	Arabidopsis thaliana_PRJNA742744	PRJNA742744	Arabidopsis thaliana		root	cell_type_original	Root endodermis	PO:0005059	pilot_major_cell_family	ground_tissue	root	mapped	expert_defined_many_to_one_from_user_approved_exact_PO_labels; passes_base_gates	290	standardized_h5ad_obs;panel_dataset_label_counts_v1;panel_label_freeze_v1;coarse_label_hierarchy_v1	internal_source_record:not_publicly_portable:data/datasets/Bioinformatics/h5ad/Arabidopsis thaliana_PRJNA742744.h5ad;internal_source_record:not_publicly_portable:workspace/projects/PhyloOpenCell/metadata/panel_dataset_label_counts_v1.tsv.gz;internal_source_record:not_publicly_portable:workspace/projects/PhyloOpenCell/metadata/panel_label_freeze_v1.tsv;internal_source_record:not_publicly_portable:workspace/projects/PhyloOpenCell/metadata/coarse_label_hierarchy_v1.tsv	7901c23938e28b9c8dc37301b7f1367f06bf4a12547d385e77fe1df0bb19c9ea;a4bd8efca65e1175053b97dc0836fe8306417dd993d7a864389a5281d37302ea;78a020ef314246281f19dc5eec25dbb28c50c5c376ee9df5a6b5090a0ec7d321;e139f4d944b153210afd8aef98174679bf7caead33207fadc3a2e8c4cb619abb	complete standardized dataset-label count with panel-specific governed mapping	
Arabidopsis thaliana_PRJNA742744|Root hair cell|root	Arabidopsis thaliana_PRJNA742744	PRJNA742744	Arabidopsis thaliana		root	cell_type_original	Root hair cell	PO:0000256	pilot_major_cell_family	epidermal_system	root	mapped	expert_defined_many_to_one_from_user_approved_exact_PO_labels; passes_base_gates	617	standardized_h5ad_obs;panel_dataset_label_counts_v1;panel_label_freeze_v1;coarse_label_hierarchy_v1	internal_source_record:not_publicly_portable:data/datasets/Bioinformatics/h5ad/Arabidopsis thaliana_PRJNA742744.h5ad;internal_source_record:not_publicly_portable:workspace/projects/PhyloOpenCell/metadata/panel_dataset_label_counts_v1.tsv.gz;internal_source_record:not_publicly_portable:workspace/projects/PhyloOpenCell/metadata/panel_label_freeze_v1.tsv;internal_source_record:not_publicly_portable:workspace/projects/PhyloOpenCell/metadata/coarse_label_hierarchy_v1.tsv	7901c23938e28b9c8dc37301b7f1367f06bf4a12547d385e77fe1df0bb19c9ea;a4bd8efca65e1175053b97dc0836fe8306417dd993d7a864389a5281d37302ea;78a020ef314246281f19dc5eec25dbb28c50c5c376ee9df5a6b5090a0ec7d321;e139f4d944b153210afd8aef98174679bf7caead33207fadc3a2e8c4cb619abb	complete standardized dataset-label count with panel-specific governed mapping	
Arabidopsis thaliana_PRJNA742744|Root meristem|	Arabidopsis thaliana_PRJNA742744	PRJNA742744	Arabidopsis thaliana			cell_type_original	Root meristem	PO:0006085				unmapped	candidate_auto_exact; exact_name; Plant Ontology exact lexical match; requires curator acceptance	1249	standardized_h5ad_obs;ontology_mapping_candidates;panel_label_freeze_v1	internal_source_record:not_publicly_portable:data/datasets/Bioinformatics/h5ad/Arabidopsis thaliana_PRJNA742744.h5ad;internal_source_record:not_publicly_portable:workspace/projects/PhyloOpenCell/metadata/ontology_mapping_candidates.tsv;internal_source_record:not_publicly_portable:workspace/projects/PhyloOpenCell/metadata/panel_label_freeze_v1.tsv	7901c23938e28b9c8dc37301b7f1367f06bf4a12547d385e77fe1df0bb19c9ea;e4a09d28939b9a165661f86d5a2f4fb0c1d33fea1c7465dcc7cf874f0a8238bc;78a020ef314246281f19dc5eec25dbb28c50c5c376ee9df5a6b5090a0ec7d321	complete standardized dataset-label count; no governed panel mapping	not_in_governed_panel_hierarchy
Arabidopsis thaliana_PRJNA742744|Root procambium|root	Arabidopsis thaliana_PRJNA742744	PRJNA742744	Arabidopsis thaliana		root	cell_type_original	Root procambium	PO:0006307	pilot_major_cell_family	stele_lineage	root	mapped	expert_defined_many_to_one_from_user_approved_exact_PO_labels; passes_base_gates	568	standardized_h5ad_obs;panel_dataset_label_counts_v1;panel_label_freeze_v1;coarse_label_hierarchy_v1	internal_source_record:not_publicly_portable:data/datasets/Bioinformatics/h5ad/Arabidopsis thaliana_PRJNA742744.h5ad;internal_source_record:not_publicly_portable:workspace/projects/PhyloOpenCell/metadata/panel_dataset_label_counts_v1.tsv.gz;internal_source_record:not_publicly_portable:workspace/projects/PhyloOpenCell/metadata/panel_label_freeze_v1.tsv;internal_source_record:not_publicly_portable:workspace/projects/PhyloOpenCell/metadata/coarse_label_hierarchy_v1.tsv	7901c23938e28b9c8dc37301b7f1367f06bf4a12547d385e77fe1df0bb19c9ea;a4bd8efca65e1175053b97dc0836fe8306417dd993d7a864389a5281d37302ea;78a020ef314246281f19dc5eec25dbb28c50c5c376ee9df5a6b5090a0ec7d321;e139f4d944b153210afd8aef98174679bf7caead33207fadc3a2e8c4cb619abb	complete standardized dataset-label count with panel-specific governed mapping	
Arabidopsis thaliana_PRJNA742744|Root procambium|vascular	Arabidopsis thaliana_PRJNA742744	PRJNA742744	Arabidopsis thaliana		vascular	cell_type_original	Root procambium	PO:0006307	pilot_major_cell_family	procambial_lineage	vascular	mapped	expert_defined_many_to_one_from_user_approved_exact_PO_labels; passes_base_gates	568	standardized_h5ad_obs;panel_dataset_label_counts_v1;panel_label_freeze_v1;coarse_label_hierarchy_v1	internal_source_record:not_publicly_portable:data/datasets/Bioinformatics/h5ad/Arabidopsis thaliana_PRJNA742744.h5ad;internal_source_record:not_publicly_portable:workspace/projects/PhyloOpenCell/metadata/panel_dataset_label_counts_v1.tsv.gz;internal_source_record:not_publicly_portable:workspace/projects/PhyloOpenCell/metadata/panel_label_freeze_v1.tsv;internal_source_record:not_publicly_portable:workspace/projects/PhyloOpenCell/metadata/coarse_label_hierarchy_v1.tsv	7901c23938e28b9c8dc37301b7f1367f06bf4a12547d385e77fe1df0bb19c9ea;a4bd8efca65e1175053b97dc0836fe8306417dd993d7a864389a5281d37302ea;78a020ef314246281f19dc5eec25dbb28c50c5c376ee9df5a6b5090a0ec7d321;e139f4d944b153210afd8aef98174679bf7caead33207fadc3a2e8c4cb619abb	complete standardized dataset-label count with panel-specific governed mapping	
Arabidopsis thaliana_PRJNA742744|Unknown|	Arabidopsis thaliana_PRJNA742744	PRJNA742744	Arabidopsis thaliana			cell_type_original	Unknown					unknown	excluded_unknown	7754	standardized_h5ad_obs;ontology_mapping_candidates;panel_label_freeze_v1	internal_source_record:not_publicly_portable:data/datasets/Bioinformatics/h5ad/Arabidopsis thaliana_PRJNA742744.h5ad;internal_source_record:not_publicly_portable:workspace/projects/PhyloOpenCell/metadata/ontology_mapping_candidates.tsv;internal_source_record:not_publicly_portable:workspace/projects/PhyloOpenCell/metadata/panel_label_freeze_v1.tsv	7901c23938e28b9c8dc37301b7f1367f06bf4a12547d385e77fe1df0bb19c9ea;e4a09d28939b9a165661f86d5a2f4fb0c1d33fea1c7465dcc7cf874f0a8238bc;78a020ef314246281f19dc5eec25dbb28c50c5c376ee9df5a6b5090a0ec7d321	complete standardized dataset-label count; no governed panel mapping	
Arabidopsis thaliana_PRJNA742744|Xylem pole pericycle cell|	Arabidopsis thaliana_PRJNA742744	PRJNA742744	Arabidopsis thaliana			cell_type_original	Xylem pole pericycle cell	PO:0000064				unmapped	candidate_auto_exact; exact_name; Plant Ontology exact lexical match; requires curator acceptance	191	standardized_h5ad_obs;ontology_mapping_candidates;panel_label_freeze_v1	internal_source_record:not_publicly_portable:data/datasets/Bioinformatics/h5ad/Arabidopsis thaliana_PRJNA742744.h5ad;internal_source_record:not_publicly_portable:workspace/projects/PhyloOpenCell/metadata/ontology_mapping_candidates.tsv;internal_source_record:not_publicly_portable:workspace/projects/PhyloOpenCell/metadata/panel_label_freeze_v1.tsv	7901c23938e28b9c8dc37301b7f1367f06bf4a12547d385e77fe1df0bb19c9ea;e4a09d28939b9a165661f86d5a2f4fb0c1d33fea1c7465dcc7cf874f0a8238bc;78a020ef314246281f19dc5eec25dbb28c50c5c376ee9df5a6b5090a0ec7d321	complete standardized dataset-label count; no governed panel mapping	not_in_governed_panel_hierarchy
Arabidopsis thaliana_PRJNA745175|Columella root cap cell|root	Arabidopsis thaliana_PRJNA745175	PRJNA745175	Arabidopsis thaliana		root	cell_type_original	Columella root cap cell	PO:0020132	pilot_major_cell_family	root_cap	root	mapped	expert_defined_many_to_one_from_user_approved_exact_PO_labels; passes_base_gates	118	standardized_h5ad_obs;panel_dataset_label_counts_v1;panel_label_freeze_v1;coarse_label_hierarchy_v1	internal_source_record:not_publicly_portable:data/datasets/Bioinformatics/h5ad/Arabidopsis thaliana_PRJNA745175.h5ad;internal_source_record:not_publicly_portable:workspace/projects/PhyloOpenCell/metadata/panel_dataset_label_counts_v1.tsv.gz;internal_source_record:not_publicly_portable:workspace/projects/PhyloOpenCell/metadata/panel_label_freeze_v1.tsv;internal_source_record:not_publicly_portable:workspace/projects/PhyloOpenCell/metadata/coarse_label_hierarchy_v1.tsv	b74df459a9db7acfb95e629124b5e4d7ba088d9c589c21810b41eb428c283e6a;a4bd8efca65e1175053b97dc0836fe8306417dd993d7a864389a5281d37302ea;78a020ef314246281f19dc5eec25dbb28c50c5c376ee9df5a6b5090a0ec7d321;e139f4d944b153210afd8aef98174679bf7caead33207fadc3a2e8c4cb619abb	complete standardized dataset-label count with panel-specific governed mapping	
Arabidopsis thaliana_PRJNA745175|Companion cell|vascular	Arabidopsis thaliana_PRJNA745175	PRJNA745175	Arabidopsis thaliana		vascular	cell_type_original	Companion cell	PO:0000071	pilot_major_cell_family	phloem_lineage	vascular	mapped	expert_defined_many_to_one_from_user_approved_exact_PO_labels; passes_base_gates	535	standardized_h5ad_obs;panel_dataset_label_counts_v1;panel_label_freeze_v1;coarse_label_hierarchy_v1	internal_source_record:not_publicly_portable:data/datasets/Bioinformatics/h5ad/Arabidopsis thaliana_PRJNA745175.h5ad;internal_source_record:not_publicly_portable:workspace/projects/PhyloOpenCell/metadata/panel_dataset_label_counts_v1.tsv.gz;internal_source_record:not_publicly_portable:workspace/projects/PhyloOpenCell/metadata/panel_label_freeze_v1.tsv;internal_source_record:not_publicly_portable:workspace/projects/PhyloOpenCell/metadata/coarse_label_hierarchy_v1.tsv	b74df459a9db7acfb95e629124b5e4d7ba088d9c589c21810b41eb428c283e6a;a4bd8efca65e1175053b97dc0836fe8306417dd993d7a864389a5281d37302ea;78a020ef314246281f19dc5eec25dbb28c50c5c376ee9df5a6b5090a0ec7d321;e139f4d944b153210afd8aef98174679bf7caead33207fadc3a2e8c4cb619abb	complete standardized dataset-label count with panel-specific governed mapping	
Arabidopsis thaliana_PRJNA745175|Lateral root cap|	Arabidopsis thaliana_PRJNA745175	PRJNA745175	Arabidopsis thaliana			cell_type_original	Lateral root cap	PO:0020131				unmapped	candidate_auto_exact; exact_name; Plant Ontology exact lexical match; requires curator acceptance	1294	standardized_h5ad_obs;ontology_mapping_candidates;panel_label_freeze_v1	internal_source_record:not_publicly_portable:data/datasets/Bioinformatics/h5ad/Arabidopsis thaliana_PRJNA745175.h5ad;internal_source_record:not_publicly_portable:workspace/projects/PhyloOpenCell/metadata/ontology_mapping_candidates.tsv;internal_source_record:not_publicly_portable:workspace/projects/PhyloOpenCell/metadata/panel_label_freeze_v1.tsv	b74df459a9db7acfb95e629124b5e4d7ba088d9c589c21810b41eb428c283e6a;e4a09d28939b9a165661f86d5a2f4fb0c1d33fea1c7465dcc7cf874f0a8238bc;78a020ef314246281f19dc5eec25dbb28c50c5c376ee9df5a6b5090a0ec7d321	complete standardized dataset-label count; no governed panel mapping	not_in_governed_panel_hierarchy
Arabidopsis thaliana_PRJNA745175|Non-hair root epidermal cell|root	Arabidopsis thaliana_PRJNA745175	PRJNA745175	Arabidopsis thaliana		root	cell_type_original	Non-hair root epidermal cell	PO:0000263	pilot_major_cell_family	epidermal_system	root	mapped	expert_defined_many_to_one_from_user_approved_exact_PO_labels; passes_base_gates	227	standardized_h5ad_obs;panel_dataset_label_counts_v1;panel_label_freeze_v1;coarse_label_hierarchy_v1	internal_source_record:not_publicly_portable:data/datasets/Bioinformatics/h5ad/Arabidopsis thaliana_PRJNA745175.h5ad;internal_source_record:not_publicly_portable:workspace/projects/PhyloOpenCell/metadata/panel_dataset_label_counts_v1.tsv.gz;internal_source_record:not_publicly_portable:workspace/projects/PhyloOpenCell/metadata/panel_label_freeze_v1.tsv;internal_source_record:not_publicly_portable:workspace/projects/PhyloOpenCell/metadata/coarse_label_hierarchy_v1.tsv	b74df459a9db7acfb95e629124b5e4d7ba088d9c589c21810b41eb428c283e6a;a4bd8efca65e1175053b97dc0836fe8306417dd993d7a864389a5281d37302ea;78a020ef314246281f19dc5eec25dbb28c50c5c376ee9df5a6b5090a0ec7d321;e139f4d944b153210afd8aef98174679bf7caead33207fadc3a2e8c4cb619abb	complete standardized dataset-label count with panel-specific governed mapping	
Arabidopsis thaliana_PRJNA745175|Pericycle cell|root	Arabidopsis thaliana_PRJNA745175	PRJNA745175	Arabidopsis thaliana		root	cell_type_original	Pericycle cell	PO:0025261	pilot_major_cell_family	stele_lineage	root	mapped	expert_defined_many_to_one_from_user_approved_exact_PO_labels; passes_base_gates	2098	standardized_h5ad_obs;panel_dataset_label_counts_v1;panel_label_freeze_v1;coarse_label_hierarchy_v1	internal_source_record:not_publicly_portable:data/datasets/Bioinformatics/h5ad/Arabidopsis thaliana_PRJNA745175.h5ad;internal_source_record:not_publicly_portable:workspace/projects/PhyloOpenCell/metadata/panel_dataset_label_counts_v1.tsv.gz;internal_source_record:not_publicly_portable:workspace/projects/PhyloOpenCell/metadata/panel_label_freeze_v1.tsv;internal_source_record:not_publicly_portable:workspace/projects/PhyloOpenCell/metadata/coarse_label_hierarchy_v1.tsv	b74df459a9db7acfb95e629124b5e4d7ba088d9c589c21810b41eb428c283e6a;a4bd8efca65e1175053b97dc0836fe8306417dd993d7a864389a5281d37302ea;78a020ef314246281f19dc5eec25dbb28c50c5c376ee9df5a6b5090a0ec7d321;e139f4d944b153210afd8aef98174679bf7caead33207fadc3a2e8c4cb619abb	complete standardized dataset-label count with panel-specific governed mapping	
Arabidopsis thaliana_PRJNA745175|Primary xylem|	Arabidopsis thaliana_PRJNA745175	PRJNA745175	Arabidopsis thaliana			cell_type_original	Primary xylem	PO:0005849				unmapped	candidate_auto_exact; exact_name; Plant Ontology exact lexical match; requires curator acceptance	382	standardized_h5ad_obs;ontology_mapping_candidates;panel_label_freeze_v1	internal_source_record:not_publicly_portable:data/datasets/Bioinformatics/h5ad/Arabidopsis thaliana_PRJNA745175.h5ad;internal_source_record:not_publicly_portable:workspace/projects/PhyloOpenCell/metadata/ontology_mapping_candidates.tsv;internal_source_record:not_publicly_portable:workspace/projects/PhyloOpenCell/metadata/panel_label_freeze_v1.tsv	b74df459a9db7acfb95e629124b5e4d7ba088d9c589c21810b41eb428c283e6a;e4a09d28939b9a165661f86d5a2f4fb0c1d33fea1c7465dcc7cf874f0a8238bc;78a020ef314246281f19dc5eec25dbb28c50c5c376ee9df5a6b5090a0ec7d321	complete standardized dataset-label count; no governed panel mapping	not_in_governed_panel_hierarchy
Arabidopsis thaliana_PRJNA745175|Protophloem|	Arabidopsis thaliana_PRJNA745175	PRJNA745175	Arabidopsis thaliana			cell_type_original	Protophloem	PO:0006077				unmapped	candidate_auto_exact; exact_name; Plant Ontology exact lexical match; requires curator acceptance	563	standardized_h5ad_obs;ontology_mapping_candidates;panel_label_freeze_v1	internal_source_record:not_publicly_portable:data/datasets/Bioinformatics/h5ad/Arabidopsis thaliana_PRJNA745175.h5ad;internal_source_record:not_publicly_portable:workspace/projects/PhyloOpenCell/metadata/ontology_mapping_candidates.tsv;internal_source_record:not_publicly_portable:workspace/projects/PhyloOpenCell/metadata/panel_label_freeze_v1.tsv	b74df459a9db7acfb95e629124b5e4d7ba088d9c589c21810b41eb428c283e6a;e4a09d28939b9a165661f86d5a2f4fb0c1d33fea1c7465dcc7cf874f0a8238bc;78a020ef314246281f19dc5eec25dbb28c50c5c376ee9df5a6b5090a0ec7d321	complete standardized dataset-label count; no governed panel mapping	not_in_governed_panel_hierarchy
Arabidopsis thaliana_PRJNA745175|Root cortex|root	Arabidopsis thaliana_PRJNA745175	PRJNA745175	Arabidopsis thaliana		root	cell_type_original	Root cortex	PO:0000258	pilot_major_cell_family	ground_tissue	root	mapped	expert_defined_many_to_one_from_user_approved_exact_PO_labels; passes_base_gates	406	standardized_h5ad_obs;panel_dataset_label_counts_v1;panel_label_freeze_v1;coarse_label_hierarchy_v1	internal_source_record:not_publicly_portable:data/datasets/Bioinformatics/h5ad/Arabidopsis thaliana_PRJNA745175.h5ad;internal_source_record:not_publicly_portable:workspace/projects/PhyloOpenCell/metadata/panel_dataset_label_counts_v1.tsv.gz;internal_source_record:not_publicly_portable:workspace/projects/PhyloOpenCell/metadata/panel_label_freeze_v1.tsv;internal_source_record:not_publicly_portable:workspace/projects/PhyloOpenCell/metadata/coarse_label_hierarchy_v1.tsv	b74df459a9db7acfb95e629124b5e4d7ba088d9c589c21810b41eb428c283e6a;a4bd8efca65e1175053b97dc0836fe8306417dd993d7a864389a5281d37302ea;78a020ef314246281f19dc5eec25dbb28c50c5c376ee9df5a6b5090a0ec7d321;e139f4d944b153210afd8aef98174679bf7caead33207fadc3a2e8c4cb619abb	complete standardized dataset-label count with panel-specific governed mapping	
Arabidopsis thaliana_PRJNA745175|Root endodermis|root	Arabidopsis thaliana_PRJNA745175	PRJNA745175	Arabidopsis thaliana		root	cell_type_original	Root endodermis	PO:0005059	pilot_major_cell_family	ground_tissue	root	mapped	expert_defined_many_to_one_from_user_approved_exact_PO_labels; passes_base_gates	492	standardized_h5ad_obs;panel_dataset_label_counts_v1;panel_label_freeze_v1;coarse_label_hierarchy_v1	internal_source_record:not_publicly_portable:data/datasets/Bioinformatics/h5ad/Arabidopsis thaliana_PRJNA745175.h5ad;internal_source_record:not_publicly_portable:workspace/projects/PhyloOpenCell/metadata/panel_dataset_label_counts_v1.tsv.gz;internal_source_record:not_publicly_portable:workspace/projects/PhyloOpenCell/metadata/panel_label_freeze_v1.tsv;internal_source_record:not_publicly_portable:workspace/projects/PhyloOpenCell/metadata/coarse_label_hierarchy_v1.tsv	b74df459a9db7acfb95e629124b5e4d7ba088d9c589c21810b41eb428c283e6a;a4bd8efca65e1175053b97dc0836fe8306417dd993d7a864389a5281d37302ea;78a020ef314246281f19dc5eec25dbb28c50c5c376ee9df5a6b5090a0ec7d321;e139f4d944b153210afd8aef98174679bf7caead33207fadc3a2e8c4cb619abb	complete standardized dataset-label count with panel-specific governed mapping	
Arabidopsis thaliana_PRJNA745175|Root hair cell|root	Arabidopsis thaliana_PRJNA745175	PRJNA745175	Arabidopsis thaliana		root	cell_type_original	Root hair cell	PO:0000256	pilot_major_cell_family	epidermal_system	root	mapped	expert_defined_many_to_one_from_user_approved_exact_PO_labels; passes_base_gates	1405	standardized_h5ad_obs;panel_dataset_label_counts_v1;panel_label_freeze_v1;coarse_label_hierarchy_v1	internal_source_record:not_publicly_portable:data/datasets/Bioinformatics/h5ad/Arabidopsis thaliana_PRJNA745175.h5ad;internal_source_record:not_publicly_portable:workspace/projects/PhyloOpenCell/metadata/panel_dataset_label_counts_v1.tsv.gz;internal_source_record:not_publicly_portable:workspace/projects/PhyloOpenCell/metadata/panel_label_freeze_v1.tsv;internal_source_record:not_publicly_portable:workspace/projects/PhyloOpenCell/metadata/coarse_label_hierarchy_v1.tsv	b74df459a9db7acfb95e629124b5e4d7ba088d9c589c21810b41eb428c283e6a;a4bd8efca65e1175053b97dc0836fe8306417dd993d7a864389a5281d37302ea;78a020ef314246281f19dc5eec25dbb28c50c5c376ee9df5a6b5090a0ec7d321;e139f4d944b153210afd8aef98174679bf7caead33207fadc3a2e8c4cb619abb	complete standardized dataset-label count with panel-specific governed mapping	
Arabidopsis thaliana_PRJNA745175|Root meristem|	Arabidopsis thaliana_PRJNA745175	PRJNA745175	Arabidopsis thaliana			cell_type_original	Root meristem	PO:0006085				unmapped	candidate_auto_exact; exact_name; Plant Ontology exact lexical match; requires curator acceptance	639	standardized_h5ad_obs;ontology_mapping_candidates;panel_label_freeze_v1	internal_source_record:not_publicly_portable:data/datasets/Bioinformatics/h5ad/Arabidopsis thaliana_PRJNA745175.h5ad;internal_source_record:not_publicly_portable:workspace/projects/PhyloOpenCell/metadata/ontology_mapping_candidates.tsv;internal_source_record:not_publicly_portable:workspace/projects/PhyloOpenCell/metadata/panel_label_freeze_v1.tsv	b74df459a9db7acfb95e629124b5e4d7ba088d9c589c21810b41eb428c283e6a;e4a09d28939b9a165661f86d5a2f4fb0c1d33fea1c7465dcc7cf874f0a8238bc;78a020ef314246281f19dc5eec25dbb28c50c5c376ee9df5a6b5090a0ec7d321	complete standardized dataset-label count; no governed panel mapping	not_in_governed_panel_hierarchy
Arabidopsis thaliana_PRJNA750934|Columella root cap cell|root	Arabidopsis thaliana_PRJNA750934	PRJNA750934	Arabidopsis thaliana		root	cell_type_original	Columella root cap cell	PO:0020132	pilot_major_cell_family	root_cap	root	mapped	expert_defined_many_to_one_from_user_approved_exact_PO_labels; passes_base_gates	557	standardized_h5ad_obs;panel_dataset_label_counts_v1;panel_label_freeze_v1;coarse_label_hierarchy_v1	internal_source_record:not_publicly_portable:data/datasets/Bioinformatics/h5ad/Arabidopsis thaliana_PRJNA750934.h5ad;internal_source_record:not_publicly_portable:workspace/projects/PhyloOpenCell/metadata/panel_dataset_label_counts_v1.tsv.gz;internal_source_record:not_publicly_portable:workspace/projects/PhyloOpenCell/metadata/panel_label_freeze_v1.tsv;internal_source_record:not_publicly_portable:workspace/projects/PhyloOpenCell/metadata/coarse_label_hierarchy_v1.tsv	b849c05f9c149fe232977ece498ef4ffa0661c8afaeade5f7af671e0fe23701c;a4bd8efca65e1175053b97dc0836fe8306417dd993d7a864389a5281d37302ea;78a020ef314246281f19dc5eec25dbb28c50c5c376ee9df5a6b5090a0ec7d321;e139f4d944b153210afd8aef98174679bf7caead33207fadc3a2e8c4cb619abb	complete standardized dataset-label count with panel-specific governed mapping	
Arabidopsis thaliana_PRJNA750934|Companion cell|vascular	Arabidopsis thaliana_PRJNA750934	PRJNA750934	Arabidopsis thaliana		vascular	cell_type_original	Companion cell	PO:0000071	pilot_major_cell_family	phloem_lineage	vascular	mapped	expert_defined_many_to_one_from_user_approved_exact_PO_labels; passes_base_gates	341	standardized_h5ad_obs;panel_dataset_label_counts_v1;panel_label_freeze_v1;coarse_label_hierarchy_v1	internal_source_record:not_publicly_portable:data/datasets/Bioinformatics/h5ad/Arabidopsis thaliana_PRJNA750934.h5ad;internal_source_record:not_publicly_portable:workspace/projects/PhyloOpenCell/metadata/panel_dataset_label_counts_v1.tsv.gz;internal_source_record:not_publicly_portable:workspace/projects/PhyloOpenCell/metadata/panel_label_freeze_v1.tsv;internal_source_record:not_publicly_portable:workspace/projects/PhyloOpenCell/metadata/coarse_label_hierarchy_v1.tsv	b849c05f9c149fe232977ece498ef4ffa0661c8afaeade5f7af671e0fe23701c;a4bd8efca65e1175053b97dc0836fe8306417dd993d7a864389a5281d37302ea;78a020ef314246281f19dc5eec25dbb28c50c5c376ee9df5a6b5090a0ec7d321;e139f4d944b153210afd8aef98174679bf7caead33207fadc3a2e8c4cb619abb	complete standardized dataset-label count with panel-specific governed mapping	
Arabidopsis thaliana_PRJNA750934|Lateral root cap|	Arabidopsis thaliana_PRJNA750934	PRJNA750934	Arabidopsis thaliana			cell_type_original	Lateral root cap	PO:0020131				unmapped	candidate_auto_exact; exact_name; Plant Ontology exact lexical match; requires curator acceptance	5820	standardized_h5ad_obs;ontology_mapping_candidates;panel_label_freeze_v1	internal_source_record:not_publicly_portable:data/datasets/Bioinformatics/h5ad/Arabidopsis thaliana_PRJNA750934.h5ad;internal_source_record:not_publicly_portable:workspace/projects/PhyloOpenCell/metadata/ontology_mapping_candidates.tsv;internal_source_record:not_publicly_portable:workspace/projects/PhyloOpenCell/metadata/panel_label_freeze_v1.tsv	b849c05f9c149fe232977ece498ef4ffa0661c8afaeade5f7af671e0fe23701c;e4a09d28939b9a165661f86d5a2f4fb0c1d33fea1c7465dcc7cf874f0a8238bc;78a020ef314246281f19dc5eec25dbb28c50c5c376ee9df5a6b5090a0ec7d321	complete standardized dataset-label count; no governed panel mapping	not_in_governed_panel_hierarchy
Arabidopsis thaliana_PRJNA750934|Non_hair root epidermal cell|	Arabidopsis thaliana_PRJNA750934	PRJNA750934	Arabidopsis thaliana			cell_type_original	Non_hair root epidermal cell	PO:0000263				unmapped	candidate_auto_exact; exact_name; Plant Ontology exact lexical match; requires curator acceptance	934	standardized_h5ad_obs;ontology_mapping_candidates;panel_label_freeze_v1	internal_source_record:not_publicly_portable:data/datasets/Bioinformatics/h5ad/Arabidopsis thaliana_PRJNA750934.h5ad;internal_source_record:not_publicly_portable:workspace/projects/PhyloOpenCell/metadata/ontology_mapping_candidates.tsv;internal_source_record:not_publicly_portable:workspace/projects/PhyloOpenCell/metadata/panel_label_freeze_v1.tsv	b849c05f9c149fe232977ece498ef4ffa0661c8afaeade5f7af671e0fe23701c;e4a09d28939b9a165661f86d5a2f4fb0c1d33fea1c7465dcc7cf874f0a8238bc;78a020ef314246281f19dc5eec25dbb28c50c5c376ee9df5a6b5090a0ec7d321	complete standardized dataset-label count; no governed panel mapping	not_in_governed_panel_hierarchy
Arabidopsis thaliana_PRJNA750934|Pericycle cell|root	Arabidopsis thaliana_PRJNA750934	PRJNA750934	Arabidopsis thaliana		root	cell_type_original	Pericycle cell	PO:0025261	pilot_major_cell_family	stele_lineage	root	mapped	expert_defined_many_to_one_from_user_approved_exact_PO_labels; passes_base_gates	928	standardized_h5ad_obs;panel_dataset_label_counts_v1;panel_label_freeze_v1;coarse_label_hierarchy_v1	internal_source_record:not_publicly_portable:data/datasets/Bioinformatics/h5ad/Arabidopsis thaliana_PRJNA750934.h5ad;internal_source_record:not_publicly_portable:workspace/projects/PhyloOpenCell/metadata/panel_dataset_label_counts_v1.tsv.gz;internal_source_record:not_publicly_portable:workspace/projects/PhyloOpenCell/metadata/panel_label_freeze_v1.tsv;internal_source_record:not_publicly_portable:workspace/projects/PhyloOpenCell/metadata/coarse_label_hierarchy_v1.tsv	b849c05f9c149fe232977ece498ef4ffa0661c8afaeade5f7af671e0fe23701c;a4bd8efca65e1175053b97dc0836fe8306417dd993d7a864389a5281d37302ea;78a020ef314246281f19dc5eec25dbb28c50c5c376ee9df5a6b5090a0ec7d321;e139f4d944b153210afd8aef98174679bf7caead33207fadc3a2e8c4cb619abb	complete standardized dataset-label count with panel-specific governed mapping	
Arabidopsis thaliana_PRJNA750934|Primary phloem|	Arabidopsis thaliana_PRJNA750934	PRJNA750934	Arabidopsis thaliana			cell_type_original	Primary phloem	PO:0006075				unmapped	candidate_auto_exact; exact_name; Plant Ontology exact lexical match; requires curator acceptance	1491	standardized_h5ad_obs;ontology_mapping_candidates;panel_label_freeze_v1	internal_source_record:not_publicly_portable:data/datasets/Bioinformatics/h5ad/Arabidopsis thaliana_PRJNA750934.h5ad;internal_source_record:not_publicly_portable:workspace/projects/PhyloOpenCell/metadata/ontology_mapping_candidates.tsv;internal_source_record:not_publicly_portable:workspace/projects/PhyloOpenCell/metadata/panel_label_freeze_v1.tsv	b849c05f9c149fe232977ece498ef4ffa0661c8afaeade5f7af671e0fe23701c;e4a09d28939b9a165661f86d5a2f4fb0c1d33fea1c7465dcc7cf874f0a8238bc;78a020ef314246281f19dc5eec25dbb28c50c5c376ee9df5a6b5090a0ec7d321	complete standardized dataset-label count; no governed panel mapping	not_in_governed_panel_hierarchy
Arabidopsis thaliana_PRJNA750934|Primary xylem|	Arabidopsis thaliana_PRJNA750934	PRJNA750934	Arabidopsis thaliana			cell_type_original	Primary xylem	PO:0005849				unmapped	candidate_auto_exact; exact_name; Plant Ontology exact lexical match; requires curator acceptance	473	standardized_h5ad_obs;ontology_mapping_candidates;panel_label_freeze_v1	internal_source_record:not_publicly_portable:data/datasets/Bioinformatics/h5ad/Arabidopsis thaliana_PRJNA750934.h5ad;internal_source_record:not_publicly_portable:workspace/projects/PhyloOpenCell/metadata/ontology_mapping_candidates.tsv;internal_source_record:not_publicly_portable:workspace/projects/PhyloOpenCell/metadata/panel_label_freeze_v1.tsv	b849c05f9c149fe232977ece498ef4ffa0661c8afaeade5f7af671e0fe23701c;e4a09d28939b9a165661f86d5a2f4fb0c1d33fea1c7465dcc7cf874f0a8238bc;78a020ef314246281f19dc5eec25dbb28c50c5c376ee9df5a6b5090a0ec7d321	complete standardized dataset-label count; no governed panel mapping	not_in_governed_panel_hierarchy
Arabidopsis thaliana_PRJNA750934|Protophloem|	Arabidopsis thaliana_PRJNA750934	PRJNA750934	Arabidopsis thaliana			cell_type_original	Protophloem	PO:0006077				unmapped	candidate_auto_exact; exact_name; Plant Ontology exact lexical match; requires curator acceptance	120	standardized_h5ad_obs;ontology_mapping_candidates;panel_label_freeze_v1	internal_source_record:not_publicly_portable:data/datasets/Bioinformatics/h5ad/Arabidopsis thaliana_PRJNA750934.h5ad;internal_source_record:not_publicly_portable:workspace/projects/PhyloOpenCell/metadata/ontology_mapping_candidates.tsv;internal_source_record:not_publicly_portable:workspace/projects/PhyloOpenCell/metadata/panel_label_freeze_v1.tsv	b849c05f9c149fe232977ece498ef4ffa0661c8afaeade5f7af671e0fe23701c;e4a09d28939b9a165661f86d5a2f4fb0c1d33fea1c7465dcc7cf874f0a8238bc;78a020ef314246281f19dc5eec25dbb28c50c5c376ee9df5a6b5090a0ec7d321	complete standardized dataset-label count; no governed panel mapping	not_in_governed_panel_hierarchy
Arabidopsis thaliana_PRJNA750934|Root cortex|root	Arabidopsis thaliana_PRJNA750934	PRJNA750934	Arabidopsis thaliana		root	cell_type_original	Root cortex	PO:0000258	pilot_major_cell_family	ground_tissue	root	mapped	expert_defined_many_to_one_from_user_approved_exact_PO_labels; passes_base_gates	1263	standardized_h5ad_obs;panel_dataset_label_counts_v1;panel_label_freeze_v1;coarse_label_hierarchy_v1	internal_source_record:not_publicly_portable:data/datasets/Bioinformatics/h5ad/Arabidopsis thaliana_PRJNA750934.h5ad;internal_source_record:not_publicly_portable:workspace/projects/PhyloOpenCell/metadata/panel_dataset_label_counts_v1.tsv.gz;internal_source_record:not_publicly_portable:workspace/projects/PhyloOpenCell/metadata/panel_label_freeze_v1.tsv;internal_source_record:not_publicly_portable:workspace/projects/PhyloOpenCell/metadata/coarse_label_hierarchy_v1.tsv	b849c05f9c149fe232977ece498ef4ffa0661c8afaeade5f7af671e0fe23701c;a4bd8efca65e1175053b97dc0836fe8306417dd993d7a864389a5281d37302ea;78a020ef314246281f19dc5eec25dbb28c50c5c376ee9df5a6b5090a0ec7d321;e139f4d944b153210afd8aef98174679bf7caead33207fadc3a2e8c4cb619abb	complete standardized dataset-label count with panel-specific governed mapping	
Arabidopsis thaliana_PRJNA750934|Root endodermis|root	Arabidopsis thaliana_PRJNA750934	PRJNA750934	Arabidopsis thaliana		root	cell_type_original	Root endodermis	PO:0005059	pilot_major_cell_family	ground_tissue	root	mapped	expert_defined_many_to_one_from_user_approved_exact_PO_labels; passes_base_gates	1072	standardized_h5ad_obs;panel_dataset_label_counts_v1;panel_label_freeze_v1;coarse_label_hierarchy_v1	internal_source_record:not_publicly_portable:data/datasets/Bioinformatics/h5ad/Arabidopsis thaliana_PRJNA750934.h5ad;internal_source_record:not_publicly_portable:workspace/projects/PhyloOpenCell/metadata/panel_dataset_label_counts_v1.tsv.gz;internal_source_record:not_publicly_portable:workspace/projects/PhyloOpenCell/metadata/panel_label_freeze_v1.tsv;internal_source_record:not_publicly_portable:workspace/projects/PhyloOpenCell/metadata/coarse_label_hierarchy_v1.tsv	b849c05f9c149fe232977ece498ef4ffa0661c8afaeade5f7af671e0fe23701c;a4bd8efca65e1175053b97dc0836fe8306417dd993d7a864389a5281d37302ea;78a020ef314246281f19dc5eec25dbb28c50c5c376ee9df5a6b5090a0ec7d321;e139f4d944b153210afd8aef98174679bf7caead33207fadc3a2e8c4cb619abb	complete standardized dataset-label count with panel-specific governed mapping	
Arabidopsis thaliana_PRJNA750934|Root hair cell|root	Arabidopsis thaliana_PRJNA750934	PRJNA750934	Arabidopsis thaliana		root	cell_type_original	Root hair cell	PO:0000256	pilot_major_cell_family	epidermal_system	root	mapped	expert_defined_many_to_one_from_user_approved_exact_PO_labels; passes_base_gates	852	standardized_h5ad_obs;panel_dataset_label_counts_v1;panel_label_freeze_v1;coarse_label_hierarchy_v1	internal_source_record:not_publicly_portable:data/datasets/Bioinformatics/h5ad/Arabidopsis thaliana_PRJNA750934.h5ad;internal_source_record:not_publicly_portable:workspace/projects/PhyloOpenCell/metadata/panel_dataset_label_counts_v1.tsv.gz;internal_source_record:not_publicly_portable:workspace/projects/PhyloOpenCell/metadata/panel_label_freeze_v1.tsv;internal_source_record:not_publicly_portable:workspace/projects/PhyloOpenCell/metadata/coarse_label_hierarchy_v1.tsv	b849c05f9c149fe232977ece498ef4ffa0661c8afaeade5f7af671e0fe23701c;a4bd8efca65e1175053b97dc0836fe8306417dd993d7a864389a5281d37302ea;78a020ef314246281f19dc5eec25dbb28c50c5c376ee9df5a6b5090a0ec7d321;e139f4d944b153210afd8aef98174679bf7caead33207fadc3a2e8c4cb619abb	complete standardized dataset-label count with panel-specific governed mapping	
Arabidopsis thaliana_PRJNA750934|Root initial cell|	Arabidopsis thaliana_PRJNA750934	PRJNA750934	Arabidopsis thaliana			cell_type_original	Root initial cell	PO:0000059				unmapped	candidate_auto_exact; exact_name; Plant Ontology exact lexical match; requires curator acceptance	1434	standardized_h5ad_obs;ontology_mapping_candidates;panel_label_freeze_v1	internal_source_record:not_publicly_portable:data/datasets/Bioinformatics/h5ad/Arabidopsis thaliana_PRJNA750934.h5ad;internal_source_record:not_publicly_portable:workspace/projects/PhyloOpenCell/metadata/ontology_mapping_candidates.tsv;internal_source_record:not_publicly_portable:workspace/projects/PhyloOpenCell/metadata/panel_label_freeze_v1.tsv	b849c05f9c149fe232977ece498ef4ffa0661c8afaeade5f7af671e0fe23701c;e4a09d28939b9a165661f86d5a2f4fb0c1d33fea1c7465dcc7cf874f0a8238bc;78a020ef314246281f19dc5eec25dbb28c50c5c376ee9df5a6b5090a0ec7d321	complete standardized dataset-label count; no governed panel mapping	not_in_governed_panel_hierarchy
Arabidopsis thaliana_PRJNA750934|Root meristem|	Arabidopsis thaliana_PRJNA750934	PRJNA750934	Arabidopsis thaliana			cell_type_original	Root meristem	PO:0006085				unmapped	candidate_auto_exact; exact_name; Plant Ontology exact lexical match; requires curator acceptance	468	standardized_h5ad_obs;ontology_mapping_candidates;panel_label_freeze_v1	internal_source_record:not_publicly_portable:data/datasets/Bioinformatics/h5ad/Arabidopsis thaliana_PRJNA750934.h5ad;internal_source_record:not_publicly_portable:workspace/projects/PhyloOpenCell/metadata/ontology_mapping_candidates.tsv;internal_source_record:not_publicly_portable:workspace/projects/PhyloOpenCell/metadata/panel_label_freeze_v1.tsv	b849c05f9c149fe232977ece498ef4ffa0661c8afaeade5f7af671e0fe23701c;e4a09d28939b9a165661f86d5a2f4fb0c1d33fea1c7465dcc7cf874f0a8238bc;78a020ef314246281f19dc5eec25dbb28c50c5c376ee9df5a6b5090a0ec7d321	complete standardized dataset-label count; no governed panel mapping	not_in_governed_panel_hierarchy
Arabidopsis thaliana_PRJNA750934|Root procambium|root	Arabidopsis thaliana_PRJNA750934	PRJNA750934	Arabidopsis thaliana		root	cell_type_original	Root procambium	PO:0006307	pilot_major_cell_family	stele_lineage	root	mapped	expert_defined_many_to_one_from_user_approved_exact_PO_labels; passes_base_gates	1412	standardized_h5ad_obs;panel_dataset_label_counts_v1;panel_label_freeze_v1;coarse_label_hierarchy_v1	internal_source_record:not_publicly_portable:data/datasets/Bioinformatics/h5ad/Arabidopsis thaliana_PRJNA750934.h5ad;internal_source_record:not_publicly_portable:workspace/projects/PhyloOpenCell/metadata/panel_dataset_label_counts_v1.tsv.gz;internal_source_record:not_publicly_portable:workspace/projects/PhyloOpenCell/metadata/panel_label_freeze_v1.tsv;internal_source_record:not_publicly_portable:workspace/projects/PhyloOpenCell/metadata/coarse_label_hierarchy_v1.tsv	b849c05f9c149fe232977ece498ef4ffa0661c8afaeade5f7af671e0fe23701c;a4bd8efca65e1175053b97dc0836fe8306417dd993d7a864389a5281d37302ea;78a020ef314246281f19dc5eec25dbb28c50c5c376ee9df5a6b5090a0ec7d321;e139f4d944b153210afd8aef98174679bf7caead33207fadc3a2e8c4cb619abb	complete standardized dataset-label count with panel-specific governed mapping	
Arabidopsis thaliana_PRJNA750934|Root procambium|vascular	Arabidopsis thaliana_PRJNA750934	PRJNA750934	Arabidopsis thaliana		vascular	cell_type_original	Root procambium	PO:0006307	pilot_major_cell_family	procambial_lineage	vascular	mapped	expert_defined_many_to_one_from_user_approved_exact_PO_labels; passes_base_gates	1412	standardized_h5ad_obs;panel_dataset_label_counts_v1;panel_label_freeze_v1;coarse_label_hierarchy_v1	internal_source_record:not_publicly_portable:data/datasets/Bioinformatics/h5ad/Arabidopsis thaliana_PRJNA750934.h5ad;internal_source_record:not_publicly_portable:workspace/projects/PhyloOpenCell/metadata/panel_dataset_label_counts_v1.tsv.gz;internal_source_record:not_publicly_portable:workspace/projects/PhyloOpenCell/metadata/panel_label_freeze_v1.tsv;internal_source_record:not_publicly_portable:workspace/projects/PhyloOpenCell/metadata/coarse_label_hierarchy_v1.tsv	b849c05f9c149fe232977ece498ef4ffa0661c8afaeade5f7af671e0fe23701c;a4bd8efca65e1175053b97dc0836fe8306417dd993d7a864389a5281d37302ea;78a020ef314246281f19dc5eec25dbb28c50c5c376ee9df5a6b5090a0ec7d321;e139f4d944b153210afd8aef98174679bf7caead33207fadc3a2e8c4cb619abb	complete standardized dataset-label count with panel-specific governed mapping	
Arabidopsis thaliana_PRJNA754157|Companion cell|vascular	Arabidopsis thaliana_PRJNA754157	PRJNA754157	Arabidopsis thaliana		vascular	cell_type_original	Companion cell	PO:0000071	pilot_major_cell_family	phloem_lineage	vascular	mapped	expert_defined_many_to_one_from_user_approved_exact_PO_labels; passes_base_gates	1287	standardized_h5ad_obs;panel_dataset_label_counts_v1;panel_label_freeze_v1;coarse_label_hierarchy_v1	internal_source_record:not_publicly_portable:data/datasets/Bioinformatics/h5ad/Arabidopsis thaliana_PRJNA754157.h5ad;internal_source_record:not_publicly_portable:workspace/projects/PhyloOpenCell/metadata/panel_dataset_label_counts_v1.tsv.gz;internal_source_record:not_publicly_portable:workspace/projects/PhyloOpenCell/metadata/panel_label_freeze_v1.tsv;internal_source_record:not_publicly_portable:workspace/projects/PhyloOpenCell/metadata/coarse_label_hierarchy_v1.tsv	21358a432bac55a1d0879deb18efbf3daeee9477145e07327d7e91cd1cdb047b;a4bd8efca65e1175053b97dc0836fe8306417dd993d7a864389a5281d37302ea;78a020ef314246281f19dc5eec25dbb28c50c5c376ee9df5a6b5090a0ec7d321;e139f4d944b153210afd8aef98174679bf7caead33207fadc3a2e8c4cb619abb	complete standardized dataset-label count with panel-specific governed mapping	
Arabidopsis thaliana_PRJNA754157|Early sieve element|	Arabidopsis thaliana_PRJNA754157	PRJNA754157	Arabidopsis thaliana			cell_type_original	Early sieve element					unmapped	pending_manual_curation; exact_synonym	513	standardized_h5ad_obs;ontology_mapping_candidates;panel_label_freeze_v1	internal_source_record:not_publicly_portable:data/datasets/Bioinformatics/h5ad/Arabidopsis thaliana_PRJNA754157.h5ad;internal_source_record:not_publicly_portable:workspace/projects/PhyloOpenCell/metadata/ontology_mapping_candidates.tsv;internal_source_record:not_publicly_portable:workspace/projects/PhyloOpenCell/metadata/panel_label_freeze_v1.tsv	21358a432bac55a1d0879deb18efbf3daeee9477145e07327d7e91cd1cdb047b;e4a09d28939b9a165661f86d5a2f4fb0c1d33fea1c7465dcc7cf874f0a8238bc;78a020ef314246281f19dc5eec25dbb28c50c5c376ee9df5a6b5090a0ec7d321	complete standardized dataset-label count; no governed panel mapping	not_in_governed_panel_hierarchy
Arabidopsis thaliana_PRJNA754157|Epidermal cell layer of the emerging lateral root|	Arabidopsis thaliana_PRJNA754157	PRJNA754157	Arabidopsis thaliana			cell_type_original	Epidermal cell layer of the emerging lateral root					unmapped	pending_manual_curation; exact_synonym	831	standardized_h5ad_obs;ontology_mapping_candidates;panel_label_freeze_v1	internal_source_record:not_publicly_portable:data/datasets/Bioinformatics/h5ad/Arabidopsis thaliana_PRJNA754157.h5ad;internal_source_record:not_publicly_portable:workspace/projects/PhyloOpenCell/metadata/ontology_mapping_candidates.tsv;internal_source_record:not_publicly_portable:workspace/projects/PhyloOpenCell/metadata/panel_label_freeze_v1.tsv	21358a432bac55a1d0879deb18efbf3daeee9477145e07327d7e91cd1cdb047b;e4a09d28939b9a165661f86d5a2f4fb0c1d33fea1c7465dcc7cf874f0a8238bc;78a020ef314246281f19dc5eec25dbb28c50c5c376ee9df5a6b5090a0ec7d321	complete standardized dataset-label count; no governed panel mapping	not_in_governed_panel_hierarchy
Arabidopsis thaliana_PRJNA754157|Metaphloem sieve element|	Arabidopsis thaliana_PRJNA754157	PRJNA754157	Arabidopsis thaliana			cell_type_original	Metaphloem sieve element					unmapped	pending_manual_curation; exact_synonym	977	standardized_h5ad_obs;ontology_mapping_candidates;panel_label_freeze_v1	internal_source_record:not_publicly_portable:data/datasets/Bioinformatics/h5ad/Arabidopsis thaliana_PRJNA754157.h5ad;internal_source_record:not_publicly_portable:workspace/projects/PhyloOpenCell/metadata/ontology_mapping_candidates.tsv;internal_source_record:not_publicly_portable:workspace/projects/PhyloOpenCell/metadata/panel_label_freeze_v1.tsv	21358a432bac55a1d0879deb18efbf3daeee9477145e07327d7e91cd1cdb047b;e4a09d28939b9a165661f86d5a2f4fb0c1d33fea1c7465dcc7cf874f0a8238bc;78a020ef314246281f19dc5eec25dbb28c50c5c376ee9df5a6b5090a0ec7d321	complete standardized dataset-label count; no governed panel mapping	not_in_governed_panel_hierarchy
Arabidopsis thaliana_PRJNA754157|Phloem pole pericycle cell|	Arabidopsis thaliana_PRJNA754157	PRJNA754157	Arabidopsis thaliana			cell_type_original	Phloem pole pericycle cell	PO:0000065				unmapped	candidate_auto_exact; exact_name; Plant Ontology exact lexical match; requires curator acceptance	4612	standardized_h5ad_obs;ontology_mapping_candidates;panel_label_freeze_v1	internal_source_record:not_publicly_portable:data/datasets/Bioinformatics/h5ad/Arabidopsis thaliana_PRJNA754157.h5ad;internal_source_record:not_publicly_portable:workspace/projects/PhyloOpenCell/metadata/ontology_mapping_candidates.tsv;internal_source_record:not_publicly_portable:workspace/projects/PhyloOpenCell/metadata/panel_label_freeze_v1.tsv	21358a432bac55a1d0879deb18efbf3daeee9477145e07327d7e91cd1cdb047b;e4a09d28939b9a165661f86d5a2f4fb0c1d33fea1c7465dcc7cf874f0a8238bc;78a020ef314246281f19dc5eec25dbb28c50c5c376ee9df5a6b5090a0ec7d321	complete standardized dataset-label count; no governed panel mapping	not_in_governed_panel_hierarchy
Arabidopsis thaliana_PRJNA754157|Protophloem sieve element|	Arabidopsis thaliana_PRJNA754157	PRJNA754157	Arabidopsis thaliana			cell_type_original	Protophloem sieve element					unmapped	pending_manual_curation; exact_synonym	2008	standardized_h5ad_obs;ontology_mapping_candidates;panel_label_freeze_v1	internal_source_record:not_publicly_portable:data/datasets/Bioinformatics/h5ad/Arabidopsis thaliana_PRJNA754157.h5ad;internal_source_record:not_publicly_portable:workspace/projects/PhyloOpenCell/metadata/ontology_mapping_candidates.tsv;internal_source_record:not_publicly_portable:workspace/projects/PhyloOpenCell/metadata/panel_label_freeze_v1.tsv	21358a432bac55a1d0879deb18efbf3daeee9477145e07327d7e91cd1cdb047b;e4a09d28939b9a165661f86d5a2f4fb0c1d33fea1c7465dcc7cf874f0a8238bc;78a020ef314246281f19dc5eec25dbb28c50c5c376ee9df5a6b5090a0ec7d321	complete standardized dataset-label count; no governed panel mapping	not_in_governed_panel_hierarchy
Arabidopsis thaliana_PRJNA754157|Unknown|	Arabidopsis thaliana_PRJNA754157	PRJNA754157	Arabidopsis thaliana			cell_type_original	Unknown					unknown	excluded_unknown	472	standardized_h5ad_obs;ontology_mapping_candidates;panel_label_freeze_v1	internal_source_record:not_publicly_portable:data/datasets/Bioinformatics/h5ad/Arabidopsis thaliana_PRJNA754157.h5ad;internal_source_record:not_publicly_portable:workspace/projects/PhyloOpenCell/metadata/ontology_mapping_candidates.tsv;internal_source_record:not_publicly_portable:workspace/projects/PhyloOpenCell/metadata/panel_label_freeze_v1.tsv	21358a432bac55a1d0879deb18efbf3daeee9477145e07327d7e91cd1cdb047b;e4a09d28939b9a165661f86d5a2f4fb0c1d33fea1c7465dcc7cf874f0a8238bc;78a020ef314246281f19dc5eec25dbb28c50c5c376ee9df5a6b5090a0ec7d321	complete standardized dataset-label count; no governed panel mapping	
Arabidopsis thaliana_PRJNA764868|Bundle sheath cell|leaf	Arabidopsis thaliana_PRJNA764868	PRJNA764868	Arabidopsis thaliana		leaf	cell_type_original	Bundle sheath cell	PO:0025541	pilot_major_cell_family	photosynthetic_ground_tissue	leaf	mapped	expert_defined_many_to_one_from_user_approved_exact_PO_labels; passes_base_gates	2710	standardized_h5ad_obs;panel_dataset_label_counts_v1;panel_label_freeze_v1;coarse_label_hierarchy_v1	internal_source_record:not_publicly_portable:data/datasets/Bioinformatics/h5ad/Arabidopsis thaliana_PRJNA764868.h5ad;internal_source_record:not_publicly_portable:workspace/projects/PhyloOpenCell/metadata/panel_dataset_label_counts_v1.tsv.gz;internal_source_record:not_publicly_portable:workspace/projects/PhyloOpenCell/metadata/panel_label_freeze_v1.tsv;internal_source_record:not_publicly_portable:workspace/projects/PhyloOpenCell/metadata/coarse_label_hierarchy_v1.tsv	a901c3de1fe723662770af96900248463ce9ca3cb2f99462cf55e3335654f485;a4bd8efca65e1175053b97dc0836fe8306417dd993d7a864389a5281d37302ea;78a020ef314246281f19dc5eec25dbb28c50c5c376ee9df5a6b5090a0ec7d321;e139f4d944b153210afd8aef98174679bf7caead33207fadc3a2e8c4cb619abb	complete standardized dataset-label count with panel-specific governed mapping	
Arabidopsis thaliana_PRJNA764868|Companion cell|vascular	Arabidopsis thaliana_PRJNA764868	PRJNA764868	Arabidopsis thaliana		vascular	cell_type_original	Companion cell	PO:0000071	pilot_major_cell_family	phloem_lineage	vascular	mapped	expert_defined_many_to_one_from_user_approved_exact_PO_labels; passes_base_gates	1234	standardized_h5ad_obs;panel_dataset_label_counts_v1;panel_label_freeze_v1;coarse_label_hierarchy_v1	internal_source_record:not_publicly_portable:data/datasets/Bioinformatics/h5ad/Arabidopsis thaliana_PRJNA764868.h5ad;internal_source_record:not_publicly_portable:workspace/projects/PhyloOpenCell/metadata/panel_dataset_label_counts_v1.tsv.gz;internal_source_record:not_publicly_portable:workspace/projects/PhyloOpenCell/metadata/panel_label_freeze_v1.tsv;internal_source_record:not_publicly_portable:workspace/projects/PhyloOpenCell/metadata/coarse_label_hierarchy_v1.tsv	a901c3de1fe723662770af96900248463ce9ca3cb2f99462cf55e3335654f485;a4bd8efca65e1175053b97dc0836fe8306417dd993d7a864389a5281d37302ea;78a020ef314246281f19dc5eec25dbb28c50c5c376ee9df5a6b5090a0ec7d321;e139f4d944b153210afd8aef98174679bf7caead33207fadc3a2e8c4cb619abb	complete standardized dataset-label count with panel-specific governed mapping	
Arabidopsis thaliana_PRJNA764868|Hydathode|	Arabidopsis thaliana_PRJNA764868	PRJNA764868	Arabidopsis thaliana			cell_type_original	Hydathode	PO:0005660				unmapped	candidate_auto_exact; exact_name; Plant Ontology exact lexical match; requires curator acceptance	897	standardized_h5ad_obs;ontology_mapping_candidates;panel_label_freeze_v1	internal_source_record:not_publicly_portable:data/datasets/Bioinformatics/h5ad/Arabidopsis thaliana_PRJNA764868.h5ad;internal_source_record:not_publicly_portable:workspace/projects/PhyloOpenCell/metadata/ontology_mapping_candidates.tsv;internal_source_record:not_publicly_portable:workspace/projects/PhyloOpenCell/metadata/panel_label_freeze_v1.tsv	a901c3de1fe723662770af96900248463ce9ca3cb2f99462cf55e3335654f485;e4a09d28939b9a165661f86d5a2f4fb0c1d33fea1c7465dcc7cf874f0a8238bc;78a020ef314246281f19dc5eec25dbb28c50c5c376ee9df5a6b5090a0ec7d321	complete standardized dataset-label count; no governed panel mapping	not_in_governed_panel_hierarchy
Arabidopsis thaliana_PRJNA764868|Leaf guard cell|leaf	Arabidopsis thaliana_PRJNA764868	PRJNA764868	Arabidopsis thaliana		leaf	cell_type_original	Leaf guard cell	PO:0025237	pilot_major_cell_family	epidermal_system	leaf	mapped	expert_defined_many_to_one_from_user_approved_exact_PO_labels; passes_base_gates	464	standardized_h5ad_obs;panel_dataset_label_counts_v1;panel_label_freeze_v1;coarse_label_hierarchy_v1	internal_source_record:not_publicly_portable:data/datasets/Bioinformatics/h5ad/Arabidopsis thaliana_PRJNA764868.h5ad;internal_source_record:not_publicly_portable:workspace/projects/PhyloOpenCell/metadata/panel_dataset_label_counts_v1.tsv.gz;internal_source_record:not_publicly_portable:workspace/projects/PhyloOpenCell/metadata/panel_label_freeze_v1.tsv;internal_source_record:not_publicly_portable:workspace/projects/PhyloOpenCell/metadata/coarse_label_hierarchy_v1.tsv	a901c3de1fe723662770af96900248463ce9ca3cb2f99462cf55e3335654f485;a4bd8efca65e1175053b97dc0836fe8306417dd993d7a864389a5281d37302ea;78a020ef314246281f19dc5eec25dbb28c50c5c376ee9df5a6b5090a0ec7d321;e139f4d944b153210afd8aef98174679bf7caead33207fadc3a2e8c4cb619abb	complete standardized dataset-label count with panel-specific governed mapping	
Arabidopsis thaliana_PRJNA764868|Leaf pavement cell|leaf	Arabidopsis thaliana_PRJNA764868	PRJNA764868	Arabidopsis thaliana		leaf	cell_type_original	Leaf pavement cell	PO:0025212	pilot_major_cell_family	epidermal_system	leaf	mapped	expert_defined_many_to_one_from_user_approved_exact_PO_labels; passes_base_gates	5754	standardized_h5ad_obs;panel_dataset_label_counts_v1;panel_label_freeze_v1;coarse_label_hierarchy_v1	internal_source_record:not_publicly_portable:data/datasets/Bioinformatics/h5ad/Arabidopsis thaliana_PRJNA764868.h5ad;internal_source_record:not_publicly_portable:workspace/projects/PhyloOpenCell/metadata/panel_dataset_label_counts_v1.tsv.gz;internal_source_record:not_publicly_portable:workspace/projects/PhyloOpenCell/metadata/panel_label_freeze_v1.tsv;internal_source_record:not_publicly_portable:workspace/projects/PhyloOpenCell/metadata/coarse_label_hierarchy_v1.tsv	a901c3de1fe723662770af96900248463ce9ca3cb2f99462cf55e3335654f485;a4bd8efca65e1175053b97dc0836fe8306417dd993d7a864389a5281d37302ea;78a020ef314246281f19dc5eec25dbb28c50c5c376ee9df5a6b5090a0ec7d321;e139f4d944b153210afd8aef98174679bf7caead33207fadc3a2e8c4cb619abb	complete standardized dataset-label count with panel-specific governed mapping	
Arabidopsis thaliana_PRJNA764868|Mesophyll cell|leaf	Arabidopsis thaliana_PRJNA764868	PRJNA764868	Arabidopsis thaliana		leaf	cell_type_original	Mesophyll cell	PO:0004006	pilot_major_cell_family	photosynthetic_ground_tissue	leaf	mapped	expert_defined_many_to_one_from_user_approved_exact_PO_labels; passes_base_gates	9723	standardized_h5ad_obs;panel_dataset_label_counts_v1;panel_label_freeze_v1;coarse_label_hierarchy_v1	internal_source_record:not_publicly_portable:data/datasets/Bioinformatics/h5ad/Arabidopsis thaliana_PRJNA764868.h5ad;internal_source_record:not_publicly_portable:workspace/projects/PhyloOpenCell/metadata/panel_dataset_label_counts_v1.tsv.gz;internal_source_record:not_publicly_portable:workspace/projects/PhyloOpenCell/metadata/panel_label_freeze_v1.tsv;internal_source_record:not_publicly_portable:workspace/projects/PhyloOpenCell/metadata/coarse_label_hierarchy_v1.tsv	a901c3de1fe723662770af96900248463ce9ca3cb2f99462cf55e3335654f485;a4bd8efca65e1175053b97dc0836fe8306417dd993d7a864389a5281d37302ea;78a020ef314246281f19dc5eec25dbb28c50c5c376ee9df5a6b5090a0ec7d321;e139f4d944b153210afd8aef98174679bf7caead33207fadc3a2e8c4cb619abb	complete standardized dataset-label count with panel-specific governed mapping	
Arabidopsis thaliana_PRJNA764868|Myrosinase cell|	Arabidopsis thaliana_PRJNA764868	PRJNA764868	Arabidopsis thaliana			cell_type_original	Myrosinase cell					unmapped	pending_manual_curation; exact_synonym	136	standardized_h5ad_obs;ontology_mapping_candidates;panel_label_freeze_v1	internal_source_record:not_publicly_portable:data/datasets/Bioinformatics/h5ad/Arabidopsis thaliana_PRJNA764868.h5ad;internal_source_record:not_publicly_portable:workspace/projects/PhyloOpenCell/metadata/ontology_mapping_candidates.tsv;internal_source_record:not_publicly_portable:workspace/projects/PhyloOpenCell/metadata/panel_label_freeze_v1.tsv	a901c3de1fe723662770af96900248463ce9ca3cb2f99462cf55e3335654f485;e4a09d28939b9a165661f86d5a2f4fb0c1d33fea1c7465dcc7cf874f0a8238bc;78a020ef314246281f19dc5eec25dbb28c50c5c376ee9df5a6b5090a0ec7d321	complete standardized dataset-label count; no governed panel mapping	not_in_governed_panel_hierarchy
Arabidopsis thaliana_PRJNA764868|Phloem parenchyma cell|vascular	Arabidopsis thaliana_PRJNA764868	PRJNA764868	Arabidopsis thaliana		vascular	cell_type_original	Phloem parenchyma cell	PO:0025627	pilot_major_cell_family	phloem_lineage	vascular	mapped	expert_defined_many_to_one_from_user_approved_exact_PO_labels; passes_base_gates	2141	standardized_h5ad_obs;panel_dataset_label_counts_v1;panel_label_freeze_v1;coarse_label_hierarchy_v1	internal_source_record:not_publicly_portable:data/datasets/Bioinformatics/h5ad/Arabidopsis thaliana_PRJNA764868.h5ad;internal_source_record:not_publicly_portable:workspace/projects/PhyloOpenCell/metadata/panel_dataset_label_counts_v1.tsv.gz;internal_source_record:not_publicly_portable:workspace/projects/PhyloOpenCell/metadata/panel_label_freeze_v1.tsv;internal_source_record:not_publicly_portable:workspace/projects/PhyloOpenCell/metadata/coarse_label_hierarchy_v1.tsv	a901c3de1fe723662770af96900248463ce9ca3cb2f99462cf55e3335654f485;a4bd8efca65e1175053b97dc0836fe8306417dd993d7a864389a5281d37302ea;78a020ef314246281f19dc5eec25dbb28c50c5c376ee9df5a6b5090a0ec7d321;e139f4d944b153210afd8aef98174679bf7caead33207fadc3a2e8c4cb619abb	complete standardized dataset-label count with panel-specific governed mapping	
Arabidopsis thaliana_PRJNA764868|Sieve element|vascular	Arabidopsis thaliana_PRJNA764868	PRJNA764868	Arabidopsis thaliana		vascular	cell_type_original	Sieve element	PO:0025406	pilot_major_cell_family	phloem_lineage	vascular	mapped	expert_defined_many_to_one_from_user_approved_exact_PO_labels; passes_base_gates	46	standardized_h5ad_obs;panel_dataset_label_counts_v1;panel_label_freeze_v1;coarse_label_hierarchy_v1	internal_source_record:not_publicly_portable:data/datasets/Bioinformatics/h5ad/Arabidopsis thaliana_PRJNA764868.h5ad;internal_source_record:not_publicly_portable:workspace/projects/PhyloOpenCell/metadata/panel_dataset_label_counts_v1.tsv.gz;internal_source_record:not_publicly_portable:workspace/projects/PhyloOpenCell/metadata/panel_label_freeze_v1.tsv;internal_source_record:not_publicly_portable:workspace/projects/PhyloOpenCell/metadata/coarse_label_hierarchy_v1.tsv	a901c3de1fe723662770af96900248463ce9ca3cb2f99462cf55e3335654f485;a4bd8efca65e1175053b97dc0836fe8306417dd993d7a864389a5281d37302ea;78a020ef314246281f19dc5eec25dbb28c50c5c376ee9df5a6b5090a0ec7d321;e139f4d944b153210afd8aef98174679bf7caead33207fadc3a2e8c4cb619abb	complete standardized dataset-label count with panel-specific governed mapping	
Arabidopsis thaliana_PRJNA764868|Unknown|	Arabidopsis thaliana_PRJNA764868	PRJNA764868	Arabidopsis thaliana			cell_type_original	Unknown					unknown	excluded_unknown	6778	standardized_h5ad_obs;ontology_mapping_candidates;panel_label_freeze_v1	internal_source_record:not_publicly_portable:data/datasets/Bioinformatics/h5ad/Arabidopsis thaliana_PRJNA764868.h5ad;internal_source_record:not_publicly_portable:workspace/projects/PhyloOpenCell/metadata/ontology_mapping_candidates.tsv;internal_source_record:not_publicly_portable:workspace/projects/PhyloOpenCell/metadata/panel_label_freeze_v1.tsv	a901c3de1fe723662770af96900248463ce9ca3cb2f99462cf55e3335654f485;e4a09d28939b9a165661f86d5a2f4fb0c1d33fea1c7465dcc7cf874f0a8238bc;78a020ef314246281f19dc5eec25dbb28c50c5c376ee9df5a6b5090a0ec7d321	complete standardized dataset-label count; no governed panel mapping	
Arabidopsis thaliana_PRJNA796288|Early-stage meristemoid|	Arabidopsis thaliana_PRJNA796288	PRJNA796288	Arabidopsis thaliana			cell_type_original	Early-stage meristemoid					unmapped	pending_manual_curation; exact_synonym	2148	standardized_h5ad_obs;ontology_mapping_candidates;panel_label_freeze_v1	internal_source_record:not_publicly_portable:data/datasets/Bioinformatics/h5ad/Arabidopsis thaliana_PRJNA796288.h5ad;internal_source_record:not_publicly_portable:workspace/projects/PhyloOpenCell/metadata/ontology_mapping_candidates.tsv;internal_source_record:not_publicly_portable:workspace/projects/PhyloOpenCell/metadata/panel_label_freeze_v1.tsv	98c98091913edba13bbd1a96783318e04025a8610b13e913ebdfed4ff71f3b43;e4a09d28939b9a165661f86d5a2f4fb0c1d33fea1c7465dcc7cf874f0a8238bc;78a020ef314246281f19dc5eec25dbb28c50c5c376ee9df5a6b5090a0ec7d321	complete standardized dataset-label count; no governed panel mapping	not_in_governed_panel_hierarchy
Arabidopsis thaliana_PRJNA796288|Guard mother cell|	Arabidopsis thaliana_PRJNA796288	PRJNA796288	Arabidopsis thaliana			cell_type_original	Guard mother cell	PO:0000351				unmapped	candidate_auto_exact; exact_name; Plant Ontology exact lexical match; requires curator acceptance	1548	standardized_h5ad_obs;ontology_mapping_candidates;panel_label_freeze_v1	internal_source_record:not_publicly_portable:data/datasets/Bioinformatics/h5ad/Arabidopsis thaliana_PRJNA796288.h5ad;internal_source_record:not_publicly_portable:workspace/projects/PhyloOpenCell/metadata/ontology_mapping_candidates.tsv;internal_source_record:not_publicly_portable:workspace/projects/PhyloOpenCell/metadata/panel_label_freeze_v1.tsv	98c98091913edba13bbd1a96783318e04025a8610b13e913ebdfed4ff71f3b43;e4a09d28939b9a165661f86d5a2f4fb0c1d33fea1c7465dcc7cf874f0a8238bc;78a020ef314246281f19dc5eec25dbb28c50c5c376ee9df5a6b5090a0ec7d321	complete standardized dataset-label count; no governed panel mapping	not_in_governed_panel_hierarchy
Arabidopsis thaliana_PRJNA796288|Late-stage meristemoid|	Arabidopsis thaliana_PRJNA796288	PRJNA796288	Arabidopsis thaliana			cell_type_original	Late-stage meristemoid					unmapped	pending_manual_curation; exact_synonym	2541	standardized_h5ad_obs;ontology_mapping_candidates;panel_label_freeze_v1	internal_source_record:not_publicly_portable:data/datasets/Bioinformatics/h5ad/Arabidopsis thaliana_PRJNA796288.h5ad;internal_source_record:not_publicly_portable:workspace/projects/PhyloOpenCell/metadata/ontology_mapping_candidates.tsv;internal_source_record:not_publicly_portable:workspace/projects/PhyloOpenCell/metadata/panel_label_freeze_v1.tsv	98c98091913edba13bbd1a96783318e04025a8610b13e913ebdfed4ff71f3b43;e4a09d28939b9a165661f86d5a2f4fb0c1d33fea1c7465dcc7cf874f0a8238bc;78a020ef314246281f19dc5eec25dbb28c50c5c376ee9df5a6b5090a0ec7d321	complete standardized dataset-label count; no governed panel mapping	not_in_governed_panel_hierarchy
Arabidopsis thaliana_PRJNA796288|Leaf guard cell|leaf	Arabidopsis thaliana_PRJNA796288	PRJNA796288	Arabidopsis thaliana		leaf	cell_type_original	Leaf guard cell	PO:0025237	pilot_major_cell_family	epidermal_system	leaf	mapped	expert_defined_many_to_one_from_user_approved_exact_PO_labels; passes_base_gates	6254	standardized_h5ad_obs;panel_dataset_label_counts_v1;panel_label_freeze_v1;coarse_label_hierarchy_v1	internal_source_record:not_publicly_portable:data/datasets/Bioinformatics/h5ad/Arabidopsis thaliana_PRJNA796288.h5ad;internal_source_record:not_publicly_portable:workspace/projects/PhyloOpenCell/metadata/panel_dataset_label_counts_v1.tsv.gz;internal_source_record:not_publicly_portable:workspace/projects/PhyloOpenCell/metadata/panel_label_freeze_v1.tsv;internal_source_record:not_publicly_portable:workspace/projects/PhyloOpenCell/metadata/coarse_label_hierarchy_v1.tsv	98c98091913edba13bbd1a96783318e04025a8610b13e913ebdfed4ff71f3b43;a4bd8efca65e1175053b97dc0836fe8306417dd993d7a864389a5281d37302ea;78a020ef314246281f19dc5eec25dbb28c50c5c376ee9df5a6b5090a0ec7d321;e139f4d944b153210afd8aef98174679bf7caead33207fadc3a2e8c4cb619abb	complete standardized dataset-label count with panel-specific governed mapping	
Arabidopsis thaliana_PRJNA796288|Proliferating cell|	Arabidopsis thaliana_PRJNA796288	PRJNA796288	Arabidopsis thaliana			cell_type_original	Proliferating cell					unmapped	pending_manual_curation; exact_synonym	835	standardized_h5ad_obs;ontology_mapping_candidates;panel_label_freeze_v1	internal_source_record:not_publicly_portable:data/datasets/Bioinformatics/h5ad/Arabidopsis thaliana_PRJNA796288.h5ad;internal_source_record:not_publicly_portable:workspace/projects/PhyloOpenCell/metadata/ontology_mapping_candidates.tsv;internal_source_record:not_publicly_portable:workspace/projects/PhyloOpenCell/metadata/panel_label_freeze_v1.tsv	98c98091913edba13bbd1a96783318e04025a8610b13e913ebdfed4ff71f3b43;e4a09d28939b9a165661f86d5a2f4fb0c1d33fea1c7465dcc7cf874f0a8238bc;78a020ef314246281f19dc5eec25dbb28c50c5c376ee9df5a6b5090a0ec7d321	complete standardized dataset-label count; no governed panel mapping	not_in_governed_panel_hierarchy
Arabidopsis thaliana_PRJNA796288|Stomatal-lineage ground cell|	Arabidopsis thaliana_PRJNA796288	PRJNA796288	Arabidopsis thaliana			cell_type_original	Stomatal-lineage ground cell					unmapped	pending_manual_curation; exact_synonym	6846	standardized_h5ad_obs;ontology_mapping_candidates;panel_label_freeze_v1	internal_source_record:not_publicly_portable:data/datasets/Bioinformatics/h5ad/Arabidopsis thaliana_PRJNA796288.h5ad;internal_source_record:not_publicly_portable:workspace/projects/PhyloOpenCell/metadata/ontology_mapping_candidates.tsv;internal_source_record:not_publicly_portable:workspace/projects/PhyloOpenCell/metadata/panel_label_freeze_v1.tsv	98c98091913edba13bbd1a96783318e04025a8610b13e913ebdfed4ff71f3b43;e4a09d28939b9a165661f86d5a2f4fb0c1d33fea1c7465dcc7cf874f0a8238bc;78a020ef314246281f19dc5eec25dbb28c50c5c376ee9df5a6b5090a0ec7d321	complete standardized dataset-label count; no governed panel mapping	not_in_governed_panel_hierarchy
Arabidopsis thaliana_PRJNA796288|Unknown|	Arabidopsis thaliana_PRJNA796288	PRJNA796288	Arabidopsis thaliana			cell_type_original	Unknown					unknown	excluded_unknown	12337	standardized_h5ad_obs;ontology_mapping_candidates;panel_label_freeze_v1	internal_source_record:not_publicly_portable:data/datasets/Bioinformatics/h5ad/Arabidopsis thaliana_PRJNA796288.h5ad;internal_source_record:not_publicly_portable:workspace/projects/PhyloOpenCell/metadata/ontology_mapping_candidates.tsv;internal_source_record:not_publicly_portable:workspace/projects/PhyloOpenCell/metadata/panel_label_freeze_v1.tsv	98c98091913edba13bbd1a96783318e04025a8610b13e913ebdfed4ff71f3b43;e4a09d28939b9a165661f86d5a2f4fb0c1d33fea1c7465dcc7cf874f0a8238bc;78a020ef314246281f19dc5eec25dbb28c50c5c376ee9df5a6b5090a0ec7d321	complete standardized dataset-label count; no governed panel mapping	
Arabidopsis thaliana_PRJNA796288|Young guard cell|	Arabidopsis thaliana_PRJNA796288	PRJNA796288	Arabidopsis thaliana			cell_type_original	Young guard cell					unmapped	pending_manual_curation; exact_synonym	3584	standardized_h5ad_obs;ontology_mapping_candidates;panel_label_freeze_v1	internal_source_record:not_publicly_portable:data/datasets/Bioinformatics/h5ad/Arabidopsis thaliana_PRJNA796288.h5ad;internal_source_record:not_publicly_portable:workspace/projects/PhyloOpenCell/metadata/ontology_mapping_candidates.tsv;internal_source_record:not_publicly_portable:workspace/projects/PhyloOpenCell/metadata/panel_label_freeze_v1.tsv	98c98091913edba13bbd1a96783318e04025a8610b13e913ebdfed4ff71f3b43;e4a09d28939b9a165661f86d5a2f4fb0c1d33fea1c7465dcc7cf874f0a8238bc;78a020ef314246281f19dc5eec25dbb28c50c5c376ee9df5a6b5090a0ec7d321	complete standardized dataset-label count; no governed panel mapping	not_in_governed_panel_hierarchy
Arabidopsis thaliana_PRJNA814870|Columella root cap cell|root	Arabidopsis thaliana_PRJNA814870	PRJNA814870	Arabidopsis thaliana		root	cell_type_original	Columella root cap cell	PO:0020132	pilot_major_cell_family	root_cap	root	mapped	expert_defined_many_to_one_from_user_approved_exact_PO_labels; passes_base_gates	3496	standardized_h5ad_obs;panel_dataset_label_counts_v1;panel_label_freeze_v1;coarse_label_hierarchy_v1	internal_source_record:not_publicly_portable:data/datasets/Bioinformatics/h5ad/Arabidopsis thaliana_PRJNA814870.h5ad;internal_source_record:not_publicly_portable:workspace/projects/PhyloOpenCell/metadata/panel_dataset_label_counts_v1.tsv.gz;internal_source_record:not_publicly_portable:workspace/projects/PhyloOpenCell/metadata/panel_label_freeze_v1.tsv;internal_source_record:not_publicly_portable:workspace/projects/PhyloOpenCell/metadata/coarse_label_hierarchy_v1.tsv	f2ff015de72bcf1560f11c313bd041bd87937e5d37eedde8ff3375b7eff99ab3;a4bd8efca65e1175053b97dc0836fe8306417dd993d7a864389a5281d37302ea;78a020ef314246281f19dc5eec25dbb28c50c5c376ee9df5a6b5090a0ec7d321;e139f4d944b153210afd8aef98174679bf7caead33207fadc3a2e8c4cb619abb	complete standardized dataset-label count with panel-specific governed mapping	
Arabidopsis thaliana_PRJNA814870|Companion cell|vascular	Arabidopsis thaliana_PRJNA814870	PRJNA814870	Arabidopsis thaliana		vascular	cell_type_original	Companion cell	PO:0000071	pilot_major_cell_family	phloem_lineage	vascular	mapped	expert_defined_many_to_one_from_user_approved_exact_PO_labels; passes_base_gates	6013	standardized_h5ad_obs;panel_dataset_label_counts_v1;panel_label_freeze_v1;coarse_label_hierarchy_v1	internal_source_record:not_publicly_portable:data/datasets/Bioinformatics/h5ad/Arabidopsis thaliana_PRJNA814870.h5ad;internal_source_record:not_publicly_portable:workspace/projects/PhyloOpenCell/metadata/panel_dataset_label_counts_v1.tsv.gz;internal_source_record:not_publicly_portable:workspace/projects/PhyloOpenCell/metadata/panel_label_freeze_v1.tsv;internal_source_record:not_publicly_portable:workspace/projects/PhyloOpenCell/metadata/coarse_label_hierarchy_v1.tsv	f2ff015de72bcf1560f11c313bd041bd87937e5d37eedde8ff3375b7eff99ab3;a4bd8efca65e1175053b97dc0836fe8306417dd993d7a864389a5281d37302ea;78a020ef314246281f19dc5eec25dbb28c50c5c376ee9df5a6b5090a0ec7d321;e139f4d944b153210afd8aef98174679bf7caead33207fadc3a2e8c4cb619abb	complete standardized dataset-label count with panel-specific governed mapping	
Arabidopsis thaliana_PRJNA814870|Lateral root cap|	Arabidopsis thaliana_PRJNA814870	PRJNA814870	Arabidopsis thaliana			cell_type_original	Lateral root cap	PO:0020131				unmapped	candidate_auto_exact; exact_name; Plant Ontology exact lexical match; requires curator acceptance	9228	standardized_h5ad_obs;ontology_mapping_candidates;panel_label_freeze_v1	internal_source_record:not_publicly_portable:data/datasets/Bioinformatics/h5ad/Arabidopsis thaliana_PRJNA814870.h5ad;internal_source_record:not_publicly_portable:workspace/projects/PhyloOpenCell/metadata/ontology_mapping_candidates.tsv;internal_source_record:not_publicly_portable:workspace/projects/PhyloOpenCell/metadata/panel_label_freeze_v1.tsv	f2ff015de72bcf1560f11c313bd041bd87937e5d37eedde8ff3375b7eff99ab3;e4a09d28939b9a165661f86d5a2f4fb0c1d33fea1c7465dcc7cf874f0a8238bc;78a020ef314246281f19dc5eec25dbb28c50c5c376ee9df5a6b5090a0ec7d321	complete standardized dataset-label count; no governed panel mapping	not_in_governed_panel_hierarchy
Arabidopsis thaliana_PRJNA814870|Phloem|vascular	Arabidopsis thaliana_PRJNA814870	PRJNA814870	Arabidopsis thaliana		vascular	cell_type_original	Phloem	PO:0005417	pilot_major_cell_family	phloem_lineage	vascular	mapped	expert_defined_many_to_one_from_user_approved_exact_PO_labels; passes_base_gates	4057	standardized_h5ad_obs;panel_dataset_label_counts_v1;panel_label_freeze_v1;coarse_label_hierarchy_v1	internal_source_record:not_publicly_portable:data/datasets/Bioinformatics/h5ad/Arabidopsis thaliana_PRJNA814870.h5ad;internal_source_record:not_publicly_portable:workspace/projects/PhyloOpenCell/metadata/panel_dataset_label_counts_v1.tsv.gz;internal_source_record:not_publicly_portable:workspace/projects/PhyloOpenCell/metadata/panel_label_freeze_v1.tsv;internal_source_record:not_publicly_portable:workspace/projects/PhyloOpenCell/metadata/coarse_label_hierarchy_v1.tsv	f2ff015de72bcf1560f11c313bd041bd87937e5d37eedde8ff3375b7eff99ab3;a4bd8efca65e1175053b97dc0836fe8306417dd993d7a864389a5281d37302ea;78a020ef314246281f19dc5eec25dbb28c50c5c376ee9df5a6b5090a0ec7d321;e139f4d944b153210afd8aef98174679bf7caead33207fadc3a2e8c4cb619abb	complete standardized dataset-label count with panel-specific governed mapping	
Arabidopsis thaliana_PRJNA814870|Protophloem|	Arabidopsis thaliana_PRJNA814870	PRJNA814870	Arabidopsis thaliana			cell_type_original	Protophloem	PO:0006077				unmapped	candidate_auto_exact; exact_name; Plant Ontology exact lexical match; requires curator acceptance	2334	standardized_h5ad_obs;ontology_mapping_candidates;panel_label_freeze_v1	internal_source_record:not_publicly_portable:data/datasets/Bioinformatics/h5ad/Arabidopsis thaliana_PRJNA814870.h5ad;internal_source_record:not_publicly_portable:workspace/projects/PhyloOpenCell/metadata/ontology_mapping_candidates.tsv;internal_source_record:not_publicly_portable:workspace/projects/PhyloOpenCell/metadata/panel_label_freeze_v1.tsv	f2ff015de72bcf1560f11c313bd041bd87937e5d37eedde8ff3375b7eff99ab3;e4a09d28939b9a165661f86d5a2f4fb0c1d33fea1c7465dcc7cf874f0a8238bc;78a020ef314246281f19dc5eec25dbb28c50c5c376ee9df5a6b5090a0ec7d321	complete standardized dataset-label count; no governed panel mapping	not_in_governed_panel_hierarchy
Arabidopsis thaliana_PRJNA814870|Root cortex|root	Arabidopsis thaliana_PRJNA814870	PRJNA814870	Arabidopsis thaliana		root	cell_type_original	Root cortex	PO:0000258	pilot_major_cell_family	ground_tissue	root	mapped	expert_defined_many_to_one_from_user_approved_exact_PO_labels; passes_base_gates	7205	standardized_h5ad_obs;panel_dataset_label_counts_v1;panel_label_freeze_v1;coarse_label_hierarchy_v1	internal_source_record:not_publicly_portable:data/datasets/Bioinformatics/h5ad/Arabidopsis thaliana_PRJNA814870.h5ad;internal_source_record:not_publicly_portable:workspace/projects/PhyloOpenCell/metadata/panel_dataset_label_counts_v1.tsv.gz;internal_source_record:not_publicly_portable:workspace/projects/PhyloOpenCell/metadata/panel_label_freeze_v1.tsv;internal_source_record:not_publicly_portable:workspace/projects/PhyloOpenCell/metadata/coarse_label_hierarchy_v1.tsv	f2ff015de72bcf1560f11c313bd041bd87937e5d37eedde8ff3375b7eff99ab3;a4bd8efca65e1175053b97dc0836fe8306417dd993d7a864389a5281d37302ea;78a020ef314246281f19dc5eec25dbb28c50c5c376ee9df5a6b5090a0ec7d321;e139f4d944b153210afd8aef98174679bf7caead33207fadc3a2e8c4cb619abb	complete standardized dataset-label count with panel-specific governed mapping	
Arabidopsis thaliana_PRJNA814870|Root endodermis|root	Arabidopsis thaliana_PRJNA814870	PRJNA814870	Arabidopsis thaliana		root	cell_type_original	Root endodermis	PO:0005059	pilot_major_cell_family	ground_tissue	root	mapped	expert_defined_many_to_one_from_user_approved_exact_PO_labels; passes_base_gates	8876	standardized_h5ad_obs;panel_dataset_label_counts_v1;panel_label_freeze_v1;coarse_label_hierarchy_v1	internal_source_record:not_publicly_portable:data/datasets/Bioinformatics/h5ad/Arabidopsis thaliana_PRJNA814870.h5ad;internal_source_record:not_publicly_portable:workspace/projects/PhyloOpenCell/metadata/panel_dataset_label_counts_v1.tsv.gz;internal_source_record:not_publicly_portable:workspace/projects/PhyloOpenCell/metadata/panel_label_freeze_v1.tsv;internal_source_record:not_publicly_portable:workspace/projects/PhyloOpenCell/metadata/coarse_label_hierarchy_v1.tsv	f2ff015de72bcf1560f11c313bd041bd87937e5d37eedde8ff3375b7eff99ab3;a4bd8efca65e1175053b97dc0836fe8306417dd993d7a864389a5281d37302ea;78a020ef314246281f19dc5eec25dbb28c50c5c376ee9df5a6b5090a0ec7d321;e139f4d944b153210afd8aef98174679bf7caead33207fadc3a2e8c4cb619abb	complete standardized dataset-label count with panel-specific governed mapping	
Arabidopsis thaliana_PRJNA814870|Root hair cell|root	Arabidopsis thaliana_PRJNA814870	PRJNA814870	Arabidopsis thaliana		root	cell_type_original	Root hair cell	PO:0000256	pilot_major_cell_family	epidermal_system	root	mapped	expert_defined_many_to_one_from_user_approved_exact_PO_labels; passes_base_gates	3718	standardized_h5ad_obs;panel_dataset_label_counts_v1;panel_label_freeze_v1;coarse_label_hierarchy_v1	internal_source_record:not_publicly_portable:data/datasets/Bioinformatics/h5ad/Arabidopsis thaliana_PRJNA814870.h5ad;internal_source_record:not_publicly_portable:workspace/projects/PhyloOpenCell/metadata/panel_dataset_label_counts_v1.tsv.gz;internal_source_record:not_publicly_portable:workspace/projects/PhyloOpenCell/metadata/panel_label_freeze_v1.tsv;internal_source_record:not_publicly_portable:workspace/projects/PhyloOpenCell/metadata/coarse_label_hierarchy_v1.tsv	f2ff015de72bcf1560f11c313bd041bd87937e5d37eedde8ff3375b7eff99ab3;a4bd8efca65e1175053b97dc0836fe8306417dd993d7a864389a5281d37302ea;78a020ef314246281f19dc5eec25dbb28c50c5c376ee9df5a6b5090a0ec7d321;e139f4d944b153210afd8aef98174679bf7caead33207fadc3a2e8c4cb619abb	complete standardized dataset-label count with panel-specific governed mapping	
Arabidopsis thaliana_PRJNA814870|Root meristem|	Arabidopsis thaliana_PRJNA814870	PRJNA814870	Arabidopsis thaliana			cell_type_original	Root meristem	PO:0006085				unmapped	candidate_auto_exact; exact_name; Plant Ontology exact lexical match; requires curator acceptance	3600	standardized_h5ad_obs;ontology_mapping_candidates;panel_label_freeze_v1	internal_source_record:not_publicly_portable:data/datasets/Bioinformatics/h5ad/Arabidopsis thaliana_PRJNA814870.h5ad;internal_source_record:not_publicly_portable:workspace/projects/PhyloOpenCell/metadata/ontology_mapping_candidates.tsv;internal_source_record:not_publicly_portable:workspace/projects/PhyloOpenCell/metadata/panel_label_freeze_v1.tsv	f2ff015de72bcf1560f11c313bd041bd87937e5d37eedde8ff3375b7eff99ab3;e4a09d28939b9a165661f86d5a2f4fb0c1d33fea1c7465dcc7cf874f0a8238bc;78a020ef314246281f19dc5eec25dbb28c50c5c376ee9df5a6b5090a0ec7d321	complete standardized dataset-label count; no governed panel mapping	not_in_governed_panel_hierarchy
Arabidopsis thaliana_PRJNA814870|Root procambium|root	Arabidopsis thaliana_PRJNA814870	PRJNA814870	Arabidopsis thaliana		root	cell_type_original	Root procambium	PO:0006307	pilot_major_cell_family	stele_lineage	root	mapped	expert_defined_many_to_one_from_user_approved_exact_PO_labels; passes_base_gates	5539	standardized_h5ad_obs;panel_dataset_label_counts_v1;panel_label_freeze_v1;coarse_label_hierarchy_v1	internal_source_record:not_publicly_portable:data/datasets/Bioinformatics/h5ad/Arabidopsis thaliana_PRJNA814870.h5ad;internal_source_record:not_publicly_portable:workspace/projects/PhyloOpenCell/metadata/panel_dataset_label_counts_v1.tsv.gz;internal_source_record:not_publicly_portable:workspace/projects/PhyloOpenCell/metadata/panel_label_freeze_v1.tsv;internal_source_record:not_publicly_portable:workspace/projects/PhyloOpenCell/metadata/coarse_label_hierarchy_v1.tsv	f2ff015de72bcf1560f11c313bd041bd87937e5d37eedde8ff3375b7eff99ab3;a4bd8efca65e1175053b97dc0836fe8306417dd993d7a864389a5281d37302ea;78a020ef314246281f19dc5eec25dbb28c50c5c376ee9df5a6b5090a0ec7d321;e139f4d944b153210afd8aef98174679bf7caead33207fadc3a2e8c4cb619abb	complete standardized dataset-label count with panel-specific governed mapping	
Arabidopsis thaliana_PRJNA814870|Root procambium|vascular	Arabidopsis thaliana_PRJNA814870	PRJNA814870	Arabidopsis thaliana		vascular	cell_type_original	Root procambium	PO:0006307	pilot_major_cell_family	procambial_lineage	vascular	mapped	expert_defined_many_to_one_from_user_approved_exact_PO_labels; passes_base_gates	5539	standardized_h5ad_obs;panel_dataset_label_counts_v1;panel_label_freeze_v1;coarse_label_hierarchy_v1	internal_source_record:not_publicly_portable:data/datasets/Bioinformatics/h5ad/Arabidopsis thaliana_PRJNA814870.h5ad;internal_source_record:not_publicly_portable:workspace/projects/PhyloOpenCell/metadata/panel_dataset_label_counts_v1.tsv.gz;internal_source_record:not_publicly_portable:workspace/projects/PhyloOpenCell/metadata/panel_label_freeze_v1.tsv;internal_source_record:not_publicly_portable:workspace/projects/PhyloOpenCell/metadata/coarse_label_hierarchy_v1.tsv	f2ff015de72bcf1560f11c313bd041bd87937e5d37eedde8ff3375b7eff99ab3;a4bd8efca65e1175053b97dc0836fe8306417dd993d7a864389a5281d37302ea;78a020ef314246281f19dc5eec25dbb28c50c5c376ee9df5a6b5090a0ec7d321;e139f4d944b153210afd8aef98174679bf7caead33207fadc3a2e8c4cb619abb	complete standardized dataset-label count with panel-specific governed mapping	
Arabidopsis thaliana_PRJNA814870|Unknown|	Arabidopsis thaliana_PRJNA814870	PRJNA814870	Arabidopsis thaliana			cell_type_original	Unknown					unknown	excluded_unknown	89230	standardized_h5ad_obs;ontology_mapping_candidates;panel_label_freeze_v1	internal_source_record:not_publicly_portable:data/datasets/Bioinformatics/h5ad/Arabidopsis thaliana_PRJNA814870.h5ad;internal_source_record:not_publicly_portable:workspace/projects/PhyloOpenCell/metadata/ontology_mapping_candidates.tsv;internal_source_record:not_publicly_portable:workspace/projects/PhyloOpenCell/metadata/panel_label_freeze_v1.tsv	f2ff015de72bcf1560f11c313bd041bd87937e5d37eedde8ff3375b7eff99ab3;e4a09d28939b9a165661f86d5a2f4fb0c1d33fea1c7465dcc7cf874f0a8238bc;78a020ef314246281f19dc5eec25dbb28c50c5c376ee9df5a6b5090a0ec7d321	complete standardized dataset-label count; no governed panel mapping	
Arabidopsis thaliana_PRJNA814870|Xylem|vascular	Arabidopsis thaliana_PRJNA814870	PRJNA814870	Arabidopsis thaliana		vascular	cell_type_original	Xylem	PO:0005352	pilot_major_cell_family	xylem_lineage	vascular	mapped	expert_defined_many_to_one_from_user_approved_exact_PO_labels; passes_base_gates	5878	standardized_h5ad_obs;panel_dataset_label_counts_v1;panel_label_freeze_v1;coarse_label_hierarchy_v1	internal_source_record:not_publicly_portable:data/datasets/Bioinformatics/h5ad/Arabidopsis thaliana_PRJNA814870.h5ad;internal_source_record:not_publicly_portable:workspace/projects/PhyloOpenCell/metadata/panel_dataset_label_counts_v1.tsv.gz;internal_source_record:not_publicly_portable:workspace/projects/PhyloOpenCell/metadata/panel_label_freeze_v1.tsv;internal_source_record:not_publicly_portable:workspace/projects/PhyloOpenCell/metadata/coarse_label_hierarchy_v1.tsv	f2ff015de72bcf1560f11c313bd041bd87937e5d37eedde8ff3375b7eff99ab3;a4bd8efca65e1175053b97dc0836fe8306417dd993d7a864389a5281d37302ea;78a020ef314246281f19dc5eec25dbb28c50c5c376ee9df5a6b5090a0ec7d321;e139f4d944b153210afd8aef98174679bf7caead33207fadc3a2e8c4cb619abb	complete standardized dataset-label count with panel-specific governed mapping	
Arabidopsis thaliana_PRJNA835893|Generative nuclei|	Arabidopsis thaliana_PRJNA835893	PRJNA835893	Arabidopsis thaliana			cell_type_original	Generative nuclei					unmapped	pending_manual_curation; exact_synonym	4213	standardized_h5ad_obs;ontology_mapping_candidates;panel_label_freeze_v1	internal_source_record:not_publicly_portable:data/datasets/Bioinformatics/h5ad/Arabidopsis thaliana_PRJNA835893.h5ad;internal_source_record:not_publicly_portable:workspace/projects/PhyloOpenCell/metadata/ontology_mapping_candidates.tsv;internal_source_record:not_publicly_portable:workspace/projects/PhyloOpenCell/metadata/panel_label_freeze_v1.tsv	e671b41acc49f6596435c5577a097a4b6afd6d71e4c78b24a25618780c8f86b4;e4a09d28939b9a165661f86d5a2f4fb0c1d33fea1c7465dcc7cf874f0a8238bc;78a020ef314246281f19dc5eec25dbb28c50c5c376ee9df5a6b5090a0ec7d321	complete standardized dataset-label count; no governed panel mapping	not_in_governed_panel_hierarchy
Arabidopsis thaliana_PRJNA835893|Microspore nuclei|	Arabidopsis thaliana_PRJNA835893	PRJNA835893	Arabidopsis thaliana			cell_type_original	Microspore nuclei					unmapped	pending_manual_curation; exact_synonym	17687	standardized_h5ad_obs;ontology_mapping_candidates;panel_label_freeze_v1	internal_source_record:not_publicly_portable:data/datasets/Bioinformatics/h5ad/Arabidopsis thaliana_PRJNA835893.h5ad;internal_source_record:not_publicly_portable:workspace/projects/PhyloOpenCell/metadata/ontology_mapping_candidates.tsv;internal_source_record:not_publicly_portable:workspace/projects/PhyloOpenCell/metadata/panel_label_freeze_v1.tsv	e671b41acc49f6596435c5577a097a4b6afd6d71e4c78b24a25618780c8f86b4;e4a09d28939b9a165661f86d5a2f4fb0c1d33fea1c7465dcc7cf874f0a8238bc;78a020ef314246281f19dc5eec25dbb28c50c5c376ee9df5a6b5090a0ec7d321	complete standardized dataset-label count; no governed panel mapping	not_in_governed_panel_hierarchy
Arabidopsis thaliana_PRJNA835893|Sperm nuclei|	Arabidopsis thaliana_PRJNA835893	PRJNA835893	Arabidopsis thaliana			cell_type_original	Sperm nuclei					unmapped	pending_manual_curation; exact_synonym	11990	standardized_h5ad_obs;ontology_mapping_candidates;panel_label_freeze_v1	internal_source_record:not_publicly_portable:data/datasets/Bioinformatics/h5ad/Arabidopsis thaliana_PRJNA835893.h5ad;internal_source_record:not_publicly_portable:workspace/projects/PhyloOpenCell/metadata/ontology_mapping_candidates.tsv;internal_source_record:not_publicly_portable:workspace/projects/PhyloOpenCell/metadata/panel_label_freeze_v1.tsv	e671b41acc49f6596435c5577a097a4b6afd6d71e4c78b24a25618780c8f86b4;e4a09d28939b9a165661f86d5a2f4fb0c1d33fea1c7465dcc7cf874f0a8238bc;78a020ef314246281f19dc5eec25dbb28c50c5c376ee9df5a6b5090a0ec7d321	complete standardized dataset-label count; no governed panel mapping	not_in_governed_panel_hierarchy
Arabidopsis thaliana_PRJNA835893|Unknown|	Arabidopsis thaliana_PRJNA835893	PRJNA835893	Arabidopsis thaliana			cell_type_original	Unknown					unknown	excluded_unknown	24633	standardized_h5ad_obs;ontology_mapping_candidates;panel_label_freeze_v1	internal_source_record:not_publicly_portable:data/datasets/Bioinformatics/h5ad/Arabidopsis thaliana_PRJNA835893.h5ad;internal_source_record:not_publicly_portable:workspace/projects/PhyloOpenCell/metadata/ontology_mapping_candidates.tsv;internal_source_record:not_publicly_portable:workspace/projects/PhyloOpenCell/metadata/panel_label_freeze_v1.tsv	e671b41acc49f6596435c5577a097a4b6afd6d71e4c78b24a25618780c8f86b4;e4a09d28939b9a165661f86d5a2f4fb0c1d33fea1c7465dcc7cf874f0a8238bc;78a020ef314246281f19dc5eec25dbb28c50c5c376ee9df5a6b5090a0ec7d321	complete standardized dataset-label count; no governed panel mapping	
Arabidopsis thaliana_PRJNA835893|Vegetative nuclei|	Arabidopsis thaliana_PRJNA835893	PRJNA835893	Arabidopsis thaliana			cell_type_original	Vegetative nuclei					unmapped	pending_manual_curation; exact_synonym	44398	standardized_h5ad_obs;ontology_mapping_candidates;panel_label_freeze_v1	internal_source_record:not_publicly_portable:data/datasets/Bioinformatics/h5ad/Arabidopsis thaliana_PRJNA835893.h5ad;internal_source_record:not_publicly_portable:workspace/projects/PhyloOpenCell/metadata/ontology_mapping_candidates.tsv;internal_source_record:not_publicly_portable:workspace/projects/PhyloOpenCell/metadata/panel_label_freeze_v1.tsv	e671b41acc49f6596435c5577a097a4b6afd6d71e4c78b24a25618780c8f86b4;e4a09d28939b9a165661f86d5a2f4fb0c1d33fea1c7465dcc7cf874f0a8238bc;78a020ef314246281f19dc5eec25dbb28c50c5c376ee9df5a6b5090a0ec7d321	complete standardized dataset-label count; no governed panel mapping	not_in_governed_panel_hierarchy
Arabidopsis thaliana_PRJNA857332|Companion cell|vascular	Arabidopsis thaliana_PRJNA857332	PRJNA857332	Arabidopsis thaliana		vascular	cell_type_original	Companion cell	PO:0000071	pilot_major_cell_family	phloem_lineage	vascular	mapped	expert_defined_many_to_one_from_user_approved_exact_PO_labels; passes_base_gates	317	standardized_h5ad_obs;panel_dataset_label_counts_v1;panel_label_freeze_v1;coarse_label_hierarchy_v1	internal_source_record:not_publicly_portable:data/datasets/Bioinformatics/h5ad/Arabidopsis thaliana_PRJNA857332.h5ad;internal_source_record:not_publicly_portable:workspace/projects/PhyloOpenCell/metadata/panel_dataset_label_counts_v1.tsv.gz;internal_source_record:not_publicly_portable:workspace/projects/PhyloOpenCell/metadata/panel_label_freeze_v1.tsv;internal_source_record:not_publicly_portable:workspace/projects/PhyloOpenCell/metadata/coarse_label_hierarchy_v1.tsv	cc7c3437c7587eff2a62bf26d69c79ff4eb84db27249f8ae572d8778adb460a8;a4bd8efca65e1175053b97dc0836fe8306417dd993d7a864389a5281d37302ea;78a020ef314246281f19dc5eec25dbb28c50c5c376ee9df5a6b5090a0ec7d321;e139f4d944b153210afd8aef98174679bf7caead33207fadc3a2e8c4cb619abb	complete standardized dataset-label count with panel-specific governed mapping	
Arabidopsis thaliana_PRJNA857332|Epidermis|	Arabidopsis thaliana_PRJNA857332	PRJNA857332	Arabidopsis thaliana			cell_type_original	Epidermis					unmapped	pending_manual_curation; exact_synonym	622	standardized_h5ad_obs;ontology_mapping_candidates;panel_label_freeze_v1	internal_source_record:not_publicly_portable:data/datasets/Bioinformatics/h5ad/Arabidopsis thaliana_PRJNA857332.h5ad;internal_source_record:not_publicly_portable:workspace/projects/PhyloOpenCell/metadata/ontology_mapping_candidates.tsv;internal_source_record:not_publicly_portable:workspace/projects/PhyloOpenCell/metadata/panel_label_freeze_v1.tsv	cc7c3437c7587eff2a62bf26d69c79ff4eb84db27249f8ae572d8778adb460a8;e4a09d28939b9a165661f86d5a2f4fb0c1d33fea1c7465dcc7cf874f0a8238bc;78a020ef314246281f19dc5eec25dbb28c50c5c376ee9df5a6b5090a0ec7d321	complete standardized dataset-label count; no governed panel mapping	not_in_governed_panel_hierarchy
Arabidopsis thaliana_PRJNA857332|Floral organ abscission zone|	Arabidopsis thaliana_PRJNA857332	PRJNA857332	Arabidopsis thaliana			cell_type_original	Floral organ abscission zone	PO:0006502				unmapped	candidate_auto_exact; exact_name; Plant Ontology exact lexical match; requires curator acceptance	3141	standardized_h5ad_obs;ontology_mapping_candidates;panel_label_freeze_v1	internal_source_record:not_publicly_portable:data/datasets/Bioinformatics/h5ad/Arabidopsis thaliana_PRJNA857332.h5ad;internal_source_record:not_publicly_portable:workspace/projects/PhyloOpenCell/metadata/ontology_mapping_candidates.tsv;internal_source_record:not_publicly_portable:workspace/projects/PhyloOpenCell/metadata/panel_label_freeze_v1.tsv	cc7c3437c7587eff2a62bf26d69c79ff4eb84db27249f8ae572d8778adb460a8;e4a09d28939b9a165661f86d5a2f4fb0c1d33fea1c7465dcc7cf874f0a8238bc;78a020ef314246281f19dc5eec25dbb28c50c5c376ee9df5a6b5090a0ec7d321	complete standardized dataset-label count; no governed panel mapping	not_in_governed_panel_hierarchy
Arabidopsis thaliana_PRJNA857332|Guard cell|leaf	Arabidopsis thaliana_PRJNA857332	PRJNA857332	Arabidopsis thaliana		leaf	cell_type_original	Guard cell	PO:0000293	pilot_major_cell_family	epidermal_system	leaf	mapped	expert_defined_many_to_one_from_user_approved_exact_PO_labels; passes_base_gates	478	standardized_h5ad_obs;panel_dataset_label_counts_v1;panel_label_freeze_v1;coarse_label_hierarchy_v1	internal_source_record:not_publicly_portable:data/datasets/Bioinformatics/h5ad/Arabidopsis thaliana_PRJNA857332.h5ad;internal_source_record:not_publicly_portable:workspace/projects/PhyloOpenCell/metadata/panel_dataset_label_counts_v1.tsv.gz;internal_source_record:not_publicly_portable:workspace/projects/PhyloOpenCell/metadata/panel_label_freeze_v1.tsv;internal_source_record:not_publicly_portable:workspace/projects/PhyloOpenCell/metadata/coarse_label_hierarchy_v1.tsv	cc7c3437c7587eff2a62bf26d69c79ff4eb84db27249f8ae572d8778adb460a8;a4bd8efca65e1175053b97dc0836fe8306417dd993d7a864389a5281d37302ea;78a020ef314246281f19dc5eec25dbb28c50c5c376ee9df5a6b5090a0ec7d321;e139f4d944b153210afd8aef98174679bf7caead33207fadc3a2e8c4cb619abb	complete standardized dataset-label count with panel-specific governed mapping	
Arabidopsis thaliana_PRJNA857332|Mesophyll cell|leaf	Arabidopsis thaliana_PRJNA857332	PRJNA857332	Arabidopsis thaliana		leaf	cell_type_original	Mesophyll cell	PO:0004006	pilot_major_cell_family	photosynthetic_ground_tissue	leaf	mapped	expert_defined_many_to_one_from_user_approved_exact_PO_labels; passes_base_gates	4722	standardized_h5ad_obs;panel_dataset_label_counts_v1;panel_label_freeze_v1;coarse_label_hierarchy_v1	internal_source_record:not_publicly_portable:data/datasets/Bioinformatics/h5ad/Arabidopsis thaliana_PRJNA857332.h5ad;internal_source_record:not_publicly_portable:workspace/projects/PhyloOpenCell/metadata/panel_dataset_label_counts_v1.tsv.gz;internal_source_record:not_publicly_portable:workspace/projects/PhyloOpenCell/metadata/panel_label_freeze_v1.tsv;internal_source_record:not_publicly_portable:workspace/projects/PhyloOpenCell/metadata/coarse_label_hierarchy_v1.tsv	cc7c3437c7587eff2a62bf26d69c79ff4eb84db27249f8ae572d8778adb460a8;a4bd8efca65e1175053b97dc0836fe8306417dd993d7a864389a5281d37302ea;78a020ef314246281f19dc5eec25dbb28c50c5c376ee9df5a6b5090a0ec7d321;e139f4d944b153210afd8aef98174679bf7caead33207fadc3a2e8c4cb619abb	complete standardized dataset-label count with panel-specific governed mapping	
Arabidopsis thaliana_PRJNA857332|Unknown|	Arabidopsis thaliana_PRJNA857332	PRJNA857332	Arabidopsis thaliana			cell_type_original	Unknown					unknown	excluded_unknown	24301	standardized_h5ad_obs;ontology_mapping_candidates;panel_label_freeze_v1	internal_source_record:not_publicly_portable:data/datasets/Bioinformatics/h5ad/Arabidopsis thaliana_PRJNA857332.h5ad;internal_source_record:not_publicly_portable:workspace/projects/PhyloOpenCell/metadata/ontology_mapping_candidates.tsv;internal_source_record:not_publicly_portable:workspace/projects/PhyloOpenCell/metadata/panel_label_freeze_v1.tsv	cc7c3437c7587eff2a62bf26d69c79ff4eb84db27249f8ae572d8778adb460a8;e4a09d28939b9a165661f86d5a2f4fb0c1d33fea1c7465dcc7cf874f0a8238bc;78a020ef314246281f19dc5eec25dbb28c50c5c376ee9df5a6b5090a0ec7d321	complete standardized dataset-label count; no governed panel mapping	
Arabidopsis thaliana_PRJNA857332|Xylem parenchyma cell|vascular	Arabidopsis thaliana_PRJNA857332	PRJNA857332	Arabidopsis thaliana		vascular	cell_type_original	Xylem parenchyma cell					excluded	frozen panel-label exclusion (excluded): Cross-panel reuse is intentional for organ-specific vascular/procambial labels; final biological acceptance still required.	4923	standardized_h5ad_obs;panel_label_freeze_v1	internal_source_record:not_publicly_portable:data/datasets/Bioinformatics/h5ad/Arabidopsis thaliana_PRJNA857332.h5ad;internal_source_record:not_publicly_portable:workspace/projects/PhyloOpenCell/metadata/panel_label_freeze_v1.tsv	cc7c3437c7587eff2a62bf26d69c79ff4eb84db27249f8ae572d8778adb460a8;78a020ef314246281f19dc5eec25dbb28c50c5c376ee9df5a6b5090a0ec7d321	complete standardized dataset-label count with explicit frozen exclusion	frozen_excluded_label
Arabidopsis thaliana_PRJNA881949|Bundle sheath cell|leaf	Arabidopsis thaliana_PRJNA881949	PRJNA881949	Arabidopsis thaliana		leaf	cell_type_original	Bundle sheath cell	PO:0025541	pilot_major_cell_family	photosynthetic_ground_tissue	leaf	mapped	expert_defined_many_to_one_from_user_approved_exact_PO_labels; passes_base_gates	752	standardized_h5ad_obs;panel_dataset_label_counts_v1;panel_label_freeze_v1;coarse_label_hierarchy_v1	internal_source_record:not_publicly_portable:data/datasets/Bioinformatics/h5ad/Arabidopsis thaliana_PRJNA881949.h5ad;internal_source_record:not_publicly_portable:workspace/projects/PhyloOpenCell/metadata/panel_dataset_label_counts_v1.tsv.gz;internal_source_record:not_publicly_portable:workspace/projects/PhyloOpenCell/metadata/panel_label_freeze_v1.tsv;internal_source_record:not_publicly_portable:workspace/projects/PhyloOpenCell/metadata/coarse_label_hierarchy_v1.tsv	a955d6a73be2b485f9ee7f72ee855d3f429ed2aae1cfc49cc90040075cb21664;a4bd8efca65e1175053b97dc0836fe8306417dd993d7a864389a5281d37302ea;78a020ef314246281f19dc5eec25dbb28c50c5c376ee9df5a6b5090a0ec7d321;e139f4d944b153210afd8aef98174679bf7caead33207fadc3a2e8c4cb619abb	complete standardized dataset-label count with panel-specific governed mapping	
Arabidopsis thaliana_PRJNA881949|Companion cell|vascular	Arabidopsis thaliana_PRJNA881949	PRJNA881949	Arabidopsis thaliana		vascular	cell_type_original	Companion cell	PO:0000071	pilot_major_cell_family	phloem_lineage	vascular	mapped	expert_defined_many_to_one_from_user_approved_exact_PO_labels; passes_base_gates	330	standardized_h5ad_obs;panel_dataset_label_counts_v1;panel_label_freeze_v1;coarse_label_hierarchy_v1	internal_source_record:not_publicly_portable:data/datasets/Bioinformatics/h5ad/Arabidopsis thaliana_PRJNA881949.h5ad;internal_source_record:not_publicly_portable:workspace/projects/PhyloOpenCell/metadata/panel_dataset_label_counts_v1.tsv.gz;internal_source_record:not_publicly_portable:workspace/projects/PhyloOpenCell/metadata/panel_label_freeze_v1.tsv;internal_source_record:not_publicly_portable:workspace/projects/PhyloOpenCell/metadata/coarse_label_hierarchy_v1.tsv	a955d6a73be2b485f9ee7f72ee855d3f429ed2aae1cfc49cc90040075cb21664;a4bd8efca65e1175053b97dc0836fe8306417dd993d7a864389a5281d37302ea;78a020ef314246281f19dc5eec25dbb28c50c5c376ee9df5a6b5090a0ec7d321;e139f4d944b153210afd8aef98174679bf7caead33207fadc3a2e8c4cb619abb	complete standardized dataset-label count with panel-specific governed mapping	
Arabidopsis thaliana_PRJNA881949|Leaf preprocambium|	Arabidopsis thaliana_PRJNA881949	PRJNA881949	Arabidopsis thaliana			cell_type_original	Leaf preprocambium					unmapped	pending_manual_curation; exact_synonym	1109	standardized_h5ad_obs;ontology_mapping_candidates;panel_label_freeze_v1	internal_source_record:not_publicly_portable:data/datasets/Bioinformatics/h5ad/Arabidopsis thaliana_PRJNA881949.h5ad;internal_source_record:not_publicly_portable:workspace/projects/PhyloOpenCell/metadata/ontology_mapping_candidates.tsv;internal_source_record:not_publicly_portable:workspace/projects/PhyloOpenCell/metadata/panel_label_freeze_v1.tsv	a955d6a73be2b485f9ee7f72ee855d3f429ed2aae1cfc49cc90040075cb21664;e4a09d28939b9a165661f86d5a2f4fb0c1d33fea1c7465dcc7cf874f0a8238bc;78a020ef314246281f19dc5eec25dbb28c50c5c376ee9df5a6b5090a0ec7d321	complete standardized dataset-label count; no governed panel mapping	not_in_governed_panel_hierarchy
Arabidopsis thaliana_PRJNA881949|Mesophyll cell|leaf	Arabidopsis thaliana_PRJNA881949	PRJNA881949	Arabidopsis thaliana		leaf	cell_type_original	Mesophyll cell	PO:0004006	pilot_major_cell_family	photosynthetic_ground_tissue	leaf	mapped	expert_defined_many_to_one_from_user_approved_exact_PO_labels; passes_base_gates	9590	standardized_h5ad_obs;panel_dataset_label_counts_v1;panel_label_freeze_v1;coarse_label_hierarchy_v1	internal_source_record:not_publicly_portable:data/datasets/Bioinformatics/h5ad/Arabidopsis thaliana_PRJNA881949.h5ad;internal_source_record:not_publicly_portable:workspace/projects/PhyloOpenCell/metadata/panel_dataset_label_counts_v1.tsv.gz;internal_source_record:not_publicly_portable:workspace/projects/PhyloOpenCell/metadata/panel_label_freeze_v1.tsv;internal_source_record:not_publicly_portable:workspace/projects/PhyloOpenCell/metadata/coarse_label_hierarchy_v1.tsv	a955d6a73be2b485f9ee7f72ee855d3f429ed2aae1cfc49cc90040075cb21664;a4bd8efca65e1175053b97dc0836fe8306417dd993d7a864389a5281d37302ea;78a020ef314246281f19dc5eec25dbb28c50c5c376ee9df5a6b5090a0ec7d321;e139f4d944b153210afd8aef98174679bf7caead33207fadc3a2e8c4cb619abb	complete standardized dataset-label count with panel-specific governed mapping	
Arabidopsis thaliana_PRJNA881949|Phloem parenchyma cell|vascular	Arabidopsis thaliana_PRJNA881949	PRJNA881949	Arabidopsis thaliana		vascular	cell_type_original	Phloem parenchyma cell	PO:0025627	pilot_major_cell_family	phloem_lineage	vascular	mapped	expert_defined_many_to_one_from_user_approved_exact_PO_labels; passes_base_gates	241	standardized_h5ad_obs;panel_dataset_label_counts_v1;panel_label_freeze_v1;coarse_label_hierarchy_v1	internal_source_record:not_publicly_portable:data/datasets/Bioinformatics/h5ad/Arabidopsis thaliana_PRJNA881949.h5ad;internal_source_record:not_publicly_portable:workspace/projects/PhyloOpenCell/metadata/panel_dataset_label_counts_v1.tsv.gz;internal_source_record:not_publicly_portable:workspace/projects/PhyloOpenCell/metadata/panel_label_freeze_v1.tsv;internal_source_record:not_publicly_portable:workspace/projects/PhyloOpenCell/metadata/coarse_label_hierarchy_v1.tsv	a955d6a73be2b485f9ee7f72ee855d3f429ed2aae1cfc49cc90040075cb21664;a4bd8efca65e1175053b97dc0836fe8306417dd993d7a864389a5281d37302ea;78a020ef314246281f19dc5eec25dbb28c50c5c376ee9df5a6b5090a0ec7d321;e139f4d944b153210afd8aef98174679bf7caead33207fadc3a2e8c4cb619abb	complete standardized dataset-label count with panel-specific governed mapping	
Arabidopsis thaliana_PRJNA881949|Unknown|	Arabidopsis thaliana_PRJNA881949	PRJNA881949	Arabidopsis thaliana			cell_type_original	Unknown					unknown	excluded_unknown	9317	standardized_h5ad_obs;ontology_mapping_candidates;panel_label_freeze_v1	internal_source_record:not_publicly_portable:data/datasets/Bioinformatics/h5ad/Arabidopsis thaliana_PRJNA881949.h5ad;internal_source_record:not_publicly_portable:workspace/projects/PhyloOpenCell/metadata/ontology_mapping_candidates.tsv;internal_source_record:not_publicly_portable:workspace/projects/PhyloOpenCell/metadata/panel_label_freeze_v1.tsv	a955d6a73be2b485f9ee7f72ee855d3f429ed2aae1cfc49cc90040075cb21664;e4a09d28939b9a165661f86d5a2f4fb0c1d33fea1c7465dcc7cf874f0a8238bc;78a020ef314246281f19dc5eec25dbb28c50c5c376ee9df5a6b5090a0ec7d321	complete standardized dataset-label count; no governed panel mapping	
Arabidopsis thaliana_PRJNA941845|Leaf lamina epidermis|leaf	Arabidopsis thaliana_PRJNA941845	PRJNA941845	Arabidopsis thaliana		leaf	cell_type_original	Leaf lamina epidermis	PO:0000047	pilot_major_cell_family	epidermal_system	leaf	mapped	expert_defined_many_to_one_from_user_approved_exact_PO_labels; passes_base_gates	7469	standardized_h5ad_obs;panel_dataset_label_counts_v1;panel_label_freeze_v1;coarse_label_hierarchy_v1	internal_source_record:not_publicly_portable:data/datasets/Bioinformatics/h5ad/Arabidopsis thaliana_PRJNA941845.h5ad;internal_source_record:not_publicly_portable:workspace/projects/PhyloOpenCell/metadata/panel_dataset_label_counts_v1.tsv.gz;internal_source_record:not_publicly_portable:workspace/projects/PhyloOpenCell/metadata/panel_label_freeze_v1.tsv;internal_source_record:not_publicly_portable:workspace/projects/PhyloOpenCell/metadata/coarse_label_hierarchy_v1.tsv	d0643e12aa79ca20b10953d004e608f19b9b4e7226eee52121e1b1413003c70a;a4bd8efca65e1175053b97dc0836fe8306417dd993d7a864389a5281d37302ea;78a020ef314246281f19dc5eec25dbb28c50c5c376ee9df5a6b5090a0ec7d321;e139f4d944b153210afd8aef98174679bf7caead33207fadc3a2e8c4cb619abb	complete standardized dataset-label count with panel-specific governed mapping	
Arabidopsis thaliana_PRJNA941845|Leaf vascular system|leaf	Arabidopsis thaliana_PRJNA941845	PRJNA941845	Arabidopsis thaliana		leaf	cell_type_original	Leaf vascular system	PO:0000036	pilot_major_cell_family	vascular_system	leaf	mapped	expert_defined_many_to_one_from_user_approved_exact_PO_labels; passes_base_gates	3618	standardized_h5ad_obs;panel_dataset_label_counts_v1;panel_label_freeze_v1;coarse_label_hierarchy_v1	internal_source_record:not_publicly_portable:data/datasets/Bioinformatics/h5ad/Arabidopsis thaliana_PRJNA941845.h5ad;internal_source_record:not_publicly_portable:workspace/projects/PhyloOpenCell/metadata/panel_dataset_label_counts_v1.tsv.gz;internal_source_record:not_publicly_portable:workspace/projects/PhyloOpenCell/metadata/panel_label_freeze_v1.tsv;internal_source_record:not_publicly_portable:workspace/projects/PhyloOpenCell/metadata/coarse_label_hierarchy_v1.tsv	d0643e12aa79ca20b10953d004e608f19b9b4e7226eee52121e1b1413003c70a;a4bd8efca65e1175053b97dc0836fe8306417dd993d7a864389a5281d37302ea;78a020ef314246281f19dc5eec25dbb28c50c5c376ee9df5a6b5090a0ec7d321;e139f4d944b153210afd8aef98174679bf7caead33207fadc3a2e8c4cb619abb	complete standardized dataset-label count with panel-specific governed mapping	
Arabidopsis thaliana_PRJNA941845|Leaf vascular system|vascular	Arabidopsis thaliana_PRJNA941845	PRJNA941845	Arabidopsis thaliana		vascular	cell_type_original	Leaf vascular system	PO:0000036	pilot_major_cell_family	vascular_unspecified	vascular	mapped	expert_defined_many_to_one_from_user_approved_exact_PO_labels; passes_base_gates	3618	standardized_h5ad_obs;panel_dataset_label_counts_v1;panel_label_freeze_v1;coarse_label_hierarchy_v1	internal_source_record:not_publicly_portable:data/datasets/Bioinformatics/h5ad/Arabidopsis thaliana_PRJNA941845.h5ad;internal_source_record:not_publicly_portable:workspace/projects/PhyloOpenCell/metadata/panel_dataset_label_counts_v1.tsv.gz;internal_source_record:not_publicly_portable:workspace/projects/PhyloOpenCell/metadata/panel_label_freeze_v1.tsv;internal_source_record:not_publicly_portable:workspace/projects/PhyloOpenCell/metadata/coarse_label_hierarchy_v1.tsv	d0643e12aa79ca20b10953d004e608f19b9b4e7226eee52121e1b1413003c70a;a4bd8efca65e1175053b97dc0836fe8306417dd993d7a864389a5281d37302ea;78a020ef314246281f19dc5eec25dbb28c50c5c376ee9df5a6b5090a0ec7d321;e139f4d944b153210afd8aef98174679bf7caead33207fadc3a2e8c4cb619abb	complete standardized dataset-label count with panel-specific governed mapping	
Arabidopsis thaliana_PRJNA941845|Mesophyll cell|leaf	Arabidopsis thaliana_PRJNA941845	PRJNA941845	Arabidopsis thaliana		leaf	cell_type_original	Mesophyll cell	PO:0004006	pilot_major_cell_family	photosynthetic_ground_tissue	leaf	mapped	expert_defined_many_to_one_from_user_approved_exact_PO_labels; passes_base_gates	11554	standardized_h5ad_obs;panel_dataset_label_counts_v1;panel_label_freeze_v1;coarse_label_hierarchy_v1	internal_source_record:not_publicly_portable:data/datasets/Bioinformatics/h5ad/Arabidopsis thaliana_PRJNA941845.h5ad;internal_source_record:not_publicly_portable:workspace/projects/PhyloOpenCell/metadata/panel_dataset_label_counts_v1.tsv.gz;internal_source_record:not_publicly_portable:workspace/projects/PhyloOpenCell/metadata/panel_label_freeze_v1.tsv;internal_source_record:not_publicly_portable:workspace/projects/PhyloOpenCell/metadata/coarse_label_hierarchy_v1.tsv	d0643e12aa79ca20b10953d004e608f19b9b4e7226eee52121e1b1413003c70a;a4bd8efca65e1175053b97dc0836fe8306417dd993d7a864389a5281d37302ea;78a020ef314246281f19dc5eec25dbb28c50c5c376ee9df5a6b5090a0ec7d321;e139f4d944b153210afd8aef98174679bf7caead33207fadc3a2e8c4cb619abb	complete standardized dataset-label count with panel-specific governed mapping	
Arabidopsis thaliana_PRJNA941845|Unknown|	Arabidopsis thaliana_PRJNA941845	PRJNA941845	Arabidopsis thaliana			cell_type_original	Unknown					unknown	excluded_unknown	34821	standardized_h5ad_obs;ontology_mapping_candidates;panel_label_freeze_v1	internal_source_record:not_publicly_portable:data/datasets/Bioinformatics/h5ad/Arabidopsis thaliana_PRJNA941845.h5ad;internal_source_record:not_publicly_portable:workspace/projects/PhyloOpenCell/metadata/ontology_mapping_candidates.tsv;internal_source_record:not_publicly_portable:workspace/projects/PhyloOpenCell/metadata/panel_label_freeze_v1.tsv	d0643e12aa79ca20b10953d004e608f19b9b4e7226eee52121e1b1413003c70a;e4a09d28939b9a165661f86d5a2f4fb0c1d33fea1c7465dcc7cf874f0a8238bc;78a020ef314246281f19dc5eec25dbb28c50c5c376ee9df5a6b5090a0ec7d321	complete standardized dataset-label count; no governed panel mapping	
Arabidopsis thaliana_PRJNA945828|G2/M-phase cell|	Arabidopsis thaliana_PRJNA945828	PRJNA945828	Arabidopsis thaliana			cell_type_original	G2/M-phase cell					unmapped	pending_manual_curation; exact_synonym	556	standardized_h5ad_obs;ontology_mapping_candidates;panel_label_freeze_v1	internal_source_record:not_publicly_portable:data/datasets/Bioinformatics/h5ad/Arabidopsis thaliana_PRJNA945828.h5ad;internal_source_record:not_publicly_portable:workspace/projects/PhyloOpenCell/metadata/ontology_mapping_candidates.tsv;internal_source_record:not_publicly_portable:workspace/projects/PhyloOpenCell/metadata/panel_label_freeze_v1.tsv	01194a263159a9083fee54aff7dcc1651b4a35d13b58822172b42d9f8441673f;e4a09d28939b9a165661f86d5a2f4fb0c1d33fea1c7465dcc7cf874f0a8238bc;78a020ef314246281f19dc5eec25dbb28c50c5c376ee9df5a6b5090a0ec7d321	complete standardized dataset-label count; no governed panel mapping	not_in_governed_panel_hierarchy
Arabidopsis thaliana_PRJNA945828|S-phase cell|	Arabidopsis thaliana_PRJNA945828	PRJNA945828	Arabidopsis thaliana			cell_type_original	S-phase cell					unmapped	pending_manual_curation; exact_synonym	256	standardized_h5ad_obs;ontology_mapping_candidates;panel_label_freeze_v1	internal_source_record:not_publicly_portable:data/datasets/Bioinformatics/h5ad/Arabidopsis thaliana_PRJNA945828.h5ad;internal_source_record:not_publicly_portable:workspace/projects/PhyloOpenCell/metadata/ontology_mapping_candidates.tsv;internal_source_record:not_publicly_portable:workspace/projects/PhyloOpenCell/metadata/panel_label_freeze_v1.tsv	01194a263159a9083fee54aff7dcc1651b4a35d13b58822172b42d9f8441673f;e4a09d28939b9a165661f86d5a2f4fb0c1d33fea1c7465dcc7cf874f0a8238bc;78a020ef314246281f19dc5eec25dbb28c50c5c376ee9df5a6b5090a0ec7d321	complete standardized dataset-label count; no governed panel mapping	not_in_governed_panel_hierarchy
Arabidopsis thaliana_PRJNA945828|Unknown|	Arabidopsis thaliana_PRJNA945828	PRJNA945828	Arabidopsis thaliana			cell_type_original	Unknown					unknown	excluded_unknown	2976	standardized_h5ad_obs;ontology_mapping_candidates;panel_label_freeze_v1	internal_source_record:not_publicly_portable:data/datasets/Bioinformatics/h5ad/Arabidopsis thaliana_PRJNA945828.h5ad;internal_source_record:not_publicly_portable:workspace/projects/PhyloOpenCell/metadata/ontology_mapping_candidates.tsv;internal_source_record:not_publicly_portable:workspace/projects/PhyloOpenCell/metadata/panel_label_freeze_v1.tsv	01194a263159a9083fee54aff7dcc1651b4a35d13b58822172b42d9f8441673f;e4a09d28939b9a165661f86d5a2f4fb0c1d33fea1c7465dcc7cf874f0a8238bc;78a020ef314246281f19dc5eec25dbb28c50c5c376ee9df5a6b5090a0ec7d321	complete standardized dataset-label count; no governed panel mapping	
Arabidopsis thaliana_PRJNA995336|Bundle sheath cell|leaf	Arabidopsis thaliana_PRJNA995336	PRJNA995336	Arabidopsis thaliana		leaf	cell_type_original	Bundle sheath cell	PO:0025541	pilot_major_cell_family	photosynthetic_ground_tissue	leaf	mapped	expert_defined_many_to_one_from_user_approved_exact_PO_labels; passes_base_gates	1184	standardized_h5ad_obs;panel_dataset_label_counts_v1;panel_label_freeze_v1;coarse_label_hierarchy_v1	internal_source_record:not_publicly_portable:data/datasets/Bioinformatics/h5ad/Arabidopsis thaliana_PRJNA995336.h5ad;internal_source_record:not_publicly_portable:workspace/projects/PhyloOpenCell/metadata/panel_dataset_label_counts_v1.tsv.gz;internal_source_record:not_publicly_portable:workspace/projects/PhyloOpenCell/metadata/panel_label_freeze_v1.tsv;internal_source_record:not_publicly_portable:workspace/projects/PhyloOpenCell/metadata/coarse_label_hierarchy_v1.tsv	1508bfd762e18d801a240c6869531523ac2c3921f86efad8b0b56b288b2a90f0;a4bd8efca65e1175053b97dc0836fe8306417dd993d7a864389a5281d37302ea;78a020ef314246281f19dc5eec25dbb28c50c5c376ee9df5a6b5090a0ec7d321;e139f4d944b153210afd8aef98174679bf7caead33207fadc3a2e8c4cb619abb	complete standardized dataset-label count with panel-specific governed mapping	
Arabidopsis thaliana_PRJNA995336|Companion cell|vascular	Arabidopsis thaliana_PRJNA995336	PRJNA995336	Arabidopsis thaliana		vascular	cell_type_original	Companion cell	PO:0000071	pilot_major_cell_family	phloem_lineage	vascular	mapped	expert_defined_many_to_one_from_user_approved_exact_PO_labels; passes_base_gates	362	standardized_h5ad_obs;panel_dataset_label_counts_v1;panel_label_freeze_v1;coarse_label_hierarchy_v1	internal_source_record:not_publicly_portable:data/datasets/Bioinformatics/h5ad/Arabidopsis thaliana_PRJNA995336.h5ad;internal_source_record:not_publicly_portable:workspace/projects/PhyloOpenCell/metadata/panel_dataset_label_counts_v1.tsv.gz;internal_source_record:not_publicly_portable:workspace/projects/PhyloOpenCell/metadata/panel_label_freeze_v1.tsv;internal_source_record:not_publicly_portable:workspace/projects/PhyloOpenCell/metadata/coarse_label_hierarchy_v1.tsv	1508bfd762e18d801a240c6869531523ac2c3921f86efad8b0b56b288b2a90f0;a4bd8efca65e1175053b97dc0836fe8306417dd993d7a864389a5281d37302ea;78a020ef314246281f19dc5eec25dbb28c50c5c376ee9df5a6b5090a0ec7d321;e139f4d944b153210afd8aef98174679bf7caead33207fadc3a2e8c4cb619abb	complete standardized dataset-label count with panel-specific governed mapping	
Arabidopsis thaliana_PRJNA995336|Leaf guard cell|leaf	Arabidopsis thaliana_PRJNA995336	PRJNA995336	Arabidopsis thaliana		leaf	cell_type_original	Leaf guard cell	PO:0025237	pilot_major_cell_family	epidermal_system	leaf	mapped	expert_defined_many_to_one_from_user_approved_exact_PO_labels; passes_base_gates	8290	standardized_h5ad_obs;panel_dataset_label_counts_v1;panel_label_freeze_v1;coarse_label_hierarchy_v1	internal_source_record:not_publicly_portable:data/datasets/Bioinformatics/h5ad/Arabidopsis thaliana_PRJNA995336.h5ad;internal_source_record:not_publicly_portable:workspace/projects/PhyloOpenCell/metadata/panel_dataset_label_counts_v1.tsv.gz;internal_source_record:not_publicly_portable:workspace/projects/PhyloOpenCell/metadata/panel_label_freeze_v1.tsv;internal_source_record:not_publicly_portable:workspace/projects/PhyloOpenCell/metadata/coarse_label_hierarchy_v1.tsv	1508bfd762e18d801a240c6869531523ac2c3921f86efad8b0b56b288b2a90f0;a4bd8efca65e1175053b97dc0836fe8306417dd993d7a864389a5281d37302ea;78a020ef314246281f19dc5eec25dbb28c50c5c376ee9df5a6b5090a0ec7d321;e139f4d944b153210afd8aef98174679bf7caead33207fadc3a2e8c4cb619abb	complete standardized dataset-label count with panel-specific governed mapping	
Arabidopsis thaliana_PRJNA995336|Leaf lamina epidermis|leaf	Arabidopsis thaliana_PRJNA995336	PRJNA995336	Arabidopsis thaliana		leaf	cell_type_original	Leaf lamina epidermis	PO:0000047	pilot_major_cell_family	epidermal_system	leaf	mapped	expert_defined_many_to_one_from_user_approved_exact_PO_labels; passes_base_gates	2081	standardized_h5ad_obs;panel_dataset_label_counts_v1;panel_label_freeze_v1;coarse_label_hierarchy_v1	internal_source_record:not_publicly_portable:data/datasets/Bioinformatics/h5ad/Arabidopsis thaliana_PRJNA995336.h5ad;internal_source_record:not_publicly_portable:workspace/projects/PhyloOpenCell/metadata/panel_dataset_label_counts_v1.tsv.gz;internal_source_record:not_publicly_portable:workspace/projects/PhyloOpenCell/metadata/panel_label_freeze_v1.tsv;internal_source_record:not_publicly_portable:workspace/projects/PhyloOpenCell/metadata/coarse_label_hierarchy_v1.tsv	1508bfd762e18d801a240c6869531523ac2c3921f86efad8b0b56b288b2a90f0;a4bd8efca65e1175053b97dc0836fe8306417dd993d7a864389a5281d37302ea;78a020ef314246281f19dc5eec25dbb28c50c5c376ee9df5a6b5090a0ec7d321;e139f4d944b153210afd8aef98174679bf7caead33207fadc3a2e8c4cb619abb	complete standardized dataset-label count with panel-specific governed mapping	
Arabidopsis thaliana_PRJNA995336|Leaf preprocambium|	Arabidopsis thaliana_PRJNA995336	PRJNA995336	Arabidopsis thaliana			cell_type_original	Leaf preprocambium					unmapped	pending_manual_curation; exact_synonym	1157	standardized_h5ad_obs;ontology_mapping_candidates;panel_label_freeze_v1	internal_source_record:not_publicly_portable:data/datasets/Bioinformatics/h5ad/Arabidopsis thaliana_PRJNA995336.h5ad;internal_source_record:not_publicly_portable:workspace/projects/PhyloOpenCell/metadata/ontology_mapping_candidates.tsv;internal_source_record:not_publicly_portable:workspace/projects/PhyloOpenCell/metadata/panel_label_freeze_v1.tsv	1508bfd762e18d801a240c6869531523ac2c3921f86efad8b0b56b288b2a90f0;e4a09d28939b9a165661f86d5a2f4fb0c1d33fea1c7465dcc7cf874f0a8238bc;78a020ef314246281f19dc5eec25dbb28c50c5c376ee9df5a6b5090a0ec7d321	complete standardized dataset-label count; no governed panel mapping	not_in_governed_panel_hierarchy
Arabidopsis thaliana_PRJNA995336|Mesophyll cell|leaf	Arabidopsis thaliana_PRJNA995336	PRJNA995336	Arabidopsis thaliana		leaf	cell_type_original	Mesophyll cell	PO:0004006	pilot_major_cell_family	photosynthetic_ground_tissue	leaf	mapped	expert_defined_many_to_one_from_user_approved_exact_PO_labels; passes_base_gates	899	standardized_h5ad_obs;panel_dataset_label_counts_v1;panel_label_freeze_v1;coarse_label_hierarchy_v1	internal_source_record:not_publicly_portable:data/datasets/Bioinformatics/h5ad/Arabidopsis thaliana_PRJNA995336.h5ad;internal_source_record:not_publicly_portable:workspace/projects/PhyloOpenCell/metadata/panel_dataset_label_counts_v1.tsv.gz;internal_source_record:not_publicly_portable:workspace/projects/PhyloOpenCell/metadata/panel_label_freeze_v1.tsv;internal_source_record:not_publicly_portable:workspace/projects/PhyloOpenCell/metadata/coarse_label_hierarchy_v1.tsv	1508bfd762e18d801a240c6869531523ac2c3921f86efad8b0b56b288b2a90f0;a4bd8efca65e1175053b97dc0836fe8306417dd993d7a864389a5281d37302ea;78a020ef314246281f19dc5eec25dbb28c50c5c376ee9df5a6b5090a0ec7d321;e139f4d944b153210afd8aef98174679bf7caead33207fadc3a2e8c4cb619abb	complete standardized dataset-label count with panel-specific governed mapping	
Arabidopsis thaliana_PRJNA995336|Unknown|	Arabidopsis thaliana_PRJNA995336	PRJNA995336	Arabidopsis thaliana			cell_type_original	Unknown					unknown	excluded_unknown	24406	standardized_h5ad_obs;ontology_mapping_candidates;panel_label_freeze_v1	internal_source_record:not_publicly_portable:data/datasets/Bioinformatics/h5ad/Arabidopsis thaliana_PRJNA995336.h5ad;internal_source_record:not_publicly_portable:workspace/projects/PhyloOpenCell/metadata/ontology_mapping_candidates.tsv;internal_source_record:not_publicly_portable:workspace/projects/PhyloOpenCell/metadata/panel_label_freeze_v1.tsv	1508bfd762e18d801a240c6869531523ac2c3921f86efad8b0b56b288b2a90f0;e4a09d28939b9a165661f86d5a2f4fb0c1d33fea1c7465dcc7cf874f0a8238bc;78a020ef314246281f19dc5eec25dbb28c50c5c376ee9df5a6b5090a0ec7d321	complete standardized dataset-label count; no governed panel mapping	
Bombax ceiba_PRJNA850395|Epidermis|	Bombax ceiba_PRJNA850395	PRJNA850395	Bombax ceiba			cell_type_original	Epidermis					unmapped	pending_manual_curation; exact_synonym	978	standardized_h5ad_obs;ontology_mapping_candidates;panel_label_freeze_v1	internal_source_record:not_publicly_portable:data/datasets/Bioinformatics/h5ad/Bombax ceiba_PRJNA850395.h5ad;internal_source_record:not_publicly_portable:workspace/projects/PhyloOpenCell/metadata/ontology_mapping_candidates.tsv;internal_source_record:not_publicly_portable:workspace/projects/PhyloOpenCell/metadata/panel_label_freeze_v1.tsv	eecd86e3656565f60f00dc1522150487ba8560f31af0f731d6c165da381419dd;e4a09d28939b9a165661f86d5a2f4fb0c1d33fea1c7465dcc7cf874f0a8238bc;78a020ef314246281f19dc5eec25dbb28c50c5c376ee9df5a6b5090a0ec7d321	complete standardized dataset-label count; no governed panel mapping	not_in_governed_panel_hierarchy
Bombax ceiba_PRJNA850395|Ovule fiber cell|	Bombax ceiba_PRJNA850395	PRJNA850395	Bombax ceiba			cell_type_original	Ovule fiber cell					unmapped	pending_manual_curation; exact_synonym	518	standardized_h5ad_obs;ontology_mapping_candidates;panel_label_freeze_v1	internal_source_record:not_publicly_portable:data/datasets/Bioinformatics/h5ad/Bombax ceiba_PRJNA850395.h5ad;internal_source_record:not_publicly_portable:workspace/projects/PhyloOpenCell/metadata/ontology_mapping_candidates.tsv;internal_source_record:not_publicly_portable:workspace/projects/PhyloOpenCell/metadata/panel_label_freeze_v1.tsv	eecd86e3656565f60f00dc1522150487ba8560f31af0f731d6c165da381419dd;e4a09d28939b9a165661f86d5a2f4fb0c1d33fea1c7465dcc7cf874f0a8238bc;78a020ef314246281f19dc5eec25dbb28c50c5c376ee9df5a6b5090a0ec7d321	complete standardized dataset-label count; no governed panel mapping	not_in_governed_panel_hierarchy
Bombax ceiba_PRJNA850395|Unknown|	Bombax ceiba_PRJNA850395	PRJNA850395	Bombax ceiba			cell_type_original	Unknown					unknown	excluded_unknown	11662	standardized_h5ad_obs;ontology_mapping_candidates;panel_label_freeze_v1	internal_source_record:not_publicly_portable:data/datasets/Bioinformatics/h5ad/Bombax ceiba_PRJNA850395.h5ad;internal_source_record:not_publicly_portable:workspace/projects/PhyloOpenCell/metadata/ontology_mapping_candidates.tsv;internal_source_record:not_publicly_portable:workspace/projects/PhyloOpenCell/metadata/panel_label_freeze_v1.tsv	eecd86e3656565f60f00dc1522150487ba8560f31af0f731d6c165da381419dd;e4a09d28939b9a165661f86d5a2f4fb0c1d33fea1c7465dcc7cf874f0a8238bc;78a020ef314246281f19dc5eec25dbb28c50c5c376ee9df5a6b5090a0ec7d321	complete standardized dataset-label count; no governed panel mapping	
Brassica rapa_PRJCA009630|Bundle sheath cell|leaf	Brassica rapa_PRJCA009630	PRJCA009630	Brassica rapa		leaf	cell_type_original	Bundle sheath cell	PO:0025541	pilot_major_cell_family	photosynthetic_ground_tissue	leaf	mapped	expert_defined_many_to_one_from_user_approved_exact_PO_labels; passes_base_gates	1451	standardized_h5ad_obs;panel_dataset_label_counts_v1;panel_label_freeze_v1;coarse_label_hierarchy_v1	internal_source_record:not_publicly_portable:data/datasets/Bioinformatics/h5ad/Brassica rapa_PRJCA009630.h5ad;internal_source_record:not_publicly_portable:workspace/projects/PhyloOpenCell/metadata/panel_dataset_label_counts_v1.tsv.gz;internal_source_record:not_publicly_portable:workspace/projects/PhyloOpenCell/metadata/panel_label_freeze_v1.tsv;internal_source_record:not_publicly_portable:workspace/projects/PhyloOpenCell/metadata/coarse_label_hierarchy_v1.tsv	ec536d68e0af395595b6290038e53255f5480fb1446b018f63873de2e09ece0f;a4bd8efca65e1175053b97dc0836fe8306417dd993d7a864389a5281d37302ea;78a020ef314246281f19dc5eec25dbb28c50c5c376ee9df5a6b5090a0ec7d321;e139f4d944b153210afd8aef98174679bf7caead33207fadc3a2e8c4cb619abb	complete standardized dataset-label count with panel-specific governed mapping	
Brassica rapa_PRJCA009630|Leaf guard cell|leaf	Brassica rapa_PRJCA009630	PRJCA009630	Brassica rapa		leaf	cell_type_original	Leaf guard cell	PO:0025237	pilot_major_cell_family	epidermal_system	leaf	mapped	expert_defined_many_to_one_from_user_approved_exact_PO_labels; passes_base_gates	2145	standardized_h5ad_obs;panel_dataset_label_counts_v1;panel_label_freeze_v1;coarse_label_hierarchy_v1	internal_source_record:not_publicly_portable:data/datasets/Bioinformatics/h5ad/Brassica rapa_PRJCA009630.h5ad;internal_source_record:not_publicly_portable:workspace/projects/PhyloOpenCell/metadata/panel_dataset_label_counts_v1.tsv.gz;internal_source_record:not_publicly_portable:workspace/projects/PhyloOpenCell/metadata/panel_label_freeze_v1.tsv;internal_source_record:not_publicly_portable:workspace/projects/PhyloOpenCell/metadata/coarse_label_hierarchy_v1.tsv	ec536d68e0af395595b6290038e53255f5480fb1446b018f63873de2e09ece0f;a4bd8efca65e1175053b97dc0836fe8306417dd993d7a864389a5281d37302ea;78a020ef314246281f19dc5eec25dbb28c50c5c376ee9df5a6b5090a0ec7d321;e139f4d944b153210afd8aef98174679bf7caead33207fadc3a2e8c4cb619abb	complete standardized dataset-label count with panel-specific governed mapping	
Brassica rapa_PRJCA009630|Leaf lamina epidermis|leaf	Brassica rapa_PRJCA009630	PRJCA009630	Brassica rapa		leaf	cell_type_original	Leaf lamina epidermis	PO:0000047	pilot_major_cell_family	epidermal_system	leaf	mapped	expert_defined_many_to_one_from_user_approved_exact_PO_labels; passes_base_gates	2865	standardized_h5ad_obs;panel_dataset_label_counts_v1;panel_label_freeze_v1;coarse_label_hierarchy_v1	internal_source_record:not_publicly_portable:data/datasets/Bioinformatics/h5ad/Brassica rapa_PRJCA009630.h5ad;internal_source_record:not_publicly_portable:workspace/projects/PhyloOpenCell/metadata/panel_dataset_label_counts_v1.tsv.gz;internal_source_record:not_publicly_portable:workspace/projects/PhyloOpenCell/metadata/panel_label_freeze_v1.tsv;internal_source_record:not_publicly_portable:workspace/projects/PhyloOpenCell/metadata/coarse_label_hierarchy_v1.tsv	ec536d68e0af395595b6290038e53255f5480fb1446b018f63873de2e09ece0f;a4bd8efca65e1175053b97dc0836fe8306417dd993d7a864389a5281d37302ea;78a020ef314246281f19dc5eec25dbb28c50c5c376ee9df5a6b5090a0ec7d321;e139f4d944b153210afd8aef98174679bf7caead33207fadc3a2e8c4cb619abb	complete standardized dataset-label count with panel-specific governed mapping	
Brassica rapa_PRJCA009630|Leaf vasculature system|	Brassica rapa_PRJCA009630	PRJCA009630	Brassica rapa			cell_type_original	Leaf vasculature system					unmapped	pending_manual_curation; exact_synonym	1193	standardized_h5ad_obs;ontology_mapping_candidates;panel_label_freeze_v1	internal_source_record:not_publicly_portable:data/datasets/Bioinformatics/h5ad/Brassica rapa_PRJCA009630.h5ad;internal_source_record:not_publicly_portable:workspace/projects/PhyloOpenCell/metadata/ontology_mapping_candidates.tsv;internal_source_record:not_publicly_portable:workspace/projects/PhyloOpenCell/metadata/panel_label_freeze_v1.tsv	ec536d68e0af395595b6290038e53255f5480fb1446b018f63873de2e09ece0f;e4a09d28939b9a165661f86d5a2f4fb0c1d33fea1c7465dcc7cf874f0a8238bc;78a020ef314246281f19dc5eec25dbb28c50c5c376ee9df5a6b5090a0ec7d321	complete standardized dataset-label count; no governed panel mapping	not_in_governed_panel_hierarchy
Brassica rapa_PRJCA009630|Mesophyll cell|leaf	Brassica rapa_PRJCA009630	PRJCA009630	Brassica rapa		leaf	cell_type_original	Mesophyll cell	PO:0004006	pilot_major_cell_family	photosynthetic_ground_tissue	leaf	mapped	expert_defined_many_to_one_from_user_approved_exact_PO_labels; passes_base_gates	6228	standardized_h5ad_obs;panel_dataset_label_counts_v1;panel_label_freeze_v1;coarse_label_hierarchy_v1	internal_source_record:not_publicly_portable:data/datasets/Bioinformatics/h5ad/Brassica rapa_PRJCA009630.h5ad;internal_source_record:not_publicly_portable:workspace/projects/PhyloOpenCell/metadata/panel_dataset_label_counts_v1.tsv.gz;internal_source_record:not_publicly_portable:workspace/projects/PhyloOpenCell/metadata/panel_label_freeze_v1.tsv;internal_source_record:not_publicly_portable:workspace/projects/PhyloOpenCell/metadata/coarse_label_hierarchy_v1.tsv	ec536d68e0af395595b6290038e53255f5480fb1446b018f63873de2e09ece0f;a4bd8efca65e1175053b97dc0836fe8306417dd993d7a864389a5281d37302ea;78a020ef314246281f19dc5eec25dbb28c50c5c376ee9df5a6b5090a0ec7d321;e139f4d944b153210afd8aef98174679bf7caead33207fadc3a2e8c4cb619abb	complete standardized dataset-label count with panel-specific governed mapping	
Brassica rapa_PRJCA009630|Phloem|vascular	Brassica rapa_PRJCA009630	PRJCA009630	Brassica rapa		vascular	cell_type_original	Phloem	PO:0005417	pilot_major_cell_family	phloem_lineage	vascular	mapped	expert_defined_many_to_one_from_user_approved_exact_PO_labels; passes_base_gates	162	standardized_h5ad_obs;panel_dataset_label_counts_v1;panel_label_freeze_v1;coarse_label_hierarchy_v1	internal_source_record:not_publicly_portable:data/datasets/Bioinformatics/h5ad/Brassica rapa_PRJCA009630.h5ad;internal_source_record:not_publicly_portable:workspace/projects/PhyloOpenCell/metadata/panel_dataset_label_counts_v1.tsv.gz;internal_source_record:not_publicly_portable:workspace/projects/PhyloOpenCell/metadata/panel_label_freeze_v1.tsv;internal_source_record:not_publicly_portable:workspace/projects/PhyloOpenCell/metadata/coarse_label_hierarchy_v1.tsv	ec536d68e0af395595b6290038e53255f5480fb1446b018f63873de2e09ece0f;a4bd8efca65e1175053b97dc0836fe8306417dd993d7a864389a5281d37302ea;78a020ef314246281f19dc5eec25dbb28c50c5c376ee9df5a6b5090a0ec7d321;e139f4d944b153210afd8aef98174679bf7caead33207fadc3a2e8c4cb619abb	complete standardized dataset-label count with panel-specific governed mapping	
Brassica rapa_PRJCA009630|Proliferating cell|	Brassica rapa_PRJCA009630	PRJCA009630	Brassica rapa			cell_type_original	Proliferating cell					unmapped	pending_manual_curation; exact_synonym	631	standardized_h5ad_obs;ontology_mapping_candidates;panel_label_freeze_v1	internal_source_record:not_publicly_portable:data/datasets/Bioinformatics/h5ad/Brassica rapa_PRJCA009630.h5ad;internal_source_record:not_publicly_portable:workspace/projects/PhyloOpenCell/metadata/ontology_mapping_candidates.tsv;internal_source_record:not_publicly_portable:workspace/projects/PhyloOpenCell/metadata/panel_label_freeze_v1.tsv	ec536d68e0af395595b6290038e53255f5480fb1446b018f63873de2e09ece0f;e4a09d28939b9a165661f86d5a2f4fb0c1d33fea1c7465dcc7cf874f0a8238bc;78a020ef314246281f19dc5eec25dbb28c50c5c376ee9df5a6b5090a0ec7d321	complete standardized dataset-label count; no governed panel mapping	not_in_governed_panel_hierarchy
Brassica rapa_PRJCA009630|Unknown|	Brassica rapa_PRJCA009630	PRJCA009630	Brassica rapa			cell_type_original	Unknown					unknown	excluded_unknown	7268	standardized_h5ad_obs;ontology_mapping_candidates;panel_label_freeze_v1	internal_source_record:not_publicly_portable:data/datasets/Bioinformatics/h5ad/Brassica rapa_PRJCA009630.h5ad;internal_source_record:not_publicly_portable:workspace/projects/PhyloOpenCell/metadata/ontology_mapping_candidates.tsv;internal_source_record:not_publicly_portable:workspace/projects/PhyloOpenCell/metadata/panel_label_freeze_v1.tsv	ec536d68e0af395595b6290038e53255f5480fb1446b018f63873de2e09ece0f;e4a09d28939b9a165661f86d5a2f4fb0c1d33fea1c7465dcc7cf874f0a8238bc;78a020ef314246281f19dc5eec25dbb28c50c5c376ee9df5a6b5090a0ec7d321	complete standardized dataset-label count; no governed panel mapping	
Brassica rapa_PRJCA009630|Xylem|vascular	Brassica rapa_PRJCA009630	PRJCA009630	Brassica rapa		vascular	cell_type_original	Xylem	PO:0005352	pilot_major_cell_family	xylem_lineage	vascular	mapped	expert_defined_many_to_one_from_user_approved_exact_PO_labels; passes_base_gates	78	standardized_h5ad_obs;panel_dataset_label_counts_v1;panel_label_freeze_v1;coarse_label_hierarchy_v1	internal_source_record:not_publicly_portable:data/datasets/Bioinformatics/h5ad/Brassica rapa_PRJCA009630.h5ad;internal_source_record:not_publicly_portable:workspace/projects/PhyloOpenCell/metadata/panel_dataset_label_counts_v1.tsv.gz;internal_source_record:not_publicly_portable:workspace/projects/PhyloOpenCell/metadata/panel_label_freeze_v1.tsv;internal_source_record:not_publicly_portable:workspace/projects/PhyloOpenCell/metadata/coarse_label_hierarchy_v1.tsv	ec536d68e0af395595b6290038e53255f5480fb1446b018f63873de2e09ece0f;a4bd8efca65e1175053b97dc0836fe8306417dd993d7a864389a5281d37302ea;78a020ef314246281f19dc5eec25dbb28c50c5c376ee9df5a6b5090a0ec7d321;e139f4d944b153210afd8aef98174679bf7caead33207fadc3a2e8c4cb619abb	complete standardized dataset-label count with panel-specific governed mapping	
Catharanthus roseus_PRJNA759937|Leaf guard cell|leaf	Catharanthus roseus_PRJNA759937	PRJNA759937	Catharanthus roseus		leaf	cell_type_original	Leaf guard cell	PO:0025237	pilot_major_cell_family	epidermal_system	leaf	mapped	expert_defined_many_to_one_from_user_approved_exact_PO_labels; passes_base_gates	339	standardized_h5ad_obs;panel_dataset_label_counts_v1;panel_label_freeze_v1;coarse_label_hierarchy_v1	internal_source_record:not_publicly_portable:data/datasets/Bioinformatics/h5ad/Catharanthus roseus_PRJNA759937.h5ad;internal_source_record:not_publicly_portable:workspace/projects/PhyloOpenCell/metadata/panel_dataset_label_counts_v1.tsv.gz;internal_source_record:not_publicly_portable:workspace/projects/PhyloOpenCell/metadata/panel_label_freeze_v1.tsv;internal_source_record:not_publicly_portable:workspace/projects/PhyloOpenCell/metadata/coarse_label_hierarchy_v1.tsv	34dd26c8fc4971a1760624049d5edb154ccf317542e91948cb49bec8c039947b;a4bd8efca65e1175053b97dc0836fe8306417dd993d7a864389a5281d37302ea;78a020ef314246281f19dc5eec25dbb28c50c5c376ee9df5a6b5090a0ec7d321;e139f4d944b153210afd8aef98174679bf7caead33207fadc3a2e8c4cb619abb	complete standardized dataset-label count with panel-specific governed mapping	
Catharanthus roseus_PRJNA759937|Leaf lamina epidermis|leaf	Catharanthus roseus_PRJNA759937	PRJNA759937	Catharanthus roseus		leaf	cell_type_original	Leaf lamina epidermis	PO:0000047	pilot_major_cell_family	epidermal_system	leaf	mapped	expert_defined_many_to_one_from_user_approved_exact_PO_labels; passes_base_gates	3955	standardized_h5ad_obs;panel_dataset_label_counts_v1;panel_label_freeze_v1;coarse_label_hierarchy_v1	internal_source_record:not_publicly_portable:data/datasets/Bioinformatics/h5ad/Catharanthus roseus_PRJNA759937.h5ad;internal_source_record:not_publicly_portable:workspace/projects/PhyloOpenCell/metadata/panel_dataset_label_counts_v1.tsv.gz;internal_source_record:not_publicly_portable:workspace/projects/PhyloOpenCell/metadata/panel_label_freeze_v1.tsv;internal_source_record:not_publicly_portable:workspace/projects/PhyloOpenCell/metadata/coarse_label_hierarchy_v1.tsv	34dd26c8fc4971a1760624049d5edb154ccf317542e91948cb49bec8c039947b;a4bd8efca65e1175053b97dc0836fe8306417dd993d7a864389a5281d37302ea;78a020ef314246281f19dc5eec25dbb28c50c5c376ee9df5a6b5090a0ec7d321;e139f4d944b153210afd8aef98174679bf7caead33207fadc3a2e8c4cb619abb	complete standardized dataset-label count with panel-specific governed mapping	
Catharanthus roseus_PRJNA759937|Leaf vascular system|leaf	Catharanthus roseus_PRJNA759937	PRJNA759937	Catharanthus roseus		leaf	cell_type_original	Leaf vascular system	PO:0000036	pilot_major_cell_family	vascular_system	leaf	mapped	expert_defined_many_to_one_from_user_approved_exact_PO_labels; passes_base_gates	1648	standardized_h5ad_obs;panel_dataset_label_counts_v1;panel_label_freeze_v1;coarse_label_hierarchy_v1	internal_source_record:not_publicly_portable:data/datasets/Bioinformatics/h5ad/Catharanthus roseus_PRJNA759937.h5ad;internal_source_record:not_publicly_portable:workspace/projects/PhyloOpenCell/metadata/panel_dataset_label_counts_v1.tsv.gz;internal_source_record:not_publicly_portable:workspace/projects/PhyloOpenCell/metadata/panel_label_freeze_v1.tsv;internal_source_record:not_publicly_portable:workspace/projects/PhyloOpenCell/metadata/coarse_label_hierarchy_v1.tsv	34dd26c8fc4971a1760624049d5edb154ccf317542e91948cb49bec8c039947b;a4bd8efca65e1175053b97dc0836fe8306417dd993d7a864389a5281d37302ea;78a020ef314246281f19dc5eec25dbb28c50c5c376ee9df5a6b5090a0ec7d321;e139f4d944b153210afd8aef98174679bf7caead33207fadc3a2e8c4cb619abb	complete standardized dataset-label count with panel-specific governed mapping	
Catharanthus roseus_PRJNA759937|Leaf vascular system|vascular	Catharanthus roseus_PRJNA759937	PRJNA759937	Catharanthus roseus		vascular	cell_type_original	Leaf vascular system	PO:0000036	pilot_major_cell_family	vascular_unspecified	vascular	mapped	expert_defined_many_to_one_from_user_approved_exact_PO_labels; passes_base_gates	1648	standardized_h5ad_obs;panel_dataset_label_counts_v1;panel_label_freeze_v1;coarse_label_hierarchy_v1	internal_source_record:not_publicly_portable:data/datasets/Bioinformatics/h5ad/Catharanthus roseus_PRJNA759937.h5ad;internal_source_record:not_publicly_portable:workspace/projects/PhyloOpenCell/metadata/panel_dataset_label_counts_v1.tsv.gz;internal_source_record:not_publicly_portable:workspace/projects/PhyloOpenCell/metadata/panel_label_freeze_v1.tsv;internal_source_record:not_publicly_portable:workspace/projects/PhyloOpenCell/metadata/coarse_label_hierarchy_v1.tsv	34dd26c8fc4971a1760624049d5edb154ccf317542e91948cb49bec8c039947b;a4bd8efca65e1175053b97dc0836fe8306417dd993d7a864389a5281d37302ea;78a020ef314246281f19dc5eec25dbb28c50c5c376ee9df5a6b5090a0ec7d321;e139f4d944b153210afd8aef98174679bf7caead33207fadc3a2e8c4cb619abb	complete standardized dataset-label count with panel-specific governed mapping	
Catharanthus roseus_PRJNA759937|Mesophyll cell|leaf	Catharanthus roseus_PRJNA759937	PRJNA759937	Catharanthus roseus		leaf	cell_type_original	Mesophyll cell	PO:0004006	pilot_major_cell_family	photosynthetic_ground_tissue	leaf	mapped	expert_defined_many_to_one_from_user_approved_exact_PO_labels; passes_base_gates	19029	standardized_h5ad_obs;panel_dataset_label_counts_v1;panel_label_freeze_v1;coarse_label_hierarchy_v1	internal_source_record:not_publicly_portable:data/datasets/Bioinformatics/h5ad/Catharanthus roseus_PRJNA759937.h5ad;internal_source_record:not_publicly_portable:workspace/projects/PhyloOpenCell/metadata/panel_dataset_label_counts_v1.tsv.gz;internal_source_record:not_publicly_portable:workspace/projects/PhyloOpenCell/metadata/panel_label_freeze_v1.tsv;internal_source_record:not_publicly_portable:workspace/projects/PhyloOpenCell/metadata/coarse_label_hierarchy_v1.tsv	34dd26c8fc4971a1760624049d5edb154ccf317542e91948cb49bec8c039947b;a4bd8efca65e1175053b97dc0836fe8306417dd993d7a864389a5281d37302ea;78a020ef314246281f19dc5eec25dbb28c50c5c376ee9df5a6b5090a0ec7d321;e139f4d944b153210afd8aef98174679bf7caead33207fadc3a2e8c4cb619abb	complete standardized dataset-label count with panel-specific governed mapping	
Catharanthus roseus_PRJNA759937|Proliferating cell|	Catharanthus roseus_PRJNA759937	PRJNA759937	Catharanthus roseus			cell_type_original	Proliferating cell					unmapped	pending_manual_curation; exact_synonym	599	standardized_h5ad_obs;ontology_mapping_candidates;panel_label_freeze_v1	internal_source_record:not_publicly_portable:data/datasets/Bioinformatics/h5ad/Catharanthus roseus_PRJNA759937.h5ad;internal_source_record:not_publicly_portable:workspace/projects/PhyloOpenCell/metadata/ontology_mapping_candidates.tsv;internal_source_record:not_publicly_portable:workspace/projects/PhyloOpenCell/metadata/panel_label_freeze_v1.tsv	34dd26c8fc4971a1760624049d5edb154ccf317542e91948cb49bec8c039947b;e4a09d28939b9a165661f86d5a2f4fb0c1d33fea1c7465dcc7cf874f0a8238bc;78a020ef314246281f19dc5eec25dbb28c50c5c376ee9df5a6b5090a0ec7d321	complete standardized dataset-label count; no governed panel mapping	not_in_governed_panel_hierarchy
Catharanthus roseus_PRJNA759937|Unknown|	Catharanthus roseus_PRJNA759937	PRJNA759937	Catharanthus roseus			cell_type_original	Unknown					unknown	excluded_unknown	15822	standardized_h5ad_obs;ontology_mapping_candidates;panel_label_freeze_v1	internal_source_record:not_publicly_portable:data/datasets/Bioinformatics/h5ad/Catharanthus roseus_PRJNA759937.h5ad;internal_source_record:not_publicly_portable:workspace/projects/PhyloOpenCell/metadata/ontology_mapping_candidates.tsv;internal_source_record:not_publicly_portable:workspace/projects/PhyloOpenCell/metadata/panel_label_freeze_v1.tsv	34dd26c8fc4971a1760624049d5edb154ccf317542e91948cb49bec8c039947b;e4a09d28939b9a165661f86d5a2f4fb0c1d33fea1c7465dcc7cf874f0a8238bc;78a020ef314246281f19dc5eec25dbb28c50c5c376ee9df5a6b5090a0ec7d321	complete standardized dataset-label count; no governed panel mapping	
Catharanthus roseus_PRJNA847226_Leaf|Leaf guard cell|leaf	Catharanthus roseus_PRJNA847226_Leaf	PRJNA847226	Catharanthus roseus	leaf	leaf	cell_type_original	Leaf guard cell	PO:0025237	pilot_major_cell_family	epidermal_system	leaf	mapped	expert_defined_many_to_one_from_user_approved_exact_PO_labels; passes_base_gates	48	standardized_h5ad_obs;panel_dataset_label_counts_v1;panel_label_freeze_v1;coarse_label_hierarchy_v1	internal_source_record:not_publicly_portable:data/datasets/Bioinformatics/h5ad/Catharanthus roseus_PRJNA847226_Leaf.h5ad;internal_source_record:not_publicly_portable:workspace/projects/PhyloOpenCell/metadata/panel_dataset_label_counts_v1.tsv.gz;internal_source_record:not_publicly_portable:workspace/projects/PhyloOpenCell/metadata/panel_label_freeze_v1.tsv;internal_source_record:not_publicly_portable:workspace/projects/PhyloOpenCell/metadata/coarse_label_hierarchy_v1.tsv	052365d569d85af6bacb18aefb24f41056f21659606852f669670e8bb7d4f53d;a4bd8efca65e1175053b97dc0836fe8306417dd993d7a864389a5281d37302ea;78a020ef314246281f19dc5eec25dbb28c50c5c376ee9df5a6b5090a0ec7d321;e139f4d944b153210afd8aef98174679bf7caead33207fadc3a2e8c4cb619abb	complete standardized dataset-label count with panel-specific governed mapping	
Catharanthus roseus_PRJNA847226_Leaf|Leaf lamina epidermis|leaf	Catharanthus roseus_PRJNA847226_Leaf	PRJNA847226	Catharanthus roseus	leaf	leaf	cell_type_original	Leaf lamina epidermis	PO:0000047	pilot_major_cell_family	epidermal_system	leaf	mapped	expert_defined_many_to_one_from_user_approved_exact_PO_labels; passes_base_gates	1259	standardized_h5ad_obs;panel_dataset_label_counts_v1;panel_label_freeze_v1;coarse_label_hierarchy_v1	internal_source_record:not_publicly_portable:data/datasets/Bioinformatics/h5ad/Catharanthus roseus_PRJNA847226_Leaf.h5ad;internal_source_record:not_publicly_portable:workspace/projects/PhyloOpenCell/metadata/panel_dataset_label_counts_v1.tsv.gz;internal_source_record:not_publicly_portable:workspace/projects/PhyloOpenCell/metadata/panel_label_freeze_v1.tsv;internal_source_record:not_publicly_portable:workspace/projects/PhyloOpenCell/metadata/coarse_label_hierarchy_v1.tsv	052365d569d85af6bacb18aefb24f41056f21659606852f669670e8bb7d4f53d;a4bd8efca65e1175053b97dc0836fe8306417dd993d7a864389a5281d37302ea;78a020ef314246281f19dc5eec25dbb28c50c5c376ee9df5a6b5090a0ec7d321;e139f4d944b153210afd8aef98174679bf7caead33207fadc3a2e8c4cb619abb	complete standardized dataset-label count with panel-specific governed mapping	
Catharanthus roseus_PRJNA847226_Leaf|Leaf vascular system|leaf	Catharanthus roseus_PRJNA847226_Leaf	PRJNA847226	Catharanthus roseus	leaf	leaf	cell_type_original	Leaf vascular system	PO:0000036	pilot_major_cell_family	vascular_system	leaf	mapped	expert_defined_many_to_one_from_user_approved_exact_PO_labels; passes_base_gates	1180	standardized_h5ad_obs;panel_dataset_label_counts_v1;panel_label_freeze_v1;coarse_label_hierarchy_v1	internal_source_record:not_publicly_portable:data/datasets/Bioinformatics/h5ad/Catharanthus roseus_PRJNA847226_Leaf.h5ad;internal_source_record:not_publicly_portable:workspace/projects/PhyloOpenCell/metadata/panel_dataset_label_counts_v1.tsv.gz;internal_source_record:not_publicly_portable:workspace/projects/PhyloOpenCell/metadata/panel_label_freeze_v1.tsv;internal_source_record:not_publicly_portable:workspace/projects/PhyloOpenCell/metadata/coarse_label_hierarchy_v1.tsv	052365d569d85af6bacb18aefb24f41056f21659606852f669670e8bb7d4f53d;a4bd8efca65e1175053b97dc0836fe8306417dd993d7a864389a5281d37302ea;78a020ef314246281f19dc5eec25dbb28c50c5c376ee9df5a6b5090a0ec7d321;e139f4d944b153210afd8aef98174679bf7caead33207fadc3a2e8c4cb619abb	complete standardized dataset-label count with panel-specific governed mapping	
Catharanthus roseus_PRJNA847226_Leaf|Leaf vascular system|vascular	Catharanthus roseus_PRJNA847226_Leaf	PRJNA847226	Catharanthus roseus	leaf	vascular	cell_type_original	Leaf vascular system	PO:0000036	pilot_major_cell_family	vascular_unspecified	vascular	mapped	expert_defined_many_to_one_from_user_approved_exact_PO_labels; passes_base_gates	1180	standardized_h5ad_obs;panel_dataset_label_counts_v1;panel_label_freeze_v1;coarse_label_hierarchy_v1	internal_source_record:not_publicly_portable:data/datasets/Bioinformatics/h5ad/Catharanthus roseus_PRJNA847226_Leaf.h5ad;internal_source_record:not_publicly_portable:workspace/projects/PhyloOpenCell/metadata/panel_dataset_label_counts_v1.tsv.gz;internal_source_record:not_publicly_portable:workspace/projects/PhyloOpenCell/metadata/panel_label_freeze_v1.tsv;internal_source_record:not_publicly_portable:workspace/projects/PhyloOpenCell/metadata/coarse_label_hierarchy_v1.tsv	052365d569d85af6bacb18aefb24f41056f21659606852f669670e8bb7d4f53d;a4bd8efca65e1175053b97dc0836fe8306417dd993d7a864389a5281d37302ea;78a020ef314246281f19dc5eec25dbb28c50c5c376ee9df5a6b5090a0ec7d321;e139f4d944b153210afd8aef98174679bf7caead33207fadc3a2e8c4cb619abb	complete standardized dataset-label count with panel-specific governed mapping	
Catharanthus roseus_PRJNA847226_Leaf|Mesophyll cell|leaf	Catharanthus roseus_PRJNA847226_Leaf	PRJNA847226	Catharanthus roseus	leaf	leaf	cell_type_original	Mesophyll cell	PO:0004006	pilot_major_cell_family	photosynthetic_ground_tissue	leaf	mapped	expert_defined_many_to_one_from_user_approved_exact_PO_labels; passes_base_gates	5962	standardized_h5ad_obs;panel_dataset_label_counts_v1;panel_label_freeze_v1;coarse_label_hierarchy_v1	internal_source_record:not_publicly_portable:data/datasets/Bioinformatics/h5ad/Catharanthus roseus_PRJNA847226_Leaf.h5ad;internal_source_record:not_publicly_portable:workspace/projects/PhyloOpenCell/metadata/panel_dataset_label_counts_v1.tsv.gz;internal_source_record:not_publicly_portable:workspace/projects/PhyloOpenCell/metadata/panel_label_freeze_v1.tsv;internal_source_record:not_publicly_portable:workspace/projects/PhyloOpenCell/metadata/coarse_label_hierarchy_v1.tsv	052365d569d85af6bacb18aefb24f41056f21659606852f669670e8bb7d4f53d;a4bd8efca65e1175053b97dc0836fe8306417dd993d7a864389a5281d37302ea;78a020ef314246281f19dc5eec25dbb28c50c5c376ee9df5a6b5090a0ec7d321;e139f4d944b153210afd8aef98174679bf7caead33207fadc3a2e8c4cb619abb	complete standardized dataset-label count with panel-specific governed mapping	
Catharanthus roseus_PRJNA847226_Leaf|Phloem parenchyma cell|vascular	Catharanthus roseus_PRJNA847226_Leaf	PRJNA847226	Catharanthus roseus	leaf	vascular	cell_type_original	Phloem parenchyma cell	PO:0025627	pilot_major_cell_family	phloem_lineage	vascular	mapped	expert_defined_many_to_one_from_user_approved_exact_PO_labels; passes_base_gates	349	standardized_h5ad_obs;panel_dataset_label_counts_v1;panel_label_freeze_v1;coarse_label_hierarchy_v1	internal_source_record:not_publicly_portable:data/datasets/Bioinformatics/h5ad/Catharanthus roseus_PRJNA847226_Leaf.h5ad;internal_source_record:not_publicly_portable:workspace/projects/PhyloOpenCell/metadata/panel_dataset_label_counts_v1.tsv.gz;internal_source_record:not_publicly_portable:workspace/projects/PhyloOpenCell/metadata/panel_label_freeze_v1.tsv;internal_source_record:not_publicly_portable:workspace/projects/PhyloOpenCell/metadata/coarse_label_hierarchy_v1.tsv	052365d569d85af6bacb18aefb24f41056f21659606852f669670e8bb7d4f53d;a4bd8efca65e1175053b97dc0836fe8306417dd993d7a864389a5281d37302ea;78a020ef314246281f19dc5eec25dbb28c50c5c376ee9df5a6b5090a0ec7d321;e139f4d944b153210afd8aef98174679bf7caead33207fadc3a2e8c4cb619abb	complete standardized dataset-label count with panel-specific governed mapping	
Catharanthus roseus_PRJNA847226_Leaf|Unknown|	Catharanthus roseus_PRJNA847226_Leaf	PRJNA847226	Catharanthus roseus	leaf		cell_type_original	Unknown					unknown	excluded_unknown	1035	standardized_h5ad_obs;ontology_mapping_candidates;panel_label_freeze_v1	internal_source_record:not_publicly_portable:data/datasets/Bioinformatics/h5ad/Catharanthus roseus_PRJNA847226_Leaf.h5ad;internal_source_record:not_publicly_portable:workspace/projects/PhyloOpenCell/metadata/ontology_mapping_candidates.tsv;internal_source_record:not_publicly_portable:workspace/projects/PhyloOpenCell/metadata/panel_label_freeze_v1.tsv	052365d569d85af6bacb18aefb24f41056f21659606852f669670e8bb7d4f53d;e4a09d28939b9a165661f86d5a2f4fb0c1d33fea1c7465dcc7cf874f0a8238bc;78a020ef314246281f19dc5eec25dbb28c50c5c376ee9df5a6b5090a0ec7d321	complete standardized dataset-label count; no governed panel mapping	
Catharanthus roseus_PRJNA847226_Root|Root apical meristem|	Catharanthus roseus_PRJNA847226_Root	PRJNA847226	Catharanthus roseus	root		cell_type_original	Root apical meristem	PO:0020147				unmapped	candidate_auto_exact; exact_name; Plant Ontology exact lexical match; requires curator acceptance	352	standardized_h5ad_obs;ontology_mapping_candidates;panel_label_freeze_v1	internal_source_record:not_publicly_portable:data/datasets/Bioinformatics/h5ad/Catharanthus roseus_PRJNA847226_Root.h5ad;internal_source_record:not_publicly_portable:workspace/projects/PhyloOpenCell/metadata/ontology_mapping_candidates.tsv;internal_source_record:not_publicly_portable:workspace/projects/PhyloOpenCell/metadata/panel_label_freeze_v1.tsv	ce20e3d44ec1102ef9dcc69538389bde3635611d74ad0e419f76cebb719bbd25;e4a09d28939b9a165661f86d5a2f4fb0c1d33fea1c7465dcc7cf874f0a8238bc;78a020ef314246281f19dc5eec25dbb28c50c5c376ee9df5a6b5090a0ec7d321	complete standardized dataset-label count; no governed panel mapping	not_in_governed_panel_hierarchy
Catharanthus roseus_PRJNA847226_Root|Root cap|root	Catharanthus roseus_PRJNA847226_Root	PRJNA847226	Catharanthus roseus	root	root	cell_type_original	Root cap	PO:0020123	pilot_major_cell_family	root_cap	root	mapped	expert_defined_many_to_one_from_user_approved_exact_PO_labels; passes_base_gates	216	standardized_h5ad_obs;panel_dataset_label_counts_v1;panel_label_freeze_v1;coarse_label_hierarchy_v1	internal_source_record:not_publicly_portable:data/datasets/Bioinformatics/h5ad/Catharanthus roseus_PRJNA847226_Root.h5ad;internal_source_record:not_publicly_portable:workspace/projects/PhyloOpenCell/metadata/panel_dataset_label_counts_v1.tsv.gz;internal_source_record:not_publicly_portable:workspace/projects/PhyloOpenCell/metadata/panel_label_freeze_v1.tsv;internal_source_record:not_publicly_portable:workspace/projects/PhyloOpenCell/metadata/coarse_label_hierarchy_v1.tsv	ce20e3d44ec1102ef9dcc69538389bde3635611d74ad0e419f76cebb719bbd25;a4bd8efca65e1175053b97dc0836fe8306417dd993d7a864389a5281d37302ea;78a020ef314246281f19dc5eec25dbb28c50c5c376ee9df5a6b5090a0ec7d321;e139f4d944b153210afd8aef98174679bf7caead33207fadc3a2e8c4cb619abb	complete standardized dataset-label count with panel-specific governed mapping	
Catharanthus roseus_PRJNA847226_Root|Root stele|root	Catharanthus roseus_PRJNA847226_Root	PRJNA847226	Catharanthus roseus	root	root	cell_type_original	Root stele	PO:0020124	pilot_major_cell_family	stele_lineage	root	mapped	expert_defined_many_to_one_from_user_approved_exact_PO_labels; passes_base_gates	629	standardized_h5ad_obs;panel_dataset_label_counts_v1;panel_label_freeze_v1;coarse_label_hierarchy_v1	internal_source_record:not_publicly_portable:data/datasets/Bioinformatics/h5ad/Catharanthus roseus_PRJNA847226_Root.h5ad;internal_source_record:not_publicly_portable:workspace/projects/PhyloOpenCell/metadata/panel_dataset_label_counts_v1.tsv.gz;internal_source_record:not_publicly_portable:workspace/projects/PhyloOpenCell/metadata/panel_label_freeze_v1.tsv;internal_source_record:not_publicly_portable:workspace/projects/PhyloOpenCell/metadata/coarse_label_hierarchy_v1.tsv	ce20e3d44ec1102ef9dcc69538389bde3635611d74ad0e419f76cebb719bbd25;a4bd8efca65e1175053b97dc0836fe8306417dd993d7a864389a5281d37302ea;78a020ef314246281f19dc5eec25dbb28c50c5c376ee9df5a6b5090a0ec7d321;e139f4d944b153210afd8aef98174679bf7caead33207fadc3a2e8c4cb619abb	complete standardized dataset-label count with panel-specific governed mapping	
Catharanthus roseus_PRJNA847226_Root|Unknown|	Catharanthus roseus_PRJNA847226_Root	PRJNA847226	Catharanthus roseus	root		cell_type_original	Unknown					unknown	excluded_unknown	150	standardized_h5ad_obs;ontology_mapping_candidates;panel_label_freeze_v1	internal_source_record:not_publicly_portable:data/datasets/Bioinformatics/h5ad/Catharanthus roseus_PRJNA847226_Root.h5ad;internal_source_record:not_publicly_portable:workspace/projects/PhyloOpenCell/metadata/ontology_mapping_candidates.tsv;internal_source_record:not_publicly_portable:workspace/projects/PhyloOpenCell/metadata/panel_label_freeze_v1.tsv	ce20e3d44ec1102ef9dcc69538389bde3635611d74ad0e419f76cebb719bbd25;e4a09d28939b9a165661f86d5a2f4fb0c1d33fea1c7465dcc7cf874f0a8238bc;78a020ef314246281f19dc5eec25dbb28c50c5c376ee9df5a6b5090a0ec7d321	complete standardized dataset-label count; no governed panel mapping	
Cynodon dactylon_PRJNA918429|Bundle sheath cell|	Cynodon dactylon_PRJNA918429	PRJNA918429	Cynodon dactylon			cell_type_original	Bundle sheath cell	PO:0025541				unmapped	candidate_auto_exact; exact_name; Plant Ontology exact lexical match; requires curator acceptance	2440	standardized_h5ad_obs;ontology_mapping_candidates;panel_label_freeze_v1	internal_source_record:not_publicly_portable:data/datasets/Bioinformatics/h5ad/Cynodon dactylon_PRJNA918429.h5ad;internal_source_record:not_publicly_portable:workspace/projects/PhyloOpenCell/metadata/ontology_mapping_candidates.tsv;internal_source_record:not_publicly_portable:workspace/projects/PhyloOpenCell/metadata/panel_label_freeze_v1.tsv	c8dcead900e31a84dffadb35247873426b7b8c3aa5bdf7e965d27af4f3616260;e4a09d28939b9a165661f86d5a2f4fb0c1d33fea1c7465dcc7cf874f0a8238bc;78a020ef314246281f19dc5eec25dbb28c50c5c376ee9df5a6b5090a0ec7d321	complete standardized dataset-label count; no governed panel mapping	not_in_governed_panel_hierarchy
Cynodon dactylon_PRJNA918429|Leaf vascular system|	Cynodon dactylon_PRJNA918429	PRJNA918429	Cynodon dactylon			cell_type_original	Leaf vascular system	PO:0000036				unmapped	candidate_auto_exact; exact_name; Plant Ontology exact lexical match; requires curator acceptance	101	standardized_h5ad_obs;ontology_mapping_candidates;panel_label_freeze_v1	internal_source_record:not_publicly_portable:data/datasets/Bioinformatics/h5ad/Cynodon dactylon_PRJNA918429.h5ad;internal_source_record:not_publicly_portable:workspace/projects/PhyloOpenCell/metadata/ontology_mapping_candidates.tsv;internal_source_record:not_publicly_portable:workspace/projects/PhyloOpenCell/metadata/panel_label_freeze_v1.tsv	c8dcead900e31a84dffadb35247873426b7b8c3aa5bdf7e965d27af4f3616260;e4a09d28939b9a165661f86d5a2f4fb0c1d33fea1c7465dcc7cf874f0a8238bc;78a020ef314246281f19dc5eec25dbb28c50c5c376ee9df5a6b5090a0ec7d321	complete standardized dataset-label count; no governed panel mapping	not_in_governed_panel_hierarchy
Cynodon dactylon_PRJNA918429|Mesophyll cell|	Cynodon dactylon_PRJNA918429	PRJNA918429	Cynodon dactylon			cell_type_original	Mesophyll cell	PO:0004006				unmapped	candidate_auto_exact; exact_name; Plant Ontology exact lexical match; requires curator acceptance	4975	standardized_h5ad_obs;ontology_mapping_candidates;panel_label_freeze_v1	internal_source_record:not_publicly_portable:data/datasets/Bioinformatics/h5ad/Cynodon dactylon_PRJNA918429.h5ad;internal_source_record:not_publicly_portable:workspace/projects/PhyloOpenCell/metadata/ontology_mapping_candidates.tsv;internal_source_record:not_publicly_portable:workspace/projects/PhyloOpenCell/metadata/panel_label_freeze_v1.tsv	c8dcead900e31a84dffadb35247873426b7b8c3aa5bdf7e965d27af4f3616260;e4a09d28939b9a165661f86d5a2f4fb0c1d33fea1c7465dcc7cf874f0a8238bc;78a020ef314246281f19dc5eec25dbb28c50c5c376ee9df5a6b5090a0ec7d321	complete standardized dataset-label count; no governed panel mapping	not_in_governed_panel_hierarchy
Cynodon dactylon_PRJNA918429|Unknown|	Cynodon dactylon_PRJNA918429	PRJNA918429	Cynodon dactylon			cell_type_original	Unknown					unknown	excluded_unknown	2420	standardized_h5ad_obs;ontology_mapping_candidates;panel_label_freeze_v1	internal_source_record:not_publicly_portable:data/datasets/Bioinformatics/h5ad/Cynodon dactylon_PRJNA918429.h5ad;internal_source_record:not_publicly_portable:workspace/projects/PhyloOpenCell/metadata/ontology_mapping_candidates.tsv;internal_source_record:not_publicly_portable:workspace/projects/PhyloOpenCell/metadata/panel_label_freeze_v1.tsv	c8dcead900e31a84dffadb35247873426b7b8c3aa5bdf7e965d27af4f3616260;e4a09d28939b9a165661f86d5a2f4fb0c1d33fea1c7465dcc7cf874f0a8238bc;78a020ef314246281f19dc5eec25dbb28c50c5c376ee9df5a6b5090a0ec7d321	complete standardized dataset-label count; no governed panel mapping	
Fragaria vesca_PRJCA006322|Bundle sheath cell|	Fragaria vesca_PRJCA006322	PRJCA006322	Fragaria vesca			cell_type_original	Bundle sheath cell	PO:0025541				unmapped	candidate_auto_exact; exact_name; Plant Ontology exact lexical match; requires curator acceptance	2471	standardized_h5ad_obs;ontology_mapping_candidates;panel_label_freeze_v1	internal_source_record:not_publicly_portable:data/datasets/Bioinformatics/h5ad/Fragaria vesca_PRJCA006322.h5ad;internal_source_record:not_publicly_portable:workspace/projects/PhyloOpenCell/metadata/ontology_mapping_candidates.tsv;internal_source_record:not_publicly_portable:workspace/projects/PhyloOpenCell/metadata/panel_label_freeze_v1.tsv	38ad45bfefec504be3ca405acede9a5d5bfb7d3aacbfcc8294313c21aa797764;e4a09d28939b9a165661f86d5a2f4fb0c1d33fea1c7465dcc7cf874f0a8238bc;78a020ef314246281f19dc5eec25dbb28c50c5c376ee9df5a6b5090a0ec7d321	complete standardized dataset-label count; no governed panel mapping	not_in_governed_panel_hierarchy
Fragaria vesca_PRJCA006322|Hydathode|	Fragaria vesca_PRJCA006322	PRJCA006322	Fragaria vesca			cell_type_original	Hydathode	PO:0005660				unmapped	candidate_auto_exact; exact_name; Plant Ontology exact lexical match; requires curator acceptance	13273	standardized_h5ad_obs;ontology_mapping_candidates;panel_label_freeze_v1	internal_source_record:not_publicly_portable:data/datasets/Bioinformatics/h5ad/Fragaria vesca_PRJCA006322.h5ad;internal_source_record:not_publicly_portable:workspace/projects/PhyloOpenCell/metadata/ontology_mapping_candidates.tsv;internal_source_record:not_publicly_portable:workspace/projects/PhyloOpenCell/metadata/panel_label_freeze_v1.tsv	38ad45bfefec504be3ca405acede9a5d5bfb7d3aacbfcc8294313c21aa797764;e4a09d28939b9a165661f86d5a2f4fb0c1d33fea1c7465dcc7cf874f0a8238bc;78a020ef314246281f19dc5eec25dbb28c50c5c376ee9df5a6b5090a0ec7d321	complete standardized dataset-label count; no governed panel mapping	not_in_governed_panel_hierarchy
Fragaria vesca_PRJCA006322|Leaf lamina abaxial epidermis|	Fragaria vesca_PRJCA006322	PRJCA006322	Fragaria vesca			cell_type_original	Leaf lamina abaxial epidermis	PO:0000049				unmapped	candidate_auto_exact; exact_name; Plant Ontology exact lexical match; requires curator acceptance	440	standardized_h5ad_obs;ontology_mapping_candidates;panel_label_freeze_v1	internal_source_record:not_publicly_portable:data/datasets/Bioinformatics/h5ad/Fragaria vesca_PRJCA006322.h5ad;internal_source_record:not_publicly_portable:workspace/projects/PhyloOpenCell/metadata/ontology_mapping_candidates.tsv;internal_source_record:not_publicly_portable:workspace/projects/PhyloOpenCell/metadata/panel_label_freeze_v1.tsv	38ad45bfefec504be3ca405acede9a5d5bfb7d3aacbfcc8294313c21aa797764;e4a09d28939b9a165661f86d5a2f4fb0c1d33fea1c7465dcc7cf874f0a8238bc;78a020ef314246281f19dc5eec25dbb28c50c5c376ee9df5a6b5090a0ec7d321	complete standardized dataset-label count; no governed panel mapping	not_in_governed_panel_hierarchy
Fragaria vesca_PRJCA006322|Leaf lamina adaxial epidermis|	Fragaria vesca_PRJCA006322	PRJCA006322	Fragaria vesca			cell_type_original	Leaf lamina adaxial epidermis	PO:0000050				unmapped	candidate_auto_exact; exact_name; Plant Ontology exact lexical match; requires curator acceptance	4684	standardized_h5ad_obs;ontology_mapping_candidates;panel_label_freeze_v1	internal_source_record:not_publicly_portable:data/datasets/Bioinformatics/h5ad/Fragaria vesca_PRJCA006322.h5ad;internal_source_record:not_publicly_portable:workspace/projects/PhyloOpenCell/metadata/ontology_mapping_candidates.tsv;internal_source_record:not_publicly_portable:workspace/projects/PhyloOpenCell/metadata/panel_label_freeze_v1.tsv	38ad45bfefec504be3ca405acede9a5d5bfb7d3aacbfcc8294313c21aa797764;e4a09d28939b9a165661f86d5a2f4fb0c1d33fea1c7465dcc7cf874f0a8238bc;78a020ef314246281f19dc5eec25dbb28c50c5c376ee9df5a6b5090a0ec7d321	complete standardized dataset-label count; no governed panel mapping	not_in_governed_panel_hierarchy
Fragaria vesca_PRJCA006322|Mesophyll cell|	Fragaria vesca_PRJCA006322	PRJCA006322	Fragaria vesca			cell_type_original	Mesophyll cell	PO:0004006				unmapped	candidate_auto_exact; exact_name; Plant Ontology exact lexical match; requires curator acceptance	21127	standardized_h5ad_obs;ontology_mapping_candidates;panel_label_freeze_v1	internal_source_record:not_publicly_portable:data/datasets/Bioinformatics/h5ad/Fragaria vesca_PRJCA006322.h5ad;internal_source_record:not_publicly_portable:workspace/projects/PhyloOpenCell/metadata/ontology_mapping_candidates.tsv;internal_source_record:not_publicly_portable:workspace/projects/PhyloOpenCell/metadata/panel_label_freeze_v1.tsv	38ad45bfefec504be3ca405acede9a5d5bfb7d3aacbfcc8294313c21aa797764;e4a09d28939b9a165661f86d5a2f4fb0c1d33fea1c7465dcc7cf874f0a8238bc;78a020ef314246281f19dc5eec25dbb28c50c5c376ee9df5a6b5090a0ec7d321	complete standardized dataset-label count; no governed panel mapping	not_in_governed_panel_hierarchy
Fragaria vesca_PRJCA006322|Phloem|	Fragaria vesca_PRJCA006322	PRJCA006322	Fragaria vesca			cell_type_original	Phloem	PO:0005417				unmapped	candidate_auto_exact; exact_name; Plant Ontology exact lexical match; requires curator acceptance	2754	standardized_h5ad_obs;ontology_mapping_candidates;panel_label_freeze_v1	internal_source_record:not_publicly_portable:data/datasets/Bioinformatics/h5ad/Fragaria vesca_PRJCA006322.h5ad;internal_source_record:not_publicly_portable:workspace/projects/PhyloOpenCell/metadata/ontology_mapping_candidates.tsv;internal_source_record:not_publicly_portable:workspace/projects/PhyloOpenCell/metadata/panel_label_freeze_v1.tsv	38ad45bfefec504be3ca405acede9a5d5bfb7d3aacbfcc8294313c21aa797764;e4a09d28939b9a165661f86d5a2f4fb0c1d33fea1c7465dcc7cf874f0a8238bc;78a020ef314246281f19dc5eec25dbb28c50c5c376ee9df5a6b5090a0ec7d321	complete standardized dataset-label count; no governed panel mapping	not_in_governed_panel_hierarchy
Fragaria vesca_PRJCA006322|Unknown|	Fragaria vesca_PRJCA006322	PRJCA006322	Fragaria vesca			cell_type_original	Unknown					unknown	excluded_unknown	1977	standardized_h5ad_obs;ontology_mapping_candidates;panel_label_freeze_v1	internal_source_record:not_publicly_portable:data/datasets/Bioinformatics/h5ad/Fragaria vesca_PRJCA006322.h5ad;internal_source_record:not_publicly_portable:workspace/projects/PhyloOpenCell/metadata/ontology_mapping_candidates.tsv;internal_source_record:not_publicly_portable:workspace/projects/PhyloOpenCell/metadata/panel_label_freeze_v1.tsv	38ad45bfefec504be3ca405acede9a5d5bfb7d3aacbfcc8294313c21aa797764;e4a09d28939b9a165661f86d5a2f4fb0c1d33fea1c7465dcc7cf874f0a8238bc;78a020ef314246281f19dc5eec25dbb28c50c5c376ee9df5a6b5090a0ec7d321	complete standardized dataset-label count; no governed panel mapping	
Fragaria vesca_PRJCA006322|Xylem|	Fragaria vesca_PRJCA006322	PRJCA006322	Fragaria vesca			cell_type_original	Xylem	PO:0005352				unmapped	candidate_auto_exact; exact_name; Plant Ontology exact lexical match; requires curator acceptance	75	standardized_h5ad_obs;ontology_mapping_candidates;panel_label_freeze_v1	internal_source_record:not_publicly_portable:data/datasets/Bioinformatics/h5ad/Fragaria vesca_PRJCA006322.h5ad;internal_source_record:not_publicly_portable:workspace/projects/PhyloOpenCell/metadata/ontology_mapping_candidates.tsv;internal_source_record:not_publicly_portable:workspace/projects/PhyloOpenCell/metadata/panel_label_freeze_v1.tsv	38ad45bfefec504be3ca405acede9a5d5bfb7d3aacbfcc8294313c21aa797764;e4a09d28939b9a165661f86d5a2f4fb0c1d33fea1c7465dcc7cf874f0a8238bc;78a020ef314246281f19dc5eec25dbb28c50c5c376ee9df5a6b5090a0ec7d321	complete standardized dataset-label count; no governed panel mapping	not_in_governed_panel_hierarchy
Fragaria vesca_PRJCA006322|Xylem parenchyma cell|vascular	Fragaria vesca_PRJCA006322	PRJCA006322	Fragaria vesca		vascular	cell_type_original	Xylem parenchyma cell					excluded	frozen panel-label exclusion (excluded): Cross-panel reuse is intentional for organ-specific vascular/procambial labels; final biological acceptance still required.	1093	standardized_h5ad_obs;panel_label_freeze_v1	internal_source_record:not_publicly_portable:data/datasets/Bioinformatics/h5ad/Fragaria vesca_PRJCA006322.h5ad;internal_source_record:not_publicly_portable:workspace/projects/PhyloOpenCell/metadata/panel_label_freeze_v1.tsv	38ad45bfefec504be3ca405acede9a5d5bfb7d3aacbfcc8294313c21aa797764;78a020ef314246281f19dc5eec25dbb28c50c5c376ee9df5a6b5090a0ec7d321	complete standardized dataset-label count with explicit frozen exclusion	frozen_excluded_label
Glycine max_GSE234864_Flower|Cortex|	Glycine max_GSE234864_Flower	not explicitly recorded	Glycine max	flower		cell_type_original	Cortex	PO:0005708				unmapped	candidate_auto_exact; exact_name; Plant Ontology exact lexical match; requires curator acceptance	3236	standardized_h5ad_obs;ontology_mapping_candidates;panel_label_freeze_v1	internal_source_record:not_publicly_portable:data/datasets/Bioinformatics/h5ad/Glycine max_GSE234864_Flower.h5ad;internal_source_record:not_publicly_portable:workspace/projects/PhyloOpenCell/metadata/ontology_mapping_candidates.tsv;internal_source_record:not_publicly_portable:workspace/projects/PhyloOpenCell/metadata/panel_label_freeze_v1.tsv	b9dc475a654e3319877aed45b0f50486921cfcf9c05438111dd1e1246e088d40;e4a09d28939b9a165661f86d5a2f4fb0c1d33fea1c7465dcc7cf874f0a8238bc;78a020ef314246281f19dc5eec25dbb28c50c5c376ee9df5a6b5090a0ec7d321	complete standardized dataset-label count; no governed panel mapping	not_in_governed_panel_hierarchy
Glycine max_GSE234864_Flower|Epidermis|	Glycine max_GSE234864_Flower	not explicitly recorded	Glycine max	flower		cell_type_original	Epidermis					unmapped	pending_manual_curation; exact_synonym	1887	standardized_h5ad_obs;ontology_mapping_candidates;panel_label_freeze_v1	internal_source_record:not_publicly_portable:data/datasets/Bioinformatics/h5ad/Glycine max_GSE234864_Flower.h5ad;internal_source_record:not_publicly_portable:workspace/projects/PhyloOpenCell/metadata/ontology_mapping_candidates.tsv;internal_source_record:not_publicly_portable:workspace/projects/PhyloOpenCell/metadata/panel_label_freeze_v1.tsv	b9dc475a654e3319877aed45b0f50486921cfcf9c05438111dd1e1246e088d40;e4a09d28939b9a165661f86d5a2f4fb0c1d33fea1c7465dcc7cf874f0a8238bc;78a020ef314246281f19dc5eec25dbb28c50c5c376ee9df5a6b5090a0ec7d321	complete standardized dataset-label count; no governed panel mapping	not_in_governed_panel_hierarchy
Glycine max_GSE234864_Flower|Flower meristem|	Glycine max_GSE234864_Flower	not explicitly recorded	Glycine max	flower		cell_type_original	Flower meristem	PO:0000229				unmapped	candidate_auto_exact; exact_name; Plant Ontology exact lexical match; requires curator acceptance	431	standardized_h5ad_obs;ontology_mapping_candidates;panel_label_freeze_v1	internal_source_record:not_publicly_portable:data/datasets/Bioinformatics/h5ad/Glycine max_GSE234864_Flower.h5ad;internal_source_record:not_publicly_portable:workspace/projects/PhyloOpenCell/metadata/ontology_mapping_candidates.tsv;internal_source_record:not_publicly_portable:workspace/projects/PhyloOpenCell/metadata/panel_label_freeze_v1.tsv	b9dc475a654e3319877aed45b0f50486921cfcf9c05438111dd1e1246e088d40;e4a09d28939b9a165661f86d5a2f4fb0c1d33fea1c7465dcc7cf874f0a8238bc;78a020ef314246281f19dc5eec25dbb28c50c5c376ee9df5a6b5090a0ec7d321	complete standardized dataset-label count; no governed panel mapping	not_in_governed_panel_hierarchy
Glycine max_GSE234864_Flower|Mesophyll cell|leaf	Glycine max_GSE234864_Flower	not explicitly recorded	Glycine max	flower	leaf	cell_type_original	Mesophyll cell	PO:0004006	pilot_major_cell_family	photosynthetic_ground_tissue	leaf	mapped	expert_defined_many_to_one_from_user_approved_exact_PO_labels; passes_base_gates	162	standardized_h5ad_obs;panel_dataset_label_counts_v1;panel_label_freeze_v1;coarse_label_hierarchy_v1	internal_source_record:not_publicly_portable:data/datasets/Bioinformatics/h5ad/Glycine max_GSE234864_Flower.h5ad;internal_source_record:not_publicly_portable:workspace/projects/PhyloOpenCell/metadata/panel_dataset_label_counts_v1.tsv.gz;internal_source_record:not_publicly_portable:workspace/projects/PhyloOpenCell/metadata/panel_label_freeze_v1.tsv;internal_source_record:not_publicly_portable:workspace/projects/PhyloOpenCell/metadata/coarse_label_hierarchy_v1.tsv	b9dc475a654e3319877aed45b0f50486921cfcf9c05438111dd1e1246e088d40;a4bd8efca65e1175053b97dc0836fe8306417dd993d7a864389a5281d37302ea;78a020ef314246281f19dc5eec25dbb28c50c5c376ee9df5a6b5090a0ec7d321;e139f4d944b153210afd8aef98174679bf7caead33207fadc3a2e8c4cb619abb	complete standardized dataset-label count with panel-specific governed mapping	
Glycine max_GSE234864_Flower|Procambium|	Glycine max_GSE234864_Flower	not explicitly recorded	Glycine max	flower		cell_type_original	Procambium	PO:0025275				unmapped	candidate_auto_exact; exact_name; Plant Ontology exact lexical match; requires curator acceptance	1267	standardized_h5ad_obs;ontology_mapping_candidates;panel_label_freeze_v1	internal_source_record:not_publicly_portable:data/datasets/Bioinformatics/h5ad/Glycine max_GSE234864_Flower.h5ad;internal_source_record:not_publicly_portable:workspace/projects/PhyloOpenCell/metadata/ontology_mapping_candidates.tsv;internal_source_record:not_publicly_portable:workspace/projects/PhyloOpenCell/metadata/panel_label_freeze_v1.tsv	b9dc475a654e3319877aed45b0f50486921cfcf9c05438111dd1e1246e088d40;e4a09d28939b9a165661f86d5a2f4fb0c1d33fea1c7465dcc7cf874f0a8238bc;78a020ef314246281f19dc5eec25dbb28c50c5c376ee9df5a6b5090a0ec7d321	complete standardized dataset-label count; no governed panel mapping	not_in_governed_panel_hierarchy
Glycine max_GSE234864_Flower|Proliferating cell|	Glycine max_GSE234864_Flower	not explicitly recorded	Glycine max	flower		cell_type_original	Proliferating cell					unmapped	pending_manual_curation; exact_synonym	1251	standardized_h5ad_obs;ontology_mapping_candidates;panel_label_freeze_v1	internal_source_record:not_publicly_portable:data/datasets/Bioinformatics/h5ad/Glycine max_GSE234864_Flower.h5ad;internal_source_record:not_publicly_portable:workspace/projects/PhyloOpenCell/metadata/ontology_mapping_candidates.tsv;internal_source_record:not_publicly_portable:workspace/projects/PhyloOpenCell/metadata/panel_label_freeze_v1.tsv	b9dc475a654e3319877aed45b0f50486921cfcf9c05438111dd1e1246e088d40;e4a09d28939b9a165661f86d5a2f4fb0c1d33fea1c7465dcc7cf874f0a8238bc;78a020ef314246281f19dc5eec25dbb28c50c5c376ee9df5a6b5090a0ec7d321	complete standardized dataset-label count; no governed panel mapping	not_in_governed_panel_hierarchy
Glycine max_GSE234864_Flower|Unknown|	Glycine max_GSE234864_Flower	not explicitly recorded	Glycine max	flower		cell_type_original	Unknown					unknown	excluded_unknown	1605	standardized_h5ad_obs;ontology_mapping_candidates;panel_label_freeze_v1	internal_source_record:not_publicly_portable:data/datasets/Bioinformatics/h5ad/Glycine max_GSE234864_Flower.h5ad;internal_source_record:not_publicly_portable:workspace/projects/PhyloOpenCell/metadata/ontology_mapping_candidates.tsv;internal_source_record:not_publicly_portable:workspace/projects/PhyloOpenCell/metadata/panel_label_freeze_v1.tsv	b9dc475a654e3319877aed45b0f50486921cfcf9c05438111dd1e1246e088d40;e4a09d28939b9a165661f86d5a2f4fb0c1d33fea1c7465dcc7cf874f0a8238bc;78a020ef314246281f19dc5eec25dbb28c50c5c376ee9df5a6b5090a0ec7d321	complete standardized dataset-label count; no governed panel mapping	
Glycine max_GSE234864_SeedCotyledon|Endosperm|	Glycine max_GSE234864_SeedCotyledon	not explicitly recorded	Glycine max	seed		cell_type_original	Endosperm	PO:0009089				unmapped	candidate_auto_exact; exact_name; Plant Ontology exact lexical match; requires curator acceptance	310	standardized_h5ad_obs;ontology_mapping_candidates;panel_label_freeze_v1	internal_source_record:not_publicly_portable:data/datasets/Bioinformatics/h5ad/Glycine max_GSE234864_SeedCotyledon.h5ad;internal_source_record:not_publicly_portable:workspace/projects/PhyloOpenCell/metadata/ontology_mapping_candidates.tsv;internal_source_record:not_publicly_portable:workspace/projects/PhyloOpenCell/metadata/panel_label_freeze_v1.tsv	2f35c82cacea7da3702c216114353d8f1a7f6973b1adb36fc038bb6816bec7cd;e4a09d28939b9a165661f86d5a2f4fb0c1d33fea1c7465dcc7cf874f0a8238bc;78a020ef314246281f19dc5eec25dbb28c50c5c376ee9df5a6b5090a0ec7d321	complete standardized dataset-label count; no governed panel mapping	not_in_governed_panel_hierarchy
Glycine max_GSE234864_SeedCotyledon|Inner integument|	Glycine max_GSE234864_SeedCotyledon	not explicitly recorded	Glycine max	seed		cell_type_original	Inner integument					unmapped	pending_manual_curation; exact_synonym	1995	standardized_h5ad_obs;ontology_mapping_candidates;panel_label_freeze_v1	internal_source_record:not_publicly_portable:data/datasets/Bioinformatics/h5ad/Glycine max_GSE234864_SeedCotyledon.h5ad;internal_source_record:not_publicly_portable:workspace/projects/PhyloOpenCell/metadata/ontology_mapping_candidates.tsv;internal_source_record:not_publicly_portable:workspace/projects/PhyloOpenCell/metadata/panel_label_freeze_v1.tsv	2f35c82cacea7da3702c216114353d8f1a7f6973b1adb36fc038bb6816bec7cd;e4a09d28939b9a165661f86d5a2f4fb0c1d33fea1c7465dcc7cf874f0a8238bc;78a020ef314246281f19dc5eec25dbb28c50c5c376ee9df5a6b5090a0ec7d321	complete standardized dataset-label count; no governed panel mapping	not_in_governed_panel_hierarchy
Glycine max_GSE234864_SeedCotyledon|Outer integument|	Glycine max_GSE234864_SeedCotyledon	not explicitly recorded	Glycine max	seed		cell_type_original	Outer integument					unmapped	pending_manual_curation; exact_synonym	2524	standardized_h5ad_obs;ontology_mapping_candidates;panel_label_freeze_v1	internal_source_record:not_publicly_portable:data/datasets/Bioinformatics/h5ad/Glycine max_GSE234864_SeedCotyledon.h5ad;internal_source_record:not_publicly_portable:workspace/projects/PhyloOpenCell/metadata/ontology_mapping_candidates.tsv;internal_source_record:not_publicly_portable:workspace/projects/PhyloOpenCell/metadata/panel_label_freeze_v1.tsv	2f35c82cacea7da3702c216114353d8f1a7f6973b1adb36fc038bb6816bec7cd;e4a09d28939b9a165661f86d5a2f4fb0c1d33fea1c7465dcc7cf874f0a8238bc;78a020ef314246281f19dc5eec25dbb28c50c5c376ee9df5a6b5090a0ec7d321	complete standardized dataset-label count; no governed panel mapping	not_in_governed_panel_hierarchy
Glycine max_GSE234864_SeedCotyledon|Plant embryo|	Glycine max_GSE234864_SeedCotyledon	not explicitly recorded	Glycine max	seed		cell_type_original	Plant embryo	PO:0009009				unmapped	candidate_auto_exact; exact_name; Plant Ontology exact lexical match; requires curator acceptance	1453	standardized_h5ad_obs;ontology_mapping_candidates;panel_label_freeze_v1	internal_source_record:not_publicly_portable:data/datasets/Bioinformatics/h5ad/Glycine max_GSE234864_SeedCotyledon.h5ad;internal_source_record:not_publicly_portable:workspace/projects/PhyloOpenCell/metadata/ontology_mapping_candidates.tsv;internal_source_record:not_publicly_portable:workspace/projects/PhyloOpenCell/metadata/panel_label_freeze_v1.tsv	2f35c82cacea7da3702c216114353d8f1a7f6973b1adb36fc038bb6816bec7cd;e4a09d28939b9a165661f86d5a2f4fb0c1d33fea1c7465dcc7cf874f0a8238bc;78a020ef314246281f19dc5eec25dbb28c50c5c376ee9df5a6b5090a0ec7d321	complete standardized dataset-label count; no governed panel mapping	not_in_governed_panel_hierarchy
Glycine max_GSE234864_SeedCotyledon|Proliferating cell|	Glycine max_GSE234864_SeedCotyledon	not explicitly recorded	Glycine max	seed		cell_type_original	Proliferating cell					unmapped	pending_manual_curation; exact_synonym	835	standardized_h5ad_obs;ontology_mapping_candidates;panel_label_freeze_v1	internal_source_record:not_publicly_portable:data/datasets/Bioinformatics/h5ad/Glycine max_GSE234864_SeedCotyledon.h5ad;internal_source_record:not_publicly_portable:workspace/projects/PhyloOpenCell/metadata/ontology_mapping_candidates.tsv;internal_source_record:not_publicly_portable:workspace/projects/PhyloOpenCell/metadata/panel_label_freeze_v1.tsv	2f35c82cacea7da3702c216114353d8f1a7f6973b1adb36fc038bb6816bec7cd;e4a09d28939b9a165661f86d5a2f4fb0c1d33fea1c7465dcc7cf874f0a8238bc;78a020ef314246281f19dc5eec25dbb28c50c5c376ee9df5a6b5090a0ec7d321	complete standardized dataset-label count; no governed panel mapping	not_in_governed_panel_hierarchy
Glycine max_GSE234864_SeedCotyledon|Seed coat endothelium|	Glycine max_GSE234864_SeedCotyledon	not explicitly recorded	Glycine max	seed		cell_type_original	Seed coat endothelium					unmapped	pending_manual_curation; exact_synonym	591	standardized_h5ad_obs;ontology_mapping_candidates;panel_label_freeze_v1	internal_source_record:not_publicly_portable:data/datasets/Bioinformatics/h5ad/Glycine max_GSE234864_SeedCotyledon.h5ad;internal_source_record:not_publicly_portable:workspace/projects/PhyloOpenCell/metadata/ontology_mapping_candidates.tsv;internal_source_record:not_publicly_portable:workspace/projects/PhyloOpenCell/metadata/panel_label_freeze_v1.tsv	2f35c82cacea7da3702c216114353d8f1a7f6973b1adb36fc038bb6816bec7cd;e4a09d28939b9a165661f86d5a2f4fb0c1d33fea1c7465dcc7cf874f0a8238bc;78a020ef314246281f19dc5eec25dbb28c50c5c376ee9df5a6b5090a0ec7d321	complete standardized dataset-label count; no governed panel mapping	not_in_governed_panel_hierarchy
Glycine max_GSE234864_SeedCotyledon|Seed coat epidermis|	Glycine max_GSE234864_SeedCotyledon	not explicitly recorded	Glycine max	seed		cell_type_original	Seed coat epidermis	PO:0006048				unmapped	candidate_auto_exact; exact_name; Plant Ontology exact lexical match; requires curator acceptance	389	standardized_h5ad_obs;ontology_mapping_candidates;panel_label_freeze_v1	internal_source_record:not_publicly_portable:data/datasets/Bioinformatics/h5ad/Glycine max_GSE234864_SeedCotyledon.h5ad;internal_source_record:not_publicly_portable:workspace/projects/PhyloOpenCell/metadata/ontology_mapping_candidates.tsv;internal_source_record:not_publicly_portable:workspace/projects/PhyloOpenCell/metadata/panel_label_freeze_v1.tsv	2f35c82cacea7da3702c216114353d8f1a7f6973b1adb36fc038bb6816bec7cd;e4a09d28939b9a165661f86d5a2f4fb0c1d33fea1c7465dcc7cf874f0a8238bc;78a020ef314246281f19dc5eec25dbb28c50c5c376ee9df5a6b5090a0ec7d321	complete standardized dataset-label count; no governed panel mapping	not_in_governed_panel_hierarchy
Glycine max_GSE234864_SeedCotyledon|Unknown|	Glycine max_GSE234864_SeedCotyledon	not explicitly recorded	Glycine max	seed		cell_type_original	Unknown					unknown	excluded_unknown	5229	standardized_h5ad_obs;ontology_mapping_candidates;panel_label_freeze_v1	internal_source_record:not_publicly_portable:data/datasets/Bioinformatics/h5ad/Glycine max_GSE234864_SeedCotyledon.h5ad;internal_source_record:not_publicly_portable:workspace/projects/PhyloOpenCell/metadata/ontology_mapping_candidates.tsv;internal_source_record:not_publicly_portable:workspace/projects/PhyloOpenCell/metadata/panel_label_freeze_v1.tsv	2f35c82cacea7da3702c216114353d8f1a7f6973b1adb36fc038bb6816bec7cd;e4a09d28939b9a165661f86d5a2f4fb0c1d33fea1c7465dcc7cf874f0a8238bc;78a020ef314246281f19dc5eec25dbb28c50c5c376ee9df5a6b5090a0ec7d321	complete standardized dataset-label count; no governed panel mapping	
Glycine max_GSE234864_SeedHeart|Endosperm|	Glycine max_GSE234864_SeedHeart	not explicitly recorded	Glycine max	seed		cell_type_original	Endosperm	PO:0009089				unmapped	candidate_auto_exact; exact_name; Plant Ontology exact lexical match; requires curator acceptance	1169	standardized_h5ad_obs;ontology_mapping_candidates;panel_label_freeze_v1	internal_source_record:not_publicly_portable:data/datasets/Bioinformatics/h5ad/Glycine max_GSE234864_SeedHeart.h5ad;internal_source_record:not_publicly_portable:workspace/projects/PhyloOpenCell/metadata/ontology_mapping_candidates.tsv;internal_source_record:not_publicly_portable:workspace/projects/PhyloOpenCell/metadata/panel_label_freeze_v1.tsv	78ec983d47cfcaef322c8ff6e3547bae285a1e3ab92cd38197e372443662ba77;e4a09d28939b9a165661f86d5a2f4fb0c1d33fea1c7465dcc7cf874f0a8238bc;78a020ef314246281f19dc5eec25dbb28c50c5c376ee9df5a6b5090a0ec7d321	complete standardized dataset-label count; no governed panel mapping	not_in_governed_panel_hierarchy
Glycine max_GSE234864_SeedHeart|Inner integument|	Glycine max_GSE234864_SeedHeart	not explicitly recorded	Glycine max	seed		cell_type_original	Inner integument					unmapped	pending_manual_curation; exact_synonym	1037	standardized_h5ad_obs;ontology_mapping_candidates;panel_label_freeze_v1	internal_source_record:not_publicly_portable:data/datasets/Bioinformatics/h5ad/Glycine max_GSE234864_SeedHeart.h5ad;internal_source_record:not_publicly_portable:workspace/projects/PhyloOpenCell/metadata/ontology_mapping_candidates.tsv;internal_source_record:not_publicly_portable:workspace/projects/PhyloOpenCell/metadata/panel_label_freeze_v1.tsv	78ec983d47cfcaef322c8ff6e3547bae285a1e3ab92cd38197e372443662ba77;e4a09d28939b9a165661f86d5a2f4fb0c1d33fea1c7465dcc7cf874f0a8238bc;78a020ef314246281f19dc5eec25dbb28c50c5c376ee9df5a6b5090a0ec7d321	complete standardized dataset-label count; no governed panel mapping	not_in_governed_panel_hierarchy
Glycine max_GSE234864_SeedHeart|Outer integument|	Glycine max_GSE234864_SeedHeart	not explicitly recorded	Glycine max	seed		cell_type_original	Outer integument					unmapped	pending_manual_curation; exact_synonym	5155	standardized_h5ad_obs;ontology_mapping_candidates;panel_label_freeze_v1	internal_source_record:not_publicly_portable:data/datasets/Bioinformatics/h5ad/Glycine max_GSE234864_SeedHeart.h5ad;internal_source_record:not_publicly_portable:workspace/projects/PhyloOpenCell/metadata/ontology_mapping_candidates.tsv;internal_source_record:not_publicly_portable:workspace/projects/PhyloOpenCell/metadata/panel_label_freeze_v1.tsv	78ec983d47cfcaef322c8ff6e3547bae285a1e3ab92cd38197e372443662ba77;e4a09d28939b9a165661f86d5a2f4fb0c1d33fea1c7465dcc7cf874f0a8238bc;78a020ef314246281f19dc5eec25dbb28c50c5c376ee9df5a6b5090a0ec7d321	complete standardized dataset-label count; no governed panel mapping	not_in_governed_panel_hierarchy
Glycine max_GSE234864_SeedHeart|Plant embryo|	Glycine max_GSE234864_SeedHeart	not explicitly recorded	Glycine max	seed		cell_type_original	Plant embryo	PO:0009009				unmapped	candidate_auto_exact; exact_name; Plant Ontology exact lexical match; requires curator acceptance	1395	standardized_h5ad_obs;ontology_mapping_candidates;panel_label_freeze_v1	internal_source_record:not_publicly_portable:data/datasets/Bioinformatics/h5ad/Glycine max_GSE234864_SeedHeart.h5ad;internal_source_record:not_publicly_portable:workspace/projects/PhyloOpenCell/metadata/ontology_mapping_candidates.tsv;internal_source_record:not_publicly_portable:workspace/projects/PhyloOpenCell/metadata/panel_label_freeze_v1.tsv	78ec983d47cfcaef322c8ff6e3547bae285a1e3ab92cd38197e372443662ba77;e4a09d28939b9a165661f86d5a2f4fb0c1d33fea1c7465dcc7cf874f0a8238bc;78a020ef314246281f19dc5eec25dbb28c50c5c376ee9df5a6b5090a0ec7d321	complete standardized dataset-label count; no governed panel mapping	not_in_governed_panel_hierarchy
Glycine max_GSE234864_SeedHeart|Proliferating cell|	Glycine max_GSE234864_SeedHeart	not explicitly recorded	Glycine max	seed		cell_type_original	Proliferating cell					unmapped	pending_manual_curation; exact_synonym	968	standardized_h5ad_obs;ontology_mapping_candidates;panel_label_freeze_v1	internal_source_record:not_publicly_portable:data/datasets/Bioinformatics/h5ad/Glycine max_GSE234864_SeedHeart.h5ad;internal_source_record:not_publicly_portable:workspace/projects/PhyloOpenCell/metadata/ontology_mapping_candidates.tsv;internal_source_record:not_publicly_portable:workspace/projects/PhyloOpenCell/metadata/panel_label_freeze_v1.tsv	78ec983d47cfcaef322c8ff6e3547bae285a1e3ab92cd38197e372443662ba77;e4a09d28939b9a165661f86d5a2f4fb0c1d33fea1c7465dcc7cf874f0a8238bc;78a020ef314246281f19dc5eec25dbb28c50c5c376ee9df5a6b5090a0ec7d321	complete standardized dataset-label count; no governed panel mapping	not_in_governed_panel_hierarchy
Glycine max_GSE234864_SeedHeart|Seed coat endothelium|	Glycine max_GSE234864_SeedHeart	not explicitly recorded	Glycine max	seed		cell_type_original	Seed coat endothelium					unmapped	pending_manual_curation; exact_synonym	1215	standardized_h5ad_obs;ontology_mapping_candidates;panel_label_freeze_v1	internal_source_record:not_publicly_portable:data/datasets/Bioinformatics/h5ad/Glycine max_GSE234864_SeedHeart.h5ad;internal_source_record:not_publicly_portable:workspace/projects/PhyloOpenCell/metadata/ontology_mapping_candidates.tsv;internal_source_record:not_publicly_portable:workspace/projects/PhyloOpenCell/metadata/panel_label_freeze_v1.tsv	78ec983d47cfcaef322c8ff6e3547bae285a1e3ab92cd38197e372443662ba77;e4a09d28939b9a165661f86d5a2f4fb0c1d33fea1c7465dcc7cf874f0a8238bc;78a020ef314246281f19dc5eec25dbb28c50c5c376ee9df5a6b5090a0ec7d321	complete standardized dataset-label count; no governed panel mapping	not_in_governed_panel_hierarchy
Glycine max_GSE234864_SeedHeart|Seed coat epidermis|	Glycine max_GSE234864_SeedHeart	not explicitly recorded	Glycine max	seed		cell_type_original	Seed coat epidermis	PO:0006048				unmapped	candidate_auto_exact; exact_name; Plant Ontology exact lexical match; requires curator acceptance	3118	standardized_h5ad_obs;ontology_mapping_candidates;panel_label_freeze_v1	internal_source_record:not_publicly_portable:data/datasets/Bioinformatics/h5ad/Glycine max_GSE234864_SeedHeart.h5ad;internal_source_record:not_publicly_portable:workspace/projects/PhyloOpenCell/metadata/ontology_mapping_candidates.tsv;internal_source_record:not_publicly_portable:workspace/projects/PhyloOpenCell/metadata/panel_label_freeze_v1.tsv	78ec983d47cfcaef322c8ff6e3547bae285a1e3ab92cd38197e372443662ba77;e4a09d28939b9a165661f86d5a2f4fb0c1d33fea1c7465dcc7cf874f0a8238bc;78a020ef314246281f19dc5eec25dbb28c50c5c376ee9df5a6b5090a0ec7d321	complete standardized dataset-label count; no governed panel mapping	not_in_governed_panel_hierarchy
Glycine max_GSE234864_SeedHeart|Suspensor|	Glycine max_GSE234864_SeedHeart	not explicitly recorded	Glycine max	seed		cell_type_original	Suspensor	PO:0020108				unmapped	candidate_auto_exact; exact_name; Plant Ontology exact lexical match; requires curator acceptance	398	standardized_h5ad_obs;ontology_mapping_candidates;panel_label_freeze_v1	internal_source_record:not_publicly_portable:data/datasets/Bioinformatics/h5ad/Glycine max_GSE234864_SeedHeart.h5ad;internal_source_record:not_publicly_portable:workspace/projects/PhyloOpenCell/metadata/ontology_mapping_candidates.tsv;internal_source_record:not_publicly_portable:workspace/projects/PhyloOpenCell/metadata/panel_label_freeze_v1.tsv	78ec983d47cfcaef322c8ff6e3547bae285a1e3ab92cd38197e372443662ba77;e4a09d28939b9a165661f86d5a2f4fb0c1d33fea1c7465dcc7cf874f0a8238bc;78a020ef314246281f19dc5eec25dbb28c50c5c376ee9df5a6b5090a0ec7d321	complete standardized dataset-label count; no governed panel mapping	not_in_governed_panel_hierarchy
Glycine max_GSE234864_SeedHeart|Unknown|	Glycine max_GSE234864_SeedHeart	not explicitly recorded	Glycine max	seed		cell_type_original	Unknown					unknown	excluded_unknown	4902	standardized_h5ad_obs;ontology_mapping_candidates;panel_label_freeze_v1	internal_source_record:not_publicly_portable:data/datasets/Bioinformatics/h5ad/Glycine max_GSE234864_SeedHeart.h5ad;internal_source_record:not_publicly_portable:workspace/projects/PhyloOpenCell/metadata/ontology_mapping_candidates.tsv;internal_source_record:not_publicly_portable:workspace/projects/PhyloOpenCell/metadata/panel_label_freeze_v1.tsv	78ec983d47cfcaef322c8ff6e3547bae285a1e3ab92cd38197e372443662ba77;e4a09d28939b9a165661f86d5a2f4fb0c1d33fea1c7465dcc7cf874f0a8238bc;78a020ef314246281f19dc5eec25dbb28c50c5c376ee9df5a6b5090a0ec7d321	complete standardized dataset-label count; no governed panel mapping	
Glycine max_GSE234864_SeedMidMaturation|Endosperm|	Glycine max_GSE234864_SeedMidMaturation	not explicitly recorded	Glycine max	seed		cell_type_original	Endosperm	PO:0009089				unmapped	candidate_auto_exact; exact_name; Plant Ontology exact lexical match; requires curator acceptance	129	standardized_h5ad_obs;ontology_mapping_candidates;panel_label_freeze_v1	internal_source_record:not_publicly_portable:data/datasets/Bioinformatics/h5ad/Glycine max_GSE234864_SeedMidMaturation.h5ad;internal_source_record:not_publicly_portable:workspace/projects/PhyloOpenCell/metadata/ontology_mapping_candidates.tsv;internal_source_record:not_publicly_portable:workspace/projects/PhyloOpenCell/metadata/panel_label_freeze_v1.tsv	f7c1238f480c32cb4bfd469827423f318672670e9e7019830cda45d1df1a97d1;e4a09d28939b9a165661f86d5a2f4fb0c1d33fea1c7465dcc7cf874f0a8238bc;78a020ef314246281f19dc5eec25dbb28c50c5c376ee9df5a6b5090a0ec7d321	complete standardized dataset-label count; no governed panel mapping	not_in_governed_panel_hierarchy
Glycine max_GSE234864_SeedMidMaturation|Plant embryo|	Glycine max_GSE234864_SeedMidMaturation	not explicitly recorded	Glycine max	seed		cell_type_original	Plant embryo	PO:0009009				unmapped	candidate_auto_exact; exact_name; Plant Ontology exact lexical match; requires curator acceptance	2510	standardized_h5ad_obs;ontology_mapping_candidates;panel_label_freeze_v1	internal_source_record:not_publicly_portable:data/datasets/Bioinformatics/h5ad/Glycine max_GSE234864_SeedMidMaturation.h5ad;internal_source_record:not_publicly_portable:workspace/projects/PhyloOpenCell/metadata/ontology_mapping_candidates.tsv;internal_source_record:not_publicly_portable:workspace/projects/PhyloOpenCell/metadata/panel_label_freeze_v1.tsv	f7c1238f480c32cb4bfd469827423f318672670e9e7019830cda45d1df1a97d1;e4a09d28939b9a165661f86d5a2f4fb0c1d33fea1c7465dcc7cf874f0a8238bc;78a020ef314246281f19dc5eec25dbb28c50c5c376ee9df5a6b5090a0ec7d321	complete standardized dataset-label count; no governed panel mapping	not_in_governed_panel_hierarchy
Glycine max_GSE234864_SeedMidMaturation|Proliferating cell|	Glycine max_GSE234864_SeedMidMaturation	not explicitly recorded	Glycine max	seed		cell_type_original	Proliferating cell					unmapped	pending_manual_curation; exact_synonym	473	standardized_h5ad_obs;ontology_mapping_candidates;panel_label_freeze_v1	internal_source_record:not_publicly_portable:data/datasets/Bioinformatics/h5ad/Glycine max_GSE234864_SeedMidMaturation.h5ad;internal_source_record:not_publicly_portable:workspace/projects/PhyloOpenCell/metadata/ontology_mapping_candidates.tsv;internal_source_record:not_publicly_portable:workspace/projects/PhyloOpenCell/metadata/panel_label_freeze_v1.tsv	f7c1238f480c32cb4bfd469827423f318672670e9e7019830cda45d1df1a97d1;e4a09d28939b9a165661f86d5a2f4fb0c1d33fea1c7465dcc7cf874f0a8238bc;78a020ef314246281f19dc5eec25dbb28c50c5c376ee9df5a6b5090a0ec7d321	complete standardized dataset-label count; no governed panel mapping	not_in_governed_panel_hierarchy
Glycine max_GSE234864_SeedMidMaturation|Seed coat|	Glycine max_GSE234864_SeedMidMaturation	not explicitly recorded	Glycine max	seed		cell_type_original	Seed coat	PO:0009088				unmapped	candidate_auto_exact; exact_name; Plant Ontology exact lexical match; requires curator acceptance	240	standardized_h5ad_obs;ontology_mapping_candidates;panel_label_freeze_v1	internal_source_record:not_publicly_portable:data/datasets/Bioinformatics/h5ad/Glycine max_GSE234864_SeedMidMaturation.h5ad;internal_source_record:not_publicly_portable:workspace/projects/PhyloOpenCell/metadata/ontology_mapping_candidates.tsv;internal_source_record:not_publicly_portable:workspace/projects/PhyloOpenCell/metadata/panel_label_freeze_v1.tsv	f7c1238f480c32cb4bfd469827423f318672670e9e7019830cda45d1df1a97d1;e4a09d28939b9a165661f86d5a2f4fb0c1d33fea1c7465dcc7cf874f0a8238bc;78a020ef314246281f19dc5eec25dbb28c50c5c376ee9df5a6b5090a0ec7d321	complete standardized dataset-label count; no governed panel mapping	not_in_governed_panel_hierarchy
Glycine max_GSE234864_SeedMidMaturation|Seed coat epidermis|	Glycine max_GSE234864_SeedMidMaturation	not explicitly recorded	Glycine max	seed		cell_type_original	Seed coat epidermis	PO:0006048				unmapped	candidate_auto_exact; exact_name; Plant Ontology exact lexical match; requires curator acceptance	4178	standardized_h5ad_obs;ontology_mapping_candidates;panel_label_freeze_v1	internal_source_record:not_publicly_portable:data/datasets/Bioinformatics/h5ad/Glycine max_GSE234864_SeedMidMaturation.h5ad;internal_source_record:not_publicly_portable:workspace/projects/PhyloOpenCell/metadata/ontology_mapping_candidates.tsv;internal_source_record:not_publicly_portable:workspace/projects/PhyloOpenCell/metadata/panel_label_freeze_v1.tsv	f7c1238f480c32cb4bfd469827423f318672670e9e7019830cda45d1df1a97d1;e4a09d28939b9a165661f86d5a2f4fb0c1d33fea1c7465dcc7cf874f0a8238bc;78a020ef314246281f19dc5eec25dbb28c50c5c376ee9df5a6b5090a0ec7d321	complete standardized dataset-label count; no governed panel mapping	not_in_governed_panel_hierarchy
Glycine max_GSE234864_SeedMidMaturation|Unknown|	Glycine max_GSE234864_SeedMidMaturation	not explicitly recorded	Glycine max	seed		cell_type_original	Unknown					unknown	excluded_unknown	13050	standardized_h5ad_obs;ontology_mapping_candidates;panel_label_freeze_v1	internal_source_record:not_publicly_portable:data/datasets/Bioinformatics/h5ad/Glycine max_GSE234864_SeedMidMaturation.h5ad;internal_source_record:not_publicly_portable:workspace/projects/PhyloOpenCell/metadata/ontology_mapping_candidates.tsv;internal_source_record:not_publicly_portable:workspace/projects/PhyloOpenCell/metadata/panel_label_freeze_v1.tsv	f7c1238f480c32cb4bfd469827423f318672670e9e7019830cda45d1df1a97d1;e4a09d28939b9a165661f86d5a2f4fb0c1d33fea1c7465dcc7cf874f0a8238bc;78a020ef314246281f19dc5eec25dbb28c50c5c376ee9df5a6b5090a0ec7d321	complete standardized dataset-label count; no governed panel mapping	
Glycine max_GSE234864_Shoot|Companion cell|vascular	Glycine max_GSE234864_Shoot	not explicitly recorded	Glycine max	shoot	vascular	cell_type_original	Companion cell	PO:0000071	pilot_major_cell_family	phloem_lineage	vascular	mapped	expert_defined_many_to_one_from_user_approved_exact_PO_labels; passes_base_gates	227	standardized_h5ad_obs;panel_dataset_label_counts_v1;panel_label_freeze_v1;coarse_label_hierarchy_v1	internal_source_record:not_publicly_portable:data/datasets/Bioinformatics/h5ad/Glycine max_GSE234864_Shoot.h5ad;internal_source_record:not_publicly_portable:workspace/projects/PhyloOpenCell/metadata/panel_dataset_label_counts_v1.tsv.gz;internal_source_record:not_publicly_portable:workspace/projects/PhyloOpenCell/metadata/panel_label_freeze_v1.tsv;internal_source_record:not_publicly_portable:workspace/projects/PhyloOpenCell/metadata/coarse_label_hierarchy_v1.tsv	f4b8e26c66c19b392d8ddacccf711dfdb07f33343bec0ae4b6e9a8e4996fb217;a4bd8efca65e1175053b97dc0836fe8306417dd993d7a864389a5281d37302ea;78a020ef314246281f19dc5eec25dbb28c50c5c376ee9df5a6b5090a0ec7d321;e139f4d944b153210afd8aef98174679bf7caead33207fadc3a2e8c4cb619abb	complete standardized dataset-label count with panel-specific governed mapping	
Glycine max_GSE234864_Shoot|Guard cell|leaf	Glycine max_GSE234864_Shoot	not explicitly recorded	Glycine max	shoot	leaf	cell_type_original	Guard cell	PO:0000293	pilot_major_cell_family	epidermal_system	leaf	mapped	expert_defined_many_to_one_from_user_approved_exact_PO_labels; passes_base_gates	383	standardized_h5ad_obs;panel_dataset_label_counts_v1;panel_label_freeze_v1;coarse_label_hierarchy_v1	internal_source_record:not_publicly_portable:data/datasets/Bioinformatics/h5ad/Glycine max_GSE234864_Shoot.h5ad;internal_source_record:not_publicly_portable:workspace/projects/PhyloOpenCell/metadata/panel_dataset_label_counts_v1.tsv.gz;internal_source_record:not_publicly_portable:workspace/projects/PhyloOpenCell/metadata/panel_label_freeze_v1.tsv;internal_source_record:not_publicly_portable:workspace/projects/PhyloOpenCell/metadata/coarse_label_hierarchy_v1.tsv	f4b8e26c66c19b392d8ddacccf711dfdb07f33343bec0ae4b6e9a8e4996fb217;a4bd8efca65e1175053b97dc0836fe8306417dd993d7a864389a5281d37302ea;78a020ef314246281f19dc5eec25dbb28c50c5c376ee9df5a6b5090a0ec7d321;e139f4d944b153210afd8aef98174679bf7caead33207fadc3a2e8c4cb619abb	complete standardized dataset-label count with panel-specific governed mapping	
Glycine max_GSE234864_Shoot|Mesophyll cell|leaf	Glycine max_GSE234864_Shoot	not explicitly recorded	Glycine max	shoot	leaf	cell_type_original	Mesophyll cell	PO:0004006	pilot_major_cell_family	photosynthetic_ground_tissue	leaf	mapped	expert_defined_many_to_one_from_user_approved_exact_PO_labels; passes_base_gates	640	standardized_h5ad_obs;panel_dataset_label_counts_v1;panel_label_freeze_v1;coarse_label_hierarchy_v1	internal_source_record:not_publicly_portable:data/datasets/Bioinformatics/h5ad/Glycine max_GSE234864_Shoot.h5ad;internal_source_record:not_publicly_portable:workspace/projects/PhyloOpenCell/metadata/panel_dataset_label_counts_v1.tsv.gz;internal_source_record:not_publicly_portable:workspace/projects/PhyloOpenCell/metadata/panel_label_freeze_v1.tsv;internal_source_record:not_publicly_portable:workspace/projects/PhyloOpenCell/metadata/coarse_label_hierarchy_v1.tsv	f4b8e26c66c19b392d8ddacccf711dfdb07f33343bec0ae4b6e9a8e4996fb217;a4bd8efca65e1175053b97dc0836fe8306417dd993d7a864389a5281d37302ea;78a020ef314246281f19dc5eec25dbb28c50c5c376ee9df5a6b5090a0ec7d321;e139f4d944b153210afd8aef98174679bf7caead33207fadc3a2e8c4cb619abb	complete standardized dataset-label count with panel-specific governed mapping	
Glycine max_GSE234864_Shoot|Proliferating cell|	Glycine max_GSE234864_Shoot	not explicitly recorded	Glycine max	shoot		cell_type_original	Proliferating cell					unmapped	pending_manual_curation; exact_synonym	1162	standardized_h5ad_obs;ontology_mapping_candidates;panel_label_freeze_v1	internal_source_record:not_publicly_portable:data/datasets/Bioinformatics/h5ad/Glycine max_GSE234864_Shoot.h5ad;internal_source_record:not_publicly_portable:workspace/projects/PhyloOpenCell/metadata/ontology_mapping_candidates.tsv;internal_source_record:not_publicly_portable:workspace/projects/PhyloOpenCell/metadata/panel_label_freeze_v1.tsv	f4b8e26c66c19b392d8ddacccf711dfdb07f33343bec0ae4b6e9a8e4996fb217;e4a09d28939b9a165661f86d5a2f4fb0c1d33fea1c7465dcc7cf874f0a8238bc;78a020ef314246281f19dc5eec25dbb28c50c5c376ee9df5a6b5090a0ec7d321	complete standardized dataset-label count; no governed panel mapping	not_in_governed_panel_hierarchy
Glycine max_GSE234864_Shoot|Shoot apical meristem|	Glycine max_GSE234864_Shoot	not explicitly recorded	Glycine max	shoot		cell_type_original	Shoot apical meristem	PO:0020148				unmapped	candidate_auto_exact; exact_name; Plant Ontology exact lexical match; requires curator acceptance	144	standardized_h5ad_obs;ontology_mapping_candidates;panel_label_freeze_v1	internal_source_record:not_publicly_portable:data/datasets/Bioinformatics/h5ad/Glycine max_GSE234864_Shoot.h5ad;internal_source_record:not_publicly_portable:workspace/projects/PhyloOpenCell/metadata/ontology_mapping_candidates.tsv;internal_source_record:not_publicly_portable:workspace/projects/PhyloOpenCell/metadata/panel_label_freeze_v1.tsv	f4b8e26c66c19b392d8ddacccf711dfdb07f33343bec0ae4b6e9a8e4996fb217;e4a09d28939b9a165661f86d5a2f4fb0c1d33fea1c7465dcc7cf874f0a8238bc;78a020ef314246281f19dc5eec25dbb28c50c5c376ee9df5a6b5090a0ec7d321	complete standardized dataset-label count; no governed panel mapping	not_in_governed_panel_hierarchy
Glycine max_GSE234864_Shoot|Shoot apical meristem epidermis layer|	Glycine max_GSE234864_Shoot	not explicitly recorded	Glycine max	shoot		cell_type_original	Shoot apical meristem epidermis layer					unmapped	pending_manual_curation; exact_synonym	1308	standardized_h5ad_obs;ontology_mapping_candidates;panel_label_freeze_v1	internal_source_record:not_publicly_portable:data/datasets/Bioinformatics/h5ad/Glycine max_GSE234864_Shoot.h5ad;internal_source_record:not_publicly_portable:workspace/projects/PhyloOpenCell/metadata/ontology_mapping_candidates.tsv;internal_source_record:not_publicly_portable:workspace/projects/PhyloOpenCell/metadata/panel_label_freeze_v1.tsv	f4b8e26c66c19b392d8ddacccf711dfdb07f33343bec0ae4b6e9a8e4996fb217;e4a09d28939b9a165661f86d5a2f4fb0c1d33fea1c7465dcc7cf874f0a8238bc;78a020ef314246281f19dc5eec25dbb28c50c5c376ee9df5a6b5090a0ec7d321	complete standardized dataset-label count; no governed panel mapping	not_in_governed_panel_hierarchy
Glycine max_GSE234864_Shoot|Shoot parenchyma|	Glycine max_GSE234864_Shoot	not explicitly recorded	Glycine max	shoot		cell_type_original	Shoot parenchyma					unmapped	pending_manual_curation; exact_synonym	464	standardized_h5ad_obs;ontology_mapping_candidates;panel_label_freeze_v1	internal_source_record:not_publicly_portable:data/datasets/Bioinformatics/h5ad/Glycine max_GSE234864_Shoot.h5ad;internal_source_record:not_publicly_portable:workspace/projects/PhyloOpenCell/metadata/ontology_mapping_candidates.tsv;internal_source_record:not_publicly_portable:workspace/projects/PhyloOpenCell/metadata/panel_label_freeze_v1.tsv	f4b8e26c66c19b392d8ddacccf711dfdb07f33343bec0ae4b6e9a8e4996fb217;e4a09d28939b9a165661f86d5a2f4fb0c1d33fea1c7465dcc7cf874f0a8238bc;78a020ef314246281f19dc5eec25dbb28c50c5c376ee9df5a6b5090a0ec7d321	complete standardized dataset-label count; no governed panel mapping	not_in_governed_panel_hierarchy
Glycine max_GSE234864_Shoot|Shoot system cortex|	Glycine max_GSE234864_Shoot	not explicitly recorded	Glycine max	shoot		cell_type_original	Shoot system cortex					unmapped	pending_manual_curation; exact_synonym	525	standardized_h5ad_obs;ontology_mapping_candidates;panel_label_freeze_v1	internal_source_record:not_publicly_portable:data/datasets/Bioinformatics/h5ad/Glycine max_GSE234864_Shoot.h5ad;internal_source_record:not_publicly_portable:workspace/projects/PhyloOpenCell/metadata/ontology_mapping_candidates.tsv;internal_source_record:not_publicly_portable:workspace/projects/PhyloOpenCell/metadata/panel_label_freeze_v1.tsv	f4b8e26c66c19b392d8ddacccf711dfdb07f33343bec0ae4b6e9a8e4996fb217;e4a09d28939b9a165661f86d5a2f4fb0c1d33fea1c7465dcc7cf874f0a8238bc;78a020ef314246281f19dc5eec25dbb28c50c5c376ee9df5a6b5090a0ec7d321	complete standardized dataset-label count; no governed panel mapping	not_in_governed_panel_hierarchy
Glycine max_GSE234864_Shoot|Shoot system vascular system|vascular	Glycine max_GSE234864_Shoot	not explicitly recorded	Glycine max	shoot	vascular	cell_type_original	Shoot system vascular system	PO:0025205	pilot_major_cell_family	vascular_unspecified	vascular	mapped	expert_defined_many_to_one_from_user_approved_exact_PO_labels; passes_base_gates	992	standardized_h5ad_obs;panel_dataset_label_counts_v1;panel_label_freeze_v1;coarse_label_hierarchy_v1	internal_source_record:not_publicly_portable:data/datasets/Bioinformatics/h5ad/Glycine max_GSE234864_Shoot.h5ad;internal_source_record:not_publicly_portable:workspace/projects/PhyloOpenCell/metadata/panel_dataset_label_counts_v1.tsv.gz;internal_source_record:not_publicly_portable:workspace/projects/PhyloOpenCell/metadata/panel_label_freeze_v1.tsv;internal_source_record:not_publicly_portable:workspace/projects/PhyloOpenCell/metadata/coarse_label_hierarchy_v1.tsv	f4b8e26c66c19b392d8ddacccf711dfdb07f33343bec0ae4b6e9a8e4996fb217;a4bd8efca65e1175053b97dc0836fe8306417dd993d7a864389a5281d37302ea;78a020ef314246281f19dc5eec25dbb28c50c5c376ee9df5a6b5090a0ec7d321;e139f4d944b153210afd8aef98174679bf7caead33207fadc3a2e8c4cb619abb	complete standardized dataset-label count with panel-specific governed mapping	
Glycine max_GSE234864_Shoot|Unknown|	Glycine max_GSE234864_Shoot	not explicitly recorded	Glycine max	shoot		cell_type_original	Unknown					unknown	excluded_unknown	2399	standardized_h5ad_obs;ontology_mapping_candidates;panel_label_freeze_v1	internal_source_record:not_publicly_portable:data/datasets/Bioinformatics/h5ad/Glycine max_GSE234864_Shoot.h5ad;internal_source_record:not_publicly_portable:workspace/projects/PhyloOpenCell/metadata/ontology_mapping_candidates.tsv;internal_source_record:not_publicly_portable:workspace/projects/PhyloOpenCell/metadata/panel_label_freeze_v1.tsv	f4b8e26c66c19b392d8ddacccf711dfdb07f33343bec0ae4b6e9a8e4996fb217;e4a09d28939b9a165661f86d5a2f4fb0c1d33fea1c7465dcc7cf874f0a8238bc;78a020ef314246281f19dc5eec25dbb28c50c5c376ee9df5a6b5090a0ec7d321	complete standardized dataset-label count; no governed panel mapping	
Glycine max_GSE234864_TrifoliateLeaf|Bundle sheath cell|leaf	Glycine max_GSE234864_TrifoliateLeaf	not explicitly recorded	Glycine max	leaf	leaf	cell_type_original	Bundle sheath cell	PO:0025541	pilot_major_cell_family	photosynthetic_ground_tissue	leaf	mapped	expert_defined_many_to_one_from_user_approved_exact_PO_labels; passes_base_gates	1426	standardized_h5ad_obs;panel_dataset_label_counts_v1;panel_label_freeze_v1;coarse_label_hierarchy_v1	internal_source_record:not_publicly_portable:data/datasets/Bioinformatics/h5ad/Glycine max_GSE234864_TrifoliateLeaf.h5ad;internal_source_record:not_publicly_portable:workspace/projects/PhyloOpenCell/metadata/panel_dataset_label_counts_v1.tsv.gz;internal_source_record:not_publicly_portable:workspace/projects/PhyloOpenCell/metadata/panel_label_freeze_v1.tsv;internal_source_record:not_publicly_portable:workspace/projects/PhyloOpenCell/metadata/coarse_label_hierarchy_v1.tsv	92e2b51a455b86115058d30f863585fb60139d9c426c059d4c48885c557f880d;a4bd8efca65e1175053b97dc0836fe8306417dd993d7a864389a5281d37302ea;78a020ef314246281f19dc5eec25dbb28c50c5c376ee9df5a6b5090a0ec7d321;e139f4d944b153210afd8aef98174679bf7caead33207fadc3a2e8c4cb619abb	complete standardized dataset-label count with panel-specific governed mapping	
Glycine max_GSE234864_TrifoliateLeaf|Companion cell|vascular	Glycine max_GSE234864_TrifoliateLeaf	not explicitly recorded	Glycine max	leaf	vascular	cell_type_original	Companion cell	PO:0000071	pilot_major_cell_family	phloem_lineage	vascular	mapped	expert_defined_many_to_one_from_user_approved_exact_PO_labels; passes_base_gates	611	standardized_h5ad_obs;panel_dataset_label_counts_v1;panel_label_freeze_v1;coarse_label_hierarchy_v1	internal_source_record:not_publicly_portable:data/datasets/Bioinformatics/h5ad/Glycine max_GSE234864_TrifoliateLeaf.h5ad;internal_source_record:not_publicly_portable:workspace/projects/PhyloOpenCell/metadata/panel_dataset_label_counts_v1.tsv.gz;internal_source_record:not_publicly_portable:workspace/projects/PhyloOpenCell/metadata/panel_label_freeze_v1.tsv;internal_source_record:not_publicly_portable:workspace/projects/PhyloOpenCell/metadata/coarse_label_hierarchy_v1.tsv	92e2b51a455b86115058d30f863585fb60139d9c426c059d4c48885c557f880d;a4bd8efca65e1175053b97dc0836fe8306417dd993d7a864389a5281d37302ea;78a020ef314246281f19dc5eec25dbb28c50c5c376ee9df5a6b5090a0ec7d321;e139f4d944b153210afd8aef98174679bf7caead33207fadc3a2e8c4cb619abb	complete standardized dataset-label count with panel-specific governed mapping	
Glycine max_GSE234864_TrifoliateLeaf|Hydathode|	Glycine max_GSE234864_TrifoliateLeaf	not explicitly recorded	Glycine max	leaf		cell_type_original	Hydathode	PO:0005660				unmapped	candidate_auto_exact; exact_name; Plant Ontology exact lexical match; requires curator acceptance	197	standardized_h5ad_obs;ontology_mapping_candidates;panel_label_freeze_v1	internal_source_record:not_publicly_portable:data/datasets/Bioinformatics/h5ad/Glycine max_GSE234864_TrifoliateLeaf.h5ad;internal_source_record:not_publicly_portable:workspace/projects/PhyloOpenCell/metadata/ontology_mapping_candidates.tsv;internal_source_record:not_publicly_portable:workspace/projects/PhyloOpenCell/metadata/panel_label_freeze_v1.tsv	92e2b51a455b86115058d30f863585fb60139d9c426c059d4c48885c557f880d;e4a09d28939b9a165661f86d5a2f4fb0c1d33fea1c7465dcc7cf874f0a8238bc;78a020ef314246281f19dc5eec25dbb28c50c5c376ee9df5a6b5090a0ec7d321	complete standardized dataset-label count; no governed panel mapping	not_in_governed_panel_hierarchy
Glycine max_GSE234864_TrifoliateLeaf|Leaf guard cell|leaf	Glycine max_GSE234864_TrifoliateLeaf	not explicitly recorded	Glycine max	leaf	leaf	cell_type_original	Leaf guard cell	PO:0025237	pilot_major_cell_family	epidermal_system	leaf	mapped	expert_defined_many_to_one_from_user_approved_exact_PO_labels; passes_base_gates	191	standardized_h5ad_obs;panel_dataset_label_counts_v1;panel_label_freeze_v1;coarse_label_hierarchy_v1	internal_source_record:not_publicly_portable:data/datasets/Bioinformatics/h5ad/Glycine max_GSE234864_TrifoliateLeaf.h5ad;internal_source_record:not_publicly_portable:workspace/projects/PhyloOpenCell/metadata/panel_dataset_label_counts_v1.tsv.gz;internal_source_record:not_publicly_portable:workspace/projects/PhyloOpenCell/metadata/panel_label_freeze_v1.tsv;internal_source_record:not_publicly_portable:workspace/projects/PhyloOpenCell/metadata/coarse_label_hierarchy_v1.tsv	92e2b51a455b86115058d30f863585fb60139d9c426c059d4c48885c557f880d;a4bd8efca65e1175053b97dc0836fe8306417dd993d7a864389a5281d37302ea;78a020ef314246281f19dc5eec25dbb28c50c5c376ee9df5a6b5090a0ec7d321;e139f4d944b153210afd8aef98174679bf7caead33207fadc3a2e8c4cb619abb	complete standardized dataset-label count with panel-specific governed mapping	
Glycine max_GSE234864_TrifoliateLeaf|Leaf lamina epidermis|leaf	Glycine max_GSE234864_TrifoliateLeaf	not explicitly recorded	Glycine max	leaf	leaf	cell_type_original	Leaf lamina epidermis	PO:0000047	pilot_major_cell_family	epidermal_system	leaf	mapped	expert_defined_many_to_one_from_user_approved_exact_PO_labels; passes_base_gates	2095	standardized_h5ad_obs;panel_dataset_label_counts_v1;panel_label_freeze_v1;coarse_label_hierarchy_v1	internal_source_record:not_publicly_portable:data/datasets/Bioinformatics/h5ad/Glycine max_GSE234864_TrifoliateLeaf.h5ad;internal_source_record:not_publicly_portable:workspace/projects/PhyloOpenCell/metadata/panel_dataset_label_counts_v1.tsv.gz;internal_source_record:not_publicly_portable:workspace/projects/PhyloOpenCell/metadata/panel_label_freeze_v1.tsv;internal_source_record:not_publicly_portable:workspace/projects/PhyloOpenCell/metadata/coarse_label_hierarchy_v1.tsv	92e2b51a455b86115058d30f863585fb60139d9c426c059d4c48885c557f880d;a4bd8efca65e1175053b97dc0836fe8306417dd993d7a864389a5281d37302ea;78a020ef314246281f19dc5eec25dbb28c50c5c376ee9df5a6b5090a0ec7d321;e139f4d944b153210afd8aef98174679bf7caead33207fadc3a2e8c4cb619abb	complete standardized dataset-label count with panel-specific governed mapping	
Glycine max_GSE234864_TrifoliateLeaf|Leaf senescing cell|	Glycine max_GSE234864_TrifoliateLeaf	not explicitly recorded	Glycine max	leaf		cell_type_original	Leaf senescing cell					unmapped	pending_manual_curation; exact_synonym	1835	standardized_h5ad_obs;ontology_mapping_candidates;panel_label_freeze_v1	internal_source_record:not_publicly_portable:data/datasets/Bioinformatics/h5ad/Glycine max_GSE234864_TrifoliateLeaf.h5ad;internal_source_record:not_publicly_portable:workspace/projects/PhyloOpenCell/metadata/ontology_mapping_candidates.tsv;internal_source_record:not_publicly_portable:workspace/projects/PhyloOpenCell/metadata/panel_label_freeze_v1.tsv	92e2b51a455b86115058d30f863585fb60139d9c426c059d4c48885c557f880d;e4a09d28939b9a165661f86d5a2f4fb0c1d33fea1c7465dcc7cf874f0a8238bc;78a020ef314246281f19dc5eec25dbb28c50c5c376ee9df5a6b5090a0ec7d321	complete standardized dataset-label count; no governed panel mapping	not_in_governed_panel_hierarchy
Glycine max_GSE234864_TrifoliateLeaf|Leaf vascular system|leaf	Glycine max_GSE234864_TrifoliateLeaf	not explicitly recorded	Glycine max	leaf	leaf	cell_type_original	Leaf vascular system	PO:0000036	pilot_major_cell_family	vascular_system	leaf	mapped	expert_defined_many_to_one_from_user_approved_exact_PO_labels; passes_base_gates	721	standardized_h5ad_obs;panel_dataset_label_counts_v1;panel_label_freeze_v1;coarse_label_hierarchy_v1	internal_source_record:not_publicly_portable:data/datasets/Bioinformatics/h5ad/Glycine max_GSE234864_TrifoliateLeaf.h5ad;internal_source_record:not_publicly_portable:workspace/projects/PhyloOpenCell/metadata/panel_dataset_label_counts_v1.tsv.gz;internal_source_record:not_publicly_portable:workspace/projects/PhyloOpenCell/metadata/panel_label_freeze_v1.tsv;internal_source_record:not_publicly_portable:workspace/projects/PhyloOpenCell/metadata/coarse_label_hierarchy_v1.tsv	92e2b51a455b86115058d30f863585fb60139d9c426c059d4c48885c557f880d;a4bd8efca65e1175053b97dc0836fe8306417dd993d7a864389a5281d37302ea;78a020ef314246281f19dc5eec25dbb28c50c5c376ee9df5a6b5090a0ec7d321;e139f4d944b153210afd8aef98174679bf7caead33207fadc3a2e8c4cb619abb	complete standardized dataset-label count with panel-specific governed mapping	
Glycine max_GSE234864_TrifoliateLeaf|Leaf vascular system|vascular	Glycine max_GSE234864_TrifoliateLeaf	not explicitly recorded	Glycine max	leaf	vascular	cell_type_original	Leaf vascular system	PO:0000036	pilot_major_cell_family	vascular_unspecified	vascular	mapped	expert_defined_many_to_one_from_user_approved_exact_PO_labels; passes_base_gates	721	standardized_h5ad_obs;panel_dataset_label_counts_v1;panel_label_freeze_v1;coarse_label_hierarchy_v1	internal_source_record:not_publicly_portable:data/datasets/Bioinformatics/h5ad/Glycine max_GSE234864_TrifoliateLeaf.h5ad;internal_source_record:not_publicly_portable:workspace/projects/PhyloOpenCell/metadata/panel_dataset_label_counts_v1.tsv.gz;internal_source_record:not_publicly_portable:workspace/projects/PhyloOpenCell/metadata/panel_label_freeze_v1.tsv;internal_source_record:not_publicly_portable:workspace/projects/PhyloOpenCell/metadata/coarse_label_hierarchy_v1.tsv	92e2b51a455b86115058d30f863585fb60139d9c426c059d4c48885c557f880d;a4bd8efca65e1175053b97dc0836fe8306417dd993d7a864389a5281d37302ea;78a020ef314246281f19dc5eec25dbb28c50c5c376ee9df5a6b5090a0ec7d321;e139f4d944b153210afd8aef98174679bf7caead33207fadc3a2e8c4cb619abb	complete standardized dataset-label count with panel-specific governed mapping	
Glycine max_GSE234864_TrifoliateLeaf|Mesophyll cell|leaf	Glycine max_GSE234864_TrifoliateLeaf	not explicitly recorded	Glycine max	leaf	leaf	cell_type_original	Mesophyll cell	PO:0004006	pilot_major_cell_family	photosynthetic_ground_tissue	leaf	mapped	expert_defined_many_to_one_from_user_approved_exact_PO_labels; passes_base_gates	5290	standardized_h5ad_obs;panel_dataset_label_counts_v1;panel_label_freeze_v1;coarse_label_hierarchy_v1	internal_source_record:not_publicly_portable:data/datasets/Bioinformatics/h5ad/Glycine max_GSE234864_TrifoliateLeaf.h5ad;internal_source_record:not_publicly_portable:workspace/projects/PhyloOpenCell/metadata/panel_dataset_label_counts_v1.tsv.gz;internal_source_record:not_publicly_portable:workspace/projects/PhyloOpenCell/metadata/panel_label_freeze_v1.tsv;internal_source_record:not_publicly_portable:workspace/projects/PhyloOpenCell/metadata/coarse_label_hierarchy_v1.tsv	92e2b51a455b86115058d30f863585fb60139d9c426c059d4c48885c557f880d;a4bd8efca65e1175053b97dc0836fe8306417dd993d7a864389a5281d37302ea;78a020ef314246281f19dc5eec25dbb28c50c5c376ee9df5a6b5090a0ec7d321;e139f4d944b153210afd8aef98174679bf7caead33207fadc3a2e8c4cb619abb	complete standardized dataset-label count with panel-specific governed mapping	
Glycine max_GSE234864_TrifoliateLeaf|Unknown|	Glycine max_GSE234864_TrifoliateLeaf	not explicitly recorded	Glycine max	leaf		cell_type_original	Unknown					unknown	excluded_unknown	2559	standardized_h5ad_obs;ontology_mapping_candidates;panel_label_freeze_v1	internal_source_record:not_publicly_portable:data/datasets/Bioinformatics/h5ad/Glycine max_GSE234864_TrifoliateLeaf.h5ad;internal_source_record:not_publicly_portable:workspace/projects/PhyloOpenCell/metadata/ontology_mapping_candidates.tsv;internal_source_record:not_publicly_portable:workspace/projects/PhyloOpenCell/metadata/panel_label_freeze_v1.tsv	92e2b51a455b86115058d30f863585fb60139d9c426c059d4c48885c557f880d;e4a09d28939b9a165661f86d5a2f4fb0c1d33fea1c7465dcc7cf874f0a8238bc;78a020ef314246281f19dc5eec25dbb28c50c5c376ee9df5a6b5090a0ec7d321	complete standardized dataset-label count; no governed panel mapping	
Glycine max_GSE234864_TrueLeaf|Bundle sheath cell|leaf	Glycine max_GSE234864_TrueLeaf	not explicitly recorded	Glycine max	leaf	leaf	cell_type_original	Bundle sheath cell	PO:0025541	pilot_major_cell_family	photosynthetic_ground_tissue	leaf	mapped	expert_defined_many_to_one_from_user_approved_exact_PO_labels; passes_base_gates	2172	standardized_h5ad_obs;panel_dataset_label_counts_v1;panel_label_freeze_v1;coarse_label_hierarchy_v1	internal_source_record:not_publicly_portable:data/datasets/Bioinformatics/h5ad/Glycine max_GSE234864_TrueLeaf.h5ad;internal_source_record:not_publicly_portable:workspace/projects/PhyloOpenCell/metadata/panel_dataset_label_counts_v1.tsv.gz;internal_source_record:not_publicly_portable:workspace/projects/PhyloOpenCell/metadata/panel_label_freeze_v1.tsv;internal_source_record:not_publicly_portable:workspace/projects/PhyloOpenCell/metadata/coarse_label_hierarchy_v1.tsv	97dd22bc797d433786baecccbfb039fc54cbcc3a4b26e976f90333cf3a4c2786;a4bd8efca65e1175053b97dc0836fe8306417dd993d7a864389a5281d37302ea;78a020ef314246281f19dc5eec25dbb28c50c5c376ee9df5a6b5090a0ec7d321;e139f4d944b153210afd8aef98174679bf7caead33207fadc3a2e8c4cb619abb	complete standardized dataset-label count with panel-specific governed mapping	
Glycine max_GSE234864_TrueLeaf|Companion cell|vascular	Glycine max_GSE234864_TrueLeaf	not explicitly recorded	Glycine max	leaf	vascular	cell_type_original	Companion cell	PO:0000071	pilot_major_cell_family	phloem_lineage	vascular	mapped	expert_defined_many_to_one_from_user_approved_exact_PO_labels; passes_base_gates	467	standardized_h5ad_obs;panel_dataset_label_counts_v1;panel_label_freeze_v1;coarse_label_hierarchy_v1	internal_source_record:not_publicly_portable:data/datasets/Bioinformatics/h5ad/Glycine max_GSE234864_TrueLeaf.h5ad;internal_source_record:not_publicly_portable:workspace/projects/PhyloOpenCell/metadata/panel_dataset_label_counts_v1.tsv.gz;internal_source_record:not_publicly_portable:workspace/projects/PhyloOpenCell/metadata/panel_label_freeze_v1.tsv;internal_source_record:not_publicly_portable:workspace/projects/PhyloOpenCell/metadata/coarse_label_hierarchy_v1.tsv	97dd22bc797d433786baecccbfb039fc54cbcc3a4b26e976f90333cf3a4c2786;a4bd8efca65e1175053b97dc0836fe8306417dd993d7a864389a5281d37302ea;78a020ef314246281f19dc5eec25dbb28c50c5c376ee9df5a6b5090a0ec7d321;e139f4d944b153210afd8aef98174679bf7caead33207fadc3a2e8c4cb619abb	complete standardized dataset-label count with panel-specific governed mapping	
Glycine max_GSE234864_TrueLeaf|Leaf guard cell|leaf	Glycine max_GSE234864_TrueLeaf	not explicitly recorded	Glycine max	leaf	leaf	cell_type_original	Leaf guard cell	PO:0025237	pilot_major_cell_family	epidermal_system	leaf	mapped	expert_defined_many_to_one_from_user_approved_exact_PO_labels; passes_base_gates	185	standardized_h5ad_obs;panel_dataset_label_counts_v1;panel_label_freeze_v1;coarse_label_hierarchy_v1	internal_source_record:not_publicly_portable:data/datasets/Bioinformatics/h5ad/Glycine max_GSE234864_TrueLeaf.h5ad;internal_source_record:not_publicly_portable:workspace/projects/PhyloOpenCell/metadata/panel_dataset_label_counts_v1.tsv.gz;internal_source_record:not_publicly_portable:workspace/projects/PhyloOpenCell/metadata/panel_label_freeze_v1.tsv;internal_source_record:not_publicly_portable:workspace/projects/PhyloOpenCell/metadata/coarse_label_hierarchy_v1.tsv	97dd22bc797d433786baecccbfb039fc54cbcc3a4b26e976f90333cf3a4c2786;a4bd8efca65e1175053b97dc0836fe8306417dd993d7a864389a5281d37302ea;78a020ef314246281f19dc5eec25dbb28c50c5c376ee9df5a6b5090a0ec7d321;e139f4d944b153210afd8aef98174679bf7caead33207fadc3a2e8c4cb619abb	complete standardized dataset-label count with panel-specific governed mapping	
Glycine max_GSE234864_TrueLeaf|Leaf lamina epidermis|leaf	Glycine max_GSE234864_TrueLeaf	not explicitly recorded	Glycine max	leaf	leaf	cell_type_original	Leaf lamina epidermis	PO:0000047	pilot_major_cell_family	epidermal_system	leaf	mapped	expert_defined_many_to_one_from_user_approved_exact_PO_labels; passes_base_gates	2808	standardized_h5ad_obs;panel_dataset_label_counts_v1;panel_label_freeze_v1;coarse_label_hierarchy_v1	internal_source_record:not_publicly_portable:data/datasets/Bioinformatics/h5ad/Glycine max_GSE234864_TrueLeaf.h5ad;internal_source_record:not_publicly_portable:workspace/projects/PhyloOpenCell/metadata/panel_dataset_label_counts_v1.tsv.gz;internal_source_record:not_publicly_portable:workspace/projects/PhyloOpenCell/metadata/panel_label_freeze_v1.tsv;internal_source_record:not_publicly_portable:workspace/projects/PhyloOpenCell/metadata/coarse_label_hierarchy_v1.tsv	97dd22bc797d433786baecccbfb039fc54cbcc3a4b26e976f90333cf3a4c2786;a4bd8efca65e1175053b97dc0836fe8306417dd993d7a864389a5281d37302ea;78a020ef314246281f19dc5eec25dbb28c50c5c376ee9df5a6b5090a0ec7d321;e139f4d944b153210afd8aef98174679bf7caead33207fadc3a2e8c4cb619abb	complete standardized dataset-label count with panel-specific governed mapping	
Glycine max_GSE234864_TrueLeaf|Leaf senescing cell|	Glycine max_GSE234864_TrueLeaf	not explicitly recorded	Glycine max	leaf		cell_type_original	Leaf senescing cell					unmapped	pending_manual_curation; exact_synonym	64	standardized_h5ad_obs;ontology_mapping_candidates;panel_label_freeze_v1	internal_source_record:not_publicly_portable:data/datasets/Bioinformatics/h5ad/Glycine max_GSE234864_TrueLeaf.h5ad;internal_source_record:not_publicly_portable:workspace/projects/PhyloOpenCell/metadata/ontology_mapping_candidates.tsv;internal_source_record:not_publicly_portable:workspace/projects/PhyloOpenCell/metadata/panel_label_freeze_v1.tsv	97dd22bc797d433786baecccbfb039fc54cbcc3a4b26e976f90333cf3a4c2786;e4a09d28939b9a165661f86d5a2f4fb0c1d33fea1c7465dcc7cf874f0a8238bc;78a020ef314246281f19dc5eec25dbb28c50c5c376ee9df5a6b5090a0ec7d321	complete standardized dataset-label count; no governed panel mapping	not_in_governed_panel_hierarchy
Glycine max_GSE234864_TrueLeaf|Leaf vascular system|leaf	Glycine max_GSE234864_TrueLeaf	not explicitly recorded	Glycine max	leaf	leaf	cell_type_original	Leaf vascular system	PO:0000036	pilot_major_cell_family	vascular_system	leaf	mapped	expert_defined_many_to_one_from_user_approved_exact_PO_labels; passes_base_gates	377	standardized_h5ad_obs;panel_dataset_label_counts_v1;panel_label_freeze_v1;coarse_label_hierarchy_v1	internal_source_record:not_publicly_portable:data/datasets/Bioinformatics/h5ad/Glycine max_GSE234864_TrueLeaf.h5ad;internal_source_record:not_publicly_portable:workspace/projects/PhyloOpenCell/metadata/panel_dataset_label_counts_v1.tsv.gz;internal_source_record:not_publicly_portable:workspace/projects/PhyloOpenCell/metadata/panel_label_freeze_v1.tsv;internal_source_record:not_publicly_portable:workspace/projects/PhyloOpenCell/metadata/coarse_label_hierarchy_v1.tsv	97dd22bc797d433786baecccbfb039fc54cbcc3a4b26e976f90333cf3a4c2786;a4bd8efca65e1175053b97dc0836fe8306417dd993d7a864389a5281d37302ea;78a020ef314246281f19dc5eec25dbb28c50c5c376ee9df5a6b5090a0ec7d321;e139f4d944b153210afd8aef98174679bf7caead33207fadc3a2e8c4cb619abb	complete standardized dataset-label count with panel-specific governed mapping	
Glycine max_GSE234864_TrueLeaf|Leaf vascular system|vascular	Glycine max_GSE234864_TrueLeaf	not explicitly recorded	Glycine max	leaf	vascular	cell_type_original	Leaf vascular system	PO:0000036	pilot_major_cell_family	vascular_unspecified	vascular	mapped	expert_defined_many_to_one_from_user_approved_exact_PO_labels; passes_base_gates	377	standardized_h5ad_obs;panel_dataset_label_counts_v1;panel_label_freeze_v1;coarse_label_hierarchy_v1	internal_source_record:not_publicly_portable:data/datasets/Bioinformatics/h5ad/Glycine max_GSE234864_TrueLeaf.h5ad;internal_source_record:not_publicly_portable:workspace/projects/PhyloOpenCell/metadata/panel_dataset_label_counts_v1.tsv.gz;internal_source_record:not_publicly_portable:workspace/projects/PhyloOpenCell/metadata/panel_label_freeze_v1.tsv;internal_source_record:not_publicly_portable:workspace/projects/PhyloOpenCell/metadata/coarse_label_hierarchy_v1.tsv	97dd22bc797d433786baecccbfb039fc54cbcc3a4b26e976f90333cf3a4c2786;a4bd8efca65e1175053b97dc0836fe8306417dd993d7a864389a5281d37302ea;78a020ef314246281f19dc5eec25dbb28c50c5c376ee9df5a6b5090a0ec7d321;e139f4d944b153210afd8aef98174679bf7caead33207fadc3a2e8c4cb619abb	complete standardized dataset-label count with panel-specific governed mapping	
Glycine max_GSE234864_TrueLeaf|Mesophyll cell|leaf	Glycine max_GSE234864_TrueLeaf	not explicitly recorded	Glycine max	leaf	leaf	cell_type_original	Mesophyll cell	PO:0004006	pilot_major_cell_family	photosynthetic_ground_tissue	leaf	mapped	expert_defined_many_to_one_from_user_approved_exact_PO_labels; passes_base_gates	3385	standardized_h5ad_obs;panel_dataset_label_counts_v1;panel_label_freeze_v1;coarse_label_hierarchy_v1	internal_source_record:not_publicly_portable:data/datasets/Bioinformatics/h5ad/Glycine max_GSE234864_TrueLeaf.h5ad;internal_source_record:not_publicly_portable:workspace/projects/PhyloOpenCell/metadata/panel_dataset_label_counts_v1.tsv.gz;internal_source_record:not_publicly_portable:workspace/projects/PhyloOpenCell/metadata/panel_label_freeze_v1.tsv;internal_source_record:not_publicly_portable:workspace/projects/PhyloOpenCell/metadata/coarse_label_hierarchy_v1.tsv	97dd22bc797d433786baecccbfb039fc54cbcc3a4b26e976f90333cf3a4c2786;a4bd8efca65e1175053b97dc0836fe8306417dd993d7a864389a5281d37302ea;78a020ef314246281f19dc5eec25dbb28c50c5c376ee9df5a6b5090a0ec7d321;e139f4d944b153210afd8aef98174679bf7caead33207fadc3a2e8c4cb619abb	complete standardized dataset-label count with panel-specific governed mapping	
Glycine max_GSE234864_TrueLeaf|Proliferating cell|	Glycine max_GSE234864_TrueLeaf	not explicitly recorded	Glycine max	leaf		cell_type_original	Proliferating cell					unmapped	pending_manual_curation; exact_synonym	29	standardized_h5ad_obs;ontology_mapping_candidates;panel_label_freeze_v1	internal_source_record:not_publicly_portable:data/datasets/Bioinformatics/h5ad/Glycine max_GSE234864_TrueLeaf.h5ad;internal_source_record:not_publicly_portable:workspace/projects/PhyloOpenCell/metadata/ontology_mapping_candidates.tsv;internal_source_record:not_publicly_portable:workspace/projects/PhyloOpenCell/metadata/panel_label_freeze_v1.tsv	97dd22bc797d433786baecccbfb039fc54cbcc3a4b26e976f90333cf3a4c2786;e4a09d28939b9a165661f86d5a2f4fb0c1d33fea1c7465dcc7cf874f0a8238bc;78a020ef314246281f19dc5eec25dbb28c50c5c376ee9df5a6b5090a0ec7d321	complete standardized dataset-label count; no governed panel mapping	not_in_governed_panel_hierarchy
Glycine max_GSE234864_TrueLeaf|Unknown|	Glycine max_GSE234864_TrueLeaf	not explicitly recorded	Glycine max	leaf		cell_type_original	Unknown					unknown	excluded_unknown	1742	standardized_h5ad_obs;ontology_mapping_candidates;panel_label_freeze_v1	internal_source_record:not_publicly_portable:data/datasets/Bioinformatics/h5ad/Glycine max_GSE234864_TrueLeaf.h5ad;internal_source_record:not_publicly_portable:workspace/projects/PhyloOpenCell/metadata/ontology_mapping_candidates.tsv;internal_source_record:not_publicly_portable:workspace/projects/PhyloOpenCell/metadata/panel_label_freeze_v1.tsv	97dd22bc797d433786baecccbfb039fc54cbcc3a4b26e976f90333cf3a4c2786;e4a09d28939b9a165661f86d5a2f4fb0c1d33fea1c7465dcc7cf874f0a8238bc;78a020ef314246281f19dc5eec25dbb28c50c5c376ee9df5a6b5090a0ec7d321	complete standardized dataset-label count; no governed panel mapping	
Glycine max_PRJCA009893|Root cortex|root	Glycine max_PRJCA009893	PRJCA009893	Glycine max		root	cell_type_original	Root cortex	PO:0000258	pilot_major_cell_family	ground_tissue	root	mapped	expert_defined_many_to_one_from_user_approved_exact_PO_labels; passes_base_gates	9521	standardized_h5ad_obs;panel_dataset_label_counts_v1;panel_label_freeze_v1;coarse_label_hierarchy_v1	internal_source_record:not_publicly_portable:data/datasets/Bioinformatics/h5ad/Glycine max_PRJCA009893.h5ad;internal_source_record:not_publicly_portable:workspace/projects/PhyloOpenCell/metadata/panel_dataset_label_counts_v1.tsv.gz;internal_source_record:not_publicly_portable:workspace/projects/PhyloOpenCell/metadata/panel_label_freeze_v1.tsv;internal_source_record:not_publicly_portable:workspace/projects/PhyloOpenCell/metadata/coarse_label_hierarchy_v1.tsv	bd68a094e395d83fdd6c9bb9b5113c3e537b8de9a3d2b9ae9e18a0084b999282;a4bd8efca65e1175053b97dc0836fe8306417dd993d7a864389a5281d37302ea;78a020ef314246281f19dc5eec25dbb28c50c5c376ee9df5a6b5090a0ec7d321;e139f4d944b153210afd8aef98174679bf7caead33207fadc3a2e8c4cb619abb	complete standardized dataset-label count with panel-specific governed mapping	
Glycine max_PRJCA009893|Root epidermis|root	Glycine max_PRJCA009893	PRJCA009893	Glycine max		root	cell_type_original	Root epidermis	PO:0006036	pilot_major_cell_family	epidermal_system	root	mapped	expert_defined_many_to_one_from_user_approved_exact_PO_labels; passes_base_gates	2141	standardized_h5ad_obs;panel_dataset_label_counts_v1;panel_label_freeze_v1;coarse_label_hierarchy_v1	internal_source_record:not_publicly_portable:data/datasets/Bioinformatics/h5ad/Glycine max_PRJCA009893.h5ad;internal_source_record:not_publicly_portable:workspace/projects/PhyloOpenCell/metadata/panel_dataset_label_counts_v1.tsv.gz;internal_source_record:not_publicly_portable:workspace/projects/PhyloOpenCell/metadata/panel_label_freeze_v1.tsv;internal_source_record:not_publicly_portable:workspace/projects/PhyloOpenCell/metadata/coarse_label_hierarchy_v1.tsv	bd68a094e395d83fdd6c9bb9b5113c3e537b8de9a3d2b9ae9e18a0084b999282;a4bd8efca65e1175053b97dc0836fe8306417dd993d7a864389a5281d37302ea;78a020ef314246281f19dc5eec25dbb28c50c5c376ee9df5a6b5090a0ec7d321;e139f4d944b153210afd8aef98174679bf7caead33207fadc3a2e8c4cb619abb	complete standardized dataset-label count with panel-specific governed mapping	
Glycine max_PRJCA009893|Root nodule|	Glycine max_PRJCA009893	PRJCA009893	Glycine max			cell_type_original	Root nodule	PO:0003023				unmapped	candidate_auto_exact; exact_name; Plant Ontology exact lexical match; requires curator acceptance	530	standardized_h5ad_obs;ontology_mapping_candidates;panel_label_freeze_v1	internal_source_record:not_publicly_portable:data/datasets/Bioinformatics/h5ad/Glycine max_PRJCA009893.h5ad;internal_source_record:not_publicly_portable:workspace/projects/PhyloOpenCell/metadata/ontology_mapping_candidates.tsv;internal_source_record:not_publicly_portable:workspace/projects/PhyloOpenCell/metadata/panel_label_freeze_v1.tsv	bd68a094e395d83fdd6c9bb9b5113c3e537b8de9a3d2b9ae9e18a0084b999282;e4a09d28939b9a165661f86d5a2f4fb0c1d33fea1c7465dcc7cf874f0a8238bc;78a020ef314246281f19dc5eec25dbb28c50c5c376ee9df5a6b5090a0ec7d321	complete standardized dataset-label count; no governed panel mapping	not_in_governed_panel_hierarchy
Glycine max_PRJCA009893|Root vascular system|vascular	Glycine max_PRJCA009893	PRJCA009893	Glycine max		vascular	cell_type_original	Root vascular system	PO:0003011	pilot_major_cell_family	vascular_unspecified	vascular	mapped	expert_defined_many_to_one_from_user_approved_exact_PO_labels; passes_base_gates	3359	standardized_h5ad_obs;panel_dataset_label_counts_v1;panel_label_freeze_v1;coarse_label_hierarchy_v1	internal_source_record:not_publicly_portable:data/datasets/Bioinformatics/h5ad/Glycine max_PRJCA009893.h5ad;internal_source_record:not_publicly_portable:workspace/projects/PhyloOpenCell/metadata/panel_dataset_label_counts_v1.tsv.gz;internal_source_record:not_publicly_portable:workspace/projects/PhyloOpenCell/metadata/panel_label_freeze_v1.tsv;internal_source_record:not_publicly_portable:workspace/projects/PhyloOpenCell/metadata/coarse_label_hierarchy_v1.tsv	bd68a094e395d83fdd6c9bb9b5113c3e537b8de9a3d2b9ae9e18a0084b999282;a4bd8efca65e1175053b97dc0836fe8306417dd993d7a864389a5281d37302ea;78a020ef314246281f19dc5eec25dbb28c50c5c376ee9df5a6b5090a0ec7d321;e139f4d944b153210afd8aef98174679bf7caead33207fadc3a2e8c4cb619abb	complete standardized dataset-label count with panel-specific governed mapping	
Glycine max_PRJCA009893|Unknown|	Glycine max_PRJCA009893	PRJCA009893	Glycine max			cell_type_original	Unknown					unknown	excluded_unknown	11161	standardized_h5ad_obs;ontology_mapping_candidates;panel_label_freeze_v1	internal_source_record:not_publicly_portable:data/datasets/Bioinformatics/h5ad/Glycine max_PRJCA009893.h5ad;internal_source_record:not_publicly_portable:workspace/projects/PhyloOpenCell/metadata/ontology_mapping_candidates.tsv;internal_source_record:not_publicly_portable:workspace/projects/PhyloOpenCell/metadata/panel_label_freeze_v1.tsv	bd68a094e395d83fdd6c9bb9b5113c3e537b8de9a3d2b9ae9e18a0084b999282;e4a09d28939b9a165661f86d5a2f4fb0c1d33fea1c7465dcc7cf874f0a8238bc;78a020ef314246281f19dc5eec25dbb28c50c5c376ee9df5a6b5090a0ec7d321	complete standardized dataset-label count; no governed panel mapping	
Glycine max_PRJNA1124403_CSseed|Embryo epidermal cell|	Glycine max_PRJNA1124403_CSseed	PRJNA1124403	Glycine max	seed		cell_type_original	Embryo epidermal cell					unmapped	pending_manual_curation; exact_synonym	665	standardized_h5ad_obs;ontology_mapping_candidates;panel_label_freeze_v1	internal_source_record:not_publicly_portable:data/datasets/Bioinformatics/h5ad/Glycine max_PRJNA1124403_CSseed.h5ad;internal_source_record:not_publicly_portable:workspace/projects/PhyloOpenCell/metadata/ontology_mapping_candidates.tsv;internal_source_record:not_publicly_portable:workspace/projects/PhyloOpenCell/metadata/panel_label_freeze_v1.tsv	0c57a363d4e7036c549bfc38e8fe9eb0cebc3a686f2123c0bd3d36a10eab4b92;e4a09d28939b9a165661f86d5a2f4fb0c1d33fea1c7465dcc7cf874f0a8238bc;78a020ef314246281f19dc5eec25dbb28c50c5c376ee9df5a6b5090a0ec7d321	complete standardized dataset-label count; no governed panel mapping	not_in_governed_panel_hierarchy
Glycine max_PRJNA1124403_CSseed|Endosperm|	Glycine max_PRJNA1124403_CSseed	PRJNA1124403	Glycine max	seed		cell_type_original	Endosperm	PO:0009089				unmapped	candidate_auto_exact; exact_name; Plant Ontology exact lexical match; requires curator acceptance	1520	standardized_h5ad_obs;ontology_mapping_candidates;panel_label_freeze_v1	internal_source_record:not_publicly_portable:data/datasets/Bioinformatics/h5ad/Glycine max_PRJNA1124403_CSseed.h5ad;internal_source_record:not_publicly_portable:workspace/projects/PhyloOpenCell/metadata/ontology_mapping_candidates.tsv;internal_source_record:not_publicly_portable:workspace/projects/PhyloOpenCell/metadata/panel_label_freeze_v1.tsv	0c57a363d4e7036c549bfc38e8fe9eb0cebc3a686f2123c0bd3d36a10eab4b92;e4a09d28939b9a165661f86d5a2f4fb0c1d33fea1c7465dcc7cf874f0a8238bc;78a020ef314246281f19dc5eec25dbb28c50c5c376ee9df5a6b5090a0ec7d321	complete standardized dataset-label count; no governed panel mapping	not_in_governed_panel_hierarchy
Glycine max_PRJNA1124403_CSseed|Plant embryo|	Glycine max_PRJNA1124403_CSseed	PRJNA1124403	Glycine max	seed		cell_type_original	Plant embryo	PO:0009009				unmapped	candidate_auto_exact; exact_name; Plant Ontology exact lexical match; requires curator acceptance	2099	standardized_h5ad_obs;ontology_mapping_candidates;panel_label_freeze_v1	internal_source_record:not_publicly_portable:data/datasets/Bioinformatics/h5ad/Glycine max_PRJNA1124403_CSseed.h5ad;internal_source_record:not_publicly_portable:workspace/projects/PhyloOpenCell/metadata/ontology_mapping_candidates.tsv;internal_source_record:not_publicly_portable:workspace/projects/PhyloOpenCell/metadata/panel_label_freeze_v1.tsv	0c57a363d4e7036c549bfc38e8fe9eb0cebc3a686f2123c0bd3d36a10eab4b92;e4a09d28939b9a165661f86d5a2f4fb0c1d33fea1c7465dcc7cf874f0a8238bc;78a020ef314246281f19dc5eec25dbb28c50c5c376ee9df5a6b5090a0ec7d321	complete standardized dataset-label count; no governed panel mapping	not_in_governed_panel_hierarchy
Glycine max_PRJNA1124403_CSseed|Proliferating cell|	Glycine max_PRJNA1124403_CSseed	PRJNA1124403	Glycine max	seed		cell_type_original	Proliferating cell					unmapped	pending_manual_curation; exact_synonym	492	standardized_h5ad_obs;ontology_mapping_candidates;panel_label_freeze_v1	internal_source_record:not_publicly_portable:data/datasets/Bioinformatics/h5ad/Glycine max_PRJNA1124403_CSseed.h5ad;internal_source_record:not_publicly_portable:workspace/projects/PhyloOpenCell/metadata/ontology_mapping_candidates.tsv;internal_source_record:not_publicly_portable:workspace/projects/PhyloOpenCell/metadata/panel_label_freeze_v1.tsv	0c57a363d4e7036c549bfc38e8fe9eb0cebc3a686f2123c0bd3d36a10eab4b92;e4a09d28939b9a165661f86d5a2f4fb0c1d33fea1c7465dcc7cf874f0a8238bc;78a020ef314246281f19dc5eec25dbb28c50c5c376ee9df5a6b5090a0ec7d321	complete standardized dataset-label count; no governed panel mapping	not_in_governed_panel_hierarchy
Glycine max_PRJNA1124403_CSseed|Seed coat|	Glycine max_PRJNA1124403_CSseed	PRJNA1124403	Glycine max	seed		cell_type_original	Seed coat	PO:0009088				unmapped	candidate_auto_exact; exact_name; Plant Ontology exact lexical match; requires curator acceptance	6810	standardized_h5ad_obs;ontology_mapping_candidates;panel_label_freeze_v1	internal_source_record:not_publicly_portable:data/datasets/Bioinformatics/h5ad/Glycine max_PRJNA1124403_CSseed.h5ad;internal_source_record:not_publicly_portable:workspace/projects/PhyloOpenCell/metadata/ontology_mapping_candidates.tsv;internal_source_record:not_publicly_portable:workspace/projects/PhyloOpenCell/metadata/panel_label_freeze_v1.tsv	0c57a363d4e7036c549bfc38e8fe9eb0cebc3a686f2123c0bd3d36a10eab4b92;e4a09d28939b9a165661f86d5a2f4fb0c1d33fea1c7465dcc7cf874f0a8238bc;78a020ef314246281f19dc5eec25dbb28c50c5c376ee9df5a6b5090a0ec7d321	complete standardized dataset-label count; no governed panel mapping	not_in_governed_panel_hierarchy
Glycine max_PRJNA1124403_CSseed|Seed coat endothelium|	Glycine max_PRJNA1124403_CSseed	PRJNA1124403	Glycine max	seed		cell_type_original	Seed coat endothelium					unmapped	pending_manual_curation; exact_synonym	1197	standardized_h5ad_obs;ontology_mapping_candidates;panel_label_freeze_v1	internal_source_record:not_publicly_portable:data/datasets/Bioinformatics/h5ad/Glycine max_PRJNA1124403_CSseed.h5ad;internal_source_record:not_publicly_portable:workspace/projects/PhyloOpenCell/metadata/ontology_mapping_candidates.tsv;internal_source_record:not_publicly_portable:workspace/projects/PhyloOpenCell/metadata/panel_label_freeze_v1.tsv	0c57a363d4e7036c549bfc38e8fe9eb0cebc3a686f2123c0bd3d36a10eab4b92;e4a09d28939b9a165661f86d5a2f4fb0c1d33fea1c7465dcc7cf874f0a8238bc;78a020ef314246281f19dc5eec25dbb28c50c5c376ee9df5a6b5090a0ec7d321	complete standardized dataset-label count; no governed panel mapping	not_in_governed_panel_hierarchy
Glycine max_PRJNA1124403_CSseed|Unknown|	Glycine max_PRJNA1124403_CSseed	PRJNA1124403	Glycine max	seed		cell_type_original	Unknown					unknown	excluded_unknown	10444	standardized_h5ad_obs;ontology_mapping_candidates;panel_label_freeze_v1	internal_source_record:not_publicly_portable:data/datasets/Bioinformatics/h5ad/Glycine max_PRJNA1124403_CSseed.h5ad;internal_source_record:not_publicly_portable:workspace/projects/PhyloOpenCell/metadata/ontology_mapping_candidates.tsv;internal_source_record:not_publicly_portable:workspace/projects/PhyloOpenCell/metadata/panel_label_freeze_v1.tsv	0c57a363d4e7036c549bfc38e8fe9eb0cebc3a686f2123c0bd3d36a10eab4b92;e4a09d28939b9a165661f86d5a2f4fb0c1d33fea1c7465dcc7cf874f0a8238bc;78a020ef314246281f19dc5eec25dbb28c50c5c376ee9df5a6b5090a0ec7d321	complete standardized dataset-label count; no governed panel mapping	
Glycine max_PRJNA1124403_GSseed|Endosperm|	Glycine max_PRJNA1124403_GSseed	PRJNA1124403	Glycine max	seed		cell_type_original	Endosperm	PO:0009089				unmapped	candidate_auto_exact; exact_name; Plant Ontology exact lexical match; requires curator acceptance	2548	standardized_h5ad_obs;ontology_mapping_candidates;panel_label_freeze_v1	internal_source_record:not_publicly_portable:data/datasets/Bioinformatics/h5ad/Glycine max_PRJNA1124403_GSseed.h5ad;internal_source_record:not_publicly_portable:workspace/projects/PhyloOpenCell/metadata/ontology_mapping_candidates.tsv;internal_source_record:not_publicly_portable:workspace/projects/PhyloOpenCell/metadata/panel_label_freeze_v1.tsv	0c77523f1652219ae68158a34b3341ebbab932bf659f0ac45af5e67e63840868;e4a09d28939b9a165661f86d5a2f4fb0c1d33fea1c7465dcc7cf874f0a8238bc;78a020ef314246281f19dc5eec25dbb28c50c5c376ee9df5a6b5090a0ec7d321	complete standardized dataset-label count; no governed panel mapping	not_in_governed_panel_hierarchy
Glycine max_PRJNA1124403_GSseed|Inner integument|	Glycine max_PRJNA1124403_GSseed	PRJNA1124403	Glycine max	seed		cell_type_original	Inner integument					unmapped	pending_manual_curation; exact_synonym	1622	standardized_h5ad_obs;ontology_mapping_candidates;panel_label_freeze_v1	internal_source_record:not_publicly_portable:data/datasets/Bioinformatics/h5ad/Glycine max_PRJNA1124403_GSseed.h5ad;internal_source_record:not_publicly_portable:workspace/projects/PhyloOpenCell/metadata/ontology_mapping_candidates.tsv;internal_source_record:not_publicly_portable:workspace/projects/PhyloOpenCell/metadata/panel_label_freeze_v1.tsv	0c77523f1652219ae68158a34b3341ebbab932bf659f0ac45af5e67e63840868;e4a09d28939b9a165661f86d5a2f4fb0c1d33fea1c7465dcc7cf874f0a8238bc;78a020ef314246281f19dc5eec25dbb28c50c5c376ee9df5a6b5090a0ec7d321	complete standardized dataset-label count; no governed panel mapping	not_in_governed_panel_hierarchy
Glycine max_PRJNA1124403_GSseed|Plant embryo|	Glycine max_PRJNA1124403_GSseed	PRJNA1124403	Glycine max	seed		cell_type_original	Plant embryo	PO:0009009				unmapped	candidate_auto_exact; exact_name; Plant Ontology exact lexical match; requires curator acceptance	432	standardized_h5ad_obs;ontology_mapping_candidates;panel_label_freeze_v1	internal_source_record:not_publicly_portable:data/datasets/Bioinformatics/h5ad/Glycine max_PRJNA1124403_GSseed.h5ad;internal_source_record:not_publicly_portable:workspace/projects/PhyloOpenCell/metadata/ontology_mapping_candidates.tsv;internal_source_record:not_publicly_portable:workspace/projects/PhyloOpenCell/metadata/panel_label_freeze_v1.tsv	0c77523f1652219ae68158a34b3341ebbab932bf659f0ac45af5e67e63840868;e4a09d28939b9a165661f86d5a2f4fb0c1d33fea1c7465dcc7cf874f0a8238bc;78a020ef314246281f19dc5eec25dbb28c50c5c376ee9df5a6b5090a0ec7d321	complete standardized dataset-label count; no governed panel mapping	not_in_governed_panel_hierarchy
Glycine max_PRJNA1124403_GSseed|Proliferating cell|	Glycine max_PRJNA1124403_GSseed	PRJNA1124403	Glycine max	seed		cell_type_original	Proliferating cell					unmapped	pending_manual_curation; exact_synonym	658	standardized_h5ad_obs;ontology_mapping_candidates;panel_label_freeze_v1	internal_source_record:not_publicly_portable:data/datasets/Bioinformatics/h5ad/Glycine max_PRJNA1124403_GSseed.h5ad;internal_source_record:not_publicly_portable:workspace/projects/PhyloOpenCell/metadata/ontology_mapping_candidates.tsv;internal_source_record:not_publicly_portable:workspace/projects/PhyloOpenCell/metadata/panel_label_freeze_v1.tsv	0c77523f1652219ae68158a34b3341ebbab932bf659f0ac45af5e67e63840868;e4a09d28939b9a165661f86d5a2f4fb0c1d33fea1c7465dcc7cf874f0a8238bc;78a020ef314246281f19dc5eec25dbb28c50c5c376ee9df5a6b5090a0ec7d321	complete standardized dataset-label count; no governed panel mapping	not_in_governed_panel_hierarchy
Glycine max_PRJNA1124403_GSseed|Seed coat|	Glycine max_PRJNA1124403_GSseed	PRJNA1124403	Glycine max	seed		cell_type_original	Seed coat	PO:0009088				unmapped	candidate_auto_exact; exact_name; Plant Ontology exact lexical match; requires curator acceptance	11311	standardized_h5ad_obs;ontology_mapping_candidates;panel_label_freeze_v1	internal_source_record:not_publicly_portable:data/datasets/Bioinformatics/h5ad/Glycine max_PRJNA1124403_GSseed.h5ad;internal_source_record:not_publicly_portable:workspace/projects/PhyloOpenCell/metadata/ontology_mapping_candidates.tsv;internal_source_record:not_publicly_portable:workspace/projects/PhyloOpenCell/metadata/panel_label_freeze_v1.tsv	0c77523f1652219ae68158a34b3341ebbab932bf659f0ac45af5e67e63840868;e4a09d28939b9a165661f86d5a2f4fb0c1d33fea1c7465dcc7cf874f0a8238bc;78a020ef314246281f19dc5eec25dbb28c50c5c376ee9df5a6b5090a0ec7d321	complete standardized dataset-label count; no governed panel mapping	not_in_governed_panel_hierarchy
Glycine max_PRJNA1124403_GSseed|Seed coat endothelium|	Glycine max_PRJNA1124403_GSseed	PRJNA1124403	Glycine max	seed		cell_type_original	Seed coat endothelium					unmapped	pending_manual_curation; exact_synonym	1284	standardized_h5ad_obs;ontology_mapping_candidates;panel_label_freeze_v1	internal_source_record:not_publicly_portable:data/datasets/Bioinformatics/h5ad/Glycine max_PRJNA1124403_GSseed.h5ad;internal_source_record:not_publicly_portable:workspace/projects/PhyloOpenCell/metadata/ontology_mapping_candidates.tsv;internal_source_record:not_publicly_portable:workspace/projects/PhyloOpenCell/metadata/panel_label_freeze_v1.tsv	0c77523f1652219ae68158a34b3341ebbab932bf659f0ac45af5e67e63840868;e4a09d28939b9a165661f86d5a2f4fb0c1d33fea1c7465dcc7cf874f0a8238bc;78a020ef314246281f19dc5eec25dbb28c50c5c376ee9df5a6b5090a0ec7d321	complete standardized dataset-label count; no governed panel mapping	not_in_governed_panel_hierarchy
Glycine max_PRJNA1124403_GSseed|Seed coat epidermis|	Glycine max_PRJNA1124403_GSseed	PRJNA1124403	Glycine max	seed		cell_type_original	Seed coat epidermis	PO:0006048				unmapped	candidate_auto_exact; exact_name; Plant Ontology exact lexical match; requires curator acceptance	3717	standardized_h5ad_obs;ontology_mapping_candidates;panel_label_freeze_v1	internal_source_record:not_publicly_portable:data/datasets/Bioinformatics/h5ad/Glycine max_PRJNA1124403_GSseed.h5ad;internal_source_record:not_publicly_portable:workspace/projects/PhyloOpenCell/metadata/ontology_mapping_candidates.tsv;internal_source_record:not_publicly_portable:workspace/projects/PhyloOpenCell/metadata/panel_label_freeze_v1.tsv	0c77523f1652219ae68158a34b3341ebbab932bf659f0ac45af5e67e63840868;e4a09d28939b9a165661f86d5a2f4fb0c1d33fea1c7465dcc7cf874f0a8238bc;78a020ef314246281f19dc5eec25dbb28c50c5c376ee9df5a6b5090a0ec7d321	complete standardized dataset-label count; no governed panel mapping	not_in_governed_panel_hierarchy
Glycine max_PRJNA1124403_GSseed|Unknown|	Glycine max_PRJNA1124403_GSseed	PRJNA1124403	Glycine max	seed		cell_type_original	Unknown					unknown	excluded_unknown	6470	standardized_h5ad_obs;ontology_mapping_candidates;panel_label_freeze_v1	internal_source_record:not_publicly_portable:data/datasets/Bioinformatics/h5ad/Glycine max_PRJNA1124403_GSseed.h5ad;internal_source_record:not_publicly_portable:workspace/projects/PhyloOpenCell/metadata/ontology_mapping_candidates.tsv;internal_source_record:not_publicly_portable:workspace/projects/PhyloOpenCell/metadata/panel_label_freeze_v1.tsv	0c77523f1652219ae68158a34b3341ebbab932bf659f0ac45af5e67e63840868;e4a09d28939b9a165661f86d5a2f4fb0c1d33fea1c7465dcc7cf874f0a8238bc;78a020ef314246281f19dc5eec25dbb28c50c5c376ee9df5a6b5090a0ec7d321	complete standardized dataset-label count; no governed panel mapping	
Glycine max_PRJNA1124403_HSseed|Endosperm|	Glycine max_PRJNA1124403_HSseed	PRJNA1124403	Glycine max	seed		cell_type_original	Endosperm	PO:0009089				unmapped	candidate_auto_exact; exact_name; Plant Ontology exact lexical match; requires curator acceptance	1152	standardized_h5ad_obs;ontology_mapping_candidates;panel_label_freeze_v1	internal_source_record:not_publicly_portable:data/datasets/Bioinformatics/h5ad/Glycine max_PRJNA1124403_HSseed.h5ad;internal_source_record:not_publicly_portable:workspace/projects/PhyloOpenCell/metadata/ontology_mapping_candidates.tsv;internal_source_record:not_publicly_portable:workspace/projects/PhyloOpenCell/metadata/panel_label_freeze_v1.tsv	5fe37a458c262b21cbb0730a3e4636fc9916031a6dbf4980fb216cf623ccfcfd;e4a09d28939b9a165661f86d5a2f4fb0c1d33fea1c7465dcc7cf874f0a8238bc;78a020ef314246281f19dc5eec25dbb28c50c5c376ee9df5a6b5090a0ec7d321	complete standardized dataset-label count; no governed panel mapping	not_in_governed_panel_hierarchy
Glycine max_PRJNA1124403_HSseed|Inner integument|	Glycine max_PRJNA1124403_HSseed	PRJNA1124403	Glycine max	seed		cell_type_original	Inner integument					unmapped	pending_manual_curation; exact_synonym	1410	standardized_h5ad_obs;ontology_mapping_candidates;panel_label_freeze_v1	internal_source_record:not_publicly_portable:data/datasets/Bioinformatics/h5ad/Glycine max_PRJNA1124403_HSseed.h5ad;internal_source_record:not_publicly_portable:workspace/projects/PhyloOpenCell/metadata/ontology_mapping_candidates.tsv;internal_source_record:not_publicly_portable:workspace/projects/PhyloOpenCell/metadata/panel_label_freeze_v1.tsv	5fe37a458c262b21cbb0730a3e4636fc9916031a6dbf4980fb216cf623ccfcfd;e4a09d28939b9a165661f86d5a2f4fb0c1d33fea1c7465dcc7cf874f0a8238bc;78a020ef314246281f19dc5eec25dbb28c50c5c376ee9df5a6b5090a0ec7d321	complete standardized dataset-label count; no governed panel mapping	not_in_governed_panel_hierarchy
Glycine max_PRJNA1124403_HSseed|Plant embryo|	Glycine max_PRJNA1124403_HSseed	PRJNA1124403	Glycine max	seed		cell_type_original	Plant embryo	PO:0009009				unmapped	candidate_auto_exact; exact_name; Plant Ontology exact lexical match; requires curator acceptance	1001	standardized_h5ad_obs;ontology_mapping_candidates;panel_label_freeze_v1	internal_source_record:not_publicly_portable:data/datasets/Bioinformatics/h5ad/Glycine max_PRJNA1124403_HSseed.h5ad;internal_source_record:not_publicly_portable:workspace/projects/PhyloOpenCell/metadata/ontology_mapping_candidates.tsv;internal_source_record:not_publicly_portable:workspace/projects/PhyloOpenCell/metadata/panel_label_freeze_v1.tsv	5fe37a458c262b21cbb0730a3e4636fc9916031a6dbf4980fb216cf623ccfcfd;e4a09d28939b9a165661f86d5a2f4fb0c1d33fea1c7465dcc7cf874f0a8238bc;78a020ef314246281f19dc5eec25dbb28c50c5c376ee9df5a6b5090a0ec7d321	complete standardized dataset-label count; no governed panel mapping	not_in_governed_panel_hierarchy
Glycine max_PRJNA1124403_HSseed|Proliferating cell|	Glycine max_PRJNA1124403_HSseed	PRJNA1124403	Glycine max	seed		cell_type_original	Proliferating cell					unmapped	pending_manual_curation; exact_synonym	1130	standardized_h5ad_obs;ontology_mapping_candidates;panel_label_freeze_v1	internal_source_record:not_publicly_portable:data/datasets/Bioinformatics/h5ad/Glycine max_PRJNA1124403_HSseed.h5ad;internal_source_record:not_publicly_portable:workspace/projects/PhyloOpenCell/metadata/ontology_mapping_candidates.tsv;internal_source_record:not_publicly_portable:workspace/projects/PhyloOpenCell/metadata/panel_label_freeze_v1.tsv	5fe37a458c262b21cbb0730a3e4636fc9916031a6dbf4980fb216cf623ccfcfd;e4a09d28939b9a165661f86d5a2f4fb0c1d33fea1c7465dcc7cf874f0a8238bc;78a020ef314246281f19dc5eec25dbb28c50c5c376ee9df5a6b5090a0ec7d321	complete standardized dataset-label count; no governed panel mapping	not_in_governed_panel_hierarchy
Glycine max_PRJNA1124403_HSseed|Seed coat|	Glycine max_PRJNA1124403_HSseed	PRJNA1124403	Glycine max	seed		cell_type_original	Seed coat	PO:0009088				unmapped	candidate_auto_exact; exact_name; Plant Ontology exact lexical match; requires curator acceptance	16089	standardized_h5ad_obs;ontology_mapping_candidates;panel_label_freeze_v1	internal_source_record:not_publicly_portable:data/datasets/Bioinformatics/h5ad/Glycine max_PRJNA1124403_HSseed.h5ad;internal_source_record:not_publicly_portable:workspace/projects/PhyloOpenCell/metadata/ontology_mapping_candidates.tsv;internal_source_record:not_publicly_portable:workspace/projects/PhyloOpenCell/metadata/panel_label_freeze_v1.tsv	5fe37a458c262b21cbb0730a3e4636fc9916031a6dbf4980fb216cf623ccfcfd;e4a09d28939b9a165661f86d5a2f4fb0c1d33fea1c7465dcc7cf874f0a8238bc;78a020ef314246281f19dc5eec25dbb28c50c5c376ee9df5a6b5090a0ec7d321	complete standardized dataset-label count; no governed panel mapping	not_in_governed_panel_hierarchy
Glycine max_PRJNA1124403_HSseed|Seed coat endothelium|	Glycine max_PRJNA1124403_HSseed	PRJNA1124403	Glycine max	seed		cell_type_original	Seed coat endothelium					unmapped	pending_manual_curation; exact_synonym	4346	standardized_h5ad_obs;ontology_mapping_candidates;panel_label_freeze_v1	internal_source_record:not_publicly_portable:data/datasets/Bioinformatics/h5ad/Glycine max_PRJNA1124403_HSseed.h5ad;internal_source_record:not_publicly_portable:workspace/projects/PhyloOpenCell/metadata/ontology_mapping_candidates.tsv;internal_source_record:not_publicly_portable:workspace/projects/PhyloOpenCell/metadata/panel_label_freeze_v1.tsv	5fe37a458c262b21cbb0730a3e4636fc9916031a6dbf4980fb216cf623ccfcfd;e4a09d28939b9a165661f86d5a2f4fb0c1d33fea1c7465dcc7cf874f0a8238bc;78a020ef314246281f19dc5eec25dbb28c50c5c376ee9df5a6b5090a0ec7d321	complete standardized dataset-label count; no governed panel mapping	not_in_governed_panel_hierarchy
Glycine max_PRJNA1124403_HSseed|Seed coat epidermis|	Glycine max_PRJNA1124403_HSseed	PRJNA1124403	Glycine max	seed		cell_type_original	Seed coat epidermis	PO:0006048				unmapped	candidate_auto_exact; exact_name; Plant Ontology exact lexical match; requires curator acceptance	3645	standardized_h5ad_obs;ontology_mapping_candidates;panel_label_freeze_v1	internal_source_record:not_publicly_portable:data/datasets/Bioinformatics/h5ad/Glycine max_PRJNA1124403_HSseed.h5ad;internal_source_record:not_publicly_portable:workspace/projects/PhyloOpenCell/metadata/ontology_mapping_candidates.tsv;internal_source_record:not_publicly_portable:workspace/projects/PhyloOpenCell/metadata/panel_label_freeze_v1.tsv	5fe37a458c262b21cbb0730a3e4636fc9916031a6dbf4980fb216cf623ccfcfd;e4a09d28939b9a165661f86d5a2f4fb0c1d33fea1c7465dcc7cf874f0a8238bc;78a020ef314246281f19dc5eec25dbb28c50c5c376ee9df5a6b5090a0ec7d321	complete standardized dataset-label count; no governed panel mapping	not_in_governed_panel_hierarchy
Glycine max_PRJNA1124403_HSseed|Unknown|	Glycine max_PRJNA1124403_HSseed	PRJNA1124403	Glycine max	seed		cell_type_original	Unknown					unknown	excluded_unknown	8084	standardized_h5ad_obs;ontology_mapping_candidates;panel_label_freeze_v1	internal_source_record:not_publicly_portable:data/datasets/Bioinformatics/h5ad/Glycine max_PRJNA1124403_HSseed.h5ad;internal_source_record:not_publicly_portable:workspace/projects/PhyloOpenCell/metadata/ontology_mapping_candidates.tsv;internal_source_record:not_publicly_portable:workspace/projects/PhyloOpenCell/metadata/panel_label_freeze_v1.tsv	5fe37a458c262b21cbb0730a3e4636fc9916031a6dbf4980fb216cf623ccfcfd;e4a09d28939b9a165661f86d5a2f4fb0c1d33fea1c7465dcc7cf874f0a8238bc;78a020ef314246281f19dc5eec25dbb28c50c5c376ee9df5a6b5090a0ec7d321	complete standardized dataset-label count; no governed panel mapping	
Glycine max_PRJNA1124403_Nodule|Phloem|vascular	Glycine max_PRJNA1124403_Nodule	PRJNA1124403	Glycine max	nodule	vascular	cell_type_original	Phloem	PO:0005417	pilot_major_cell_family	phloem_lineage	vascular	mapped	expert_defined_many_to_one_from_user_approved_exact_PO_labels; passes_base_gates	122	standardized_h5ad_obs;panel_dataset_label_counts_v1;panel_label_freeze_v1;coarse_label_hierarchy_v1	internal_source_record:not_publicly_portable:data/datasets/Bioinformatics/h5ad/Glycine max_PRJNA1124403_Nodule.h5ad;internal_source_record:not_publicly_portable:workspace/projects/PhyloOpenCell/metadata/panel_dataset_label_counts_v1.tsv.gz;internal_source_record:not_publicly_portable:workspace/projects/PhyloOpenCell/metadata/panel_label_freeze_v1.tsv;internal_source_record:not_publicly_portable:workspace/projects/PhyloOpenCell/metadata/coarse_label_hierarchy_v1.tsv	fa1c2f07c7658c6e021b4f1dc41c9b76c2a97de55a21ccbc7a8dbc81573c78db;a4bd8efca65e1175053b97dc0836fe8306417dd993d7a864389a5281d37302ea;78a020ef314246281f19dc5eec25dbb28c50c5c376ee9df5a6b5090a0ec7d321;e139f4d944b153210afd8aef98174679bf7caead33207fadc3a2e8c4cb619abb	complete standardized dataset-label count with panel-specific governed mapping	
Glycine max_PRJNA1124403_Nodule|Root cortex|root	Glycine max_PRJNA1124403_Nodule	PRJNA1124403	Glycine max	nodule	root	cell_type_original	Root cortex	PO:0000258	pilot_major_cell_family	ground_tissue	root	mapped	expert_defined_many_to_one_from_user_approved_exact_PO_labels; passes_base_gates	1838	standardized_h5ad_obs;panel_dataset_label_counts_v1;panel_label_freeze_v1;coarse_label_hierarchy_v1	internal_source_record:not_publicly_portable:data/datasets/Bioinformatics/h5ad/Glycine max_PRJNA1124403_Nodule.h5ad;internal_source_record:not_publicly_portable:workspace/projects/PhyloOpenCell/metadata/panel_dataset_label_counts_v1.tsv.gz;internal_source_record:not_publicly_portable:workspace/projects/PhyloOpenCell/metadata/panel_label_freeze_v1.tsv;internal_source_record:not_publicly_portable:workspace/projects/PhyloOpenCell/metadata/coarse_label_hierarchy_v1.tsv	fa1c2f07c7658c6e021b4f1dc41c9b76c2a97de55a21ccbc7a8dbc81573c78db;a4bd8efca65e1175053b97dc0836fe8306417dd993d7a864389a5281d37302ea;78a020ef314246281f19dc5eec25dbb28c50c5c376ee9df5a6b5090a0ec7d321;e139f4d944b153210afd8aef98174679bf7caead33207fadc3a2e8c4cb619abb	complete standardized dataset-label count with panel-specific governed mapping	
Glycine max_PRJNA1124403_Nodule|Root endodermis|root	Glycine max_PRJNA1124403_Nodule	PRJNA1124403	Glycine max	nodule	root	cell_type_original	Root endodermis	PO:0005059	pilot_major_cell_family	ground_tissue	root	mapped	expert_defined_many_to_one_from_user_approved_exact_PO_labels; passes_base_gates	72	standardized_h5ad_obs;panel_dataset_label_counts_v1;panel_label_freeze_v1;coarse_label_hierarchy_v1	internal_source_record:not_publicly_portable:data/datasets/Bioinformatics/h5ad/Glycine max_PRJNA1124403_Nodule.h5ad;internal_source_record:not_publicly_portable:workspace/projects/PhyloOpenCell/metadata/panel_dataset_label_counts_v1.tsv.gz;internal_source_record:not_publicly_portable:workspace/projects/PhyloOpenCell/metadata/panel_label_freeze_v1.tsv;internal_source_record:not_publicly_portable:workspace/projects/PhyloOpenCell/metadata/coarse_label_hierarchy_v1.tsv	fa1c2f07c7658c6e021b4f1dc41c9b76c2a97de55a21ccbc7a8dbc81573c78db;a4bd8efca65e1175053b97dc0836fe8306417dd993d7a864389a5281d37302ea;78a020ef314246281f19dc5eec25dbb28c50c5c376ee9df5a6b5090a0ec7d321;e139f4d944b153210afd8aef98174679bf7caead33207fadc3a2e8c4cb619abb	complete standardized dataset-label count with panel-specific governed mapping	
Glycine max_PRJNA1124403_Nodule|Root nodule|	Glycine max_PRJNA1124403_Nodule	PRJNA1124403	Glycine max	nodule		cell_type_original	Root nodule	PO:0003023				unmapped	candidate_auto_exact; exact_name; Plant Ontology exact lexical match; requires curator acceptance	942	standardized_h5ad_obs;ontology_mapping_candidates;panel_label_freeze_v1	internal_source_record:not_publicly_portable:data/datasets/Bioinformatics/h5ad/Glycine max_PRJNA1124403_Nodule.h5ad;internal_source_record:not_publicly_portable:workspace/projects/PhyloOpenCell/metadata/ontology_mapping_candidates.tsv;internal_source_record:not_publicly_portable:workspace/projects/PhyloOpenCell/metadata/panel_label_freeze_v1.tsv	fa1c2f07c7658c6e021b4f1dc41c9b76c2a97de55a21ccbc7a8dbc81573c78db;e4a09d28939b9a165661f86d5a2f4fb0c1d33fea1c7465dcc7cf874f0a8238bc;78a020ef314246281f19dc5eec25dbb28c50c5c376ee9df5a6b5090a0ec7d321	complete standardized dataset-label count; no governed panel mapping	not_in_governed_panel_hierarchy
Glycine max_PRJNA1124403_Nodule|Root procambium|root	Glycine max_PRJNA1124403_Nodule	PRJNA1124403	Glycine max	nodule	root	cell_type_original	Root procambium	PO:0006307	pilot_major_cell_family	stele_lineage	root	mapped	expert_defined_many_to_one_from_user_approved_exact_PO_labels; passes_base_gates	1482	standardized_h5ad_obs;panel_dataset_label_counts_v1;panel_label_freeze_v1;coarse_label_hierarchy_v1	internal_source_record:not_publicly_portable:data/datasets/Bioinformatics/h5ad/Glycine max_PRJNA1124403_Nodule.h5ad;internal_source_record:not_publicly_portable:workspace/projects/PhyloOpenCell/metadata/panel_dataset_label_counts_v1.tsv.gz;internal_source_record:not_publicly_portable:workspace/projects/PhyloOpenCell/metadata/panel_label_freeze_v1.tsv;internal_source_record:not_publicly_portable:workspace/projects/PhyloOpenCell/metadata/coarse_label_hierarchy_v1.tsv	fa1c2f07c7658c6e021b4f1dc41c9b76c2a97de55a21ccbc7a8dbc81573c78db;a4bd8efca65e1175053b97dc0836fe8306417dd993d7a864389a5281d37302ea;78a020ef314246281f19dc5eec25dbb28c50c5c376ee9df5a6b5090a0ec7d321;e139f4d944b153210afd8aef98174679bf7caead33207fadc3a2e8c4cb619abb	complete standardized dataset-label count with panel-specific governed mapping	
Glycine max_PRJNA1124403_Nodule|Root procambium|vascular	Glycine max_PRJNA1124403_Nodule	PRJNA1124403	Glycine max	nodule	vascular	cell_type_original	Root procambium	PO:0006307	pilot_major_cell_family	procambial_lineage	vascular	mapped	expert_defined_many_to_one_from_user_approved_exact_PO_labels; passes_base_gates	1482	standardized_h5ad_obs;panel_dataset_label_counts_v1;panel_label_freeze_v1;coarse_label_hierarchy_v1	internal_source_record:not_publicly_portable:data/datasets/Bioinformatics/h5ad/Glycine max_PRJNA1124403_Nodule.h5ad;internal_source_record:not_publicly_portable:workspace/projects/PhyloOpenCell/metadata/panel_dataset_label_counts_v1.tsv.gz;internal_source_record:not_publicly_portable:workspace/projects/PhyloOpenCell/metadata/panel_label_freeze_v1.tsv;internal_source_record:not_publicly_portable:workspace/projects/PhyloOpenCell/metadata/coarse_label_hierarchy_v1.tsv	fa1c2f07c7658c6e021b4f1dc41c9b76c2a97de55a21ccbc7a8dbc81573c78db;a4bd8efca65e1175053b97dc0836fe8306417dd993d7a864389a5281d37302ea;78a020ef314246281f19dc5eec25dbb28c50c5c376ee9df5a6b5090a0ec7d321;e139f4d944b153210afd8aef98174679bf7caead33207fadc3a2e8c4cb619abb	complete standardized dataset-label count with panel-specific governed mapping	
Glycine max_PRJNA1124403_Nodule|Unknown|	Glycine max_PRJNA1124403_Nodule	PRJNA1124403	Glycine max	nodule		cell_type_original	Unknown					unknown	excluded_unknown	4521	standardized_h5ad_obs;ontology_mapping_candidates;panel_label_freeze_v1	internal_source_record:not_publicly_portable:data/datasets/Bioinformatics/h5ad/Glycine max_PRJNA1124403_Nodule.h5ad;internal_source_record:not_publicly_portable:workspace/projects/PhyloOpenCell/metadata/ontology_mapping_candidates.tsv;internal_source_record:not_publicly_portable:workspace/projects/PhyloOpenCell/metadata/panel_label_freeze_v1.tsv	fa1c2f07c7658c6e021b4f1dc41c9b76c2a97de55a21ccbc7a8dbc81573c78db;e4a09d28939b9a165661f86d5a2f4fb0c1d33fea1c7465dcc7cf874f0a8238bc;78a020ef314246281f19dc5eec25dbb28c50c5c376ee9df5a6b5090a0ec7d321	complete standardized dataset-label count; no governed panel mapping	
Glycine max_PRJNA1124403_Nodule|Xylem|vascular	Glycine max_PRJNA1124403_Nodule	PRJNA1124403	Glycine max	nodule	vascular	cell_type_original	Xylem	PO:0005352	pilot_major_cell_family	xylem_lineage	vascular	mapped	expert_defined_many_to_one_from_user_approved_exact_PO_labels; passes_base_gates	106	standardized_h5ad_obs;panel_dataset_label_counts_v1;panel_label_freeze_v1;coarse_label_hierarchy_v1	internal_source_record:not_publicly_portable:data/datasets/Bioinformatics/h5ad/Glycine max_PRJNA1124403_Nodule.h5ad;internal_source_record:not_publicly_portable:workspace/projects/PhyloOpenCell/metadata/panel_dataset_label_counts_v1.tsv.gz;internal_source_record:not_publicly_portable:workspace/projects/PhyloOpenCell/metadata/panel_label_freeze_v1.tsv;internal_source_record:not_publicly_portable:workspace/projects/PhyloOpenCell/metadata/coarse_label_hierarchy_v1.tsv	fa1c2f07c7658c6e021b4f1dc41c9b76c2a97de55a21ccbc7a8dbc81573c78db;a4bd8efca65e1175053b97dc0836fe8306417dd993d7a864389a5281d37302ea;78a020ef314246281f19dc5eec25dbb28c50c5c376ee9df5a6b5090a0ec7d321;e139f4d944b153210afd8aef98174679bf7caead33207fadc3a2e8c4cb619abb	complete standardized dataset-label count with panel-specific governed mapping	
Glycine max_PRJNA1124403_Root|Pericycle cell|root	Glycine max_PRJNA1124403_Root	PRJNA1124403	Glycine max	root	root	cell_type_original	Pericycle cell	PO:0025261	pilot_major_cell_family	stele_lineage	root	mapped	expert_defined_many_to_one_from_user_approved_exact_PO_labels; passes_base_gates	1022	standardized_h5ad_obs;panel_dataset_label_counts_v1;panel_label_freeze_v1;coarse_label_hierarchy_v1	internal_source_record:not_publicly_portable:data/datasets/Bioinformatics/h5ad/Glycine max_PRJNA1124403_Root.h5ad;internal_source_record:not_publicly_portable:workspace/projects/PhyloOpenCell/metadata/panel_dataset_label_counts_v1.tsv.gz;internal_source_record:not_publicly_portable:workspace/projects/PhyloOpenCell/metadata/panel_label_freeze_v1.tsv;internal_source_record:not_publicly_portable:workspace/projects/PhyloOpenCell/metadata/coarse_label_hierarchy_v1.tsv	095865f8270297ee8705c2ce145ac9533507d995b7ec1b56500592c4ef73c358;a4bd8efca65e1175053b97dc0836fe8306417dd993d7a864389a5281d37302ea;78a020ef314246281f19dc5eec25dbb28c50c5c376ee9df5a6b5090a0ec7d321;e139f4d944b153210afd8aef98174679bf7caead33207fadc3a2e8c4cb619abb	complete standardized dataset-label count with panel-specific governed mapping	
Glycine max_PRJNA1124403_Root|Phloem|vascular	Glycine max_PRJNA1124403_Root	PRJNA1124403	Glycine max	root	vascular	cell_type_original	Phloem	PO:0005417	pilot_major_cell_family	phloem_lineage	vascular	mapped	expert_defined_many_to_one_from_user_approved_exact_PO_labels; passes_base_gates	1606	standardized_h5ad_obs;panel_dataset_label_counts_v1;panel_label_freeze_v1;coarse_label_hierarchy_v1	internal_source_record:not_publicly_portable:data/datasets/Bioinformatics/h5ad/Glycine max_PRJNA1124403_Root.h5ad;internal_source_record:not_publicly_portable:workspace/projects/PhyloOpenCell/metadata/panel_dataset_label_counts_v1.tsv.gz;internal_source_record:not_publicly_portable:workspace/projects/PhyloOpenCell/metadata/panel_label_freeze_v1.tsv;internal_source_record:not_publicly_portable:workspace/projects/PhyloOpenCell/metadata/coarse_label_hierarchy_v1.tsv	095865f8270297ee8705c2ce145ac9533507d995b7ec1b56500592c4ef73c358;a4bd8efca65e1175053b97dc0836fe8306417dd993d7a864389a5281d37302ea;78a020ef314246281f19dc5eec25dbb28c50c5c376ee9df5a6b5090a0ec7d321;e139f4d944b153210afd8aef98174679bf7caead33207fadc3a2e8c4cb619abb	complete standardized dataset-label count with panel-specific governed mapping	
Glycine max_PRJNA1124403_Root|Root cap|root	Glycine max_PRJNA1124403_Root	PRJNA1124403	Glycine max	root	root	cell_type_original	Root cap	PO:0020123	pilot_major_cell_family	root_cap	root	mapped	expert_defined_many_to_one_from_user_approved_exact_PO_labels; passes_base_gates	197	standardized_h5ad_obs;panel_dataset_label_counts_v1;panel_label_freeze_v1;coarse_label_hierarchy_v1	internal_source_record:not_publicly_portable:data/datasets/Bioinformatics/h5ad/Glycine max_PRJNA1124403_Root.h5ad;internal_source_record:not_publicly_portable:workspace/projects/PhyloOpenCell/metadata/panel_dataset_label_counts_v1.tsv.gz;internal_source_record:not_publicly_portable:workspace/projects/PhyloOpenCell/metadata/panel_label_freeze_v1.tsv;internal_source_record:not_publicly_portable:workspace/projects/PhyloOpenCell/metadata/coarse_label_hierarchy_v1.tsv	095865f8270297ee8705c2ce145ac9533507d995b7ec1b56500592c4ef73c358;a4bd8efca65e1175053b97dc0836fe8306417dd993d7a864389a5281d37302ea;78a020ef314246281f19dc5eec25dbb28c50c5c376ee9df5a6b5090a0ec7d321;e139f4d944b153210afd8aef98174679bf7caead33207fadc3a2e8c4cb619abb	complete standardized dataset-label count with panel-specific governed mapping	
Glycine max_PRJNA1124403_Root|Root cortex|root	Glycine max_PRJNA1124403_Root	PRJNA1124403	Glycine max	root	root	cell_type_original	Root cortex	PO:0000258	pilot_major_cell_family	ground_tissue	root	mapped	expert_defined_many_to_one_from_user_approved_exact_PO_labels; passes_base_gates	5476	standardized_h5ad_obs;panel_dataset_label_counts_v1;panel_label_freeze_v1;coarse_label_hierarchy_v1	internal_source_record:not_publicly_portable:data/datasets/Bioinformatics/h5ad/Glycine max_PRJNA1124403_Root.h5ad;internal_source_record:not_publicly_portable:workspace/projects/PhyloOpenCell/metadata/panel_dataset_label_counts_v1.tsv.gz;internal_source_record:not_publicly_portable:workspace/projects/PhyloOpenCell/metadata/panel_label_freeze_v1.tsv;internal_source_record:not_publicly_portable:workspace/projects/PhyloOpenCell/metadata/coarse_label_hierarchy_v1.tsv	095865f8270297ee8705c2ce145ac9533507d995b7ec1b56500592c4ef73c358;a4bd8efca65e1175053b97dc0836fe8306417dd993d7a864389a5281d37302ea;78a020ef314246281f19dc5eec25dbb28c50c5c376ee9df5a6b5090a0ec7d321;e139f4d944b153210afd8aef98174679bf7caead33207fadc3a2e8c4cb619abb	complete standardized dataset-label count with panel-specific governed mapping	
Glycine max_PRJNA1124403_Root|Root endodermis|root	Glycine max_PRJNA1124403_Root	PRJNA1124403	Glycine max	root	root	cell_type_original	Root endodermis	PO:0005059	pilot_major_cell_family	ground_tissue	root	mapped	expert_defined_many_to_one_from_user_approved_exact_PO_labels; passes_base_gates	769	standardized_h5ad_obs;panel_dataset_label_counts_v1;panel_label_freeze_v1;coarse_label_hierarchy_v1	internal_source_record:not_publicly_portable:data/datasets/Bioinformatics/h5ad/Glycine max_PRJNA1124403_Root.h5ad;internal_source_record:not_publicly_portable:workspace/projects/PhyloOpenCell/metadata/panel_dataset_label_counts_v1.tsv.gz;internal_source_record:not_publicly_portable:workspace/projects/PhyloOpenCell/metadata/panel_label_freeze_v1.tsv;internal_source_record:not_publicly_portable:workspace/projects/PhyloOpenCell/metadata/coarse_label_hierarchy_v1.tsv	095865f8270297ee8705c2ce145ac9533507d995b7ec1b56500592c4ef73c358;a4bd8efca65e1175053b97dc0836fe8306417dd993d7a864389a5281d37302ea;78a020ef314246281f19dc5eec25dbb28c50c5c376ee9df5a6b5090a0ec7d321;e139f4d944b153210afd8aef98174679bf7caead33207fadc3a2e8c4cb619abb	complete standardized dataset-label count with panel-specific governed mapping	
Glycine max_PRJNA1124403_Root|Root epidermis|root	Glycine max_PRJNA1124403_Root	PRJNA1124403	Glycine max	root	root	cell_type_original	Root epidermis	PO:0006036	pilot_major_cell_family	epidermal_system	root	mapped	expert_defined_many_to_one_from_user_approved_exact_PO_labels; passes_base_gates	955	standardized_h5ad_obs;panel_dataset_label_counts_v1;panel_label_freeze_v1;coarse_label_hierarchy_v1	internal_source_record:not_publicly_portable:data/datasets/Bioinformatics/h5ad/Glycine max_PRJNA1124403_Root.h5ad;internal_source_record:not_publicly_portable:workspace/projects/PhyloOpenCell/metadata/panel_dataset_label_counts_v1.tsv.gz;internal_source_record:not_publicly_portable:workspace/projects/PhyloOpenCell/metadata/panel_label_freeze_v1.tsv;internal_source_record:not_publicly_portable:workspace/projects/PhyloOpenCell/metadata/coarse_label_hierarchy_v1.tsv	095865f8270297ee8705c2ce145ac9533507d995b7ec1b56500592c4ef73c358;a4bd8efca65e1175053b97dc0836fe8306417dd993d7a864389a5281d37302ea;78a020ef314246281f19dc5eec25dbb28c50c5c376ee9df5a6b5090a0ec7d321;e139f4d944b153210afd8aef98174679bf7caead33207fadc3a2e8c4cb619abb	complete standardized dataset-label count with panel-specific governed mapping	
Glycine max_PRJNA1124403_Root|Root hair cell|root	Glycine max_PRJNA1124403_Root	PRJNA1124403	Glycine max	root	root	cell_type_original	Root hair cell	PO:0000256	pilot_major_cell_family	epidermal_system	root	mapped	expert_defined_many_to_one_from_user_approved_exact_PO_labels; passes_base_gates	1314	standardized_h5ad_obs;panel_dataset_label_counts_v1;panel_label_freeze_v1;coarse_label_hierarchy_v1	internal_source_record:not_publicly_portable:data/datasets/Bioinformatics/h5ad/Glycine max_PRJNA1124403_Root.h5ad;internal_source_record:not_publicly_portable:workspace/projects/PhyloOpenCell/metadata/panel_dataset_label_counts_v1.tsv.gz;internal_source_record:not_publicly_portable:workspace/projects/PhyloOpenCell/metadata/panel_label_freeze_v1.tsv;internal_source_record:not_publicly_portable:workspace/projects/PhyloOpenCell/metadata/coarse_label_hierarchy_v1.tsv	095865f8270297ee8705c2ce145ac9533507d995b7ec1b56500592c4ef73c358;a4bd8efca65e1175053b97dc0836fe8306417dd993d7a864389a5281d37302ea;78a020ef314246281f19dc5eec25dbb28c50c5c376ee9df5a6b5090a0ec7d321;e139f4d944b153210afd8aef98174679bf7caead33207fadc3a2e8c4cb619abb	complete standardized dataset-label count with panel-specific governed mapping	
Glycine max_PRJNA1124403_Root|Unknown|	Glycine max_PRJNA1124403_Root	PRJNA1124403	Glycine max	root		cell_type_original	Unknown					unknown	excluded_unknown	13722	standardized_h5ad_obs;ontology_mapping_candidates;panel_label_freeze_v1	internal_source_record:not_publicly_portable:data/datasets/Bioinformatics/h5ad/Glycine max_PRJNA1124403_Root.h5ad;internal_source_record:not_publicly_portable:workspace/projects/PhyloOpenCell/metadata/ontology_mapping_candidates.tsv;internal_source_record:not_publicly_portable:workspace/projects/PhyloOpenCell/metadata/panel_label_freeze_v1.tsv	095865f8270297ee8705c2ce145ac9533507d995b7ec1b56500592c4ef73c358;e4a09d28939b9a165661f86d5a2f4fb0c1d33fea1c7465dcc7cf874f0a8238bc;78a020ef314246281f19dc5eec25dbb28c50c5c376ee9df5a6b5090a0ec7d321	complete standardized dataset-label count; no governed panel mapping	
Glycine max_PRJNA1124403_Root|Xylem|vascular	Glycine max_PRJNA1124403_Root	PRJNA1124403	Glycine max	root	vascular	cell_type_original	Xylem	PO:0005352	pilot_major_cell_family	xylem_lineage	vascular	mapped	expert_defined_many_to_one_from_user_approved_exact_PO_labels; passes_base_gates	633	standardized_h5ad_obs;panel_dataset_label_counts_v1;panel_label_freeze_v1;coarse_label_hierarchy_v1	internal_source_record:not_publicly_portable:data/datasets/Bioinformatics/h5ad/Glycine max_PRJNA1124403_Root.h5ad;internal_source_record:not_publicly_portable:workspace/projects/PhyloOpenCell/metadata/panel_dataset_label_counts_v1.tsv.gz;internal_source_record:not_publicly_portable:workspace/projects/PhyloOpenCell/metadata/panel_label_freeze_v1.tsv;internal_source_record:not_publicly_portable:workspace/projects/PhyloOpenCell/metadata/coarse_label_hierarchy_v1.tsv	095865f8270297ee8705c2ce145ac9533507d995b7ec1b56500592c4ef73c358;a4bd8efca65e1175053b97dc0836fe8306417dd993d7a864389a5281d37302ea;78a020ef314246281f19dc5eec25dbb28c50c5c376ee9df5a6b5090a0ec7d321;e139f4d944b153210afd8aef98174679bf7caead33207fadc3a2e8c4cb619abb	complete standardized dataset-label count with panel-specific governed mapping	
Glycine max_PRJNA1124403_Stem|Phloem|vascular	Glycine max_PRJNA1124403_Stem	PRJNA1124403	Glycine max	stem	vascular	cell_type_original	Phloem	PO:0005417	pilot_major_cell_family	phloem_lineage	vascular	mapped	expert_defined_many_to_one_from_user_approved_exact_PO_labels; passes_base_gates	679	standardized_h5ad_obs;panel_dataset_label_counts_v1;panel_label_freeze_v1;coarse_label_hierarchy_v1	internal_source_record:not_publicly_portable:data/datasets/Bioinformatics/h5ad/Glycine max_PRJNA1124403_Stem.h5ad;internal_source_record:not_publicly_portable:workspace/projects/PhyloOpenCell/metadata/panel_dataset_label_counts_v1.tsv.gz;internal_source_record:not_publicly_portable:workspace/projects/PhyloOpenCell/metadata/panel_label_freeze_v1.tsv;internal_source_record:not_publicly_portable:workspace/projects/PhyloOpenCell/metadata/coarse_label_hierarchy_v1.tsv	e66ba5086d9af110563c8e6c8e1f30620debf0aa68d13516b4ed1a24dd742c96;a4bd8efca65e1175053b97dc0836fe8306417dd993d7a864389a5281d37302ea;78a020ef314246281f19dc5eec25dbb28c50c5c376ee9df5a6b5090a0ec7d321;e139f4d944b153210afd8aef98174679bf7caead33207fadc3a2e8c4cb619abb	complete standardized dataset-label count with panel-specific governed mapping	
Glycine max_PRJNA1124403_Stem|Proliferating cell|	Glycine max_PRJNA1124403_Stem	PRJNA1124403	Glycine max	stem		cell_type_original	Proliferating cell					unmapped	pending_manual_curation; exact_synonym	196	standardized_h5ad_obs;ontology_mapping_candidates;panel_label_freeze_v1	internal_source_record:not_publicly_portable:data/datasets/Bioinformatics/h5ad/Glycine max_PRJNA1124403_Stem.h5ad;internal_source_record:not_publicly_portable:workspace/projects/PhyloOpenCell/metadata/ontology_mapping_candidates.tsv;internal_source_record:not_publicly_portable:workspace/projects/PhyloOpenCell/metadata/panel_label_freeze_v1.tsv	e66ba5086d9af110563c8e6c8e1f30620debf0aa68d13516b4ed1a24dd742c96;e4a09d28939b9a165661f86d5a2f4fb0c1d33fea1c7465dcc7cf874f0a8238bc;78a020ef314246281f19dc5eec25dbb28c50c5c376ee9df5a6b5090a0ec7d321	complete standardized dataset-label count; no governed panel mapping	not_in_governed_panel_hierarchy
Glycine max_PRJNA1124403_Stem|Stem cortex|	Glycine max_PRJNA1124403_Stem	PRJNA1124403	Glycine max	stem		cell_type_original	Stem cortex	PO:0025612				unmapped	candidate_auto_exact; exact_name; Plant Ontology exact lexical match; requires curator acceptance	2610	standardized_h5ad_obs;ontology_mapping_candidates;panel_label_freeze_v1	internal_source_record:not_publicly_portable:data/datasets/Bioinformatics/h5ad/Glycine max_PRJNA1124403_Stem.h5ad;internal_source_record:not_publicly_portable:workspace/projects/PhyloOpenCell/metadata/ontology_mapping_candidates.tsv;internal_source_record:not_publicly_portable:workspace/projects/PhyloOpenCell/metadata/panel_label_freeze_v1.tsv	e66ba5086d9af110563c8e6c8e1f30620debf0aa68d13516b4ed1a24dd742c96;e4a09d28939b9a165661f86d5a2f4fb0c1d33fea1c7465dcc7cf874f0a8238bc;78a020ef314246281f19dc5eec25dbb28c50c5c376ee9df5a6b5090a0ec7d321	complete standardized dataset-label count; no governed panel mapping	not_in_governed_panel_hierarchy
Glycine max_PRJNA1124403_Stem|Stem endodermis|	Glycine max_PRJNA1124403_Stem	PRJNA1124403	Glycine max	stem		cell_type_original	Stem endodermis					unmapped	pending_manual_curation; exact_synonym	738	standardized_h5ad_obs;ontology_mapping_candidates;panel_label_freeze_v1	internal_source_record:not_publicly_portable:data/datasets/Bioinformatics/h5ad/Glycine max_PRJNA1124403_Stem.h5ad;internal_source_record:not_publicly_portable:workspace/projects/PhyloOpenCell/metadata/ontology_mapping_candidates.tsv;internal_source_record:not_publicly_portable:workspace/projects/PhyloOpenCell/metadata/panel_label_freeze_v1.tsv	e66ba5086d9af110563c8e6c8e1f30620debf0aa68d13516b4ed1a24dd742c96;e4a09d28939b9a165661f86d5a2f4fb0c1d33fea1c7465dcc7cf874f0a8238bc;78a020ef314246281f19dc5eec25dbb28c50c5c376ee9df5a6b5090a0ec7d321	complete standardized dataset-label count; no governed panel mapping	not_in_governed_panel_hierarchy
Glycine max_PRJNA1124403_Stem|Stem epidermis|	Glycine max_PRJNA1124403_Stem	PRJNA1124403	Glycine max	stem		cell_type_original	Stem epidermis	PO:0025178				unmapped	candidate_auto_exact; exact_name; Plant Ontology exact lexical match; requires curator acceptance	940	standardized_h5ad_obs;ontology_mapping_candidates;panel_label_freeze_v1	internal_source_record:not_publicly_portable:data/datasets/Bioinformatics/h5ad/Glycine max_PRJNA1124403_Stem.h5ad;internal_source_record:not_publicly_portable:workspace/projects/PhyloOpenCell/metadata/ontology_mapping_candidates.tsv;internal_source_record:not_publicly_portable:workspace/projects/PhyloOpenCell/metadata/panel_label_freeze_v1.tsv	e66ba5086d9af110563c8e6c8e1f30620debf0aa68d13516b4ed1a24dd742c96;e4a09d28939b9a165661f86d5a2f4fb0c1d33fea1c7465dcc7cf874f0a8238bc;78a020ef314246281f19dc5eec25dbb28c50c5c376ee9df5a6b5090a0ec7d321	complete standardized dataset-label count; no governed panel mapping	not_in_governed_panel_hierarchy
Glycine max_PRJNA1124403_Stem|Stem pith|	Glycine max_PRJNA1124403_Stem	PRJNA1124403	Glycine max	stem		cell_type_original	Stem pith					unmapped	pending_manual_curation; exact_synonym	564	standardized_h5ad_obs;ontology_mapping_candidates;panel_label_freeze_v1	internal_source_record:not_publicly_portable:data/datasets/Bioinformatics/h5ad/Glycine max_PRJNA1124403_Stem.h5ad;internal_source_record:not_publicly_portable:workspace/projects/PhyloOpenCell/metadata/ontology_mapping_candidates.tsv;internal_source_record:not_publicly_portable:workspace/projects/PhyloOpenCell/metadata/panel_label_freeze_v1.tsv	e66ba5086d9af110563c8e6c8e1f30620debf0aa68d13516b4ed1a24dd742c96;e4a09d28939b9a165661f86d5a2f4fb0c1d33fea1c7465dcc7cf874f0a8238bc;78a020ef314246281f19dc5eec25dbb28c50c5c376ee9df5a6b5090a0ec7d321	complete standardized dataset-label count; no governed panel mapping	not_in_governed_panel_hierarchy
Glycine max_PRJNA1124403_Stem|Stem trichome|	Glycine max_PRJNA1124403_Stem	PRJNA1124403	Glycine max	stem		cell_type_original	Stem trichome	PO:0025176				unmapped	candidate_auto_exact; exact_name; Plant Ontology exact lexical match; requires curator acceptance	1168	standardized_h5ad_obs;ontology_mapping_candidates;panel_label_freeze_v1	internal_source_record:not_publicly_portable:data/datasets/Bioinformatics/h5ad/Glycine max_PRJNA1124403_Stem.h5ad;internal_source_record:not_publicly_portable:workspace/projects/PhyloOpenCell/metadata/ontology_mapping_candidates.tsv;internal_source_record:not_publicly_portable:workspace/projects/PhyloOpenCell/metadata/panel_label_freeze_v1.tsv	e66ba5086d9af110563c8e6c8e1f30620debf0aa68d13516b4ed1a24dd742c96;e4a09d28939b9a165661f86d5a2f4fb0c1d33fea1c7465dcc7cf874f0a8238bc;78a020ef314246281f19dc5eec25dbb28c50c5c376ee9df5a6b5090a0ec7d321	complete standardized dataset-label count; no governed panel mapping	not_in_governed_panel_hierarchy
Glycine max_PRJNA1124403_Stem|Unknown|	Glycine max_PRJNA1124403_Stem	PRJNA1124403	Glycine max	stem		cell_type_original	Unknown					unknown	excluded_unknown	14768	standardized_h5ad_obs;ontology_mapping_candidates;panel_label_freeze_v1	internal_source_record:not_publicly_portable:data/datasets/Bioinformatics/h5ad/Glycine max_PRJNA1124403_Stem.h5ad;internal_source_record:not_publicly_portable:workspace/projects/PhyloOpenCell/metadata/ontology_mapping_candidates.tsv;internal_source_record:not_publicly_portable:workspace/projects/PhyloOpenCell/metadata/panel_label_freeze_v1.tsv	e66ba5086d9af110563c8e6c8e1f30620debf0aa68d13516b4ed1a24dd742c96;e4a09d28939b9a165661f86d5a2f4fb0c1d33fea1c7465dcc7cf874f0a8238bc;78a020ef314246281f19dc5eec25dbb28c50c5c376ee9df5a6b5090a0ec7d321	complete standardized dataset-label count; no governed panel mapping	
Glycine max_PRJNA1124403_Stem|Xylem|vascular	Glycine max_PRJNA1124403_Stem	PRJNA1124403	Glycine max	stem	vascular	cell_type_original	Xylem	PO:0005352	pilot_major_cell_family	xylem_lineage	vascular	mapped	expert_defined_many_to_one_from_user_approved_exact_PO_labels; passes_base_gates	499	standardized_h5ad_obs;panel_dataset_label_counts_v1;panel_label_freeze_v1;coarse_label_hierarchy_v1	internal_source_record:not_publicly_portable:data/datasets/Bioinformatics/h5ad/Glycine max_PRJNA1124403_Stem.h5ad;internal_source_record:not_publicly_portable:workspace/projects/PhyloOpenCell/metadata/panel_dataset_label_counts_v1.tsv.gz;internal_source_record:not_publicly_portable:workspace/projects/PhyloOpenCell/metadata/panel_label_freeze_v1.tsv;internal_source_record:not_publicly_portable:workspace/projects/PhyloOpenCell/metadata/coarse_label_hierarchy_v1.tsv	e66ba5086d9af110563c8e6c8e1f30620debf0aa68d13516b4ed1a24dd742c96;a4bd8efca65e1175053b97dc0836fe8306417dd993d7a864389a5281d37302ea;78a020ef314246281f19dc5eec25dbb28c50c5c376ee9df5a6b5090a0ec7d321;e139f4d944b153210afd8aef98174679bf7caead33207fadc3a2e8c4cb619abb	complete standardized dataset-label count with panel-specific governed mapping	
Gossypium arboreum_PRJNA939177|Phloem|	Gossypium arboreum_PRJNA939177	PRJNA939177	Gossypium arboreum			cell_type_original	Phloem	PO:0005417				unmapped	candidate_auto_exact; exact_name; Plant Ontology exact lexical match; requires curator acceptance	2188	standardized_h5ad_obs;ontology_mapping_candidates;panel_label_freeze_v1	internal_source_record:not_publicly_portable:data/datasets/Bioinformatics/h5ad/Gossypium arboreum_PRJNA939177.h5ad;internal_source_record:not_publicly_portable:workspace/projects/PhyloOpenCell/metadata/ontology_mapping_candidates.tsv;internal_source_record:not_publicly_portable:workspace/projects/PhyloOpenCell/metadata/panel_label_freeze_v1.tsv	aada9679df8f97ed8092e284f8f695968bb5dbce14bbd240d906f40e855d633f;e4a09d28939b9a165661f86d5a2f4fb0c1d33fea1c7465dcc7cf874f0a8238bc;78a020ef314246281f19dc5eec25dbb28c50c5c376ee9df5a6b5090a0ec7d321	complete standardized dataset-label count; no governed panel mapping	not_in_governed_panel_hierarchy
Gossypium arboreum_PRJNA939177|Proximal meristem|	Gossypium arboreum_PRJNA939177	PRJNA939177	Gossypium arboreum			cell_type_original	Proximal meristem					unmapped	pending_manual_curation; exact_synonym	2807	standardized_h5ad_obs;ontology_mapping_candidates;panel_label_freeze_v1	internal_source_record:not_publicly_portable:data/datasets/Bioinformatics/h5ad/Gossypium arboreum_PRJNA939177.h5ad;internal_source_record:not_publicly_portable:workspace/projects/PhyloOpenCell/metadata/ontology_mapping_candidates.tsv;internal_source_record:not_publicly_portable:workspace/projects/PhyloOpenCell/metadata/panel_label_freeze_v1.tsv	aada9679df8f97ed8092e284f8f695968bb5dbce14bbd240d906f40e855d633f;e4a09d28939b9a165661f86d5a2f4fb0c1d33fea1c7465dcc7cf874f0a8238bc;78a020ef314246281f19dc5eec25dbb28c50c5c376ee9df5a6b5090a0ec7d321	complete standardized dataset-label count; no governed panel mapping	not_in_governed_panel_hierarchy
Gossypium arboreum_PRJNA939177|Quiescent center|	Gossypium arboreum_PRJNA939177	PRJNA939177	Gossypium arboreum			cell_type_original	Quiescent center	PO:0020149				unmapped	candidate_auto_exact; exact_name; Plant Ontology exact lexical match; requires curator acceptance	7624	standardized_h5ad_obs;ontology_mapping_candidates;panel_label_freeze_v1	internal_source_record:not_publicly_portable:data/datasets/Bioinformatics/h5ad/Gossypium arboreum_PRJNA939177.h5ad;internal_source_record:not_publicly_portable:workspace/projects/PhyloOpenCell/metadata/ontology_mapping_candidates.tsv;internal_source_record:not_publicly_portable:workspace/projects/PhyloOpenCell/metadata/panel_label_freeze_v1.tsv	aada9679df8f97ed8092e284f8f695968bb5dbce14bbd240d906f40e855d633f;e4a09d28939b9a165661f86d5a2f4fb0c1d33fea1c7465dcc7cf874f0a8238bc;78a020ef314246281f19dc5eec25dbb28c50c5c376ee9df5a6b5090a0ec7d321	complete standardized dataset-label count; no governed panel mapping	not_in_governed_panel_hierarchy
Gossypium arboreum_PRJNA939177|Root cap|	Gossypium arboreum_PRJNA939177	PRJNA939177	Gossypium arboreum			cell_type_original	Root cap	PO:0020123				unmapped	candidate_auto_exact; exact_name; Plant Ontology exact lexical match; requires curator acceptance	9191	standardized_h5ad_obs;ontology_mapping_candidates;panel_label_freeze_v1	internal_source_record:not_publicly_portable:data/datasets/Bioinformatics/h5ad/Gossypium arboreum_PRJNA939177.h5ad;internal_source_record:not_publicly_portable:workspace/projects/PhyloOpenCell/metadata/ontology_mapping_candidates.tsv;internal_source_record:not_publicly_portable:workspace/projects/PhyloOpenCell/metadata/panel_label_freeze_v1.tsv	aada9679df8f97ed8092e284f8f695968bb5dbce14bbd240d906f40e855d633f;e4a09d28939b9a165661f86d5a2f4fb0c1d33fea1c7465dcc7cf874f0a8238bc;78a020ef314246281f19dc5eec25dbb28c50c5c376ee9df5a6b5090a0ec7d321	complete standardized dataset-label count; no governed panel mapping	not_in_governed_panel_hierarchy
Gossypium arboreum_PRJNA939177|Root cortex|	Gossypium arboreum_PRJNA939177	PRJNA939177	Gossypium arboreum			cell_type_original	Root cortex	PO:0000258				unmapped	candidate_auto_exact; exact_name; Plant Ontology exact lexical match; requires curator acceptance	7887	standardized_h5ad_obs;ontology_mapping_candidates;panel_label_freeze_v1	internal_source_record:not_publicly_portable:data/datasets/Bioinformatics/h5ad/Gossypium arboreum_PRJNA939177.h5ad;internal_source_record:not_publicly_portable:workspace/projects/PhyloOpenCell/metadata/ontology_mapping_candidates.tsv;internal_source_record:not_publicly_portable:workspace/projects/PhyloOpenCell/metadata/panel_label_freeze_v1.tsv	aada9679df8f97ed8092e284f8f695968bb5dbce14bbd240d906f40e855d633f;e4a09d28939b9a165661f86d5a2f4fb0c1d33fea1c7465dcc7cf874f0a8238bc;78a020ef314246281f19dc5eec25dbb28c50c5c376ee9df5a6b5090a0ec7d321	complete standardized dataset-label count; no governed panel mapping	not_in_governed_panel_hierarchy
Gossypium arboreum_PRJNA939177|Root endodermis|	Gossypium arboreum_PRJNA939177	PRJNA939177	Gossypium arboreum			cell_type_original	Root endodermis	PO:0005059				unmapped	candidate_auto_exact; exact_name; Plant Ontology exact lexical match; requires curator acceptance	3437	standardized_h5ad_obs;ontology_mapping_candidates;panel_label_freeze_v1	internal_source_record:not_publicly_portable:data/datasets/Bioinformatics/h5ad/Gossypium arboreum_PRJNA939177.h5ad;internal_source_record:not_publicly_portable:workspace/projects/PhyloOpenCell/metadata/ontology_mapping_candidates.tsv;internal_source_record:not_publicly_portable:workspace/projects/PhyloOpenCell/metadata/panel_label_freeze_v1.tsv	aada9679df8f97ed8092e284f8f695968bb5dbce14bbd240d906f40e855d633f;e4a09d28939b9a165661f86d5a2f4fb0c1d33fea1c7465dcc7cf874f0a8238bc;78a020ef314246281f19dc5eec25dbb28c50c5c376ee9df5a6b5090a0ec7d321	complete standardized dataset-label count; no governed panel mapping	not_in_governed_panel_hierarchy
Gossypium arboreum_PRJNA939177|Root epidermis|	Gossypium arboreum_PRJNA939177	PRJNA939177	Gossypium arboreum			cell_type_original	Root epidermis	PO:0006036				unmapped	candidate_auto_exact; exact_name; Plant Ontology exact lexical match; requires curator acceptance	9141	standardized_h5ad_obs;ontology_mapping_candidates;panel_label_freeze_v1	internal_source_record:not_publicly_portable:data/datasets/Bioinformatics/h5ad/Gossypium arboreum_PRJNA939177.h5ad;internal_source_record:not_publicly_portable:workspace/projects/PhyloOpenCell/metadata/ontology_mapping_candidates.tsv;internal_source_record:not_publicly_portable:workspace/projects/PhyloOpenCell/metadata/panel_label_freeze_v1.tsv	aada9679df8f97ed8092e284f8f695968bb5dbce14bbd240d906f40e855d633f;e4a09d28939b9a165661f86d5a2f4fb0c1d33fea1c7465dcc7cf874f0a8238bc;78a020ef314246281f19dc5eec25dbb28c50c5c376ee9df5a6b5090a0ec7d321	complete standardized dataset-label count; no governed panel mapping	not_in_governed_panel_hierarchy
Gossypium arboreum_PRJNA939177|Root hair cell|	Gossypium arboreum_PRJNA939177	PRJNA939177	Gossypium arboreum			cell_type_original	Root hair cell	PO:0000256				unmapped	candidate_auto_exact; exact_name; Plant Ontology exact lexical match; requires curator acceptance	15321	standardized_h5ad_obs;ontology_mapping_candidates;panel_label_freeze_v1	internal_source_record:not_publicly_portable:data/datasets/Bioinformatics/h5ad/Gossypium arboreum_PRJNA939177.h5ad;internal_source_record:not_publicly_portable:workspace/projects/PhyloOpenCell/metadata/ontology_mapping_candidates.tsv;internal_source_record:not_publicly_portable:workspace/projects/PhyloOpenCell/metadata/panel_label_freeze_v1.tsv	aada9679df8f97ed8092e284f8f695968bb5dbce14bbd240d906f40e855d633f;e4a09d28939b9a165661f86d5a2f4fb0c1d33fea1c7465dcc7cf874f0a8238bc;78a020ef314246281f19dc5eec25dbb28c50c5c376ee9df5a6b5090a0ec7d321	complete standardized dataset-label count; no governed panel mapping	not_in_governed_panel_hierarchy
Gossypium arboreum_PRJNA939177|Unknown|	Gossypium arboreum_PRJNA939177	PRJNA939177	Gossypium arboreum			cell_type_original	Unknown					unknown	excluded_unknown	14956	standardized_h5ad_obs;ontology_mapping_candidates;panel_label_freeze_v1	internal_source_record:not_publicly_portable:data/datasets/Bioinformatics/h5ad/Gossypium arboreum_PRJNA939177.h5ad;internal_source_record:not_publicly_portable:workspace/projects/PhyloOpenCell/metadata/ontology_mapping_candidates.tsv;internal_source_record:not_publicly_portable:workspace/projects/PhyloOpenCell/metadata/panel_label_freeze_v1.tsv	aada9679df8f97ed8092e284f8f695968bb5dbce14bbd240d906f40e855d633f;e4a09d28939b9a165661f86d5a2f4fb0c1d33fea1c7465dcc7cf874f0a8238bc;78a020ef314246281f19dc5eec25dbb28c50c5c376ee9df5a6b5090a0ec7d321	complete standardized dataset-label count; no governed panel mapping	
Gossypium arboreum_PRJNA939177|Xylem|	Gossypium arboreum_PRJNA939177	PRJNA939177	Gossypium arboreum			cell_type_original	Xylem	PO:0005352				unmapped	candidate_auto_exact; exact_name; Plant Ontology exact lexical match; requires curator acceptance	5761	standardized_h5ad_obs;ontology_mapping_candidates;panel_label_freeze_v1	internal_source_record:not_publicly_portable:data/datasets/Bioinformatics/h5ad/Gossypium arboreum_PRJNA939177.h5ad;internal_source_record:not_publicly_portable:workspace/projects/PhyloOpenCell/metadata/ontology_mapping_candidates.tsv;internal_source_record:not_publicly_portable:workspace/projects/PhyloOpenCell/metadata/panel_label_freeze_v1.tsv	aada9679df8f97ed8092e284f8f695968bb5dbce14bbd240d906f40e855d633f;e4a09d28939b9a165661f86d5a2f4fb0c1d33fea1c7465dcc7cf874f0a8238bc;78a020ef314246281f19dc5eec25dbb28c50c5c376ee9df5a6b5090a0ec7d321	complete standardized dataset-label count; no governed panel mapping	not_in_governed_panel_hierarchy
Gossypium bickii_PRJNA934498|Companion cell|	Gossypium bickii_PRJNA934498	PRJNA934498	Gossypium bickii			cell_type_original	Companion cell	PO:0000071				unmapped	candidate_auto_exact; exact_name; Plant Ontology exact lexical match; requires curator acceptance	197	standardized_h5ad_obs;ontology_mapping_candidates;panel_label_freeze_v1	internal_source_record:not_publicly_portable:data/datasets/Bioinformatics/h5ad/Gossypium bickii_PRJNA934498.h5ad;internal_source_record:not_publicly_portable:workspace/projects/PhyloOpenCell/metadata/ontology_mapping_candidates.tsv;internal_source_record:not_publicly_portable:workspace/projects/PhyloOpenCell/metadata/panel_label_freeze_v1.tsv	161b552be2e94178af77b8c5b1e856443106b16e9d4bd4132c00bca9ebb74e15;e4a09d28939b9a165661f86d5a2f4fb0c1d33fea1c7465dcc7cf874f0a8238bc;78a020ef314246281f19dc5eec25dbb28c50c5c376ee9df5a6b5090a0ec7d321	complete standardized dataset-label count; no governed panel mapping	not_in_governed_panel_hierarchy
Gossypium bickii_PRJNA934498|Leaf guard cell|	Gossypium bickii_PRJNA934498	PRJNA934498	Gossypium bickii			cell_type_original	Leaf guard cell	PO:0025237				unmapped	candidate_auto_exact; exact_name; Plant Ontology exact lexical match; requires curator acceptance	159	standardized_h5ad_obs;ontology_mapping_candidates;panel_label_freeze_v1	internal_source_record:not_publicly_portable:data/datasets/Bioinformatics/h5ad/Gossypium bickii_PRJNA934498.h5ad;internal_source_record:not_publicly_portable:workspace/projects/PhyloOpenCell/metadata/ontology_mapping_candidates.tsv;internal_source_record:not_publicly_portable:workspace/projects/PhyloOpenCell/metadata/panel_label_freeze_v1.tsv	161b552be2e94178af77b8c5b1e856443106b16e9d4bd4132c00bca9ebb74e15;e4a09d28939b9a165661f86d5a2f4fb0c1d33fea1c7465dcc7cf874f0a8238bc;78a020ef314246281f19dc5eec25dbb28c50c5c376ee9df5a6b5090a0ec7d321	complete standardized dataset-label count; no governed panel mapping	not_in_governed_panel_hierarchy
Gossypium bickii_PRJNA934498|Leaf lamina epidermis|	Gossypium bickii_PRJNA934498	PRJNA934498	Gossypium bickii			cell_type_original	Leaf lamina epidermis	PO:0000047				unmapped	candidate_auto_exact; exact_name; Plant Ontology exact lexical match; requires curator acceptance	2188	standardized_h5ad_obs;ontology_mapping_candidates;panel_label_freeze_v1	internal_source_record:not_publicly_portable:data/datasets/Bioinformatics/h5ad/Gossypium bickii_PRJNA934498.h5ad;internal_source_record:not_publicly_portable:workspace/projects/PhyloOpenCell/metadata/ontology_mapping_candidates.tsv;internal_source_record:not_publicly_portable:workspace/projects/PhyloOpenCell/metadata/panel_label_freeze_v1.tsv	161b552be2e94178af77b8c5b1e856443106b16e9d4bd4132c00bca9ebb74e15;e4a09d28939b9a165661f86d5a2f4fb0c1d33fea1c7465dcc7cf874f0a8238bc;78a020ef314246281f19dc5eec25dbb28c50c5c376ee9df5a6b5090a0ec7d321	complete standardized dataset-label count; no governed panel mapping	not_in_governed_panel_hierarchy
Gossypium bickii_PRJNA934498|Mesophyll cell|	Gossypium bickii_PRJNA934498	PRJNA934498	Gossypium bickii			cell_type_original	Mesophyll cell	PO:0004006				unmapped	candidate_auto_exact; exact_name; Plant Ontology exact lexical match; requires curator acceptance	8888	standardized_h5ad_obs;ontology_mapping_candidates;panel_label_freeze_v1	internal_source_record:not_publicly_portable:data/datasets/Bioinformatics/h5ad/Gossypium bickii_PRJNA934498.h5ad;internal_source_record:not_publicly_portable:workspace/projects/PhyloOpenCell/metadata/ontology_mapping_candidates.tsv;internal_source_record:not_publicly_portable:workspace/projects/PhyloOpenCell/metadata/panel_label_freeze_v1.tsv	161b552be2e94178af77b8c5b1e856443106b16e9d4bd4132c00bca9ebb74e15;e4a09d28939b9a165661f86d5a2f4fb0c1d33fea1c7465dcc7cf874f0a8238bc;78a020ef314246281f19dc5eec25dbb28c50c5c376ee9df5a6b5090a0ec7d321	complete standardized dataset-label count; no governed panel mapping	not_in_governed_panel_hierarchy
Gossypium bickii_PRJNA934498|Phloem parenchyma cell|	Gossypium bickii_PRJNA934498	PRJNA934498	Gossypium bickii			cell_type_original	Phloem parenchyma cell	PO:0025627				unmapped	candidate_auto_exact; exact_name; Plant Ontology exact lexical match; requires curator acceptance	1263	standardized_h5ad_obs;ontology_mapping_candidates;panel_label_freeze_v1	internal_source_record:not_publicly_portable:data/datasets/Bioinformatics/h5ad/Gossypium bickii_PRJNA934498.h5ad;internal_source_record:not_publicly_portable:workspace/projects/PhyloOpenCell/metadata/ontology_mapping_candidates.tsv;internal_source_record:not_publicly_portable:workspace/projects/PhyloOpenCell/metadata/panel_label_freeze_v1.tsv	161b552be2e94178af77b8c5b1e856443106b16e9d4bd4132c00bca9ebb74e15;e4a09d28939b9a165661f86d5a2f4fb0c1d33fea1c7465dcc7cf874f0a8238bc;78a020ef314246281f19dc5eec25dbb28c50c5c376ee9df5a6b5090a0ec7d321	complete standardized dataset-label count; no governed panel mapping	not_in_governed_panel_hierarchy
Gossypium bickii_PRJNA934498|Unknown|	Gossypium bickii_PRJNA934498	PRJNA934498	Gossypium bickii			cell_type_original	Unknown					unknown	excluded_unknown	331	standardized_h5ad_obs;ontology_mapping_candidates;panel_label_freeze_v1	internal_source_record:not_publicly_portable:data/datasets/Bioinformatics/h5ad/Gossypium bickii_PRJNA934498.h5ad;internal_source_record:not_publicly_portable:workspace/projects/PhyloOpenCell/metadata/ontology_mapping_candidates.tsv;internal_source_record:not_publicly_portable:workspace/projects/PhyloOpenCell/metadata/panel_label_freeze_v1.tsv	161b552be2e94178af77b8c5b1e856443106b16e9d4bd4132c00bca9ebb74e15;e4a09d28939b9a165661f86d5a2f4fb0c1d33fea1c7465dcc7cf874f0a8238bc;78a020ef314246281f19dc5eec25dbb28c50c5c376ee9df5a6b5090a0ec7d321	complete standardized dataset-label count; no governed panel mapping	
Gossypium bickii_PRJNA934498|Xylem|	Gossypium bickii_PRJNA934498	PRJNA934498	Gossypium bickii			cell_type_original	Xylem	PO:0005352				unmapped	candidate_auto_exact; exact_name; Plant Ontology exact lexical match; requires curator acceptance	462	standardized_h5ad_obs;ontology_mapping_candidates;panel_label_freeze_v1	internal_source_record:not_publicly_portable:data/datasets/Bioinformatics/h5ad/Gossypium bickii_PRJNA934498.h5ad;internal_source_record:not_publicly_portable:workspace/projects/PhyloOpenCell/metadata/ontology_mapping_candidates.tsv;internal_source_record:not_publicly_portable:workspace/projects/PhyloOpenCell/metadata/panel_label_freeze_v1.tsv	161b552be2e94178af77b8c5b1e856443106b16e9d4bd4132c00bca9ebb74e15;e4a09d28939b9a165661f86d5a2f4fb0c1d33fea1c7465dcc7cf874f0a8238bc;78a020ef314246281f19dc5eec25dbb28c50c5c376ee9df5a6b5090a0ec7d321	complete standardized dataset-label count; no governed panel mapping	not_in_governed_panel_hierarchy
Gossypium hirsutum_PRJNA1010459|Anther wall endothecium|	Gossypium hirsutum_PRJNA1010459	PRJNA1010459	Gossypium hirsutum			cell_type_original	Anther wall endothecium	PO:0020002				unmapped	candidate_auto_exact; exact_name; Plant Ontology exact lexical match; requires curator acceptance	6973	standardized_h5ad_obs;ontology_mapping_candidates;panel_label_freeze_v1	internal_source_record:not_publicly_portable:data/datasets/Bioinformatics/h5ad/Gossypium hirsutum_PRJNA1010459.h5ad;internal_source_record:not_publicly_portable:workspace/projects/PhyloOpenCell/metadata/ontology_mapping_candidates.tsv;internal_source_record:not_publicly_portable:workspace/projects/PhyloOpenCell/metadata/panel_label_freeze_v1.tsv	2f5e9e2def1bbcc0846180fada6b9ae76d23e8e6d73dafab41a69e236e73e932;e4a09d28939b9a165661f86d5a2f4fb0c1d33fea1c7465dcc7cf874f0a8238bc;78a020ef314246281f19dc5eec25dbb28c50c5c376ee9df5a6b5090a0ec7d321	complete standardized dataset-label count; no governed panel mapping	not_in_governed_panel_hierarchy
Gossypium hirsutum_PRJNA1010459|Anther wall middle layer|	Gossypium hirsutum_PRJNA1010459	PRJNA1010459	Gossypium hirsutum			cell_type_original	Anther wall middle layer	PO:0004700				unmapped	candidate_auto_exact; exact_name; Plant Ontology exact lexical match; requires curator acceptance	2832	standardized_h5ad_obs;ontology_mapping_candidates;panel_label_freeze_v1	internal_source_record:not_publicly_portable:data/datasets/Bioinformatics/h5ad/Gossypium hirsutum_PRJNA1010459.h5ad;internal_source_record:not_publicly_portable:workspace/projects/PhyloOpenCell/metadata/ontology_mapping_candidates.tsv;internal_source_record:not_publicly_portable:workspace/projects/PhyloOpenCell/metadata/panel_label_freeze_v1.tsv	2f5e9e2def1bbcc0846180fada6b9ae76d23e8e6d73dafab41a69e236e73e932;e4a09d28939b9a165661f86d5a2f4fb0c1d33fea1c7465dcc7cf874f0a8238bc;78a020ef314246281f19dc5eec25dbb28c50c5c376ee9df5a6b5090a0ec7d321	complete standardized dataset-label count; no governed panel mapping	not_in_governed_panel_hierarchy
Gossypium hirsutum_PRJNA1010459|Anther wall tapetum|	Gossypium hirsutum_PRJNA1010459	PRJNA1010459	Gossypium hirsutum			cell_type_original	Anther wall tapetum	PO:0009071				unmapped	candidate_auto_exact; exact_name; Plant Ontology exact lexical match; requires curator acceptance	3903	standardized_h5ad_obs;ontology_mapping_candidates;panel_label_freeze_v1	internal_source_record:not_publicly_portable:data/datasets/Bioinformatics/h5ad/Gossypium hirsutum_PRJNA1010459.h5ad;internal_source_record:not_publicly_portable:workspace/projects/PhyloOpenCell/metadata/ontology_mapping_candidates.tsv;internal_source_record:not_publicly_portable:workspace/projects/PhyloOpenCell/metadata/panel_label_freeze_v1.tsv	2f5e9e2def1bbcc0846180fada6b9ae76d23e8e6d73dafab41a69e236e73e932;e4a09d28939b9a165661f86d5a2f4fb0c1d33fea1c7465dcc7cf874f0a8238bc;78a020ef314246281f19dc5eec25dbb28c50c5c376ee9df5a6b5090a0ec7d321	complete standardized dataset-label count; no governed panel mapping	not_in_governed_panel_hierarchy
Gossypium hirsutum_PRJNA1010459|Connective|	Gossypium hirsutum_PRJNA1010459	PRJNA1010459	Gossypium hirsutum			cell_type_original	Connective	PO:0009068				unmapped	candidate_auto_exact; exact_name; Plant Ontology exact lexical match; requires curator acceptance	6788	standardized_h5ad_obs;ontology_mapping_candidates;panel_label_freeze_v1	internal_source_record:not_publicly_portable:data/datasets/Bioinformatics/h5ad/Gossypium hirsutum_PRJNA1010459.h5ad;internal_source_record:not_publicly_portable:workspace/projects/PhyloOpenCell/metadata/ontology_mapping_candidates.tsv;internal_source_record:not_publicly_portable:workspace/projects/PhyloOpenCell/metadata/panel_label_freeze_v1.tsv	2f5e9e2def1bbcc0846180fada6b9ae76d23e8e6d73dafab41a69e236e73e932;e4a09d28939b9a165661f86d5a2f4fb0c1d33fea1c7465dcc7cf874f0a8238bc;78a020ef314246281f19dc5eec25dbb28c50c5c376ee9df5a6b5090a0ec7d321	complete standardized dataset-label count; no governed panel mapping	not_in_governed_panel_hierarchy
Gossypium hirsutum_PRJNA1010459|Developing male gametophytes|	Gossypium hirsutum_PRJNA1010459	PRJNA1010459	Gossypium hirsutum			cell_type_original	Developing male gametophytes					unmapped	pending_manual_curation; exact_synonym	2291	standardized_h5ad_obs;ontology_mapping_candidates;panel_label_freeze_v1	internal_source_record:not_publicly_portable:data/datasets/Bioinformatics/h5ad/Gossypium hirsutum_PRJNA1010459.h5ad;internal_source_record:not_publicly_portable:workspace/projects/PhyloOpenCell/metadata/ontology_mapping_candidates.tsv;internal_source_record:not_publicly_portable:workspace/projects/PhyloOpenCell/metadata/panel_label_freeze_v1.tsv	2f5e9e2def1bbcc0846180fada6b9ae76d23e8e6d73dafab41a69e236e73e932;e4a09d28939b9a165661f86d5a2f4fb0c1d33fea1c7465dcc7cf874f0a8238bc;78a020ef314246281f19dc5eec25dbb28c50c5c376ee9df5a6b5090a0ec7d321	complete standardized dataset-label count; no governed panel mapping	not_in_governed_panel_hierarchy
Gossypium hirsutum_PRJNA1010459|Flower vascular system|	Gossypium hirsutum_PRJNA1010459	PRJNA1010459	Gossypium hirsutum			cell_type_original	Flower vascular system	PO:0005017				unmapped	candidate_auto_exact; exact_name; Plant Ontology exact lexical match; requires curator acceptance	1377	standardized_h5ad_obs;ontology_mapping_candidates;panel_label_freeze_v1	internal_source_record:not_publicly_portable:data/datasets/Bioinformatics/h5ad/Gossypium hirsutum_PRJNA1010459.h5ad;internal_source_record:not_publicly_portable:workspace/projects/PhyloOpenCell/metadata/ontology_mapping_candidates.tsv;internal_source_record:not_publicly_portable:workspace/projects/PhyloOpenCell/metadata/panel_label_freeze_v1.tsv	2f5e9e2def1bbcc0846180fada6b9ae76d23e8e6d73dafab41a69e236e73e932;e4a09d28939b9a165661f86d5a2f4fb0c1d33fea1c7465dcc7cf874f0a8238bc;78a020ef314246281f19dc5eec25dbb28c50c5c376ee9df5a6b5090a0ec7d321	complete standardized dataset-label count; no governed panel mapping	not_in_governed_panel_hierarchy
Gossypium hirsutum_PRJNA1010459|Microspore nuclei|	Gossypium hirsutum_PRJNA1010459	PRJNA1010459	Gossypium hirsutum			cell_type_original	Microspore nuclei					unmapped	pending_manual_curation; exact_synonym	6069	standardized_h5ad_obs;ontology_mapping_candidates;panel_label_freeze_v1	internal_source_record:not_publicly_portable:data/datasets/Bioinformatics/h5ad/Gossypium hirsutum_PRJNA1010459.h5ad;internal_source_record:not_publicly_portable:workspace/projects/PhyloOpenCell/metadata/ontology_mapping_candidates.tsv;internal_source_record:not_publicly_portable:workspace/projects/PhyloOpenCell/metadata/panel_label_freeze_v1.tsv	2f5e9e2def1bbcc0846180fada6b9ae76d23e8e6d73dafab41a69e236e73e932;e4a09d28939b9a165661f86d5a2f4fb0c1d33fea1c7465dcc7cf874f0a8238bc;78a020ef314246281f19dc5eec25dbb28c50c5c376ee9df5a6b5090a0ec7d321	complete standardized dataset-label count; no governed panel mapping	not_in_governed_panel_hierarchy
Gossypium hirsutum_PRJNA1010459|Ovule non-fiber epidermis|	Gossypium hirsutum_PRJNA1010459	PRJNA1010459	Gossypium hirsutum			cell_type_original	Ovule non-fiber epidermis					unmapped	pending_manual_curation; exact_synonym	6829	standardized_h5ad_obs;ontology_mapping_candidates;panel_label_freeze_v1	internal_source_record:not_publicly_portable:data/datasets/Bioinformatics/h5ad/Gossypium hirsutum_PRJNA1010459.h5ad;internal_source_record:not_publicly_portable:workspace/projects/PhyloOpenCell/metadata/ontology_mapping_candidates.tsv;internal_source_record:not_publicly_portable:workspace/projects/PhyloOpenCell/metadata/panel_label_freeze_v1.tsv	2f5e9e2def1bbcc0846180fada6b9ae76d23e8e6d73dafab41a69e236e73e932;e4a09d28939b9a165661f86d5a2f4fb0c1d33fea1c7465dcc7cf874f0a8238bc;78a020ef314246281f19dc5eec25dbb28c50c5c376ee9df5a6b5090a0ec7d321	complete standardized dataset-label count; no governed panel mapping	not_in_governed_panel_hierarchy
Gossypium hirsutum_PRJNA1018465|Guard cell|	Gossypium hirsutum_PRJNA1018465	PRJNA1018465	Gossypium hirsutum			cell_type_original	Guard cell	PO:0000293				unmapped	candidate_auto_exact; exact_name; Plant Ontology exact lexical match; requires curator acceptance	59	standardized_h5ad_obs;ontology_mapping_candidates;panel_label_freeze_v1	internal_source_record:not_publicly_portable:data/datasets/Bioinformatics/h5ad/Gossypium hirsutum_PRJNA1018465.h5ad;internal_source_record:not_publicly_portable:workspace/projects/PhyloOpenCell/metadata/ontology_mapping_candidates.tsv;internal_source_record:not_publicly_portable:workspace/projects/PhyloOpenCell/metadata/panel_label_freeze_v1.tsv	851f9b12a105d637551f332c9592f8ec51cdfde6dc7da3a6973c32ea75dc2b73;e4a09d28939b9a165661f86d5a2f4fb0c1d33fea1c7465dcc7cf874f0a8238bc;78a020ef314246281f19dc5eec25dbb28c50c5c376ee9df5a6b5090a0ec7d321	complete standardized dataset-label count; no governed panel mapping	not_in_governed_panel_hierarchy
Gossypium hirsutum_PRJNA1018465|Leaf lamina epidermis|	Gossypium hirsutum_PRJNA1018465	PRJNA1018465	Gossypium hirsutum			cell_type_original	Leaf lamina epidermis	PO:0000047				unmapped	candidate_auto_exact; exact_name; Plant Ontology exact lexical match; requires curator acceptance	3759	standardized_h5ad_obs;ontology_mapping_candidates;panel_label_freeze_v1	internal_source_record:not_publicly_portable:data/datasets/Bioinformatics/h5ad/Gossypium hirsutum_PRJNA1018465.h5ad;internal_source_record:not_publicly_portable:workspace/projects/PhyloOpenCell/metadata/ontology_mapping_candidates.tsv;internal_source_record:not_publicly_portable:workspace/projects/PhyloOpenCell/metadata/panel_label_freeze_v1.tsv	851f9b12a105d637551f332c9592f8ec51cdfde6dc7da3a6973c32ea75dc2b73;e4a09d28939b9a165661f86d5a2f4fb0c1d33fea1c7465dcc7cf874f0a8238bc;78a020ef314246281f19dc5eec25dbb28c50c5c376ee9df5a6b5090a0ec7d321	complete standardized dataset-label count; no governed panel mapping	not_in_governed_panel_hierarchy
Gossypium hirsutum_PRJNA1018465|Leaf vascular system|	Gossypium hirsutum_PRJNA1018465	PRJNA1018465	Gossypium hirsutum			cell_type_original	Leaf vascular system	PO:0000036				unmapped	candidate_auto_exact; exact_name; Plant Ontology exact lexical match; requires curator acceptance	2915	standardized_h5ad_obs;ontology_mapping_candidates;panel_label_freeze_v1	internal_source_record:not_publicly_portable:data/datasets/Bioinformatics/h5ad/Gossypium hirsutum_PRJNA1018465.h5ad;internal_source_record:not_publicly_portable:workspace/projects/PhyloOpenCell/metadata/ontology_mapping_candidates.tsv;internal_source_record:not_publicly_portable:workspace/projects/PhyloOpenCell/metadata/panel_label_freeze_v1.tsv	851f9b12a105d637551f332c9592f8ec51cdfde6dc7da3a6973c32ea75dc2b73;e4a09d28939b9a165661f86d5a2f4fb0c1d33fea1c7465dcc7cf874f0a8238bc;78a020ef314246281f19dc5eec25dbb28c50c5c376ee9df5a6b5090a0ec7d321	complete standardized dataset-label count; no governed panel mapping	not_in_governed_panel_hierarchy
Gossypium hirsutum_PRJNA1018465|Mesophyll cell|	Gossypium hirsutum_PRJNA1018465	PRJNA1018465	Gossypium hirsutum			cell_type_original	Mesophyll cell	PO:0004006				unmapped	candidate_auto_exact; exact_name; Plant Ontology exact lexical match; requires curator acceptance	19993	standardized_h5ad_obs;ontology_mapping_candidates;panel_label_freeze_v1	internal_source_record:not_publicly_portable:data/datasets/Bioinformatics/h5ad/Gossypium hirsutum_PRJNA1018465.h5ad;internal_source_record:not_publicly_portable:workspace/projects/PhyloOpenCell/metadata/ontology_mapping_candidates.tsv;internal_source_record:not_publicly_portable:workspace/projects/PhyloOpenCell/metadata/panel_label_freeze_v1.tsv	851f9b12a105d637551f332c9592f8ec51cdfde6dc7da3a6973c32ea75dc2b73;e4a09d28939b9a165661f86d5a2f4fb0c1d33fea1c7465dcc7cf874f0a8238bc;78a020ef314246281f19dc5eec25dbb28c50c5c376ee9df5a6b5090a0ec7d321	complete standardized dataset-label count; no governed panel mapping	not_in_governed_panel_hierarchy
Gossypium hirsutum_PRJNA1018465|Proliferating cell|	Gossypium hirsutum_PRJNA1018465	PRJNA1018465	Gossypium hirsutum			cell_type_original	Proliferating cell					unmapped	pending_manual_curation; exact_synonym	2247	standardized_h5ad_obs;ontology_mapping_candidates;panel_label_freeze_v1	internal_source_record:not_publicly_portable:data/datasets/Bioinformatics/h5ad/Gossypium hirsutum_PRJNA1018465.h5ad;internal_source_record:not_publicly_portable:workspace/projects/PhyloOpenCell/metadata/ontology_mapping_candidates.tsv;internal_source_record:not_publicly_portable:workspace/projects/PhyloOpenCell/metadata/panel_label_freeze_v1.tsv	851f9b12a105d637551f332c9592f8ec51cdfde6dc7da3a6973c32ea75dc2b73;e4a09d28939b9a165661f86d5a2f4fb0c1d33fea1c7465dcc7cf874f0a8238bc;78a020ef314246281f19dc5eec25dbb28c50c5c376ee9df5a6b5090a0ec7d321	complete standardized dataset-label count; no governed panel mapping	not_in_governed_panel_hierarchy
Gossypium hirsutum_PRJNA1018465|Unknown|	Gossypium hirsutum_PRJNA1018465	PRJNA1018465	Gossypium hirsutum			cell_type_original	Unknown					unknown	excluded_unknown	10239	standardized_h5ad_obs;ontology_mapping_candidates;panel_label_freeze_v1	internal_source_record:not_publicly_portable:data/datasets/Bioinformatics/h5ad/Gossypium hirsutum_PRJNA1018465.h5ad;internal_source_record:not_publicly_portable:workspace/projects/PhyloOpenCell/metadata/ontology_mapping_candidates.tsv;internal_source_record:not_publicly_portable:workspace/projects/PhyloOpenCell/metadata/panel_label_freeze_v1.tsv	851f9b12a105d637551f332c9592f8ec51cdfde6dc7da3a6973c32ea75dc2b73;e4a09d28939b9a165661f86d5a2f4fb0c1d33fea1c7465dcc7cf874f0a8238bc;78a020ef314246281f19dc5eec25dbb28c50c5c376ee9df5a6b5090a0ec7d321	complete standardized dataset-label count; no governed panel mapping	
Gossypium hirsutum_PRJNA600131|Outer pigment layer|	Gossypium hirsutum_PRJNA600131	PRJNA600131	Gossypium hirsutum			cell_type_original	Outer pigment layer					unmapped	pending_manual_curation; exact_synonym	5727	standardized_h5ad_obs;ontology_mapping_candidates;panel_label_freeze_v1	internal_source_record:not_publicly_portable:data/datasets/Bioinformatics/h5ad/Gossypium hirsutum_PRJNA600131.h5ad;internal_source_record:not_publicly_portable:workspace/projects/PhyloOpenCell/metadata/ontology_mapping_candidates.tsv;internal_source_record:not_publicly_portable:workspace/projects/PhyloOpenCell/metadata/panel_label_freeze_v1.tsv	15bd67dadfd336259e24bddbe50eb2149fc2bb5137aa1cfd1dfb00b2b830925f;e4a09d28939b9a165661f86d5a2f4fb0c1d33fea1c7465dcc7cf874f0a8238bc;78a020ef314246281f19dc5eec25dbb28c50c5c376ee9df5a6b5090a0ec7d321	complete standardized dataset-label count; no governed panel mapping	not_in_governed_panel_hierarchy
Gossypium hirsutum_PRJNA600131|Ovule fiber cell|	Gossypium hirsutum_PRJNA600131	PRJNA600131	Gossypium hirsutum			cell_type_original	Ovule fiber cell					unmapped	pending_manual_curation; exact_synonym	1840	standardized_h5ad_obs;ontology_mapping_candidates;panel_label_freeze_v1	internal_source_record:not_publicly_portable:data/datasets/Bioinformatics/h5ad/Gossypium hirsutum_PRJNA600131.h5ad;internal_source_record:not_publicly_portable:workspace/projects/PhyloOpenCell/metadata/ontology_mapping_candidates.tsv;internal_source_record:not_publicly_portable:workspace/projects/PhyloOpenCell/metadata/panel_label_freeze_v1.tsv	15bd67dadfd336259e24bddbe50eb2149fc2bb5137aa1cfd1dfb00b2b830925f;e4a09d28939b9a165661f86d5a2f4fb0c1d33fea1c7465dcc7cf874f0a8238bc;78a020ef314246281f19dc5eec25dbb28c50c5c376ee9df5a6b5090a0ec7d321	complete standardized dataset-label count; no governed panel mapping	not_in_governed_panel_hierarchy
Gossypium hirsutum_PRJNA600131|Ovule non-fiber epidermis|	Gossypium hirsutum_PRJNA600131	PRJNA600131	Gossypium hirsutum			cell_type_original	Ovule non-fiber epidermis					unmapped	pending_manual_curation; exact_synonym	6662	standardized_h5ad_obs;ontology_mapping_candidates;panel_label_freeze_v1	internal_source_record:not_publicly_portable:data/datasets/Bioinformatics/h5ad/Gossypium hirsutum_PRJNA600131.h5ad;internal_source_record:not_publicly_portable:workspace/projects/PhyloOpenCell/metadata/ontology_mapping_candidates.tsv;internal_source_record:not_publicly_portable:workspace/projects/PhyloOpenCell/metadata/panel_label_freeze_v1.tsv	15bd67dadfd336259e24bddbe50eb2149fc2bb5137aa1cfd1dfb00b2b830925f;e4a09d28939b9a165661f86d5a2f4fb0c1d33fea1c7465dcc7cf874f0a8238bc;78a020ef314246281f19dc5eec25dbb28c50c5c376ee9df5a6b5090a0ec7d321	complete standardized dataset-label count; no governed panel mapping	not_in_governed_panel_hierarchy
Gossypium hirsutum_PRJNA600131|Unknown|	Gossypium hirsutum_PRJNA600131	PRJNA600131	Gossypium hirsutum			cell_type_original	Unknown					unknown	excluded_unknown	3278	standardized_h5ad_obs;ontology_mapping_candidates;panel_label_freeze_v1	internal_source_record:not_publicly_portable:data/datasets/Bioinformatics/h5ad/Gossypium hirsutum_PRJNA600131.h5ad;internal_source_record:not_publicly_portable:workspace/projects/PhyloOpenCell/metadata/ontology_mapping_candidates.tsv;internal_source_record:not_publicly_portable:workspace/projects/PhyloOpenCell/metadata/panel_label_freeze_v1.tsv	15bd67dadfd336259e24bddbe50eb2149fc2bb5137aa1cfd1dfb00b2b830925f;e4a09d28939b9a165661f86d5a2f4fb0c1d33fea1c7465dcc7cf874f0a8238bc;78a020ef314246281f19dc5eec25dbb28c50c5c376ee9df5a6b5090a0ec7d321	complete standardized dataset-label count; no governed panel mapping	
Gossypium hirsutum_PRJNA895970|Early xylem vessel member|	Gossypium hirsutum_PRJNA895970	PRJNA895970	Gossypium hirsutum			cell_type_original	Early xylem vessel member					unmapped	pending_manual_curation; exact_synonym	2700	standardized_h5ad_obs;ontology_mapping_candidates;panel_label_freeze_v1	internal_source_record:not_publicly_portable:data/datasets/Bioinformatics/h5ad/Gossypium hirsutum_PRJNA895970.h5ad;internal_source_record:not_publicly_portable:workspace/projects/PhyloOpenCell/metadata/ontology_mapping_candidates.tsv;internal_source_record:not_publicly_portable:workspace/projects/PhyloOpenCell/metadata/panel_label_freeze_v1.tsv	fc07dbe84c11da3befc967839d95f55ee92b9a659ef9fd355544c957fe4ce4d5;e4a09d28939b9a165661f86d5a2f4fb0c1d33fea1c7465dcc7cf874f0a8238bc;78a020ef314246281f19dc5eec25dbb28c50c5c376ee9df5a6b5090a0ec7d321	complete standardized dataset-label count; no governed panel mapping	not_in_governed_panel_hierarchy
Gossypium hirsutum_PRJNA895970|Photosynthetic cell|	Gossypium hirsutum_PRJNA895970	PRJNA895970	Gossypium hirsutum			cell_type_original	Photosynthetic cell					unmapped	pending_manual_curation; exact_synonym	16042	standardized_h5ad_obs;ontology_mapping_candidates;panel_label_freeze_v1	internal_source_record:not_publicly_portable:data/datasets/Bioinformatics/h5ad/Gossypium hirsutum_PRJNA895970.h5ad;internal_source_record:not_publicly_portable:workspace/projects/PhyloOpenCell/metadata/ontology_mapping_candidates.tsv;internal_source_record:not_publicly_portable:workspace/projects/PhyloOpenCell/metadata/panel_label_freeze_v1.tsv	fc07dbe84c11da3befc967839d95f55ee92b9a659ef9fd355544c957fe4ce4d5;e4a09d28939b9a165661f86d5a2f4fb0c1d33fea1c7465dcc7cf874f0a8238bc;78a020ef314246281f19dc5eec25dbb28c50c5c376ee9df5a6b5090a0ec7d321	complete standardized dataset-label count; no governed panel mapping	not_in_governed_panel_hierarchy
Gossypium hirsutum_PRJNA895970|Stem cortex|	Gossypium hirsutum_PRJNA895970	PRJNA895970	Gossypium hirsutum			cell_type_original	Stem cortex	PO:0025612				unmapped	candidate_auto_exact; exact_name; Plant Ontology exact lexical match; requires curator acceptance	7572	standardized_h5ad_obs;ontology_mapping_candidates;panel_label_freeze_v1	internal_source_record:not_publicly_portable:data/datasets/Bioinformatics/h5ad/Gossypium hirsutum_PRJNA895970.h5ad;internal_source_record:not_publicly_portable:workspace/projects/PhyloOpenCell/metadata/ontology_mapping_candidates.tsv;internal_source_record:not_publicly_portable:workspace/projects/PhyloOpenCell/metadata/panel_label_freeze_v1.tsv	fc07dbe84c11da3befc967839d95f55ee92b9a659ef9fd355544c957fe4ce4d5;e4a09d28939b9a165661f86d5a2f4fb0c1d33fea1c7465dcc7cf874f0a8238bc;78a020ef314246281f19dc5eec25dbb28c50c5c376ee9df5a6b5090a0ec7d321	complete standardized dataset-label count; no governed panel mapping	not_in_governed_panel_hierarchy
Gossypium hirsutum_PRJNA895970|Unknown|	Gossypium hirsutum_PRJNA895970	PRJNA895970	Gossypium hirsutum			cell_type_original	Unknown					unknown	excluded_unknown	55650	standardized_h5ad_obs;ontology_mapping_candidates;panel_label_freeze_v1	internal_source_record:not_publicly_portable:data/datasets/Bioinformatics/h5ad/Gossypium hirsutum_PRJNA895970.h5ad;internal_source_record:not_publicly_portable:workspace/projects/PhyloOpenCell/metadata/ontology_mapping_candidates.tsv;internal_source_record:not_publicly_portable:workspace/projects/PhyloOpenCell/metadata/panel_label_freeze_v1.tsv	fc07dbe84c11da3befc967839d95f55ee92b9a659ef9fd355544c957fe4ce4d5;e4a09d28939b9a165661f86d5a2f4fb0c1d33fea1c7465dcc7cf874f0a8238bc;78a020ef314246281f19dc5eec25dbb28c50c5c376ee9df5a6b5090a0ec7d321	complete standardized dataset-label count; no governed panel mapping	
Gossypium hirsutum_PRJNA895970|Xylem parenchyma cell|vascular	Gossypium hirsutum_PRJNA895970	PRJNA895970	Gossypium hirsutum		vascular	cell_type_original	Xylem parenchyma cell					excluded	frozen panel-label exclusion (excluded): Cross-panel reuse is intentional for organ-specific vascular/procambial labels; final biological acceptance still required.	5577	standardized_h5ad_obs;panel_label_freeze_v1	internal_source_record:not_publicly_portable:data/datasets/Bioinformatics/h5ad/Gossypium hirsutum_PRJNA895970.h5ad;internal_source_record:not_publicly_portable:workspace/projects/PhyloOpenCell/metadata/panel_label_freeze_v1.tsv	fc07dbe84c11da3befc967839d95f55ee92b9a659ef9fd355544c957fe4ce4d5;78a020ef314246281f19dc5eec25dbb28c50c5c376ee9df5a6b5090a0ec7d321	complete standardized dataset-label count with explicit frozen exclusion	frozen_excluded_label
Gossypium hirsutum_PRJNA895970|Xylem precursor cell|	Gossypium hirsutum_PRJNA895970	PRJNA895970	Gossypium hirsutum			cell_type_original	Xylem precursor cell					unmapped	pending_manual_curation; exact_synonym	11647	standardized_h5ad_obs;ontology_mapping_candidates;panel_label_freeze_v1	internal_source_record:not_publicly_portable:data/datasets/Bioinformatics/h5ad/Gossypium hirsutum_PRJNA895970.h5ad;internal_source_record:not_publicly_portable:workspace/projects/PhyloOpenCell/metadata/ontology_mapping_candidates.tsv;internal_source_record:not_publicly_portable:workspace/projects/PhyloOpenCell/metadata/panel_label_freeze_v1.tsv	fc07dbe84c11da3befc967839d95f55ee92b9a659ef9fd355544c957fe4ce4d5;e4a09d28939b9a165661f86d5a2f4fb0c1d33fea1c7465dcc7cf874f0a8238bc;78a020ef314246281f19dc5eec25dbb28c50c5c376ee9df5a6b5090a0ec7d321	complete standardized dataset-label count; no governed panel mapping	not_in_governed_panel_hierarchy
Hevea brasiliensis_PRJCA012893|Bundle sheath cell|	Hevea brasiliensis_PRJCA012893	PRJCA012893	Hevea brasiliensis			cell_type_original	Bundle sheath cell	PO:0025541				unmapped	candidate_auto_exact; exact_name; Plant Ontology exact lexical match; requires curator acceptance	7639	standardized_h5ad_obs;ontology_mapping_candidates;panel_label_freeze_v1	internal_source_record:not_publicly_portable:data/datasets/Bioinformatics/h5ad/Hevea brasiliensis_PRJCA012893.h5ad;internal_source_record:not_publicly_portable:workspace/projects/PhyloOpenCell/metadata/ontology_mapping_candidates.tsv;internal_source_record:not_publicly_portable:workspace/projects/PhyloOpenCell/metadata/panel_label_freeze_v1.tsv	0d4e2270e7b07d6bfdff9529e3822ba3ffd678e7b922ce181d585d56a739cd13;e4a09d28939b9a165661f86d5a2f4fb0c1d33fea1c7465dcc7cf874f0a8238bc;78a020ef314246281f19dc5eec25dbb28c50c5c376ee9df5a6b5090a0ec7d321	complete standardized dataset-label count; no governed panel mapping	not_in_governed_panel_hierarchy
Hevea brasiliensis_PRJCA012893|Hydathode|	Hevea brasiliensis_PRJCA012893	PRJCA012893	Hevea brasiliensis			cell_type_original	Hydathode	PO:0005660				unmapped	candidate_auto_exact; exact_name; Plant Ontology exact lexical match; requires curator acceptance	4775	standardized_h5ad_obs;ontology_mapping_candidates;panel_label_freeze_v1	internal_source_record:not_publicly_portable:data/datasets/Bioinformatics/h5ad/Hevea brasiliensis_PRJCA012893.h5ad;internal_source_record:not_publicly_portable:workspace/projects/PhyloOpenCell/metadata/ontology_mapping_candidates.tsv;internal_source_record:not_publicly_portable:workspace/projects/PhyloOpenCell/metadata/panel_label_freeze_v1.tsv	0d4e2270e7b07d6bfdff9529e3822ba3ffd678e7b922ce181d585d56a739cd13;e4a09d28939b9a165661f86d5a2f4fb0c1d33fea1c7465dcc7cf874f0a8238bc;78a020ef314246281f19dc5eec25dbb28c50c5c376ee9df5a6b5090a0ec7d321	complete standardized dataset-label count; no governed panel mapping	not_in_governed_panel_hierarchy
Hevea brasiliensis_PRJCA012893|Leaf lamina epidermis|	Hevea brasiliensis_PRJCA012893	PRJCA012893	Hevea brasiliensis			cell_type_original	Leaf lamina epidermis	PO:0000047				unmapped	candidate_auto_exact; exact_name; Plant Ontology exact lexical match; requires curator acceptance	4426	standardized_h5ad_obs;ontology_mapping_candidates;panel_label_freeze_v1	internal_source_record:not_publicly_portable:data/datasets/Bioinformatics/h5ad/Hevea brasiliensis_PRJCA012893.h5ad;internal_source_record:not_publicly_portable:workspace/projects/PhyloOpenCell/metadata/ontology_mapping_candidates.tsv;internal_source_record:not_publicly_portable:workspace/projects/PhyloOpenCell/metadata/panel_label_freeze_v1.tsv	0d4e2270e7b07d6bfdff9529e3822ba3ffd678e7b922ce181d585d56a739cd13;e4a09d28939b9a165661f86d5a2f4fb0c1d33fea1c7465dcc7cf874f0a8238bc;78a020ef314246281f19dc5eec25dbb28c50c5c376ee9df5a6b5090a0ec7d321	complete standardized dataset-label count; no governed panel mapping	not_in_governed_panel_hierarchy
Hevea brasiliensis_PRJCA012893|Mesophyll cell|	Hevea brasiliensis_PRJCA012893	PRJCA012893	Hevea brasiliensis			cell_type_original	Mesophyll cell	PO:0004006				unmapped	candidate_auto_exact; exact_name; Plant Ontology exact lexical match; requires curator acceptance	6132	standardized_h5ad_obs;ontology_mapping_candidates;panel_label_freeze_v1	internal_source_record:not_publicly_portable:data/datasets/Bioinformatics/h5ad/Hevea brasiliensis_PRJCA012893.h5ad;internal_source_record:not_publicly_portable:workspace/projects/PhyloOpenCell/metadata/ontology_mapping_candidates.tsv;internal_source_record:not_publicly_portable:workspace/projects/PhyloOpenCell/metadata/panel_label_freeze_v1.tsv	0d4e2270e7b07d6bfdff9529e3822ba3ffd678e7b922ce181d585d56a739cd13;e4a09d28939b9a165661f86d5a2f4fb0c1d33fea1c7465dcc7cf874f0a8238bc;78a020ef314246281f19dc5eec25dbb28c50c5c376ee9df5a6b5090a0ec7d321	complete standardized dataset-label count; no governed panel mapping	not_in_governed_panel_hierarchy
Hevea brasiliensis_PRJCA012893|Phloem|	Hevea brasiliensis_PRJCA012893	PRJCA012893	Hevea brasiliensis			cell_type_original	Phloem	PO:0005417				unmapped	candidate_auto_exact; exact_name; Plant Ontology exact lexical match; requires curator acceptance	2113	standardized_h5ad_obs;ontology_mapping_candidates;panel_label_freeze_v1	internal_source_record:not_publicly_portable:data/datasets/Bioinformatics/h5ad/Hevea brasiliensis_PRJCA012893.h5ad;internal_source_record:not_publicly_portable:workspace/projects/PhyloOpenCell/metadata/ontology_mapping_candidates.tsv;internal_source_record:not_publicly_portable:workspace/projects/PhyloOpenCell/metadata/panel_label_freeze_v1.tsv	0d4e2270e7b07d6bfdff9529e3822ba3ffd678e7b922ce181d585d56a739cd13;e4a09d28939b9a165661f86d5a2f4fb0c1d33fea1c7465dcc7cf874f0a8238bc;78a020ef314246281f19dc5eec25dbb28c50c5c376ee9df5a6b5090a0ec7d321	complete standardized dataset-label count; no governed panel mapping	not_in_governed_panel_hierarchy
Hevea brasiliensis_PRJCA012893|Unknown|	Hevea brasiliensis_PRJCA012893	PRJCA012893	Hevea brasiliensis			cell_type_original	Unknown					unknown	excluded_unknown	20109	standardized_h5ad_obs;ontology_mapping_candidates;panel_label_freeze_v1	internal_source_record:not_publicly_portable:data/datasets/Bioinformatics/h5ad/Hevea brasiliensis_PRJCA012893.h5ad;internal_source_record:not_publicly_portable:workspace/projects/PhyloOpenCell/metadata/ontology_mapping_candidates.tsv;internal_source_record:not_publicly_portable:workspace/projects/PhyloOpenCell/metadata/panel_label_freeze_v1.tsv	0d4e2270e7b07d6bfdff9529e3822ba3ffd678e7b922ce181d585d56a739cd13;e4a09d28939b9a165661f86d5a2f4fb0c1d33fea1c7465dcc7cf874f0a8238bc;78a020ef314246281f19dc5eec25dbb28c50c5c376ee9df5a6b5090a0ec7d321	complete standardized dataset-label count; no governed panel mapping	
Hevea brasiliensis_PRJCA012893|Xylem|	Hevea brasiliensis_PRJCA012893	PRJCA012893	Hevea brasiliensis			cell_type_original	Xylem	PO:0005352				unmapped	candidate_auto_exact; exact_name; Plant Ontology exact lexical match; requires curator acceptance	2216	standardized_h5ad_obs;ontology_mapping_candidates;panel_label_freeze_v1	internal_source_record:not_publicly_portable:data/datasets/Bioinformatics/h5ad/Hevea brasiliensis_PRJCA012893.h5ad;internal_source_record:not_publicly_portable:workspace/projects/PhyloOpenCell/metadata/ontology_mapping_candidates.tsv;internal_source_record:not_publicly_portable:workspace/projects/PhyloOpenCell/metadata/panel_label_freeze_v1.tsv	0d4e2270e7b07d6bfdff9529e3822ba3ffd678e7b922ce181d585d56a739cd13;e4a09d28939b9a165661f86d5a2f4fb0c1d33fea1c7465dcc7cf874f0a8238bc;78a020ef314246281f19dc5eec25dbb28c50c5c376ee9df5a6b5090a0ec7d321	complete standardized dataset-label count; no governed panel mapping	not_in_governed_panel_hierarchy
Hylocereus undatus_PRJNA974579|Exocarp|	Hylocereus undatus_PRJNA974579	PRJNA974579	Hylocereus undatus			cell_type_original	Exocarp	PO:0009085				unmapped	candidate_auto_exact; exact_name; Plant Ontology exact lexical match; requires curator acceptance	4339	standardized_h5ad_obs;ontology_mapping_candidates;panel_label_freeze_v1	internal_source_record:not_publicly_portable:data/datasets/Bioinformatics/h5ad/Hylocereus undatus_PRJNA974579.h5ad;internal_source_record:not_publicly_portable:workspace/projects/PhyloOpenCell/metadata/ontology_mapping_candidates.tsv;internal_source_record:not_publicly_portable:workspace/projects/PhyloOpenCell/metadata/panel_label_freeze_v1.tsv	5afa1f2d25b4ceb867b075f525251cc46a2922ef8bb74d0b4c2888b7876e1824;e4a09d28939b9a165661f86d5a2f4fb0c1d33fea1c7465dcc7cf874f0a8238bc;78a020ef314246281f19dc5eec25dbb28c50c5c376ee9df5a6b5090a0ec7d321	complete standardized dataset-label count; no governed panel mapping	not_in_governed_panel_hierarchy
Hylocereus undatus_PRJNA974579|Fruit vascular system|	Hylocereus undatus_PRJNA974579	PRJNA974579	Hylocereus undatus			cell_type_original	Fruit vascular system	PO:0008003				unmapped	candidate_auto_exact; exact_name; Plant Ontology exact lexical match; requires curator acceptance	672	standardized_h5ad_obs;ontology_mapping_candidates;panel_label_freeze_v1	internal_source_record:not_publicly_portable:data/datasets/Bioinformatics/h5ad/Hylocereus undatus_PRJNA974579.h5ad;internal_source_record:not_publicly_portable:workspace/projects/PhyloOpenCell/metadata/ontology_mapping_candidates.tsv;internal_source_record:not_publicly_portable:workspace/projects/PhyloOpenCell/metadata/panel_label_freeze_v1.tsv	5afa1f2d25b4ceb867b075f525251cc46a2922ef8bb74d0b4c2888b7876e1824;e4a09d28939b9a165661f86d5a2f4fb0c1d33fea1c7465dcc7cf874f0a8238bc;78a020ef314246281f19dc5eec25dbb28c50c5c376ee9df5a6b5090a0ec7d321	complete standardized dataset-label count; no governed panel mapping	not_in_governed_panel_hierarchy
Hylocereus undatus_PRJNA974579|Mesocarp|	Hylocereus undatus_PRJNA974579	PRJNA974579	Hylocereus undatus			cell_type_original	Mesocarp	PO:0009087				unmapped	candidate_auto_exact; exact_name; Plant Ontology exact lexical match; requires curator acceptance	3094	standardized_h5ad_obs;ontology_mapping_candidates;panel_label_freeze_v1	internal_source_record:not_publicly_portable:data/datasets/Bioinformatics/h5ad/Hylocereus undatus_PRJNA974579.h5ad;internal_source_record:not_publicly_portable:workspace/projects/PhyloOpenCell/metadata/ontology_mapping_candidates.tsv;internal_source_record:not_publicly_portable:workspace/projects/PhyloOpenCell/metadata/panel_label_freeze_v1.tsv	5afa1f2d25b4ceb867b075f525251cc46a2922ef8bb74d0b4c2888b7876e1824;e4a09d28939b9a165661f86d5a2f4fb0c1d33fea1c7465dcc7cf874f0a8238bc;78a020ef314246281f19dc5eec25dbb28c50c5c376ee9df5a6b5090a0ec7d321	complete standardized dataset-label count; no governed panel mapping	not_in_governed_panel_hierarchy
Hylocereus undatus_PRJNA974579|Unknown|	Hylocereus undatus_PRJNA974579	PRJNA974579	Hylocereus undatus			cell_type_original	Unknown					unknown	excluded_unknown	7663	standardized_h5ad_obs;ontology_mapping_candidates;panel_label_freeze_v1	internal_source_record:not_publicly_portable:data/datasets/Bioinformatics/h5ad/Hylocereus undatus_PRJNA974579.h5ad;internal_source_record:not_publicly_portable:workspace/projects/PhyloOpenCell/metadata/ontology_mapping_candidates.tsv;internal_source_record:not_publicly_portable:workspace/projects/PhyloOpenCell/metadata/panel_label_freeze_v1.tsv	5afa1f2d25b4ceb867b075f525251cc46a2922ef8bb74d0b4c2888b7876e1824;e4a09d28939b9a165661f86d5a2f4fb0c1d33fea1c7465dcc7cf874f0a8238bc;78a020ef314246281f19dc5eec25dbb28c50c5c376ee9df5a6b5090a0ec7d321	complete standardized dataset-label count; no governed panel mapping	
Lemna minuta_PRJNA725879|Meristem|	Lemna minuta_PRJNA725879	PRJNA725879	Lemna minuta	not explicitly recorded in source; annotation labels include root and leaf-associated cell types		cell_type_original	Meristem					unmapped	pending_manual_curation; exact_synonym	19	standardized_h5ad_obs;ontology_mapping_candidates;panel_label_freeze_v1	internal_source_record:not_publicly_portable:data/datasets/Bioinformatics/h5ad/Lemna minuta_PRJNA725879.h5ad;internal_source_record:not_publicly_portable:workspace/projects/PhyloOpenCell/metadata/ontology_mapping_candidates.tsv;internal_source_record:not_publicly_portable:workspace/projects/PhyloOpenCell/metadata/panel_label_freeze_v1.tsv	ce982b3bb39809152131211f9fd41200f6350e511d6c0e82c6582830a2c1f889;e4a09d28939b9a165661f86d5a2f4fb0c1d33fea1c7465dcc7cf874f0a8238bc;78a020ef314246281f19dc5eec25dbb28c50c5c376ee9df5a6b5090a0ec7d321	complete standardized dataset-label count; no governed panel mapping	not_in_governed_panel_hierarchy
Lemna minuta_PRJNA725879|Mesophyll cell|	Lemna minuta_PRJNA725879	PRJNA725879	Lemna minuta	not explicitly recorded in source; annotation labels include root and leaf-associated cell types		cell_type_original	Mesophyll cell	PO:0004006				unmapped	candidate_auto_exact; exact_name; Plant Ontology exact lexical match; requires curator acceptance	50	standardized_h5ad_obs;ontology_mapping_candidates;panel_label_freeze_v1	internal_source_record:not_publicly_portable:data/datasets/Bioinformatics/h5ad/Lemna minuta_PRJNA725879.h5ad;internal_source_record:not_publicly_portable:workspace/projects/PhyloOpenCell/metadata/ontology_mapping_candidates.tsv;internal_source_record:not_publicly_portable:workspace/projects/PhyloOpenCell/metadata/panel_label_freeze_v1.tsv	ce982b3bb39809152131211f9fd41200f6350e511d6c0e82c6582830a2c1f889;e4a09d28939b9a165661f86d5a2f4fb0c1d33fea1c7465dcc7cf874f0a8238bc;78a020ef314246281f19dc5eec25dbb28c50c5c376ee9df5a6b5090a0ec7d321	complete standardized dataset-label count; no governed panel mapping	not_in_governed_panel_hierarchy
Lemna minuta_PRJNA725879|Palisade mesophyll cell|	Lemna minuta_PRJNA725879	PRJNA725879	Lemna minuta	not explicitly recorded in source; annotation labels include root and leaf-associated cell types		cell_type_original	Palisade mesophyll cell	PO:0006206				unmapped	candidate_auto_exact; exact_name; Plant Ontology exact lexical match; requires curator acceptance	47	standardized_h5ad_obs;ontology_mapping_candidates;panel_label_freeze_v1	internal_source_record:not_publicly_portable:data/datasets/Bioinformatics/h5ad/Lemna minuta_PRJNA725879.h5ad;internal_source_record:not_publicly_portable:workspace/projects/PhyloOpenCell/metadata/ontology_mapping_candidates.tsv;internal_source_record:not_publicly_portable:workspace/projects/PhyloOpenCell/metadata/panel_label_freeze_v1.tsv	ce982b3bb39809152131211f9fd41200f6350e511d6c0e82c6582830a2c1f889;e4a09d28939b9a165661f86d5a2f4fb0c1d33fea1c7465dcc7cf874f0a8238bc;78a020ef314246281f19dc5eec25dbb28c50c5c376ee9df5a6b5090a0ec7d321	complete standardized dataset-label count; no governed panel mapping	not_in_governed_panel_hierarchy
Lemna minuta_PRJNA725879|Parenchyma cell|	Lemna minuta_PRJNA725879	PRJNA725879	Lemna minuta	not explicitly recorded in source; annotation labels include root and leaf-associated cell types		cell_type_original	Parenchyma cell	PO:0000074				unmapped	candidate_auto_exact; exact_name; Plant Ontology exact lexical match; requires curator acceptance	40	standardized_h5ad_obs;ontology_mapping_candidates;panel_label_freeze_v1	internal_source_record:not_publicly_portable:data/datasets/Bioinformatics/h5ad/Lemna minuta_PRJNA725879.h5ad;internal_source_record:not_publicly_portable:workspace/projects/PhyloOpenCell/metadata/ontology_mapping_candidates.tsv;internal_source_record:not_publicly_portable:workspace/projects/PhyloOpenCell/metadata/panel_label_freeze_v1.tsv	ce982b3bb39809152131211f9fd41200f6350e511d6c0e82c6582830a2c1f889;e4a09d28939b9a165661f86d5a2f4fb0c1d33fea1c7465dcc7cf874f0a8238bc;78a020ef314246281f19dc5eec25dbb28c50c5c376ee9df5a6b5090a0ec7d321	complete standardized dataset-label count; no governed panel mapping	not_in_governed_panel_hierarchy
Lemna minuta_PRJNA725879|Root|	Lemna minuta_PRJNA725879	PRJNA725879	Lemna minuta	not explicitly recorded in source; annotation labels include root and leaf-associated cell types		cell_type_original	Root	PO:0009005				unmapped	candidate_auto_exact; exact_name; Plant Ontology exact lexical match; requires curator acceptance	19	standardized_h5ad_obs;ontology_mapping_candidates;panel_label_freeze_v1	internal_source_record:not_publicly_portable:data/datasets/Bioinformatics/h5ad/Lemna minuta_PRJNA725879.h5ad;internal_source_record:not_publicly_portable:workspace/projects/PhyloOpenCell/metadata/ontology_mapping_candidates.tsv;internal_source_record:not_publicly_portable:workspace/projects/PhyloOpenCell/metadata/panel_label_freeze_v1.tsv	ce982b3bb39809152131211f9fd41200f6350e511d6c0e82c6582830a2c1f889;e4a09d28939b9a165661f86d5a2f4fb0c1d33fea1c7465dcc7cf874f0a8238bc;78a020ef314246281f19dc5eec25dbb28c50c5c376ee9df5a6b5090a0ec7d321	complete standardized dataset-label count; no governed panel mapping	not_in_governed_panel_hierarchy
Lemna minuta_PRJNA725879|Root transition cell|	Lemna minuta_PRJNA725879	PRJNA725879	Lemna minuta	not explicitly recorded in source; annotation labels include root and leaf-associated cell types		cell_type_original	Root transition cell					unmapped	pending_manual_curation; exact_synonym	40	standardized_h5ad_obs;ontology_mapping_candidates;panel_label_freeze_v1	internal_source_record:not_publicly_portable:data/datasets/Bioinformatics/h5ad/Lemna minuta_PRJNA725879.h5ad;internal_source_record:not_publicly_portable:workspace/projects/PhyloOpenCell/metadata/ontology_mapping_candidates.tsv;internal_source_record:not_publicly_portable:workspace/projects/PhyloOpenCell/metadata/panel_label_freeze_v1.tsv	ce982b3bb39809152131211f9fd41200f6350e511d6c0e82c6582830a2c1f889;e4a09d28939b9a165661f86d5a2f4fb0c1d33fea1c7465dcc7cf874f0a8238bc;78a020ef314246281f19dc5eec25dbb28c50c5c376ee9df5a6b5090a0ec7d321	complete standardized dataset-label count; no governed panel mapping	not_in_governed_panel_hierarchy
Lemna minuta_PRJNA725879|Unknown|	Lemna minuta_PRJNA725879	PRJNA725879	Lemna minuta	not explicitly recorded in source; annotation labels include root and leaf-associated cell types		cell_type_original	Unknown					unknown	excluded_unknown	73	standardized_h5ad_obs;ontology_mapping_candidates;panel_label_freeze_v1	internal_source_record:not_publicly_portable:data/datasets/Bioinformatics/h5ad/Lemna minuta_PRJNA725879.h5ad;internal_source_record:not_publicly_portable:workspace/projects/PhyloOpenCell/metadata/ontology_mapping_candidates.tsv;internal_source_record:not_publicly_portable:workspace/projects/PhyloOpenCell/metadata/panel_label_freeze_v1.tsv	ce982b3bb39809152131211f9fd41200f6350e511d6c0e82c6582830a2c1f889;e4a09d28939b9a165661f86d5a2f4fb0c1d33fea1c7465dcc7cf874f0a8238bc;78a020ef314246281f19dc5eec25dbb28c50c5c376ee9df5a6b5090a0ec7d321	complete standardized dataset-label count; no governed panel mapping	
Limonium bicolor_PRJNA913259|Leaf pavement cell|	Limonium bicolor_PRJNA913259	PRJNA913259	Limonium bicolor			cell_type_original	Leaf pavement cell	PO:0025212				unmapped	candidate_auto_exact; exact_name; Plant Ontology exact lexical match; requires curator acceptance	1358	standardized_h5ad_obs;ontology_mapping_candidates;panel_label_freeze_v1	internal_source_record:not_publicly_portable:data/datasets/Bioinformatics/h5ad/Limonium bicolor_PRJNA913259.h5ad;internal_source_record:not_publicly_portable:workspace/projects/PhyloOpenCell/metadata/ontology_mapping_candidates.tsv;internal_source_record:not_publicly_portable:workspace/projects/PhyloOpenCell/metadata/panel_label_freeze_v1.tsv	59d2f63876a08b85178698622914894cfa1e0f7faa424a6e1e3e12b7ff26397a;e4a09d28939b9a165661f86d5a2f4fb0c1d33fea1c7465dcc7cf874f0a8238bc;78a020ef314246281f19dc5eec25dbb28c50c5c376ee9df5a6b5090a0ec7d321	complete standardized dataset-label count; no governed panel mapping	not_in_governed_panel_hierarchy
Limonium bicolor_PRJNA913259|Leaf procambium|	Limonium bicolor_PRJNA913259	PRJNA913259	Limonium bicolor			cell_type_original	Leaf procambium	PO:0025259				unmapped	candidate_auto_exact; exact_name; Plant Ontology exact lexical match; requires curator acceptance	2874	standardized_h5ad_obs;ontology_mapping_candidates;panel_label_freeze_v1	internal_source_record:not_publicly_portable:data/datasets/Bioinformatics/h5ad/Limonium bicolor_PRJNA913259.h5ad;internal_source_record:not_publicly_portable:workspace/projects/PhyloOpenCell/metadata/ontology_mapping_candidates.tsv;internal_source_record:not_publicly_portable:workspace/projects/PhyloOpenCell/metadata/panel_label_freeze_v1.tsv	59d2f63876a08b85178698622914894cfa1e0f7faa424a6e1e3e12b7ff26397a;e4a09d28939b9a165661f86d5a2f4fb0c1d33fea1c7465dcc7cf874f0a8238bc;78a020ef314246281f19dc5eec25dbb28c50c5c376ee9df5a6b5090a0ec7d321	complete standardized dataset-label count; no governed panel mapping	not_in_governed_panel_hierarchy
Limonium bicolor_PRJNA913259|Leaf protoderm|	Limonium bicolor_PRJNA913259	PRJNA913259	Limonium bicolor			cell_type_original	Leaf protoderm					unmapped	pending_manual_curation; exact_synonym	8214	standardized_h5ad_obs;ontology_mapping_candidates;panel_label_freeze_v1	internal_source_record:not_publicly_portable:data/datasets/Bioinformatics/h5ad/Limonium bicolor_PRJNA913259.h5ad;internal_source_record:not_publicly_portable:workspace/projects/PhyloOpenCell/metadata/ontology_mapping_candidates.tsv;internal_source_record:not_publicly_portable:workspace/projects/PhyloOpenCell/metadata/panel_label_freeze_v1.tsv	59d2f63876a08b85178698622914894cfa1e0f7faa424a6e1e3e12b7ff26397a;e4a09d28939b9a165661f86d5a2f4fb0c1d33fea1c7465dcc7cf874f0a8238bc;78a020ef314246281f19dc5eec25dbb28c50c5c376ee9df5a6b5090a0ec7d321	complete standardized dataset-label count; no governed panel mapping	not_in_governed_panel_hierarchy
Limonium bicolor_PRJNA913259|Leaf vascular system|	Limonium bicolor_PRJNA913259	PRJNA913259	Limonium bicolor			cell_type_original	Leaf vascular system	PO:0000036				unmapped	candidate_auto_exact; exact_name; Plant Ontology exact lexical match; requires curator acceptance	5965	standardized_h5ad_obs;ontology_mapping_candidates;panel_label_freeze_v1	internal_source_record:not_publicly_portable:data/datasets/Bioinformatics/h5ad/Limonium bicolor_PRJNA913259.h5ad;internal_source_record:not_publicly_portable:workspace/projects/PhyloOpenCell/metadata/ontology_mapping_candidates.tsv;internal_source_record:not_publicly_portable:workspace/projects/PhyloOpenCell/metadata/panel_label_freeze_v1.tsv	59d2f63876a08b85178698622914894cfa1e0f7faa424a6e1e3e12b7ff26397a;e4a09d28939b9a165661f86d5a2f4fb0c1d33fea1c7465dcc7cf874f0a8238bc;78a020ef314246281f19dc5eec25dbb28c50c5c376ee9df5a6b5090a0ec7d321	complete standardized dataset-label count; no governed panel mapping	not_in_governed_panel_hierarchy
Limonium bicolor_PRJNA913259|Mesophyll cell|	Limonium bicolor_PRJNA913259	PRJNA913259	Limonium bicolor			cell_type_original	Mesophyll cell	PO:0004006				unmapped	candidate_auto_exact; exact_name; Plant Ontology exact lexical match; requires curator acceptance	8046	standardized_h5ad_obs;ontology_mapping_candidates;panel_label_freeze_v1	internal_source_record:not_publicly_portable:data/datasets/Bioinformatics/h5ad/Limonium bicolor_PRJNA913259.h5ad;internal_source_record:not_publicly_portable:workspace/projects/PhyloOpenCell/metadata/ontology_mapping_candidates.tsv;internal_source_record:not_publicly_portable:workspace/projects/PhyloOpenCell/metadata/panel_label_freeze_v1.tsv	59d2f63876a08b85178698622914894cfa1e0f7faa424a6e1e3e12b7ff26397a;e4a09d28939b9a165661f86d5a2f4fb0c1d33fea1c7465dcc7cf874f0a8238bc;78a020ef314246281f19dc5eec25dbb28c50c5c376ee9df5a6b5090a0ec7d321	complete standardized dataset-label count; no governed panel mapping	not_in_governed_panel_hierarchy
Limonium bicolor_PRJNA913259|Proliferating cell|	Limonium bicolor_PRJNA913259	PRJNA913259	Limonium bicolor			cell_type_original	Proliferating cell					unmapped	pending_manual_curation; exact_synonym	7016	standardized_h5ad_obs;ontology_mapping_candidates;panel_label_freeze_v1	internal_source_record:not_publicly_portable:data/datasets/Bioinformatics/h5ad/Limonium bicolor_PRJNA913259.h5ad;internal_source_record:not_publicly_portable:workspace/projects/PhyloOpenCell/metadata/ontology_mapping_candidates.tsv;internal_source_record:not_publicly_portable:workspace/projects/PhyloOpenCell/metadata/panel_label_freeze_v1.tsv	59d2f63876a08b85178698622914894cfa1e0f7faa424a6e1e3e12b7ff26397a;e4a09d28939b9a165661f86d5a2f4fb0c1d33fea1c7465dcc7cf874f0a8238bc;78a020ef314246281f19dc5eec25dbb28c50c5c376ee9df5a6b5090a0ec7d321	complete standardized dataset-label count; no governed panel mapping	not_in_governed_panel_hierarchy
Limonium bicolor_PRJNA913259|Sieve element|	Limonium bicolor_PRJNA913259	PRJNA913259	Limonium bicolor			cell_type_original	Sieve element	PO:0025406				unmapped	candidate_auto_exact; exact_name; Plant Ontology exact lexical match; requires curator acceptance	1561	standardized_h5ad_obs;ontology_mapping_candidates;panel_label_freeze_v1	internal_source_record:not_publicly_portable:data/datasets/Bioinformatics/h5ad/Limonium bicolor_PRJNA913259.h5ad;internal_source_record:not_publicly_portable:workspace/projects/PhyloOpenCell/metadata/ontology_mapping_candidates.tsv;internal_source_record:not_publicly_portable:workspace/projects/PhyloOpenCell/metadata/panel_label_freeze_v1.tsv	59d2f63876a08b85178698622914894cfa1e0f7faa424a6e1e3e12b7ff26397a;e4a09d28939b9a165661f86d5a2f4fb0c1d33fea1c7465dcc7cf874f0a8238bc;78a020ef314246281f19dc5eec25dbb28c50c5c376ee9df5a6b5090a0ec7d321	complete standardized dataset-label count; no governed panel mapping	not_in_governed_panel_hierarchy
Limonium bicolor_PRJNA913259|Unknown|	Limonium bicolor_PRJNA913259	PRJNA913259	Limonium bicolor			cell_type_original	Unknown					unknown	excluded_unknown	3542	standardized_h5ad_obs;ontology_mapping_candidates;panel_label_freeze_v1	internal_source_record:not_publicly_portable:data/datasets/Bioinformatics/h5ad/Limonium bicolor_PRJNA913259.h5ad;internal_source_record:not_publicly_portable:workspace/projects/PhyloOpenCell/metadata/ontology_mapping_candidates.tsv;internal_source_record:not_publicly_portable:workspace/projects/PhyloOpenCell/metadata/panel_label_freeze_v1.tsv	59d2f63876a08b85178698622914894cfa1e0f7faa424a6e1e3e12b7ff26397a;e4a09d28939b9a165661f86d5a2f4fb0c1d33fea1c7465dcc7cf874f0a8238bc;78a020ef314246281f19dc5eec25dbb28c50c5c376ee9df5a6b5090a0ec7d321	complete standardized dataset-label count; no governed panel mapping	
Limonium bicolor_PRJNA913259|Xylem|	Limonium bicolor_PRJNA913259	PRJNA913259	Limonium bicolor			cell_type_original	Xylem	PO:0005352				unmapped	candidate_auto_exact; exact_name; Plant Ontology exact lexical match; requires curator acceptance	1916	standardized_h5ad_obs;ontology_mapping_candidates;panel_label_freeze_v1	internal_source_record:not_publicly_portable:data/datasets/Bioinformatics/h5ad/Limonium bicolor_PRJNA913259.h5ad;internal_source_record:not_publicly_portable:workspace/projects/PhyloOpenCell/metadata/ontology_mapping_candidates.tsv;internal_source_record:not_publicly_portable:workspace/projects/PhyloOpenCell/metadata/panel_label_freeze_v1.tsv	59d2f63876a08b85178698622914894cfa1e0f7faa424a6e1e3e12b7ff26397a;e4a09d28939b9a165661f86d5a2f4fb0c1d33fea1c7465dcc7cf874f0a8238bc;78a020ef314246281f19dc5eec25dbb28c50c5c376ee9df5a6b5090a0ec7d321	complete standardized dataset-label count; no governed panel mapping	not_in_governed_panel_hierarchy
Manihot esculenta Crantz_PRJCA019992|Bundle sheath cell|	Manihot esculenta Crantz_PRJCA019992	PRJCA019992	Manihot esculenta Crantz			cell_type_original	Bundle sheath cell	PO:0025541				unmapped	candidate_auto_exact; exact_name; Plant Ontology exact lexical match; requires curator acceptance	608	standardized_h5ad_obs;ontology_mapping_candidates;panel_label_freeze_v1	internal_source_record:not_publicly_portable:data/datasets/Bioinformatics/h5ad/Manihot esculenta Crantz_PRJCA019992.h5ad;internal_source_record:not_publicly_portable:workspace/projects/PhyloOpenCell/metadata/ontology_mapping_candidates.tsv;internal_source_record:not_publicly_portable:workspace/projects/PhyloOpenCell/metadata/panel_label_freeze_v1.tsv	216fd0e7e86c82a5038b09032a6f86bb3478d4e797712d4022e5d760e3db5183;e4a09d28939b9a165661f86d5a2f4fb0c1d33fea1c7465dcc7cf874f0a8238bc;78a020ef314246281f19dc5eec25dbb28c50c5c376ee9df5a6b5090a0ec7d321	complete standardized dataset-label count; no governed panel mapping	not_in_governed_panel_hierarchy
Manihot esculenta Crantz_PRJCA019992|Companion cell|	Manihot esculenta Crantz_PRJCA019992	PRJCA019992	Manihot esculenta Crantz			cell_type_original	Companion cell	PO:0000071				unmapped	candidate_auto_exact; exact_name; Plant Ontology exact lexical match; requires curator acceptance	107	standardized_h5ad_obs;ontology_mapping_candidates;panel_label_freeze_v1	internal_source_record:not_publicly_portable:data/datasets/Bioinformatics/h5ad/Manihot esculenta Crantz_PRJCA019992.h5ad;internal_source_record:not_publicly_portable:workspace/projects/PhyloOpenCell/metadata/ontology_mapping_candidates.tsv;internal_source_record:not_publicly_portable:workspace/projects/PhyloOpenCell/metadata/panel_label_freeze_v1.tsv	216fd0e7e86c82a5038b09032a6f86bb3478d4e797712d4022e5d760e3db5183;e4a09d28939b9a165661f86d5a2f4fb0c1d33fea1c7465dcc7cf874f0a8238bc;78a020ef314246281f19dc5eec25dbb28c50c5c376ee9df5a6b5090a0ec7d321	complete standardized dataset-label count; no governed panel mapping	not_in_governed_panel_hierarchy
Manihot esculenta Crantz_PRJCA019992|G1/S-phase cell|	Manihot esculenta Crantz_PRJCA019992	PRJCA019992	Manihot esculenta Crantz			cell_type_original	G1/S-phase cell					unmapped	pending_manual_curation; exact_synonym	406	standardized_h5ad_obs;ontology_mapping_candidates;panel_label_freeze_v1	internal_source_record:not_publicly_portable:data/datasets/Bioinformatics/h5ad/Manihot esculenta Crantz_PRJCA019992.h5ad;internal_source_record:not_publicly_portable:workspace/projects/PhyloOpenCell/metadata/ontology_mapping_candidates.tsv;internal_source_record:not_publicly_portable:workspace/projects/PhyloOpenCell/metadata/panel_label_freeze_v1.tsv	216fd0e7e86c82a5038b09032a6f86bb3478d4e797712d4022e5d760e3db5183;e4a09d28939b9a165661f86d5a2f4fb0c1d33fea1c7465dcc7cf874f0a8238bc;78a020ef314246281f19dc5eec25dbb28c50c5c376ee9df5a6b5090a0ec7d321	complete standardized dataset-label count; no governed panel mapping	not_in_governed_panel_hierarchy
Manihot esculenta Crantz_PRJCA019992|G2/M-phase cell|	Manihot esculenta Crantz_PRJCA019992	PRJCA019992	Manihot esculenta Crantz			cell_type_original	G2/M-phase cell					unmapped	pending_manual_curation; exact_synonym	468	standardized_h5ad_obs;ontology_mapping_candidates;panel_label_freeze_v1	internal_source_record:not_publicly_portable:data/datasets/Bioinformatics/h5ad/Manihot esculenta Crantz_PRJCA019992.h5ad;internal_source_record:not_publicly_portable:workspace/projects/PhyloOpenCell/metadata/ontology_mapping_candidates.tsv;internal_source_record:not_publicly_portable:workspace/projects/PhyloOpenCell/metadata/panel_label_freeze_v1.tsv	216fd0e7e86c82a5038b09032a6f86bb3478d4e797712d4022e5d760e3db5183;e4a09d28939b9a165661f86d5a2f4fb0c1d33fea1c7465dcc7cf874f0a8238bc;78a020ef314246281f19dc5eec25dbb28c50c5c376ee9df5a6b5090a0ec7d321	complete standardized dataset-label count; no governed panel mapping	not_in_governed_panel_hierarchy
Manihot esculenta Crantz_PRJCA019992|Leaf guard cell|	Manihot esculenta Crantz_PRJCA019992	PRJCA019992	Manihot esculenta Crantz			cell_type_original	Leaf guard cell	PO:0025237				unmapped	candidate_auto_exact; exact_name; Plant Ontology exact lexical match; requires curator acceptance	657	standardized_h5ad_obs;ontology_mapping_candidates;panel_label_freeze_v1	internal_source_record:not_publicly_portable:data/datasets/Bioinformatics/h5ad/Manihot esculenta Crantz_PRJCA019992.h5ad;internal_source_record:not_publicly_portable:workspace/projects/PhyloOpenCell/metadata/ontology_mapping_candidates.tsv;internal_source_record:not_publicly_portable:workspace/projects/PhyloOpenCell/metadata/panel_label_freeze_v1.tsv	216fd0e7e86c82a5038b09032a6f86bb3478d4e797712d4022e5d760e3db5183;e4a09d28939b9a165661f86d5a2f4fb0c1d33fea1c7465dcc7cf874f0a8238bc;78a020ef314246281f19dc5eec25dbb28c50c5c376ee9df5a6b5090a0ec7d321	complete standardized dataset-label count; no governed panel mapping	not_in_governed_panel_hierarchy
Manihot esculenta Crantz_PRJCA019992|Leaf lamina epidermis|	Manihot esculenta Crantz_PRJCA019992	PRJCA019992	Manihot esculenta Crantz			cell_type_original	Leaf lamina epidermis	PO:0000047				unmapped	candidate_auto_exact; exact_name; Plant Ontology exact lexical match; requires curator acceptance	2001	standardized_h5ad_obs;ontology_mapping_candidates;panel_label_freeze_v1	internal_source_record:not_publicly_portable:data/datasets/Bioinformatics/h5ad/Manihot esculenta Crantz_PRJCA019992.h5ad;internal_source_record:not_publicly_portable:workspace/projects/PhyloOpenCell/metadata/ontology_mapping_candidates.tsv;internal_source_record:not_publicly_portable:workspace/projects/PhyloOpenCell/metadata/panel_label_freeze_v1.tsv	216fd0e7e86c82a5038b09032a6f86bb3478d4e797712d4022e5d760e3db5183;e4a09d28939b9a165661f86d5a2f4fb0c1d33fea1c7465dcc7cf874f0a8238bc;78a020ef314246281f19dc5eec25dbb28c50c5c376ee9df5a6b5090a0ec7d321	complete standardized dataset-label count; no governed panel mapping	not_in_governed_panel_hierarchy
Manihot esculenta Crantz_PRJCA019992|Leaf procambium|	Manihot esculenta Crantz_PRJCA019992	PRJCA019992	Manihot esculenta Crantz			cell_type_original	Leaf procambium	PO:0025259				unmapped	candidate_auto_exact; exact_name; Plant Ontology exact lexical match; requires curator acceptance	661	standardized_h5ad_obs;ontology_mapping_candidates;panel_label_freeze_v1	internal_source_record:not_publicly_portable:data/datasets/Bioinformatics/h5ad/Manihot esculenta Crantz_PRJCA019992.h5ad;internal_source_record:not_publicly_portable:workspace/projects/PhyloOpenCell/metadata/ontology_mapping_candidates.tsv;internal_source_record:not_publicly_portable:workspace/projects/PhyloOpenCell/metadata/panel_label_freeze_v1.tsv	216fd0e7e86c82a5038b09032a6f86bb3478d4e797712d4022e5d760e3db5183;e4a09d28939b9a165661f86d5a2f4fb0c1d33fea1c7465dcc7cf874f0a8238bc;78a020ef314246281f19dc5eec25dbb28c50c5c376ee9df5a6b5090a0ec7d321	complete standardized dataset-label count; no governed panel mapping	not_in_governed_panel_hierarchy
Manihot esculenta Crantz_PRJCA019992|Leaf vascular system|	Manihot esculenta Crantz_PRJCA019992	PRJCA019992	Manihot esculenta Crantz			cell_type_original	Leaf vascular system	PO:0000036				unmapped	candidate_auto_exact; exact_name; Plant Ontology exact lexical match; requires curator acceptance	58	standardized_h5ad_obs;ontology_mapping_candidates;panel_label_freeze_v1	internal_source_record:not_publicly_portable:data/datasets/Bioinformatics/h5ad/Manihot esculenta Crantz_PRJCA019992.h5ad;internal_source_record:not_publicly_portable:workspace/projects/PhyloOpenCell/metadata/ontology_mapping_candidates.tsv;internal_source_record:not_publicly_portable:workspace/projects/PhyloOpenCell/metadata/panel_label_freeze_v1.tsv	216fd0e7e86c82a5038b09032a6f86bb3478d4e797712d4022e5d760e3db5183;e4a09d28939b9a165661f86d5a2f4fb0c1d33fea1c7465dcc7cf874f0a8238bc;78a020ef314246281f19dc5eec25dbb28c50c5c376ee9df5a6b5090a0ec7d321	complete standardized dataset-label count; no governed panel mapping	not_in_governed_panel_hierarchy
Manihot esculenta Crantz_PRJCA019992|Palisade mesophyll cell|	Manihot esculenta Crantz_PRJCA019992	PRJCA019992	Manihot esculenta Crantz			cell_type_original	Palisade mesophyll cell	PO:0006206				unmapped	candidate_auto_exact; exact_name; Plant Ontology exact lexical match; requires curator acceptance	478	standardized_h5ad_obs;ontology_mapping_candidates;panel_label_freeze_v1	internal_source_record:not_publicly_portable:data/datasets/Bioinformatics/h5ad/Manihot esculenta Crantz_PRJCA019992.h5ad;internal_source_record:not_publicly_portable:workspace/projects/PhyloOpenCell/metadata/ontology_mapping_candidates.tsv;internal_source_record:not_publicly_portable:workspace/projects/PhyloOpenCell/metadata/panel_label_freeze_v1.tsv	216fd0e7e86c82a5038b09032a6f86bb3478d4e797712d4022e5d760e3db5183;e4a09d28939b9a165661f86d5a2f4fb0c1d33fea1c7465dcc7cf874f0a8238bc;78a020ef314246281f19dc5eec25dbb28c50c5c376ee9df5a6b5090a0ec7d321	complete standardized dataset-label count; no governed panel mapping	not_in_governed_panel_hierarchy
Manihot esculenta Crantz_PRJCA019992|Sieve element|	Manihot esculenta Crantz_PRJCA019992	PRJCA019992	Manihot esculenta Crantz			cell_type_original	Sieve element	PO:0025406				unmapped	candidate_auto_exact; exact_name; Plant Ontology exact lexical match; requires curator acceptance	136	standardized_h5ad_obs;ontology_mapping_candidates;panel_label_freeze_v1	internal_source_record:not_publicly_portable:data/datasets/Bioinformatics/h5ad/Manihot esculenta Crantz_PRJCA019992.h5ad;internal_source_record:not_publicly_portable:workspace/projects/PhyloOpenCell/metadata/ontology_mapping_candidates.tsv;internal_source_record:not_publicly_portable:workspace/projects/PhyloOpenCell/metadata/panel_label_freeze_v1.tsv	216fd0e7e86c82a5038b09032a6f86bb3478d4e797712d4022e5d760e3db5183;e4a09d28939b9a165661f86d5a2f4fb0c1d33fea1c7465dcc7cf874f0a8238bc;78a020ef314246281f19dc5eec25dbb28c50c5c376ee9df5a6b5090a0ec7d321	complete standardized dataset-label count; no governed panel mapping	not_in_governed_panel_hierarchy
Manihot esculenta Crantz_PRJCA019992|Spongy mesophyll cell|	Manihot esculenta Crantz_PRJCA019992	PRJCA019992	Manihot esculenta Crantz			cell_type_original	Spongy mesophyll cell	PO:0006205				unmapped	candidate_auto_exact; exact_name; Plant Ontology exact lexical match; requires curator acceptance	1830	standardized_h5ad_obs;ontology_mapping_candidates;panel_label_freeze_v1	internal_source_record:not_publicly_portable:data/datasets/Bioinformatics/h5ad/Manihot esculenta Crantz_PRJCA019992.h5ad;internal_source_record:not_publicly_portable:workspace/projects/PhyloOpenCell/metadata/ontology_mapping_candidates.tsv;internal_source_record:not_publicly_portable:workspace/projects/PhyloOpenCell/metadata/panel_label_freeze_v1.tsv	216fd0e7e86c82a5038b09032a6f86bb3478d4e797712d4022e5d760e3db5183;e4a09d28939b9a165661f86d5a2f4fb0c1d33fea1c7465dcc7cf874f0a8238bc;78a020ef314246281f19dc5eec25dbb28c50c5c376ee9df5a6b5090a0ec7d321	complete standardized dataset-label count; no governed panel mapping	not_in_governed_panel_hierarchy
Manihot esculenta Crantz_PRJCA019992|Xylem|	Manihot esculenta Crantz_PRJCA019992	PRJCA019992	Manihot esculenta Crantz			cell_type_original	Xylem	PO:0005352				unmapped	candidate_auto_exact; exact_name; Plant Ontology exact lexical match; requires curator acceptance	326	standardized_h5ad_obs;ontology_mapping_candidates;panel_label_freeze_v1	internal_source_record:not_publicly_portable:data/datasets/Bioinformatics/h5ad/Manihot esculenta Crantz_PRJCA019992.h5ad;internal_source_record:not_publicly_portable:workspace/projects/PhyloOpenCell/metadata/ontology_mapping_candidates.tsv;internal_source_record:not_publicly_portable:workspace/projects/PhyloOpenCell/metadata/panel_label_freeze_v1.tsv	216fd0e7e86c82a5038b09032a6f86bb3478d4e797712d4022e5d760e3db5183;e4a09d28939b9a165661f86d5a2f4fb0c1d33fea1c7465dcc7cf874f0a8238bc;78a020ef314246281f19dc5eec25dbb28c50c5c376ee9df5a6b5090a0ec7d321	complete standardized dataset-label count; no governed panel mapping	not_in_governed_panel_hierarchy
Manihot esculenta Crantz_PRJNA895163|Metaxylem|	Manihot esculenta Crantz_PRJNA895163	PRJNA895163	Manihot esculenta Crantz			cell_type_original	Metaxylem	PO:0000372				unmapped	candidate_auto_exact; exact_name; Plant Ontology exact lexical match; requires curator acceptance	97	standardized_h5ad_obs;ontology_mapping_candidates;panel_label_freeze_v1	internal_source_record:not_publicly_portable:data/datasets/Bioinformatics/h5ad/Manihot esculenta Crantz_PRJNA895163.h5ad;internal_source_record:not_publicly_portable:workspace/projects/PhyloOpenCell/metadata/ontology_mapping_candidates.tsv;internal_source_record:not_publicly_portable:workspace/projects/PhyloOpenCell/metadata/panel_label_freeze_v1.tsv	8909281955b9396cec2e81a374edd056cdc95bd4823f5132dac1e7eff5377f2c;e4a09d28939b9a165661f86d5a2f4fb0c1d33fea1c7465dcc7cf874f0a8238bc;78a020ef314246281f19dc5eec25dbb28c50c5c376ee9df5a6b5090a0ec7d321	complete standardized dataset-label count; no governed panel mapping	not_in_governed_panel_hierarchy
Manihot esculenta Crantz_PRJNA895163|Pericycle cell|	Manihot esculenta Crantz_PRJNA895163	PRJNA895163	Manihot esculenta Crantz			cell_type_original	Pericycle cell	PO:0025261				unmapped	candidate_auto_exact; exact_name; Plant Ontology exact lexical match; requires curator acceptance	1684	standardized_h5ad_obs;ontology_mapping_candidates;panel_label_freeze_v1	internal_source_record:not_publicly_portable:data/datasets/Bioinformatics/h5ad/Manihot esculenta Crantz_PRJNA895163.h5ad;internal_source_record:not_publicly_portable:workspace/projects/PhyloOpenCell/metadata/ontology_mapping_candidates.tsv;internal_source_record:not_publicly_portable:workspace/projects/PhyloOpenCell/metadata/panel_label_freeze_v1.tsv	8909281955b9396cec2e81a374edd056cdc95bd4823f5132dac1e7eff5377f2c;e4a09d28939b9a165661f86d5a2f4fb0c1d33fea1c7465dcc7cf874f0a8238bc;78a020ef314246281f19dc5eec25dbb28c50c5c376ee9df5a6b5090a0ec7d321	complete standardized dataset-label count; no governed panel mapping	not_in_governed_panel_hierarchy
Manihot esculenta Crantz_PRJNA895163|Phloem|	Manihot esculenta Crantz_PRJNA895163	PRJNA895163	Manihot esculenta Crantz			cell_type_original	Phloem	PO:0005417				unmapped	candidate_auto_exact; exact_name; Plant Ontology exact lexical match; requires curator acceptance	2512	standardized_h5ad_obs;ontology_mapping_candidates;panel_label_freeze_v1	internal_source_record:not_publicly_portable:data/datasets/Bioinformatics/h5ad/Manihot esculenta Crantz_PRJNA895163.h5ad;internal_source_record:not_publicly_portable:workspace/projects/PhyloOpenCell/metadata/ontology_mapping_candidates.tsv;internal_source_record:not_publicly_portable:workspace/projects/PhyloOpenCell/metadata/panel_label_freeze_v1.tsv	8909281955b9396cec2e81a374edd056cdc95bd4823f5132dac1e7eff5377f2c;e4a09d28939b9a165661f86d5a2f4fb0c1d33fea1c7465dcc7cf874f0a8238bc;78a020ef314246281f19dc5eec25dbb28c50c5c376ee9df5a6b5090a0ec7d321	complete standardized dataset-label count; no governed panel mapping	not_in_governed_panel_hierarchy
Manihot esculenta Crantz_PRJNA895163|Phloem parenchyma cell|	Manihot esculenta Crantz_PRJNA895163	PRJNA895163	Manihot esculenta Crantz			cell_type_original	Phloem parenchyma cell	PO:0025627				unmapped	candidate_auto_exact; exact_name; Plant Ontology exact lexical match; requires curator acceptance	5393	standardized_h5ad_obs;ontology_mapping_candidates;panel_label_freeze_v1	internal_source_record:not_publicly_portable:data/datasets/Bioinformatics/h5ad/Manihot esculenta Crantz_PRJNA895163.h5ad;internal_source_record:not_publicly_portable:workspace/projects/PhyloOpenCell/metadata/ontology_mapping_candidates.tsv;internal_source_record:not_publicly_portable:workspace/projects/PhyloOpenCell/metadata/panel_label_freeze_v1.tsv	8909281955b9396cec2e81a374edd056cdc95bd4823f5132dac1e7eff5377f2c;e4a09d28939b9a165661f86d5a2f4fb0c1d33fea1c7465dcc7cf874f0a8238bc;78a020ef314246281f19dc5eec25dbb28c50c5c376ee9df5a6b5090a0ec7d321	complete standardized dataset-label count; no governed panel mapping	not_in_governed_panel_hierarchy
Manihot esculenta Crantz_PRJNA895163|Root apical meristem|	Manihot esculenta Crantz_PRJNA895163	PRJNA895163	Manihot esculenta Crantz			cell_type_original	Root apical meristem	PO:0020147				unmapped	candidate_auto_exact; exact_name; Plant Ontology exact lexical match; requires curator acceptance	2892	standardized_h5ad_obs;ontology_mapping_candidates;panel_label_freeze_v1	internal_source_record:not_publicly_portable:data/datasets/Bioinformatics/h5ad/Manihot esculenta Crantz_PRJNA895163.h5ad;internal_source_record:not_publicly_portable:workspace/projects/PhyloOpenCell/metadata/ontology_mapping_candidates.tsv;internal_source_record:not_publicly_portable:workspace/projects/PhyloOpenCell/metadata/panel_label_freeze_v1.tsv	8909281955b9396cec2e81a374edd056cdc95bd4823f5132dac1e7eff5377f2c;e4a09d28939b9a165661f86d5a2f4fb0c1d33fea1c7465dcc7cf874f0a8238bc;78a020ef314246281f19dc5eec25dbb28c50c5c376ee9df5a6b5090a0ec7d321	complete standardized dataset-label count; no governed panel mapping	not_in_governed_panel_hierarchy
Manihot esculenta Crantz_PRJNA895163|Root cortex|	Manihot esculenta Crantz_PRJNA895163	PRJNA895163	Manihot esculenta Crantz			cell_type_original	Root cortex	PO:0000258				unmapped	candidate_auto_exact; exact_name; Plant Ontology exact lexical match; requires curator acceptance	179	standardized_h5ad_obs;ontology_mapping_candidates;panel_label_freeze_v1	internal_source_record:not_publicly_portable:data/datasets/Bioinformatics/h5ad/Manihot esculenta Crantz_PRJNA895163.h5ad;internal_source_record:not_publicly_portable:workspace/projects/PhyloOpenCell/metadata/ontology_mapping_candidates.tsv;internal_source_record:not_publicly_portable:workspace/projects/PhyloOpenCell/metadata/panel_label_freeze_v1.tsv	8909281955b9396cec2e81a374edd056cdc95bd4823f5132dac1e7eff5377f2c;e4a09d28939b9a165661f86d5a2f4fb0c1d33fea1c7465dcc7cf874f0a8238bc;78a020ef314246281f19dc5eec25dbb28c50c5c376ee9df5a6b5090a0ec7d321	complete standardized dataset-label count; no governed panel mapping	not_in_governed_panel_hierarchy
Manihot esculenta Crantz_PRJNA895163|Root endodermis|	Manihot esculenta Crantz_PRJNA895163	PRJNA895163	Manihot esculenta Crantz			cell_type_original	Root endodermis	PO:0005059				unmapped	candidate_auto_exact; exact_name; Plant Ontology exact lexical match; requires curator acceptance	795	standardized_h5ad_obs;ontology_mapping_candidates;panel_label_freeze_v1	internal_source_record:not_publicly_portable:data/datasets/Bioinformatics/h5ad/Manihot esculenta Crantz_PRJNA895163.h5ad;internal_source_record:not_publicly_portable:workspace/projects/PhyloOpenCell/metadata/ontology_mapping_candidates.tsv;internal_source_record:not_publicly_portable:workspace/projects/PhyloOpenCell/metadata/panel_label_freeze_v1.tsv	8909281955b9396cec2e81a374edd056cdc95bd4823f5132dac1e7eff5377f2c;e4a09d28939b9a165661f86d5a2f4fb0c1d33fea1c7465dcc7cf874f0a8238bc;78a020ef314246281f19dc5eec25dbb28c50c5c376ee9df5a6b5090a0ec7d321	complete standardized dataset-label count; no governed panel mapping	not_in_governed_panel_hierarchy
Manihot esculenta Crantz_PRJNA895163|Root epidermis|	Manihot esculenta Crantz_PRJNA895163	PRJNA895163	Manihot esculenta Crantz			cell_type_original	Root epidermis	PO:0006036				unmapped	candidate_auto_exact; exact_name; Plant Ontology exact lexical match; requires curator acceptance	3848	standardized_h5ad_obs;ontology_mapping_candidates;panel_label_freeze_v1	internal_source_record:not_publicly_portable:data/datasets/Bioinformatics/h5ad/Manihot esculenta Crantz_PRJNA895163.h5ad;internal_source_record:not_publicly_portable:workspace/projects/PhyloOpenCell/metadata/ontology_mapping_candidates.tsv;internal_source_record:not_publicly_portable:workspace/projects/PhyloOpenCell/metadata/panel_label_freeze_v1.tsv	8909281955b9396cec2e81a374edd056cdc95bd4823f5132dac1e7eff5377f2c;e4a09d28939b9a165661f86d5a2f4fb0c1d33fea1c7465dcc7cf874f0a8238bc;78a020ef314246281f19dc5eec25dbb28c50c5c376ee9df5a6b5090a0ec7d321	complete standardized dataset-label count; no governed panel mapping	not_in_governed_panel_hierarchy
Manihot esculenta Crantz_PRJNA895163|Root exodermis|	Manihot esculenta Crantz_PRJNA895163	PRJNA895163	Manihot esculenta Crantz			cell_type_original	Root exodermis					unmapped	pending_manual_curation; exact_synonym	2818	standardized_h5ad_obs;ontology_mapping_candidates;panel_label_freeze_v1	internal_source_record:not_publicly_portable:data/datasets/Bioinformatics/h5ad/Manihot esculenta Crantz_PRJNA895163.h5ad;internal_source_record:not_publicly_portable:workspace/projects/PhyloOpenCell/metadata/ontology_mapping_candidates.tsv;internal_source_record:not_publicly_portable:workspace/projects/PhyloOpenCell/metadata/panel_label_freeze_v1.tsv	8909281955b9396cec2e81a374edd056cdc95bd4823f5132dac1e7eff5377f2c;e4a09d28939b9a165661f86d5a2f4fb0c1d33fea1c7465dcc7cf874f0a8238bc;78a020ef314246281f19dc5eec25dbb28c50c5c376ee9df5a6b5090a0ec7d321	complete standardized dataset-label count; no governed panel mapping	not_in_governed_panel_hierarchy
Manihot esculenta Crantz_PRJNA895163|Root hair cell|	Manihot esculenta Crantz_PRJNA895163	PRJNA895163	Manihot esculenta Crantz			cell_type_original	Root hair cell	PO:0000256				unmapped	candidate_auto_exact; exact_name; Plant Ontology exact lexical match; requires curator acceptance	1674	standardized_h5ad_obs;ontology_mapping_candidates;panel_label_freeze_v1	internal_source_record:not_publicly_portable:data/datasets/Bioinformatics/h5ad/Manihot esculenta Crantz_PRJNA895163.h5ad;internal_source_record:not_publicly_portable:workspace/projects/PhyloOpenCell/metadata/ontology_mapping_candidates.tsv;internal_source_record:not_publicly_portable:workspace/projects/PhyloOpenCell/metadata/panel_label_freeze_v1.tsv	8909281955b9396cec2e81a374edd056cdc95bd4823f5132dac1e7eff5377f2c;e4a09d28939b9a165661f86d5a2f4fb0c1d33fea1c7465dcc7cf874f0a8238bc;78a020ef314246281f19dc5eec25dbb28c50c5c376ee9df5a6b5090a0ec7d321	complete standardized dataset-label count; no governed panel mapping	not_in_governed_panel_hierarchy
Manihot esculenta Crantz_PRJNA895163|Root vascular system|	Manihot esculenta Crantz_PRJNA895163	PRJNA895163	Manihot esculenta Crantz			cell_type_original	Root vascular system	PO:0003011				unmapped	candidate_auto_exact; exact_name; Plant Ontology exact lexical match; requires curator acceptance	21017	standardized_h5ad_obs;ontology_mapping_candidates;panel_label_freeze_v1	internal_source_record:not_publicly_portable:data/datasets/Bioinformatics/h5ad/Manihot esculenta Crantz_PRJNA895163.h5ad;internal_source_record:not_publicly_portable:workspace/projects/PhyloOpenCell/metadata/ontology_mapping_candidates.tsv;internal_source_record:not_publicly_portable:workspace/projects/PhyloOpenCell/metadata/panel_label_freeze_v1.tsv	8909281955b9396cec2e81a374edd056cdc95bd4823f5132dac1e7eff5377f2c;e4a09d28939b9a165661f86d5a2f4fb0c1d33fea1c7465dcc7cf874f0a8238bc;78a020ef314246281f19dc5eec25dbb28c50c5c376ee9df5a6b5090a0ec7d321	complete standardized dataset-label count; no governed panel mapping	not_in_governed_panel_hierarchy
Manihot esculenta Crantz_PRJNA895163|Xylem|	Manihot esculenta Crantz_PRJNA895163	PRJNA895163	Manihot esculenta Crantz			cell_type_original	Xylem	PO:0005352				unmapped	candidate_auto_exact; exact_name; Plant Ontology exact lexical match; requires curator acceptance	7471	standardized_h5ad_obs;ontology_mapping_candidates;panel_label_freeze_v1	internal_source_record:not_publicly_portable:data/datasets/Bioinformatics/h5ad/Manihot esculenta Crantz_PRJNA895163.h5ad;internal_source_record:not_publicly_portable:workspace/projects/PhyloOpenCell/metadata/ontology_mapping_candidates.tsv;internal_source_record:not_publicly_portable:workspace/projects/PhyloOpenCell/metadata/panel_label_freeze_v1.tsv	8909281955b9396cec2e81a374edd056cdc95bd4823f5132dac1e7eff5377f2c;e4a09d28939b9a165661f86d5a2f4fb0c1d33fea1c7465dcc7cf874f0a8238bc;78a020ef314246281f19dc5eec25dbb28c50c5c376ee9df5a6b5090a0ec7d321	complete standardized dataset-label count; no governed panel mapping	not_in_governed_panel_hierarchy
Medicago sativa_PRJNA885791|Phloem|	Medicago sativa_PRJNA885791	PRJNA885791	Medicago sativa			cell_type_original	Phloem	PO:0005417				unmapped	candidate_auto_exact; exact_name; Plant Ontology exact lexical match; requires curator acceptance	1892	standardized_h5ad_obs;ontology_mapping_candidates;panel_label_freeze_v1	internal_source_record:not_publicly_portable:data/datasets/Bioinformatics/h5ad/Medicago sativa_PRJNA885791.h5ad;internal_source_record:not_publicly_portable:workspace/projects/PhyloOpenCell/metadata/ontology_mapping_candidates.tsv;internal_source_record:not_publicly_portable:workspace/projects/PhyloOpenCell/metadata/panel_label_freeze_v1.tsv	94218e8ea42eb1e106d1d5f30aec3649f570ce875b7af71e9aa2c33748103260;e4a09d28939b9a165661f86d5a2f4fb0c1d33fea1c7465dcc7cf874f0a8238bc;78a020ef314246281f19dc5eec25dbb28c50c5c376ee9df5a6b5090a0ec7d321	complete standardized dataset-label count; no governed panel mapping	not_in_governed_panel_hierarchy
Medicago sativa_PRJNA885791|Proximal meristem|	Medicago sativa_PRJNA885791	PRJNA885791	Medicago sativa			cell_type_original	Proximal meristem					unmapped	pending_manual_curation; exact_synonym	2071	standardized_h5ad_obs;ontology_mapping_candidates;panel_label_freeze_v1	internal_source_record:not_publicly_portable:data/datasets/Bioinformatics/h5ad/Medicago sativa_PRJNA885791.h5ad;internal_source_record:not_publicly_portable:workspace/projects/PhyloOpenCell/metadata/ontology_mapping_candidates.tsv;internal_source_record:not_publicly_portable:workspace/projects/PhyloOpenCell/metadata/panel_label_freeze_v1.tsv	94218e8ea42eb1e106d1d5f30aec3649f570ce875b7af71e9aa2c33748103260;e4a09d28939b9a165661f86d5a2f4fb0c1d33fea1c7465dcc7cf874f0a8238bc;78a020ef314246281f19dc5eec25dbb28c50c5c376ee9df5a6b5090a0ec7d321	complete standardized dataset-label count; no governed panel mapping	not_in_governed_panel_hierarchy
Medicago sativa_PRJNA885791|Root endodermis|	Medicago sativa_PRJNA885791	PRJNA885791	Medicago sativa			cell_type_original	Root endodermis	PO:0005059				unmapped	candidate_auto_exact; exact_name; Plant Ontology exact lexical match; requires curator acceptance	864	standardized_h5ad_obs;ontology_mapping_candidates;panel_label_freeze_v1	internal_source_record:not_publicly_portable:data/datasets/Bioinformatics/h5ad/Medicago sativa_PRJNA885791.h5ad;internal_source_record:not_publicly_portable:workspace/projects/PhyloOpenCell/metadata/ontology_mapping_candidates.tsv;internal_source_record:not_publicly_portable:workspace/projects/PhyloOpenCell/metadata/panel_label_freeze_v1.tsv	94218e8ea42eb1e106d1d5f30aec3649f570ce875b7af71e9aa2c33748103260;e4a09d28939b9a165661f86d5a2f4fb0c1d33fea1c7465dcc7cf874f0a8238bc;78a020ef314246281f19dc5eec25dbb28c50c5c376ee9df5a6b5090a0ec7d321	complete standardized dataset-label count; no governed panel mapping	not_in_governed_panel_hierarchy
Medicago sativa_PRJNA885791|Root epidermis|	Medicago sativa_PRJNA885791	PRJNA885791	Medicago sativa			cell_type_original	Root epidermis	PO:0006036				unmapped	candidate_auto_exact; exact_name; Plant Ontology exact lexical match; requires curator acceptance	1147	standardized_h5ad_obs;ontology_mapping_candidates;panel_label_freeze_v1	internal_source_record:not_publicly_portable:data/datasets/Bioinformatics/h5ad/Medicago sativa_PRJNA885791.h5ad;internal_source_record:not_publicly_portable:workspace/projects/PhyloOpenCell/metadata/ontology_mapping_candidates.tsv;internal_source_record:not_publicly_portable:workspace/projects/PhyloOpenCell/metadata/panel_label_freeze_v1.tsv	94218e8ea42eb1e106d1d5f30aec3649f570ce875b7af71e9aa2c33748103260;e4a09d28939b9a165661f86d5a2f4fb0c1d33fea1c7465dcc7cf874f0a8238bc;78a020ef314246281f19dc5eec25dbb28c50c5c376ee9df5a6b5090a0ec7d321	complete standardized dataset-label count; no governed panel mapping	not_in_governed_panel_hierarchy
Medicago sativa_PRJNA885791|Root vascular cambium|	Medicago sativa_PRJNA885791	PRJNA885791	Medicago sativa			cell_type_original	Root vascular cambium	PO:0025438				unmapped	candidate_auto_exact; exact_name; Plant Ontology exact lexical match; requires curator acceptance	503	standardized_h5ad_obs;ontology_mapping_candidates;panel_label_freeze_v1	internal_source_record:not_publicly_portable:data/datasets/Bioinformatics/h5ad/Medicago sativa_PRJNA885791.h5ad;internal_source_record:not_publicly_portable:workspace/projects/PhyloOpenCell/metadata/ontology_mapping_candidates.tsv;internal_source_record:not_publicly_portable:workspace/projects/PhyloOpenCell/metadata/panel_label_freeze_v1.tsv	94218e8ea42eb1e106d1d5f30aec3649f570ce875b7af71e9aa2c33748103260;e4a09d28939b9a165661f86d5a2f4fb0c1d33fea1c7465dcc7cf874f0a8238bc;78a020ef314246281f19dc5eec25dbb28c50c5c376ee9df5a6b5090a0ec7d321	complete standardized dataset-label count; no governed panel mapping	not_in_governed_panel_hierarchy
Medicago sativa_PRJNA885791|Root vascular system|	Medicago sativa_PRJNA885791	PRJNA885791	Medicago sativa			cell_type_original	Root vascular system	PO:0003011				unmapped	candidate_auto_exact; exact_name; Plant Ontology exact lexical match; requires curator acceptance	1947	standardized_h5ad_obs;ontology_mapping_candidates;panel_label_freeze_v1	internal_source_record:not_publicly_portable:data/datasets/Bioinformatics/h5ad/Medicago sativa_PRJNA885791.h5ad;internal_source_record:not_publicly_portable:workspace/projects/PhyloOpenCell/metadata/ontology_mapping_candidates.tsv;internal_source_record:not_publicly_portable:workspace/projects/PhyloOpenCell/metadata/panel_label_freeze_v1.tsv	94218e8ea42eb1e106d1d5f30aec3649f570ce875b7af71e9aa2c33748103260;e4a09d28939b9a165661f86d5a2f4fb0c1d33fea1c7465dcc7cf874f0a8238bc;78a020ef314246281f19dc5eec25dbb28c50c5c376ee9df5a6b5090a0ec7d321	complete standardized dataset-label count; no governed panel mapping	not_in_governed_panel_hierarchy
Medicago sativa_PRJNA885791|Stem cell niche|	Medicago sativa_PRJNA885791	PRJNA885791	Medicago sativa			cell_type_original	Stem cell niche					unmapped	pending_manual_curation; exact_synonym	384	standardized_h5ad_obs;ontology_mapping_candidates;panel_label_freeze_v1	internal_source_record:not_publicly_portable:data/datasets/Bioinformatics/h5ad/Medicago sativa_PRJNA885791.h5ad;internal_source_record:not_publicly_portable:workspace/projects/PhyloOpenCell/metadata/ontology_mapping_candidates.tsv;internal_source_record:not_publicly_portable:workspace/projects/PhyloOpenCell/metadata/panel_label_freeze_v1.tsv	94218e8ea42eb1e106d1d5f30aec3649f570ce875b7af71e9aa2c33748103260;e4a09d28939b9a165661f86d5a2f4fb0c1d33fea1c7465dcc7cf874f0a8238bc;78a020ef314246281f19dc5eec25dbb28c50c5c376ee9df5a6b5090a0ec7d321	complete standardized dataset-label count; no governed panel mapping	not_in_governed_panel_hierarchy
Medicago sativa_PRJNA885791|Unknown|	Medicago sativa_PRJNA885791	PRJNA885791	Medicago sativa			cell_type_original	Unknown					unknown	excluded_unknown	2832	standardized_h5ad_obs;ontology_mapping_candidates;panel_label_freeze_v1	internal_source_record:not_publicly_portable:data/datasets/Bioinformatics/h5ad/Medicago sativa_PRJNA885791.h5ad;internal_source_record:not_publicly_portable:workspace/projects/PhyloOpenCell/metadata/ontology_mapping_candidates.tsv;internal_source_record:not_publicly_portable:workspace/projects/PhyloOpenCell/metadata/panel_label_freeze_v1.tsv	94218e8ea42eb1e106d1d5f30aec3649f570ce875b7af71e9aa2c33748103260;e4a09d28939b9a165661f86d5a2f4fb0c1d33fea1c7465dcc7cf874f0a8238bc;78a020ef314246281f19dc5eec25dbb28c50c5c376ee9df5a6b5090a0ec7d321	complete standardized dataset-label count; no governed panel mapping	
Medicago truncatula_PRJCA011245|Cortex|	Medicago truncatula_PRJCA011245	PRJCA011245	Medicago truncatula			cell_type_original	Cortex	PO:0005708				unmapped	candidate_auto_exact; exact_name; Plant Ontology exact lexical match; requires curator acceptance	22002	standardized_h5ad_obs;ontology_mapping_candidates;panel_label_freeze_v1	internal_source_record:not_publicly_portable:data/datasets/Bioinformatics/h5ad/Medicago truncatula_PRJCA011245.h5ad;internal_source_record:not_publicly_portable:workspace/projects/PhyloOpenCell/metadata/ontology_mapping_candidates.tsv;internal_source_record:not_publicly_portable:workspace/projects/PhyloOpenCell/metadata/panel_label_freeze_v1.tsv	799d96728b393ac8333ec7729468a5542351a99d77d169fcf182dfd625afe1ec;e4a09d28939b9a165661f86d5a2f4fb0c1d33fea1c7465dcc7cf874f0a8238bc;78a020ef314246281f19dc5eec25dbb28c50c5c376ee9df5a6b5090a0ec7d321	complete standardized dataset-label count; no governed panel mapping	not_in_governed_panel_hierarchy
Medicago truncatula_PRJCA011245|Root apical meristem|	Medicago truncatula_PRJCA011245	PRJCA011245	Medicago truncatula			cell_type_original	Root apical meristem	PO:0020147				unmapped	candidate_auto_exact; exact_name; Plant Ontology exact lexical match; requires curator acceptance	1958	standardized_h5ad_obs;ontology_mapping_candidates;panel_label_freeze_v1	internal_source_record:not_publicly_portable:data/datasets/Bioinformatics/h5ad/Medicago truncatula_PRJCA011245.h5ad;internal_source_record:not_publicly_portable:workspace/projects/PhyloOpenCell/metadata/ontology_mapping_candidates.tsv;internal_source_record:not_publicly_portable:workspace/projects/PhyloOpenCell/metadata/panel_label_freeze_v1.tsv	799d96728b393ac8333ec7729468a5542351a99d77d169fcf182dfd625afe1ec;e4a09d28939b9a165661f86d5a2f4fb0c1d33fea1c7465dcc7cf874f0a8238bc;78a020ef314246281f19dc5eec25dbb28c50c5c376ee9df5a6b5090a0ec7d321	complete standardized dataset-label count; no governed panel mapping	not_in_governed_panel_hierarchy
Medicago truncatula_PRJCA011245|Root endodermis|	Medicago truncatula_PRJCA011245	PRJCA011245	Medicago truncatula			cell_type_original	Root endodermis	PO:0005059				unmapped	candidate_auto_exact; exact_name; Plant Ontology exact lexical match; requires curator acceptance	5660	standardized_h5ad_obs;ontology_mapping_candidates;panel_label_freeze_v1	internal_source_record:not_publicly_portable:data/datasets/Bioinformatics/h5ad/Medicago truncatula_PRJCA011245.h5ad;internal_source_record:not_publicly_portable:workspace/projects/PhyloOpenCell/metadata/ontology_mapping_candidates.tsv;internal_source_record:not_publicly_portable:workspace/projects/PhyloOpenCell/metadata/panel_label_freeze_v1.tsv	799d96728b393ac8333ec7729468a5542351a99d77d169fcf182dfd625afe1ec;e4a09d28939b9a165661f86d5a2f4fb0c1d33fea1c7465dcc7cf874f0a8238bc;78a020ef314246281f19dc5eec25dbb28c50c5c376ee9df5a6b5090a0ec7d321	complete standardized dataset-label count; no governed panel mapping	not_in_governed_panel_hierarchy
Medicago truncatula_PRJCA011245|Root epidermis|	Medicago truncatula_PRJCA011245	PRJCA011245	Medicago truncatula			cell_type_original	Root epidermis	PO:0006036				unmapped	candidate_auto_exact; exact_name; Plant Ontology exact lexical match; requires curator acceptance	14994	standardized_h5ad_obs;ontology_mapping_candidates;panel_label_freeze_v1	internal_source_record:not_publicly_portable:data/datasets/Bioinformatics/h5ad/Medicago truncatula_PRJCA011245.h5ad;internal_source_record:not_publicly_portable:workspace/projects/PhyloOpenCell/metadata/ontology_mapping_candidates.tsv;internal_source_record:not_publicly_portable:workspace/projects/PhyloOpenCell/metadata/panel_label_freeze_v1.tsv	799d96728b393ac8333ec7729468a5542351a99d77d169fcf182dfd625afe1ec;e4a09d28939b9a165661f86d5a2f4fb0c1d33fea1c7465dcc7cf874f0a8238bc;78a020ef314246281f19dc5eec25dbb28c50c5c376ee9df5a6b5090a0ec7d321	complete standardized dataset-label count; no governed panel mapping	not_in_governed_panel_hierarchy
Medicago truncatula_PRJCA011245|Root stele|	Medicago truncatula_PRJCA011245	PRJCA011245	Medicago truncatula			cell_type_original	Root stele	PO:0020124				unmapped	candidate_auto_exact; exact_name; Plant Ontology exact lexical match; requires curator acceptance	24825	standardized_h5ad_obs;ontology_mapping_candidates;panel_label_freeze_v1	internal_source_record:not_publicly_portable:data/datasets/Bioinformatics/h5ad/Medicago truncatula_PRJCA011245.h5ad;internal_source_record:not_publicly_portable:workspace/projects/PhyloOpenCell/metadata/ontology_mapping_candidates.tsv;internal_source_record:not_publicly_portable:workspace/projects/PhyloOpenCell/metadata/panel_label_freeze_v1.tsv	799d96728b393ac8333ec7729468a5542351a99d77d169fcf182dfd625afe1ec;e4a09d28939b9a165661f86d5a2f4fb0c1d33fea1c7465dcc7cf874f0a8238bc;78a020ef314246281f19dc5eec25dbb28c50c5c376ee9df5a6b5090a0ec7d321	complete standardized dataset-label count; no governed panel mapping	not_in_governed_panel_hierarchy
Medicago truncatula_PRJCA011245|Unknown|	Medicago truncatula_PRJCA011245	PRJCA011245	Medicago truncatula			cell_type_original	Unknown					unknown	excluded_unknown	85132	standardized_h5ad_obs;ontology_mapping_candidates;panel_label_freeze_v1	internal_source_record:not_publicly_portable:data/datasets/Bioinformatics/h5ad/Medicago truncatula_PRJCA011245.h5ad;internal_source_record:not_publicly_portable:workspace/projects/PhyloOpenCell/metadata/ontology_mapping_candidates.tsv;internal_source_record:not_publicly_portable:workspace/projects/PhyloOpenCell/metadata/panel_label_freeze_v1.tsv	799d96728b393ac8333ec7729468a5542351a99d77d169fcf182dfd625afe1ec;e4a09d28939b9a165661f86d5a2f4fb0c1d33fea1c7465dcc7cf874f0a8238bc;78a020ef314246281f19dc5eec25dbb28c50c5c376ee9df5a6b5090a0ec7d321	complete standardized dataset-label count; no governed panel mapping	
Medicago truncatula_PRJCA012129|Nitrogen-fixing bacteria|	Medicago truncatula_PRJCA012129	PRJCA012129	Medicago truncatula			cell_type_original	Nitrogen-fixing bacteria					unmapped	pending_manual_curation; exact_synonym	515	standardized_h5ad_obs;ontology_mapping_candidates;panel_label_freeze_v1	internal_source_record:not_publicly_portable:data/datasets/Bioinformatics/h5ad/Medicago truncatula_PRJCA012129.h5ad;internal_source_record:not_publicly_portable:workspace/projects/PhyloOpenCell/metadata/ontology_mapping_candidates.tsv;internal_source_record:not_publicly_portable:workspace/projects/PhyloOpenCell/metadata/panel_label_freeze_v1.tsv	4633e20c7f856fdf7386795560661dd58ab99561f0dd9dd70a0cf695b31fbd81;e4a09d28939b9a165661f86d5a2f4fb0c1d33fea1c7465dcc7cf874f0a8238bc;78a020ef314246281f19dc5eec25dbb28c50c5c376ee9df5a6b5090a0ec7d321	complete standardized dataset-label count; no governed panel mapping	not_in_governed_panel_hierarchy
Medicago truncatula_PRJCA012129|Nodule apex|	Medicago truncatula_PRJCA012129	PRJCA012129	Medicago truncatula			cell_type_original	Nodule apex					unmapped	pending_manual_curation; exact_synonym	940	standardized_h5ad_obs;ontology_mapping_candidates;panel_label_freeze_v1	internal_source_record:not_publicly_portable:data/datasets/Bioinformatics/h5ad/Medicago truncatula_PRJCA012129.h5ad;internal_source_record:not_publicly_portable:workspace/projects/PhyloOpenCell/metadata/ontology_mapping_candidates.tsv;internal_source_record:not_publicly_portable:workspace/projects/PhyloOpenCell/metadata/panel_label_freeze_v1.tsv	4633e20c7f856fdf7386795560661dd58ab99561f0dd9dd70a0cf695b31fbd81;e4a09d28939b9a165661f86d5a2f4fb0c1d33fea1c7465dcc7cf874f0a8238bc;78a020ef314246281f19dc5eec25dbb28c50c5c376ee9df5a6b5090a0ec7d321	complete standardized dataset-label count; no governed panel mapping	not_in_governed_panel_hierarchy
Medicago truncatula_PRJCA012129|Nodule parenchyma|	Medicago truncatula_PRJCA012129	PRJCA012129	Medicago truncatula			cell_type_original	Nodule parenchyma					unmapped	pending_manual_curation; exact_synonym	1257	standardized_h5ad_obs;ontology_mapping_candidates;panel_label_freeze_v1	internal_source_record:not_publicly_portable:data/datasets/Bioinformatics/h5ad/Medicago truncatula_PRJCA012129.h5ad;internal_source_record:not_publicly_portable:workspace/projects/PhyloOpenCell/metadata/ontology_mapping_candidates.tsv;internal_source_record:not_publicly_portable:workspace/projects/PhyloOpenCell/metadata/panel_label_freeze_v1.tsv	4633e20c7f856fdf7386795560661dd58ab99561f0dd9dd70a0cf695b31fbd81;e4a09d28939b9a165661f86d5a2f4fb0c1d33fea1c7465dcc7cf874f0a8238bc;78a020ef314246281f19dc5eec25dbb28c50c5c376ee9df5a6b5090a0ec7d321	complete standardized dataset-label count; no governed panel mapping	not_in_governed_panel_hierarchy
Medicago truncatula_PRJCA012129|Root vascular system|	Medicago truncatula_PRJCA012129	PRJCA012129	Medicago truncatula			cell_type_original	Root vascular system	PO:0003011				unmapped	candidate_auto_exact; exact_name; Plant Ontology exact lexical match; requires curator acceptance	183	standardized_h5ad_obs;ontology_mapping_candidates;panel_label_freeze_v1	internal_source_record:not_publicly_portable:data/datasets/Bioinformatics/h5ad/Medicago truncatula_PRJCA012129.h5ad;internal_source_record:not_publicly_portable:workspace/projects/PhyloOpenCell/metadata/ontology_mapping_candidates.tsv;internal_source_record:not_publicly_portable:workspace/projects/PhyloOpenCell/metadata/panel_label_freeze_v1.tsv	4633e20c7f856fdf7386795560661dd58ab99561f0dd9dd70a0cf695b31fbd81;e4a09d28939b9a165661f86d5a2f4fb0c1d33fea1c7465dcc7cf874f0a8238bc;78a020ef314246281f19dc5eec25dbb28c50c5c376ee9df5a6b5090a0ec7d321	complete standardized dataset-label count; no governed panel mapping	not_in_governed_panel_hierarchy
Medicago truncatula_PRJCA012129|Unknown|	Medicago truncatula_PRJCA012129	PRJCA012129	Medicago truncatula			cell_type_original	Unknown					unknown	excluded_unknown	8769	standardized_h5ad_obs;ontology_mapping_candidates;panel_label_freeze_v1	internal_source_record:not_publicly_portable:data/datasets/Bioinformatics/h5ad/Medicago truncatula_PRJCA012129.h5ad;internal_source_record:not_publicly_portable:workspace/projects/PhyloOpenCell/metadata/ontology_mapping_candidates.tsv;internal_source_record:not_publicly_portable:workspace/projects/PhyloOpenCell/metadata/panel_label_freeze_v1.tsv	4633e20c7f856fdf7386795560661dd58ab99561f0dd9dd70a0cf695b31fbd81;e4a09d28939b9a165661f86d5a2f4fb0c1d33fea1c7465dcc7cf874f0a8238bc;78a020ef314246281f19dc5eec25dbb28c50c5c376ee9df5a6b5090a0ec7d321	complete standardized dataset-label count; no governed panel mapping	
Medicago truncatula_PRJNA868047|Root cortex|	Medicago truncatula_PRJNA868047	PRJNA868047	Medicago truncatula			cell_type_original	Root cortex	PO:0000258				unmapped	candidate_auto_exact; exact_name; Plant Ontology exact lexical match; requires curator acceptance	1841	standardized_h5ad_obs;ontology_mapping_candidates;panel_label_freeze_v1	internal_source_record:not_publicly_portable:data/datasets/Bioinformatics/h5ad/Medicago truncatula_PRJNA868047.h5ad;internal_source_record:not_publicly_portable:workspace/projects/PhyloOpenCell/metadata/ontology_mapping_candidates.tsv;internal_source_record:not_publicly_portable:workspace/projects/PhyloOpenCell/metadata/panel_label_freeze_v1.tsv	08f961ff06d8e333b579da93a69f1e91e9afc6d1d82b3538f4170b774f2ee1b8;e4a09d28939b9a165661f86d5a2f4fb0c1d33fea1c7465dcc7cf874f0a8238bc;78a020ef314246281f19dc5eec25dbb28c50c5c376ee9df5a6b5090a0ec7d321	complete standardized dataset-label count; no governed panel mapping	not_in_governed_panel_hierarchy
Medicago truncatula_PRJNA868047|Root endodermis|	Medicago truncatula_PRJNA868047	PRJNA868047	Medicago truncatula			cell_type_original	Root endodermis	PO:0005059				unmapped	candidate_auto_exact; exact_name; Plant Ontology exact lexical match; requires curator acceptance	2853	standardized_h5ad_obs;ontology_mapping_candidates;panel_label_freeze_v1	internal_source_record:not_publicly_portable:data/datasets/Bioinformatics/h5ad/Medicago truncatula_PRJNA868047.h5ad;internal_source_record:not_publicly_portable:workspace/projects/PhyloOpenCell/metadata/ontology_mapping_candidates.tsv;internal_source_record:not_publicly_portable:workspace/projects/PhyloOpenCell/metadata/panel_label_freeze_v1.tsv	08f961ff06d8e333b579da93a69f1e91e9afc6d1d82b3538f4170b774f2ee1b8;e4a09d28939b9a165661f86d5a2f4fb0c1d33fea1c7465dcc7cf874f0a8238bc;78a020ef314246281f19dc5eec25dbb28c50c5c376ee9df5a6b5090a0ec7d321	complete standardized dataset-label count; no governed panel mapping	not_in_governed_panel_hierarchy
Medicago truncatula_PRJNA868047|Root epidermis|	Medicago truncatula_PRJNA868047	PRJNA868047	Medicago truncatula			cell_type_original	Root epidermis	PO:0006036				unmapped	candidate_auto_exact; exact_name; Plant Ontology exact lexical match; requires curator acceptance	6403	standardized_h5ad_obs;ontology_mapping_candidates;panel_label_freeze_v1	internal_source_record:not_publicly_portable:data/datasets/Bioinformatics/h5ad/Medicago truncatula_PRJNA868047.h5ad;internal_source_record:not_publicly_portable:workspace/projects/PhyloOpenCell/metadata/ontology_mapping_candidates.tsv;internal_source_record:not_publicly_portable:workspace/projects/PhyloOpenCell/metadata/panel_label_freeze_v1.tsv	08f961ff06d8e333b579da93a69f1e91e9afc6d1d82b3538f4170b774f2ee1b8;e4a09d28939b9a165661f86d5a2f4fb0c1d33fea1c7465dcc7cf874f0a8238bc;78a020ef314246281f19dc5eec25dbb28c50c5c376ee9df5a6b5090a0ec7d321	complete standardized dataset-label count; no governed panel mapping	not_in_governed_panel_hierarchy
Medicago truncatula_PRJNA868047|Root stele|	Medicago truncatula_PRJNA868047	PRJNA868047	Medicago truncatula			cell_type_original	Root stele	PO:0020124				unmapped	candidate_auto_exact; exact_name; Plant Ontology exact lexical match; requires curator acceptance	3213	standardized_h5ad_obs;ontology_mapping_candidates;panel_label_freeze_v1	internal_source_record:not_publicly_portable:data/datasets/Bioinformatics/h5ad/Medicago truncatula_PRJNA868047.h5ad;internal_source_record:not_publicly_portable:workspace/projects/PhyloOpenCell/metadata/ontology_mapping_candidates.tsv;internal_source_record:not_publicly_portable:workspace/projects/PhyloOpenCell/metadata/panel_label_freeze_v1.tsv	08f961ff06d8e333b579da93a69f1e91e9afc6d1d82b3538f4170b774f2ee1b8;e4a09d28939b9a165661f86d5a2f4fb0c1d33fea1c7465dcc7cf874f0a8238bc;78a020ef314246281f19dc5eec25dbb28c50c5c376ee9df5a6b5090a0ec7d321	complete standardized dataset-label count; no governed panel mapping	not_in_governed_panel_hierarchy
Medicago truncatula_PRJNA868047|Stem cell niche|	Medicago truncatula_PRJNA868047	PRJNA868047	Medicago truncatula			cell_type_original	Stem cell niche					unmapped	pending_manual_curation; exact_synonym	1046	standardized_h5ad_obs;ontology_mapping_candidates;panel_label_freeze_v1	internal_source_record:not_publicly_portable:data/datasets/Bioinformatics/h5ad/Medicago truncatula_PRJNA868047.h5ad;internal_source_record:not_publicly_portable:workspace/projects/PhyloOpenCell/metadata/ontology_mapping_candidates.tsv;internal_source_record:not_publicly_portable:workspace/projects/PhyloOpenCell/metadata/panel_label_freeze_v1.tsv	08f961ff06d8e333b579da93a69f1e91e9afc6d1d82b3538f4170b774f2ee1b8;e4a09d28939b9a165661f86d5a2f4fb0c1d33fea1c7465dcc7cf874f0a8238bc;78a020ef314246281f19dc5eec25dbb28c50c5c376ee9df5a6b5090a0ec7d321	complete standardized dataset-label count; no governed panel mapping	not_in_governed_panel_hierarchy
Medicago truncatula_PRJNA868047|Unknown|	Medicago truncatula_PRJNA868047	PRJNA868047	Medicago truncatula			cell_type_original	Unknown					unknown	excluded_unknown	15820	standardized_h5ad_obs;ontology_mapping_candidates;panel_label_freeze_v1	internal_source_record:not_publicly_portable:data/datasets/Bioinformatics/h5ad/Medicago truncatula_PRJNA868047.h5ad;internal_source_record:not_publicly_portable:workspace/projects/PhyloOpenCell/metadata/ontology_mapping_candidates.tsv;internal_source_record:not_publicly_portable:workspace/projects/PhyloOpenCell/metadata/panel_label_freeze_v1.tsv	08f961ff06d8e333b579da93a69f1e91e9afc6d1d82b3538f4170b774f2ee1b8;e4a09d28939b9a165661f86d5a2f4fb0c1d33fea1c7465dcc7cf874f0a8238bc;78a020ef314246281f19dc5eec25dbb28c50c5c376ee9df5a6b5090a0ec7d321	complete standardized dataset-label count; no governed panel mapping	
Medicago truncatula_PRJNA931615|Cortex|	Medicago truncatula_PRJNA931615	PRJNA931615	Medicago truncatula			cell_type_original	Cortex	PO:0005708				unmapped	candidate_auto_exact; exact_name; Plant Ontology exact lexical match; requires curator acceptance	9211	standardized_h5ad_obs;ontology_mapping_candidates;panel_label_freeze_v1	internal_source_record:not_publicly_portable:data/datasets/Bioinformatics/h5ad/Medicago truncatula_PRJNA931615.h5ad;internal_source_record:not_publicly_portable:workspace/projects/PhyloOpenCell/metadata/ontology_mapping_candidates.tsv;internal_source_record:not_publicly_portable:workspace/projects/PhyloOpenCell/metadata/panel_label_freeze_v1.tsv	f22ed424283744e16675379aa307dc4d3c2ae16b93af41bcbd2d418be74b841d;e4a09d28939b9a165661f86d5a2f4fb0c1d33fea1c7465dcc7cf874f0a8238bc;78a020ef314246281f19dc5eec25dbb28c50c5c376ee9df5a6b5090a0ec7d321	complete standardized dataset-label count; no governed panel mapping	not_in_governed_panel_hierarchy
Medicago truncatula_PRJNA931615|Non-hair root epidermal cell|	Medicago truncatula_PRJNA931615	PRJNA931615	Medicago truncatula			cell_type_original	Non-hair root epidermal cell	PO:0000263				unmapped	candidate_auto_exact; exact_name; Plant Ontology exact lexical match; requires curator acceptance	9634	standardized_h5ad_obs;ontology_mapping_candidates;panel_label_freeze_v1	internal_source_record:not_publicly_portable:data/datasets/Bioinformatics/h5ad/Medicago truncatula_PRJNA931615.h5ad;internal_source_record:not_publicly_portable:workspace/projects/PhyloOpenCell/metadata/ontology_mapping_candidates.tsv;internal_source_record:not_publicly_portable:workspace/projects/PhyloOpenCell/metadata/panel_label_freeze_v1.tsv	f22ed424283744e16675379aa307dc4d3c2ae16b93af41bcbd2d418be74b841d;e4a09d28939b9a165661f86d5a2f4fb0c1d33fea1c7465dcc7cf874f0a8238bc;78a020ef314246281f19dc5eec25dbb28c50c5c376ee9df5a6b5090a0ec7d321	complete standardized dataset-label count; no governed panel mapping	not_in_governed_panel_hierarchy
Medicago truncatula_PRJNA931615|Phloem|	Medicago truncatula_PRJNA931615	PRJNA931615	Medicago truncatula			cell_type_original	Phloem	PO:0005417				unmapped	candidate_auto_exact; exact_name; Plant Ontology exact lexical match; requires curator acceptance	1460	standardized_h5ad_obs;ontology_mapping_candidates;panel_label_freeze_v1	internal_source_record:not_publicly_portable:data/datasets/Bioinformatics/h5ad/Medicago truncatula_PRJNA931615.h5ad;internal_source_record:not_publicly_portable:workspace/projects/PhyloOpenCell/metadata/ontology_mapping_candidates.tsv;internal_source_record:not_publicly_portable:workspace/projects/PhyloOpenCell/metadata/panel_label_freeze_v1.tsv	f22ed424283744e16675379aa307dc4d3c2ae16b93af41bcbd2d418be74b841d;e4a09d28939b9a165661f86d5a2f4fb0c1d33fea1c7465dcc7cf874f0a8238bc;78a020ef314246281f19dc5eec25dbb28c50c5c376ee9df5a6b5090a0ec7d321	complete standardized dataset-label count; no governed panel mapping	not_in_governed_panel_hierarchy
Medicago truncatula_PRJNA931615|Root endodermis|	Medicago truncatula_PRJNA931615	PRJNA931615	Medicago truncatula			cell_type_original	Root endodermis	PO:0005059				unmapped	candidate_auto_exact; exact_name; Plant Ontology exact lexical match; requires curator acceptance	2310	standardized_h5ad_obs;ontology_mapping_candidates;panel_label_freeze_v1	internal_source_record:not_publicly_portable:data/datasets/Bioinformatics/h5ad/Medicago truncatula_PRJNA931615.h5ad;internal_source_record:not_publicly_portable:workspace/projects/PhyloOpenCell/metadata/ontology_mapping_candidates.tsv;internal_source_record:not_publicly_portable:workspace/projects/PhyloOpenCell/metadata/panel_label_freeze_v1.tsv	f22ed424283744e16675379aa307dc4d3c2ae16b93af41bcbd2d418be74b841d;e4a09d28939b9a165661f86d5a2f4fb0c1d33fea1c7465dcc7cf874f0a8238bc;78a020ef314246281f19dc5eec25dbb28c50c5c376ee9df5a6b5090a0ec7d321	complete standardized dataset-label count; no governed panel mapping	not_in_governed_panel_hierarchy
Medicago truncatula_PRJNA931615|Root hair cell|	Medicago truncatula_PRJNA931615	PRJNA931615	Medicago truncatula			cell_type_original	Root hair cell	PO:0000256				unmapped	candidate_auto_exact; exact_name; Plant Ontology exact lexical match; requires curator acceptance	816	standardized_h5ad_obs;ontology_mapping_candidates;panel_label_freeze_v1	internal_source_record:not_publicly_portable:data/datasets/Bioinformatics/h5ad/Medicago truncatula_PRJNA931615.h5ad;internal_source_record:not_publicly_portable:workspace/projects/PhyloOpenCell/metadata/ontology_mapping_candidates.tsv;internal_source_record:not_publicly_portable:workspace/projects/PhyloOpenCell/metadata/panel_label_freeze_v1.tsv	f22ed424283744e16675379aa307dc4d3c2ae16b93af41bcbd2d418be74b841d;e4a09d28939b9a165661f86d5a2f4fb0c1d33fea1c7465dcc7cf874f0a8238bc;78a020ef314246281f19dc5eec25dbb28c50c5c376ee9df5a6b5090a0ec7d321	complete standardized dataset-label count; no governed panel mapping	not_in_governed_panel_hierarchy
Medicago truncatula_PRJNA931615|Root nodule|	Medicago truncatula_PRJNA931615	PRJNA931615	Medicago truncatula			cell_type_original	Root nodule	PO:0003023				unmapped	candidate_auto_exact; exact_name; Plant Ontology exact lexical match; requires curator acceptance	2397	standardized_h5ad_obs;ontology_mapping_candidates;panel_label_freeze_v1	internal_source_record:not_publicly_portable:data/datasets/Bioinformatics/h5ad/Medicago truncatula_PRJNA931615.h5ad;internal_source_record:not_publicly_portable:workspace/projects/PhyloOpenCell/metadata/ontology_mapping_candidates.tsv;internal_source_record:not_publicly_portable:workspace/projects/PhyloOpenCell/metadata/panel_label_freeze_v1.tsv	f22ed424283744e16675379aa307dc4d3c2ae16b93af41bcbd2d418be74b841d;e4a09d28939b9a165661f86d5a2f4fb0c1d33fea1c7465dcc7cf874f0a8238bc;78a020ef314246281f19dc5eec25dbb28c50c5c376ee9df5a6b5090a0ec7d321	complete standardized dataset-label count; no governed panel mapping	not_in_governed_panel_hierarchy
Medicago truncatula_PRJNA931615|Root stele|	Medicago truncatula_PRJNA931615	PRJNA931615	Medicago truncatula			cell_type_original	Root stele	PO:0020124				unmapped	candidate_auto_exact; exact_name; Plant Ontology exact lexical match; requires curator acceptance	1876	standardized_h5ad_obs;ontology_mapping_candidates;panel_label_freeze_v1	internal_source_record:not_publicly_portable:data/datasets/Bioinformatics/h5ad/Medicago truncatula_PRJNA931615.h5ad;internal_source_record:not_publicly_portable:workspace/projects/PhyloOpenCell/metadata/ontology_mapping_candidates.tsv;internal_source_record:not_publicly_portable:workspace/projects/PhyloOpenCell/metadata/panel_label_freeze_v1.tsv	f22ed424283744e16675379aa307dc4d3c2ae16b93af41bcbd2d418be74b841d;e4a09d28939b9a165661f86d5a2f4fb0c1d33fea1c7465dcc7cf874f0a8238bc;78a020ef314246281f19dc5eec25dbb28c50c5c376ee9df5a6b5090a0ec7d321	complete standardized dataset-label count; no governed panel mapping	not_in_governed_panel_hierarchy
Medicago truncatula_PRJNA931615|Unknown|	Medicago truncatula_PRJNA931615	PRJNA931615	Medicago truncatula			cell_type_original	Unknown					unknown	excluded_unknown	4812	standardized_h5ad_obs;ontology_mapping_candidates;panel_label_freeze_v1	internal_source_record:not_publicly_portable:data/datasets/Bioinformatics/h5ad/Medicago truncatula_PRJNA931615.h5ad;internal_source_record:not_publicly_portable:workspace/projects/PhyloOpenCell/metadata/ontology_mapping_candidates.tsv;internal_source_record:not_publicly_portable:workspace/projects/PhyloOpenCell/metadata/panel_label_freeze_v1.tsv	f22ed424283744e16675379aa307dc4d3c2ae16b93af41bcbd2d418be74b841d;e4a09d28939b9a165661f86d5a2f4fb0c1d33fea1c7465dcc7cf874f0a8238bc;78a020ef314246281f19dc5eec25dbb28c50c5c376ee9df5a6b5090a0ec7d321	complete standardized dataset-label count; no governed panel mapping	
Medicago truncatula_PRJNA931615|Xylem|	Medicago truncatula_PRJNA931615	PRJNA931615	Medicago truncatula			cell_type_original	Xylem	PO:0005352				unmapped	candidate_auto_exact; exact_name; Plant Ontology exact lexical match; requires curator acceptance	407	standardized_h5ad_obs;ontology_mapping_candidates;panel_label_freeze_v1	internal_source_record:not_publicly_portable:data/datasets/Bioinformatics/h5ad/Medicago truncatula_PRJNA931615.h5ad;internal_source_record:not_publicly_portable:workspace/projects/PhyloOpenCell/metadata/ontology_mapping_candidates.tsv;internal_source_record:not_publicly_portable:workspace/projects/PhyloOpenCell/metadata/panel_label_freeze_v1.tsv	f22ed424283744e16675379aa307dc4d3c2ae16b93af41bcbd2d418be74b841d;e4a09d28939b9a165661f86d5a2f4fb0c1d33fea1c7465dcc7cf874f0a8238bc;78a020ef314246281f19dc5eec25dbb28c50c5c376ee9df5a6b5090a0ec7d321	complete standardized dataset-label count; no governed panel mapping	not_in_governed_panel_hierarchy
Nepeta tenuifolia_PRJNA743551|Companion cell|	Nepeta tenuifolia_PRJNA743551	PRJNA743551	Nepeta tenuifolia			cell_type_original	Companion cell	PO:0000071				unmapped	candidate_auto_exact; exact_name; Plant Ontology exact lexical match; requires curator acceptance	221	standardized_h5ad_obs;ontology_mapping_candidates;panel_label_freeze_v1	internal_source_record:not_publicly_portable:data/datasets/Bioinformatics/h5ad/Nepeta tenuifolia_PRJNA743551.h5ad;internal_source_record:not_publicly_portable:workspace/projects/PhyloOpenCell/metadata/ontology_mapping_candidates.tsv;internal_source_record:not_publicly_portable:workspace/projects/PhyloOpenCell/metadata/panel_label_freeze_v1.tsv	4de673c27564009e1d983ef4bee5a93070f90f677f0b68f222d0a332f14f29ef;e4a09d28939b9a165661f86d5a2f4fb0c1d33fea1c7465dcc7cf874f0a8238bc;78a020ef314246281f19dc5eec25dbb28c50c5c376ee9df5a6b5090a0ec7d321	complete standardized dataset-label count; no governed panel mapping	not_in_governed_panel_hierarchy
Nepeta tenuifolia_PRJNA743551|Leaf guard cell|	Nepeta tenuifolia_PRJNA743551	PRJNA743551	Nepeta tenuifolia			cell_type_original	Leaf guard cell	PO:0025237				unmapped	candidate_auto_exact; exact_name; Plant Ontology exact lexical match; requires curator acceptance	642	standardized_h5ad_obs;ontology_mapping_candidates;panel_label_freeze_v1	internal_source_record:not_publicly_portable:data/datasets/Bioinformatics/h5ad/Nepeta tenuifolia_PRJNA743551.h5ad;internal_source_record:not_publicly_portable:workspace/projects/PhyloOpenCell/metadata/ontology_mapping_candidates.tsv;internal_source_record:not_publicly_portable:workspace/projects/PhyloOpenCell/metadata/panel_label_freeze_v1.tsv	4de673c27564009e1d983ef4bee5a93070f90f677f0b68f222d0a332f14f29ef;e4a09d28939b9a165661f86d5a2f4fb0c1d33fea1c7465dcc7cf874f0a8238bc;78a020ef314246281f19dc5eec25dbb28c50c5c376ee9df5a6b5090a0ec7d321	complete standardized dataset-label count; no governed panel mapping	not_in_governed_panel_hierarchy
Nepeta tenuifolia_PRJNA743551|Leaf lamina epidermis|	Nepeta tenuifolia_PRJNA743551	PRJNA743551	Nepeta tenuifolia			cell_type_original	Leaf lamina epidermis	PO:0000047				unmapped	candidate_auto_exact; exact_name; Plant Ontology exact lexical match; requires curator acceptance	4238	standardized_h5ad_obs;ontology_mapping_candidates;panel_label_freeze_v1	internal_source_record:not_publicly_portable:data/datasets/Bioinformatics/h5ad/Nepeta tenuifolia_PRJNA743551.h5ad;internal_source_record:not_publicly_portable:workspace/projects/PhyloOpenCell/metadata/ontology_mapping_candidates.tsv;internal_source_record:not_publicly_portable:workspace/projects/PhyloOpenCell/metadata/panel_label_freeze_v1.tsv	4de673c27564009e1d983ef4bee5a93070f90f677f0b68f222d0a332f14f29ef;e4a09d28939b9a165661f86d5a2f4fb0c1d33fea1c7465dcc7cf874f0a8238bc;78a020ef314246281f19dc5eec25dbb28c50c5c376ee9df5a6b5090a0ec7d321	complete standardized dataset-label count; no governed panel mapping	not_in_governed_panel_hierarchy
Nepeta tenuifolia_PRJNA743551|Mesophyll cell|	Nepeta tenuifolia_PRJNA743551	PRJNA743551	Nepeta tenuifolia			cell_type_original	Mesophyll cell	PO:0004006				unmapped	candidate_auto_exact; exact_name; Plant Ontology exact lexical match; requires curator acceptance	21148	standardized_h5ad_obs;ontology_mapping_candidates;panel_label_freeze_v1	internal_source_record:not_publicly_portable:data/datasets/Bioinformatics/h5ad/Nepeta tenuifolia_PRJNA743551.h5ad;internal_source_record:not_publicly_portable:workspace/projects/PhyloOpenCell/metadata/ontology_mapping_candidates.tsv;internal_source_record:not_publicly_portable:workspace/projects/PhyloOpenCell/metadata/panel_label_freeze_v1.tsv	4de673c27564009e1d983ef4bee5a93070f90f677f0b68f222d0a332f14f29ef;e4a09d28939b9a165661f86d5a2f4fb0c1d33fea1c7465dcc7cf874f0a8238bc;78a020ef314246281f19dc5eec25dbb28c50c5c376ee9df5a6b5090a0ec7d321	complete standardized dataset-label count; no governed panel mapping	not_in_governed_panel_hierarchy
Nepeta tenuifolia_PRJNA743551|Phloem|	Nepeta tenuifolia_PRJNA743551	PRJNA743551	Nepeta tenuifolia			cell_type_original	Phloem	PO:0005417				unmapped	candidate_auto_exact; exact_name; Plant Ontology exact lexical match; requires curator acceptance	677	standardized_h5ad_obs;ontology_mapping_candidates;panel_label_freeze_v1	internal_source_record:not_publicly_portable:data/datasets/Bioinformatics/h5ad/Nepeta tenuifolia_PRJNA743551.h5ad;internal_source_record:not_publicly_portable:workspace/projects/PhyloOpenCell/metadata/ontology_mapping_candidates.tsv;internal_source_record:not_publicly_portable:workspace/projects/PhyloOpenCell/metadata/panel_label_freeze_v1.tsv	4de673c27564009e1d983ef4bee5a93070f90f677f0b68f222d0a332f14f29ef;e4a09d28939b9a165661f86d5a2f4fb0c1d33fea1c7465dcc7cf874f0a8238bc;78a020ef314246281f19dc5eec25dbb28c50c5c376ee9df5a6b5090a0ec7d321	complete standardized dataset-label count; no governed panel mapping	not_in_governed_panel_hierarchy
Nepeta tenuifolia_PRJNA743551|Proliferating cell|	Nepeta tenuifolia_PRJNA743551	PRJNA743551	Nepeta tenuifolia			cell_type_original	Proliferating cell					unmapped	pending_manual_curation; exact_synonym	1891	standardized_h5ad_obs;ontology_mapping_candidates;panel_label_freeze_v1	internal_source_record:not_publicly_portable:data/datasets/Bioinformatics/h5ad/Nepeta tenuifolia_PRJNA743551.h5ad;internal_source_record:not_publicly_portable:workspace/projects/PhyloOpenCell/metadata/ontology_mapping_candidates.tsv;internal_source_record:not_publicly_portable:workspace/projects/PhyloOpenCell/metadata/panel_label_freeze_v1.tsv	4de673c27564009e1d983ef4bee5a93070f90f677f0b68f222d0a332f14f29ef;e4a09d28939b9a165661f86d5a2f4fb0c1d33fea1c7465dcc7cf874f0a8238bc;78a020ef314246281f19dc5eec25dbb28c50c5c376ee9df5a6b5090a0ec7d321	complete standardized dataset-label count; no governed panel mapping	not_in_governed_panel_hierarchy
Nepeta tenuifolia_PRJNA743551|Unknown|	Nepeta tenuifolia_PRJNA743551	PRJNA743551	Nepeta tenuifolia			cell_type_original	Unknown					unknown	excluded_unknown	1382	standardized_h5ad_obs;ontology_mapping_candidates;panel_label_freeze_v1	internal_source_record:not_publicly_portable:data/datasets/Bioinformatics/h5ad/Nepeta tenuifolia_PRJNA743551.h5ad;internal_source_record:not_publicly_portable:workspace/projects/PhyloOpenCell/metadata/ontology_mapping_candidates.tsv;internal_source_record:not_publicly_portable:workspace/projects/PhyloOpenCell/metadata/panel_label_freeze_v1.tsv	4de673c27564009e1d983ef4bee5a93070f90f677f0b68f222d0a332f14f29ef;e4a09d28939b9a165661f86d5a2f4fb0c1d33fea1c7465dcc7cf874f0a8238bc;78a020ef314246281f19dc5eec25dbb28c50c5c376ee9df5a6b5090a0ec7d321	complete standardized dataset-label count; no governed panel mapping	
Nepeta tenuifolia_PRJNA743551|Xylem|	Nepeta tenuifolia_PRJNA743551	PRJNA743551	Nepeta tenuifolia			cell_type_original	Xylem	PO:0005352				unmapped	candidate_auto_exact; exact_name; Plant Ontology exact lexical match; requires curator acceptance	2700	standardized_h5ad_obs;ontology_mapping_candidates;panel_label_freeze_v1	internal_source_record:not_publicly_portable:data/datasets/Bioinformatics/h5ad/Nepeta tenuifolia_PRJNA743551.h5ad;internal_source_record:not_publicly_portable:workspace/projects/PhyloOpenCell/metadata/ontology_mapping_candidates.tsv;internal_source_record:not_publicly_portable:workspace/projects/PhyloOpenCell/metadata/panel_label_freeze_v1.tsv	4de673c27564009e1d983ef4bee5a93070f90f677f0b68f222d0a332f14f29ef;e4a09d28939b9a165661f86d5a2f4fb0c1d33fea1c7465dcc7cf874f0a8238bc;78a020ef314246281f19dc5eec25dbb28c50c5c376ee9df5a6b5090a0ec7d321	complete standardized dataset-label count; no governed panel mapping	not_in_governed_panel_hierarchy
Nicotiana attenuata_PRJNA796301|Corolla|	Nicotiana attenuata_PRJNA796301	PRJNA796301	Nicotiana attenuata			cell_type_original	Corolla	PO:0009059				unmapped	candidate_auto_exact; exact_name; Plant Ontology exact lexical match; requires curator acceptance	1226	standardized_h5ad_obs;ontology_mapping_candidates;panel_label_freeze_v1	internal_source_record:not_publicly_portable:data/datasets/Bioinformatics/h5ad/Nicotiana attenuata_PRJNA796301.h5ad;internal_source_record:not_publicly_portable:workspace/projects/PhyloOpenCell/metadata/ontology_mapping_candidates.tsv;internal_source_record:not_publicly_portable:workspace/projects/PhyloOpenCell/metadata/panel_label_freeze_v1.tsv	e2ecde21105d750f07961554415d252928d24f4b7bb0f0b6d0ea34badd3b4a64;e4a09d28939b9a165661f86d5a2f4fb0c1d33fea1c7465dcc7cf874f0a8238bc;78a020ef314246281f19dc5eec25dbb28c50c5c376ee9df5a6b5090a0ec7d321	complete standardized dataset-label count; no governed panel mapping	not_in_governed_panel_hierarchy
Nicotiana attenuata_PRJNA796301|Epidermis|	Nicotiana attenuata_PRJNA796301	PRJNA796301	Nicotiana attenuata			cell_type_original	Epidermis					unmapped	pending_manual_curation; exact_synonym	2310	standardized_h5ad_obs;ontology_mapping_candidates;panel_label_freeze_v1	internal_source_record:not_publicly_portable:data/datasets/Bioinformatics/h5ad/Nicotiana attenuata_PRJNA796301.h5ad;internal_source_record:not_publicly_portable:workspace/projects/PhyloOpenCell/metadata/ontology_mapping_candidates.tsv;internal_source_record:not_publicly_portable:workspace/projects/PhyloOpenCell/metadata/panel_label_freeze_v1.tsv	e2ecde21105d750f07961554415d252928d24f4b7bb0f0b6d0ea34badd3b4a64;e4a09d28939b9a165661f86d5a2f4fb0c1d33fea1c7465dcc7cf874f0a8238bc;78a020ef314246281f19dc5eec25dbb28c50c5c376ee9df5a6b5090a0ec7d321	complete standardized dataset-label count; no governed panel mapping	not_in_governed_panel_hierarchy
Nicotiana attenuata_PRJNA796301|Flower vascular system|	Nicotiana attenuata_PRJNA796301	PRJNA796301	Nicotiana attenuata			cell_type_original	Flower vascular system	PO:0005017				unmapped	candidate_auto_exact; exact_name; Plant Ontology exact lexical match; requires curator acceptance	59	standardized_h5ad_obs;ontology_mapping_candidates;panel_label_freeze_v1	internal_source_record:not_publicly_portable:data/datasets/Bioinformatics/h5ad/Nicotiana attenuata_PRJNA796301.h5ad;internal_source_record:not_publicly_portable:workspace/projects/PhyloOpenCell/metadata/ontology_mapping_candidates.tsv;internal_source_record:not_publicly_portable:workspace/projects/PhyloOpenCell/metadata/panel_label_freeze_v1.tsv	e2ecde21105d750f07961554415d252928d24f4b7bb0f0b6d0ea34badd3b4a64;e4a09d28939b9a165661f86d5a2f4fb0c1d33fea1c7465dcc7cf874f0a8238bc;78a020ef314246281f19dc5eec25dbb28c50c5c376ee9df5a6b5090a0ec7d321	complete standardized dataset-label count; no governed panel mapping	not_in_governed_panel_hierarchy
Nicotiana attenuata_PRJNA796301|Pollen|	Nicotiana attenuata_PRJNA796301	PRJNA796301	Nicotiana attenuata			cell_type_original	Pollen	PO:0025281				unmapped	candidate_auto_exact; exact_name; Plant Ontology exact lexical match; requires curator acceptance	88	standardized_h5ad_obs;ontology_mapping_candidates;panel_label_freeze_v1	internal_source_record:not_publicly_portable:data/datasets/Bioinformatics/h5ad/Nicotiana attenuata_PRJNA796301.h5ad;internal_source_record:not_publicly_portable:workspace/projects/PhyloOpenCell/metadata/ontology_mapping_candidates.tsv;internal_source_record:not_publicly_portable:workspace/projects/PhyloOpenCell/metadata/panel_label_freeze_v1.tsv	e2ecde21105d750f07961554415d252928d24f4b7bb0f0b6d0ea34badd3b4a64;e4a09d28939b9a165661f86d5a2f4fb0c1d33fea1c7465dcc7cf874f0a8238bc;78a020ef314246281f19dc5eec25dbb28c50c5c376ee9df5a6b5090a0ec7d321	complete standardized dataset-label count; no governed panel mapping	not_in_governed_panel_hierarchy
Nicotiana attenuata_PRJNA796301|Unknown|	Nicotiana attenuata_PRJNA796301	PRJNA796301	Nicotiana attenuata			cell_type_original	Unknown					unknown	excluded_unknown	321	standardized_h5ad_obs;ontology_mapping_candidates;panel_label_freeze_v1	internal_source_record:not_publicly_portable:data/datasets/Bioinformatics/h5ad/Nicotiana attenuata_PRJNA796301.h5ad;internal_source_record:not_publicly_portable:workspace/projects/PhyloOpenCell/metadata/ontology_mapping_candidates.tsv;internal_source_record:not_publicly_portable:workspace/projects/PhyloOpenCell/metadata/panel_label_freeze_v1.tsv	e2ecde21105d750f07961554415d252928d24f4b7bb0f0b6d0ea34badd3b4a64;e4a09d28939b9a165661f86d5a2f4fb0c1d33fea1c7465dcc7cf874f0a8238bc;78a020ef314246281f19dc5eec25dbb28c50c5c376ee9df5a6b5090a0ec7d321	complete standardized dataset-label count; no governed panel mapping	
Nicotiana tabacum_PRJCA018794|Bundle sheath cell|	Nicotiana tabacum_PRJCA018794	PRJCA018794	Nicotiana tabacum			cell_type_original	Bundle sheath cell	PO:0025541				unmapped	candidate_auto_exact; exact_name; Plant Ontology exact lexical match; requires curator acceptance	246	standardized_h5ad_obs;ontology_mapping_candidates;panel_label_freeze_v1	internal_source_record:not_publicly_portable:data/datasets/Bioinformatics/h5ad/Nicotiana tabacum_PRJCA018794.h5ad;internal_source_record:not_publicly_portable:workspace/projects/PhyloOpenCell/metadata/ontology_mapping_candidates.tsv;internal_source_record:not_publicly_portable:workspace/projects/PhyloOpenCell/metadata/panel_label_freeze_v1.tsv	74a64e7e6940dcc7dcb26536d25cf0e0453f13cdf7c338fd6c4e7ac2e1cc1f89;e4a09d28939b9a165661f86d5a2f4fb0c1d33fea1c7465dcc7cf874f0a8238bc;78a020ef314246281f19dc5eec25dbb28c50c5c376ee9df5a6b5090a0ec7d321	complete standardized dataset-label count; no governed panel mapping	not_in_governed_panel_hierarchy
Nicotiana tabacum_PRJCA018794|Companion cell|	Nicotiana tabacum_PRJCA018794	PRJCA018794	Nicotiana tabacum			cell_type_original	Companion cell	PO:0000071				unmapped	candidate_auto_exact; exact_name; Plant Ontology exact lexical match; requires curator acceptance	1026	standardized_h5ad_obs;ontology_mapping_candidates;panel_label_freeze_v1	internal_source_record:not_publicly_portable:data/datasets/Bioinformatics/h5ad/Nicotiana tabacum_PRJCA018794.h5ad;internal_source_record:not_publicly_portable:workspace/projects/PhyloOpenCell/metadata/ontology_mapping_candidates.tsv;internal_source_record:not_publicly_portable:workspace/projects/PhyloOpenCell/metadata/panel_label_freeze_v1.tsv	74a64e7e6940dcc7dcb26536d25cf0e0453f13cdf7c338fd6c4e7ac2e1cc1f89;e4a09d28939b9a165661f86d5a2f4fb0c1d33fea1c7465dcc7cf874f0a8238bc;78a020ef314246281f19dc5eec25dbb28c50c5c376ee9df5a6b5090a0ec7d321	complete standardized dataset-label count; no governed panel mapping	not_in_governed_panel_hierarchy
Nicotiana tabacum_PRJCA018794|Guard cell|	Nicotiana tabacum_PRJCA018794	PRJCA018794	Nicotiana tabacum			cell_type_original	Guard cell	PO:0000293				unmapped	candidate_auto_exact; exact_name; Plant Ontology exact lexical match; requires curator acceptance	1771	standardized_h5ad_obs;ontology_mapping_candidates;panel_label_freeze_v1	internal_source_record:not_publicly_portable:data/datasets/Bioinformatics/h5ad/Nicotiana tabacum_PRJCA018794.h5ad;internal_source_record:not_publicly_portable:workspace/projects/PhyloOpenCell/metadata/ontology_mapping_candidates.tsv;internal_source_record:not_publicly_portable:workspace/projects/PhyloOpenCell/metadata/panel_label_freeze_v1.tsv	74a64e7e6940dcc7dcb26536d25cf0e0453f13cdf7c338fd6c4e7ac2e1cc1f89;e4a09d28939b9a165661f86d5a2f4fb0c1d33fea1c7465dcc7cf874f0a8238bc;78a020ef314246281f19dc5eec25dbb28c50c5c376ee9df5a6b5090a0ec7d321	complete standardized dataset-label count; no governed panel mapping	not_in_governed_panel_hierarchy
Nicotiana tabacum_PRJCA018794|Leaf lamina epidermis|	Nicotiana tabacum_PRJCA018794	PRJCA018794	Nicotiana tabacum			cell_type_original	Leaf lamina epidermis	PO:0000047				unmapped	candidate_auto_exact; exact_name; Plant Ontology exact lexical match; requires curator acceptance	4898	standardized_h5ad_obs;ontology_mapping_candidates;panel_label_freeze_v1	internal_source_record:not_publicly_portable:data/datasets/Bioinformatics/h5ad/Nicotiana tabacum_PRJCA018794.h5ad;internal_source_record:not_publicly_portable:workspace/projects/PhyloOpenCell/metadata/ontology_mapping_candidates.tsv;internal_source_record:not_publicly_portable:workspace/projects/PhyloOpenCell/metadata/panel_label_freeze_v1.tsv	74a64e7e6940dcc7dcb26536d25cf0e0453f13cdf7c338fd6c4e7ac2e1cc1f89;e4a09d28939b9a165661f86d5a2f4fb0c1d33fea1c7465dcc7cf874f0a8238bc;78a020ef314246281f19dc5eec25dbb28c50c5c376ee9df5a6b5090a0ec7d321	complete standardized dataset-label count; no governed panel mapping	not_in_governed_panel_hierarchy
Nicotiana tabacum_PRJCA018794|Leaf trichome|	Nicotiana tabacum_PRJCA018794	PRJCA018794	Nicotiana tabacum			cell_type_original	Leaf trichome	PO:0006504				unmapped	candidate_auto_exact; exact_name; Plant Ontology exact lexical match; requires curator acceptance	3263	standardized_h5ad_obs;ontology_mapping_candidates;panel_label_freeze_v1	internal_source_record:not_publicly_portable:data/datasets/Bioinformatics/h5ad/Nicotiana tabacum_PRJCA018794.h5ad;internal_source_record:not_publicly_portable:workspace/projects/PhyloOpenCell/metadata/ontology_mapping_candidates.tsv;internal_source_record:not_publicly_portable:workspace/projects/PhyloOpenCell/metadata/panel_label_freeze_v1.tsv	74a64e7e6940dcc7dcb26536d25cf0e0453f13cdf7c338fd6c4e7ac2e1cc1f89;e4a09d28939b9a165661f86d5a2f4fb0c1d33fea1c7465dcc7cf874f0a8238bc;78a020ef314246281f19dc5eec25dbb28c50c5c376ee9df5a6b5090a0ec7d321	complete standardized dataset-label count; no governed panel mapping	not_in_governed_panel_hierarchy
Nicotiana tabacum_PRJCA018794|Mesophyll cell|	Nicotiana tabacum_PRJCA018794	PRJCA018794	Nicotiana tabacum			cell_type_original	Mesophyll cell	PO:0004006				unmapped	candidate_auto_exact; exact_name; Plant Ontology exact lexical match; requires curator acceptance	5988	standardized_h5ad_obs;ontology_mapping_candidates;panel_label_freeze_v1	internal_source_record:not_publicly_portable:data/datasets/Bioinformatics/h5ad/Nicotiana tabacum_PRJCA018794.h5ad;internal_source_record:not_publicly_portable:workspace/projects/PhyloOpenCell/metadata/ontology_mapping_candidates.tsv;internal_source_record:not_publicly_portable:workspace/projects/PhyloOpenCell/metadata/panel_label_freeze_v1.tsv	74a64e7e6940dcc7dcb26536d25cf0e0453f13cdf7c338fd6c4e7ac2e1cc1f89;e4a09d28939b9a165661f86d5a2f4fb0c1d33fea1c7465dcc7cf874f0a8238bc;78a020ef314246281f19dc5eec25dbb28c50c5c376ee9df5a6b5090a0ec7d321	complete standardized dataset-label count; no governed panel mapping	not_in_governed_panel_hierarchy
Nicotiana tabacum_PRJCA018794|Phloem parenchyma cell|	Nicotiana tabacum_PRJCA018794	PRJCA018794	Nicotiana tabacum			cell_type_original	Phloem parenchyma cell	PO:0025627				unmapped	candidate_auto_exact; exact_name; Plant Ontology exact lexical match; requires curator acceptance	538	standardized_h5ad_obs;ontology_mapping_candidates;panel_label_freeze_v1	internal_source_record:not_publicly_portable:data/datasets/Bioinformatics/h5ad/Nicotiana tabacum_PRJCA018794.h5ad;internal_source_record:not_publicly_portable:workspace/projects/PhyloOpenCell/metadata/ontology_mapping_candidates.tsv;internal_source_record:not_publicly_portable:workspace/projects/PhyloOpenCell/metadata/panel_label_freeze_v1.tsv	74a64e7e6940dcc7dcb26536d25cf0e0453f13cdf7c338fd6c4e7ac2e1cc1f89;e4a09d28939b9a165661f86d5a2f4fb0c1d33fea1c7465dcc7cf874f0a8238bc;78a020ef314246281f19dc5eec25dbb28c50c5c376ee9df5a6b5090a0ec7d321	complete standardized dataset-label count; no governed panel mapping	not_in_governed_panel_hierarchy
Nicotiana tabacum_PRJCA018794|Unknown|	Nicotiana tabacum_PRJCA018794	PRJCA018794	Nicotiana tabacum			cell_type_original	Unknown					unknown	excluded_unknown	4409	standardized_h5ad_obs;ontology_mapping_candidates;panel_label_freeze_v1	internal_source_record:not_publicly_portable:data/datasets/Bioinformatics/h5ad/Nicotiana tabacum_PRJCA018794.h5ad;internal_source_record:not_publicly_portable:workspace/projects/PhyloOpenCell/metadata/ontology_mapping_candidates.tsv;internal_source_record:not_publicly_portable:workspace/projects/PhyloOpenCell/metadata/panel_label_freeze_v1.tsv	74a64e7e6940dcc7dcb26536d25cf0e0453f13cdf7c338fd6c4e7ac2e1cc1f89;e4a09d28939b9a165661f86d5a2f4fb0c1d33fea1c7465dcc7cf874f0a8238bc;78a020ef314246281f19dc5eec25dbb28c50c5c376ee9df5a6b5090a0ec7d321	complete standardized dataset-label count; no governed panel mapping	
Nicotiana tabacum_PRJCA018794|Xylem|	Nicotiana tabacum_PRJCA018794	PRJCA018794	Nicotiana tabacum			cell_type_original	Xylem	PO:0005352				unmapped	candidate_auto_exact; exact_name; Plant Ontology exact lexical match; requires curator acceptance	740	standardized_h5ad_obs;ontology_mapping_candidates;panel_label_freeze_v1	internal_source_record:not_publicly_portable:data/datasets/Bioinformatics/h5ad/Nicotiana tabacum_PRJCA018794.h5ad;internal_source_record:not_publicly_portable:workspace/projects/PhyloOpenCell/metadata/ontology_mapping_candidates.tsv;internal_source_record:not_publicly_portable:workspace/projects/PhyloOpenCell/metadata/panel_label_freeze_v1.tsv	74a64e7e6940dcc7dcb26536d25cf0e0453f13cdf7c338fd6c4e7ac2e1cc1f89;e4a09d28939b9a165661f86d5a2f4fb0c1d33fea1c7465dcc7cf874f0a8238bc;78a020ef314246281f19dc5eec25dbb28c50c5c376ee9df5a6b5090a0ec7d321	complete standardized dataset-label count; no governed panel mapping	not_in_governed_panel_hierarchy
Nicotiana tabacum_PRJNA970858|Leaf lamina epidermis|	Nicotiana tabacum_PRJNA970858	PRJNA970858	Nicotiana tabacum			cell_type_original	Leaf lamina epidermis	PO:0000047				unmapped	candidate_auto_exact; exact_name; Plant Ontology exact lexical match; requires curator acceptance	547	standardized_h5ad_obs;ontology_mapping_candidates;panel_label_freeze_v1	internal_source_record:not_publicly_portable:data/datasets/Bioinformatics/h5ad/Nicotiana tabacum_PRJNA970858.h5ad;internal_source_record:not_publicly_portable:workspace/projects/PhyloOpenCell/metadata/ontology_mapping_candidates.tsv;internal_source_record:not_publicly_portable:workspace/projects/PhyloOpenCell/metadata/panel_label_freeze_v1.tsv	e22b6d0a747785713fcbef210a1df783bc88edbf34ad6e27a067b759fcf24a03;e4a09d28939b9a165661f86d5a2f4fb0c1d33fea1c7465dcc7cf874f0a8238bc;78a020ef314246281f19dc5eec25dbb28c50c5c376ee9df5a6b5090a0ec7d321	complete standardized dataset-label count; no governed panel mapping	not_in_governed_panel_hierarchy
Nicotiana tabacum_PRJNA970858|Leaf vascular system|	Nicotiana tabacum_PRJNA970858	PRJNA970858	Nicotiana tabacum			cell_type_original	Leaf vascular system	PO:0000036				unmapped	candidate_auto_exact; exact_name; Plant Ontology exact lexical match; requires curator acceptance	87	standardized_h5ad_obs;ontology_mapping_candidates;panel_label_freeze_v1	internal_source_record:not_publicly_portable:data/datasets/Bioinformatics/h5ad/Nicotiana tabacum_PRJNA970858.h5ad;internal_source_record:not_publicly_portable:workspace/projects/PhyloOpenCell/metadata/ontology_mapping_candidates.tsv;internal_source_record:not_publicly_portable:workspace/projects/PhyloOpenCell/metadata/panel_label_freeze_v1.tsv	e22b6d0a747785713fcbef210a1df783bc88edbf34ad6e27a067b759fcf24a03;e4a09d28939b9a165661f86d5a2f4fb0c1d33fea1c7465dcc7cf874f0a8238bc;78a020ef314246281f19dc5eec25dbb28c50c5c376ee9df5a6b5090a0ec7d321	complete standardized dataset-label count; no governed panel mapping	not_in_governed_panel_hierarchy
Nicotiana tabacum_PRJNA970858|Mesophyll cell|	Nicotiana tabacum_PRJNA970858	PRJNA970858	Nicotiana tabacum			cell_type_original	Mesophyll cell	PO:0004006				unmapped	candidate_auto_exact; exact_name; Plant Ontology exact lexical match; requires curator acceptance	5140	standardized_h5ad_obs;ontology_mapping_candidates;panel_label_freeze_v1	internal_source_record:not_publicly_portable:data/datasets/Bioinformatics/h5ad/Nicotiana tabacum_PRJNA970858.h5ad;internal_source_record:not_publicly_portable:workspace/projects/PhyloOpenCell/metadata/ontology_mapping_candidates.tsv;internal_source_record:not_publicly_portable:workspace/projects/PhyloOpenCell/metadata/panel_label_freeze_v1.tsv	e22b6d0a747785713fcbef210a1df783bc88edbf34ad6e27a067b759fcf24a03;e4a09d28939b9a165661f86d5a2f4fb0c1d33fea1c7465dcc7cf874f0a8238bc;78a020ef314246281f19dc5eec25dbb28c50c5c376ee9df5a6b5090a0ec7d321	complete standardized dataset-label count; no governed panel mapping	not_in_governed_panel_hierarchy
Oryza sativa_CNP0004152|Coleoptile L1 epidermis|	Oryza sativa_CNP0004152	CNP0004152	Oryza sativa			cell_type_original	Coleoptile L1 epidermis					unmapped	pending_manual_curation; exact_synonym	450	standardized_h5ad_obs;ontology_mapping_candidates;panel_label_freeze_v1	internal_source_record:not_publicly_portable:data/datasets/Bioinformatics/h5ad/Oryza sativa_CNP0004152.h5ad;internal_source_record:not_publicly_portable:workspace/projects/PhyloOpenCell/metadata/ontology_mapping_candidates.tsv;internal_source_record:not_publicly_portable:workspace/projects/PhyloOpenCell/metadata/panel_label_freeze_v1.tsv	fa94f9294f54e736b0abd093d18f780768bf947fb58f02570b648ea2b63be322;e4a09d28939b9a165661f86d5a2f4fb0c1d33fea1c7465dcc7cf874f0a8238bc;78a020ef314246281f19dc5eec25dbb28c50c5c376ee9df5a6b5090a0ec7d321	complete standardized dataset-label count; no governed panel mapping	not_in_governed_panel_hierarchy
Oryza sativa_CNP0004152|Coleorhiza/Epiblast|	Oryza sativa_CNP0004152	CNP0004152	Oryza sativa			cell_type_original	Coleorhiza/Epiblast					unmapped	pending_manual_curation; exact_synonym	227	standardized_h5ad_obs;ontology_mapping_candidates;panel_label_freeze_v1	internal_source_record:not_publicly_portable:data/datasets/Bioinformatics/h5ad/Oryza sativa_CNP0004152.h5ad;internal_source_record:not_publicly_portable:workspace/projects/PhyloOpenCell/metadata/ontology_mapping_candidates.tsv;internal_source_record:not_publicly_portable:workspace/projects/PhyloOpenCell/metadata/panel_label_freeze_v1.tsv	fa94f9294f54e736b0abd093d18f780768bf947fb58f02570b648ea2b63be322;e4a09d28939b9a165661f86d5a2f4fb0c1d33fea1c7465dcc7cf874f0a8238bc;78a020ef314246281f19dc5eec25dbb28c50c5c376ee9df5a6b5090a0ec7d321	complete standardized dataset-label count; no governed panel mapping	not_in_governed_panel_hierarchy
Oryza sativa_CNP0004152|Plant embryo coleoptile|	Oryza sativa_CNP0004152	CNP0004152	Oryza sativa			cell_type_original	Plant embryo coleoptile	PO:0025286				unmapped	candidate_auto_exact; exact_name; Plant Ontology exact lexical match; requires curator acceptance	484	standardized_h5ad_obs;ontology_mapping_candidates;panel_label_freeze_v1	internal_source_record:not_publicly_portable:data/datasets/Bioinformatics/h5ad/Oryza sativa_CNP0004152.h5ad;internal_source_record:not_publicly_portable:workspace/projects/PhyloOpenCell/metadata/ontology_mapping_candidates.tsv;internal_source_record:not_publicly_portable:workspace/projects/PhyloOpenCell/metadata/panel_label_freeze_v1.tsv	fa94f9294f54e736b0abd093d18f780768bf947fb58f02570b648ea2b63be322;e4a09d28939b9a165661f86d5a2f4fb0c1d33fea1c7465dcc7cf874f0a8238bc;78a020ef314246281f19dc5eec25dbb28c50c5c376ee9df5a6b5090a0ec7d321	complete standardized dataset-label count; no governed panel mapping	not_in_governed_panel_hierarchy
Oryza sativa_CNP0004152|Plumule|	Oryza sativa_CNP0004152	CNP0004152	Oryza sativa			cell_type_original	Plumule	PO:0020032				unmapped	candidate_auto_exact; exact_name; Plant Ontology exact lexical match; requires curator acceptance	200	standardized_h5ad_obs;ontology_mapping_candidates;panel_label_freeze_v1	internal_source_record:not_publicly_portable:data/datasets/Bioinformatics/h5ad/Oryza sativa_CNP0004152.h5ad;internal_source_record:not_publicly_portable:workspace/projects/PhyloOpenCell/metadata/ontology_mapping_candidates.tsv;internal_source_record:not_publicly_portable:workspace/projects/PhyloOpenCell/metadata/panel_label_freeze_v1.tsv	fa94f9294f54e736b0abd093d18f780768bf947fb58f02570b648ea2b63be322;e4a09d28939b9a165661f86d5a2f4fb0c1d33fea1c7465dcc7cf874f0a8238bc;78a020ef314246281f19dc5eec25dbb28c50c5c376ee9df5a6b5090a0ec7d321	complete standardized dataset-label count; no governed panel mapping	not_in_governed_panel_hierarchy
Oryza sativa_CNP0004152|Radicle-plumule L3 vasculature|	Oryza sativa_CNP0004152	CNP0004152	Oryza sativa			cell_type_original	Radicle-plumule L3 vasculature					unmapped	pending_manual_curation; exact_synonym	580	standardized_h5ad_obs;ontology_mapping_candidates;panel_label_freeze_v1	internal_source_record:not_publicly_portable:data/datasets/Bioinformatics/h5ad/Oryza sativa_CNP0004152.h5ad;internal_source_record:not_publicly_portable:workspace/projects/PhyloOpenCell/metadata/ontology_mapping_candidates.tsv;internal_source_record:not_publicly_portable:workspace/projects/PhyloOpenCell/metadata/panel_label_freeze_v1.tsv	fa94f9294f54e736b0abd093d18f780768bf947fb58f02570b648ea2b63be322;e4a09d28939b9a165661f86d5a2f4fb0c1d33fea1c7465dcc7cf874f0a8238bc;78a020ef314246281f19dc5eec25dbb28c50c5c376ee9df5a6b5090a0ec7d321	complete standardized dataset-label count; no governed panel mapping	not_in_governed_panel_hierarchy
Oryza sativa_CNP0004152|Scutellum L1-L2 interlayer|	Oryza sativa_CNP0004152	CNP0004152	Oryza sativa			cell_type_original	Scutellum L1-L2 interlayer					unmapped	pending_manual_curation; exact_synonym	103	standardized_h5ad_obs;ontology_mapping_candidates;panel_label_freeze_v1	internal_source_record:not_publicly_portable:data/datasets/Bioinformatics/h5ad/Oryza sativa_CNP0004152.h5ad;internal_source_record:not_publicly_portable:workspace/projects/PhyloOpenCell/metadata/ontology_mapping_candidates.tsv;internal_source_record:not_publicly_portable:workspace/projects/PhyloOpenCell/metadata/panel_label_freeze_v1.tsv	fa94f9294f54e736b0abd093d18f780768bf947fb58f02570b648ea2b63be322;e4a09d28939b9a165661f86d5a2f4fb0c1d33fea1c7465dcc7cf874f0a8238bc;78a020ef314246281f19dc5eec25dbb28c50c5c376ee9df5a6b5090a0ec7d321	complete standardized dataset-label count; no governed panel mapping	not_in_governed_panel_hierarchy
Oryza sativa_CNP0004152|Scutellum L2 parenchyma cell|	Oryza sativa_CNP0004152	CNP0004152	Oryza sativa			cell_type_original	Scutellum L2 parenchyma cell					unmapped	pending_manual_curation; exact_synonym	298	standardized_h5ad_obs;ontology_mapping_candidates;panel_label_freeze_v1	internal_source_record:not_publicly_portable:data/datasets/Bioinformatics/h5ad/Oryza sativa_CNP0004152.h5ad;internal_source_record:not_publicly_portable:workspace/projects/PhyloOpenCell/metadata/ontology_mapping_candidates.tsv;internal_source_record:not_publicly_portable:workspace/projects/PhyloOpenCell/metadata/panel_label_freeze_v1.tsv	fa94f9294f54e736b0abd093d18f780768bf947fb58f02570b648ea2b63be322;e4a09d28939b9a165661f86d5a2f4fb0c1d33fea1c7465dcc7cf874f0a8238bc;78a020ef314246281f19dc5eec25dbb28c50c5c376ee9df5a6b5090a0ec7d321	complete standardized dataset-label count; no governed panel mapping	not_in_governed_panel_hierarchy
Oryza sativa_CNP0004152|Unknown|	Oryza sativa_CNP0004152	CNP0004152	Oryza sativa			cell_type_original	Unknown					unknown	excluded_unknown	4793	standardized_h5ad_obs;ontology_mapping_candidates;panel_label_freeze_v1	internal_source_record:not_publicly_portable:data/datasets/Bioinformatics/h5ad/Oryza sativa_CNP0004152.h5ad;internal_source_record:not_publicly_portable:workspace/projects/PhyloOpenCell/metadata/ontology_mapping_candidates.tsv;internal_source_record:not_publicly_portable:workspace/projects/PhyloOpenCell/metadata/panel_label_freeze_v1.tsv	fa94f9294f54e736b0abd093d18f780768bf947fb58f02570b648ea2b63be322;e4a09d28939b9a165661f86d5a2f4fb0c1d33fea1c7465dcc7cf874f0a8238bc;78a020ef314246281f19dc5eec25dbb28c50c5c376ee9df5a6b5090a0ec7d321	complete standardized dataset-label count; no governed panel mapping	
Oryza sativa_CRA004082_Leaf|Large parenchyma cell|	Oryza sativa_CRA004082_Leaf	not explicitly recorded	Oryza sativa	leaf		cell_type_original	Large parenchyma cell					unmapped	pending_manual_curation; exact_synonym	1180	standardized_h5ad_obs;ontology_mapping_candidates;panel_label_freeze_v1	internal_source_record:not_publicly_portable:data/datasets/Bioinformatics/h5ad/Oryza sativa_CRA004082_Leaf.h5ad;internal_source_record:not_publicly_portable:workspace/projects/PhyloOpenCell/metadata/ontology_mapping_candidates.tsv;internal_source_record:not_publicly_portable:workspace/projects/PhyloOpenCell/metadata/panel_label_freeze_v1.tsv	1fbc97c53744a34738122096c50773d0ac69904867f036bd4844f4a264517de6;e4a09d28939b9a165661f86d5a2f4fb0c1d33fea1c7465dcc7cf874f0a8238bc;78a020ef314246281f19dc5eec25dbb28c50c5c376ee9df5a6b5090a0ec7d321	complete standardized dataset-label count; no governed panel mapping	not_in_governed_panel_hierarchy
Oryza sativa_CRA004082_Leaf|Leaf lamina epidermis|leaf	Oryza sativa_CRA004082_Leaf	not explicitly recorded	Oryza sativa	leaf	leaf	cell_type_original	Leaf lamina epidermis	PO:0000047	pilot_major_cell_family	epidermal_system	leaf	mapped	expert_defined_many_to_one_from_user_approved_exact_PO_labels; official_source_metadata_not_resolved	1072	standardized_h5ad_obs;panel_dataset_label_counts_v1;panel_label_freeze_v1;coarse_label_hierarchy_v1	internal_source_record:not_publicly_portable:data/datasets/Bioinformatics/h5ad/Oryza sativa_CRA004082_Leaf.h5ad;internal_source_record:not_publicly_portable:workspace/projects/PhyloOpenCell/metadata/panel_dataset_label_counts_v1.tsv.gz;internal_source_record:not_publicly_portable:workspace/projects/PhyloOpenCell/metadata/panel_label_freeze_v1.tsv;internal_source_record:not_publicly_portable:workspace/projects/PhyloOpenCell/metadata/coarse_label_hierarchy_v1.tsv	1fbc97c53744a34738122096c50773d0ac69904867f036bd4844f4a264517de6;a4bd8efca65e1175053b97dc0836fe8306417dd993d7a864389a5281d37302ea;78a020ef314246281f19dc5eec25dbb28c50c5c376ee9df5a6b5090a0ec7d321;e139f4d944b153210afd8aef98174679bf7caead33207fadc3a2e8c4cb619abb	complete standardized dataset-label count with panel-specific governed mapping	
Oryza sativa_CRA004082_Leaf|Leaf preprocambium|	Oryza sativa_CRA004082_Leaf	not explicitly recorded	Oryza sativa	leaf		cell_type_original	Leaf preprocambium					unmapped	pending_manual_curation; exact_synonym	578	standardized_h5ad_obs;ontology_mapping_candidates;panel_label_freeze_v1	internal_source_record:not_publicly_portable:data/datasets/Bioinformatics/h5ad/Oryza sativa_CRA004082_Leaf.h5ad;internal_source_record:not_publicly_portable:workspace/projects/PhyloOpenCell/metadata/ontology_mapping_candidates.tsv;internal_source_record:not_publicly_portable:workspace/projects/PhyloOpenCell/metadata/panel_label_freeze_v1.tsv	1fbc97c53744a34738122096c50773d0ac69904867f036bd4844f4a264517de6;e4a09d28939b9a165661f86d5a2f4fb0c1d33fea1c7465dcc7cf874f0a8238bc;78a020ef314246281f19dc5eec25dbb28c50c5c376ee9df5a6b5090a0ec7d321	complete standardized dataset-label count; no governed panel mapping	not_in_governed_panel_hierarchy
Oryza sativa_CRA004082_Leaf|Mesophyll cell|leaf	Oryza sativa_CRA004082_Leaf	not explicitly recorded	Oryza sativa	leaf	leaf	cell_type_original	Mesophyll cell	PO:0004006	pilot_major_cell_family	photosynthetic_ground_tissue	leaf	mapped	expert_defined_many_to_one_from_user_approved_exact_PO_labels; official_source_metadata_not_resolved	2362	standardized_h5ad_obs;panel_dataset_label_counts_v1;panel_label_freeze_v1;coarse_label_hierarchy_v1	internal_source_record:not_publicly_portable:data/datasets/Bioinformatics/h5ad/Oryza sativa_CRA004082_Leaf.h5ad;internal_source_record:not_publicly_portable:workspace/projects/PhyloOpenCell/metadata/panel_dataset_label_counts_v1.tsv.gz;internal_source_record:not_publicly_portable:workspace/projects/PhyloOpenCell/metadata/panel_label_freeze_v1.tsv;internal_source_record:not_publicly_portable:workspace/projects/PhyloOpenCell/metadata/coarse_label_hierarchy_v1.tsv	1fbc97c53744a34738122096c50773d0ac69904867f036bd4844f4a264517de6;a4bd8efca65e1175053b97dc0836fe8306417dd993d7a864389a5281d37302ea;78a020ef314246281f19dc5eec25dbb28c50c5c376ee9df5a6b5090a0ec7d321;e139f4d944b153210afd8aef98174679bf7caead33207fadc3a2e8c4cb619abb	complete standardized dataset-label count with panel-specific governed mapping	
Oryza sativa_CRA004082_Leaf|Mesophyll precursor|	Oryza sativa_CRA004082_Leaf	not explicitly recorded	Oryza sativa	leaf		cell_type_original	Mesophyll precursor					unmapped	pending_manual_curation; exact_synonym	4400	standardized_h5ad_obs;ontology_mapping_candidates;panel_label_freeze_v1	internal_source_record:not_publicly_portable:data/datasets/Bioinformatics/h5ad/Oryza sativa_CRA004082_Leaf.h5ad;internal_source_record:not_publicly_portable:workspace/projects/PhyloOpenCell/metadata/ontology_mapping_candidates.tsv;internal_source_record:not_publicly_portable:workspace/projects/PhyloOpenCell/metadata/panel_label_freeze_v1.tsv	1fbc97c53744a34738122096c50773d0ac69904867f036bd4844f4a264517de6;e4a09d28939b9a165661f86d5a2f4fb0c1d33fea1c7465dcc7cf874f0a8238bc;78a020ef314246281f19dc5eec25dbb28c50c5c376ee9df5a6b5090a0ec7d321	complete standardized dataset-label count; no governed panel mapping	not_in_governed_panel_hierarchy
Oryza sativa_CRA004082_Leaf|Mestome sheath|	Oryza sativa_CRA004082_Leaf	not explicitly recorded	Oryza sativa	leaf		cell_type_original	Mestome sheath	PO:0006025				unmapped	candidate_auto_exact; exact_name; Plant Ontology exact lexical match; requires curator acceptance	427	standardized_h5ad_obs;ontology_mapping_candidates;panel_label_freeze_v1	internal_source_record:not_publicly_portable:data/datasets/Bioinformatics/h5ad/Oryza sativa_CRA004082_Leaf.h5ad;internal_source_record:not_publicly_portable:workspace/projects/PhyloOpenCell/metadata/ontology_mapping_candidates.tsv;internal_source_record:not_publicly_portable:workspace/projects/PhyloOpenCell/metadata/panel_label_freeze_v1.tsv	1fbc97c53744a34738122096c50773d0ac69904867f036bd4844f4a264517de6;e4a09d28939b9a165661f86d5a2f4fb0c1d33fea1c7465dcc7cf874f0a8238bc;78a020ef314246281f19dc5eec25dbb28c50c5c376ee9df5a6b5090a0ec7d321	complete standardized dataset-label count; no governed panel mapping	not_in_governed_panel_hierarchy
Oryza sativa_CRA004082_Leaf|Phloem|vascular	Oryza sativa_CRA004082_Leaf	not explicitly recorded	Oryza sativa	leaf	vascular	cell_type_original	Phloem	PO:0005417	pilot_major_cell_family	phloem_lineage	vascular	mapped	expert_defined_many_to_one_from_user_approved_exact_PO_labels; official_source_metadata_not_resolved	486	standardized_h5ad_obs;panel_dataset_label_counts_v1;panel_label_freeze_v1;coarse_label_hierarchy_v1	internal_source_record:not_publicly_portable:data/datasets/Bioinformatics/h5ad/Oryza sativa_CRA004082_Leaf.h5ad;internal_source_record:not_publicly_portable:workspace/projects/PhyloOpenCell/metadata/panel_dataset_label_counts_v1.tsv.gz;internal_source_record:not_publicly_portable:workspace/projects/PhyloOpenCell/metadata/panel_label_freeze_v1.tsv;internal_source_record:not_publicly_portable:workspace/projects/PhyloOpenCell/metadata/coarse_label_hierarchy_v1.tsv	1fbc97c53744a34738122096c50773d0ac69904867f036bd4844f4a264517de6;a4bd8efca65e1175053b97dc0836fe8306417dd993d7a864389a5281d37302ea;78a020ef314246281f19dc5eec25dbb28c50c5c376ee9df5a6b5090a0ec7d321;e139f4d944b153210afd8aef98174679bf7caead33207fadc3a2e8c4cb619abb	complete standardized dataset-label count with panel-specific governed mapping	
Oryza sativa_CRA004082_Leaf|Unknown|	Oryza sativa_CRA004082_Leaf	not explicitly recorded	Oryza sativa	leaf		cell_type_original	Unknown					unknown	excluded_unknown	1378	standardized_h5ad_obs;ontology_mapping_candidates;panel_label_freeze_v1	internal_source_record:not_publicly_portable:data/datasets/Bioinformatics/h5ad/Oryza sativa_CRA004082_Leaf.h5ad;internal_source_record:not_publicly_portable:workspace/projects/PhyloOpenCell/metadata/ontology_mapping_candidates.tsv;internal_source_record:not_publicly_portable:workspace/projects/PhyloOpenCell/metadata/panel_label_freeze_v1.tsv	1fbc97c53744a34738122096c50773d0ac69904867f036bd4844f4a264517de6;e4a09d28939b9a165661f86d5a2f4fb0c1d33fea1c7465dcc7cf874f0a8238bc;78a020ef314246281f19dc5eec25dbb28c50c5c376ee9df5a6b5090a0ec7d321	complete standardized dataset-label count; no governed panel mapping	
Oryza sativa_CRA004082_Leaf|Xylem|vascular	Oryza sativa_CRA004082_Leaf	not explicitly recorded	Oryza sativa	leaf	vascular	cell_type_original	Xylem	PO:0005352	pilot_major_cell_family	xylem_lineage	vascular	mapped	expert_defined_many_to_one_from_user_approved_exact_PO_labels; official_source_metadata_not_resolved	380	standardized_h5ad_obs;panel_dataset_label_counts_v1;panel_label_freeze_v1;coarse_label_hierarchy_v1	internal_source_record:not_publicly_portable:data/datasets/Bioinformatics/h5ad/Oryza sativa_CRA004082_Leaf.h5ad;internal_source_record:not_publicly_portable:workspace/projects/PhyloOpenCell/metadata/panel_dataset_label_counts_v1.tsv.gz;internal_source_record:not_publicly_portable:workspace/projects/PhyloOpenCell/metadata/panel_label_freeze_v1.tsv;internal_source_record:not_publicly_portable:workspace/projects/PhyloOpenCell/metadata/coarse_label_hierarchy_v1.tsv	1fbc97c53744a34738122096c50773d0ac69904867f036bd4844f4a264517de6;a4bd8efca65e1175053b97dc0836fe8306417dd993d7a864389a5281d37302ea;78a020ef314246281f19dc5eec25dbb28c50c5c376ee9df5a6b5090a0ec7d321;e139f4d944b153210afd8aef98174679bf7caead33207fadc3a2e8c4cb619abb	complete standardized dataset-label count with panel-specific governed mapping	
Oryza sativa_CRA004082_Root|Non-hair root epidermal cell|root	Oryza sativa_CRA004082_Root	not explicitly recorded	Oryza sativa	root	root	cell_type_original	Non-hair root epidermal cell	PO:0000263	pilot_major_cell_family	epidermal_system	root	mapped	expert_defined_many_to_one_from_user_approved_exact_PO_labels; official_source_metadata_not_resolved	1150	standardized_h5ad_obs;panel_dataset_label_counts_v1;panel_label_freeze_v1;coarse_label_hierarchy_v1	internal_source_record:not_publicly_portable:data/datasets/Bioinformatics/h5ad/Oryza sativa_CRA004082_Root.h5ad;internal_source_record:not_publicly_portable:workspace/projects/PhyloOpenCell/metadata/panel_dataset_label_counts_v1.tsv.gz;internal_source_record:not_publicly_portable:workspace/projects/PhyloOpenCell/metadata/panel_label_freeze_v1.tsv;internal_source_record:not_publicly_portable:workspace/projects/PhyloOpenCell/metadata/coarse_label_hierarchy_v1.tsv	7b33593aed0bc3ea24a4703125ad99b7e935386013550550771006928f67d167;a4bd8efca65e1175053b97dc0836fe8306417dd993d7a864389a5281d37302ea;78a020ef314246281f19dc5eec25dbb28c50c5c376ee9df5a6b5090a0ec7d321;e139f4d944b153210afd8aef98174679bf7caead33207fadc3a2e8c4cb619abb	complete standardized dataset-label count with panel-specific governed mapping	
Oryza sativa_CRA004082_Root|Pericycle cell|root	Oryza sativa_CRA004082_Root	not explicitly recorded	Oryza sativa	root	root	cell_type_original	Pericycle cell	PO:0025261	pilot_major_cell_family	stele_lineage	root	mapped	expert_defined_many_to_one_from_user_approved_exact_PO_labels; official_source_metadata_not_resolved	476	standardized_h5ad_obs;panel_dataset_label_counts_v1;panel_label_freeze_v1;coarse_label_hierarchy_v1	internal_source_record:not_publicly_portable:data/datasets/Bioinformatics/h5ad/Oryza sativa_CRA004082_Root.h5ad;internal_source_record:not_publicly_portable:workspace/projects/PhyloOpenCell/metadata/panel_dataset_label_counts_v1.tsv.gz;internal_source_record:not_publicly_portable:workspace/projects/PhyloOpenCell/metadata/panel_label_freeze_v1.tsv;internal_source_record:not_publicly_portable:workspace/projects/PhyloOpenCell/metadata/coarse_label_hierarchy_v1.tsv	7b33593aed0bc3ea24a4703125ad99b7e935386013550550771006928f67d167;a4bd8efca65e1175053b97dc0836fe8306417dd993d7a864389a5281d37302ea;78a020ef314246281f19dc5eec25dbb28c50c5c376ee9df5a6b5090a0ec7d321;e139f4d944b153210afd8aef98174679bf7caead33207fadc3a2e8c4cb619abb	complete standardized dataset-label count with panel-specific governed mapping	
Oryza sativa_CRA004082_Root|Phloem|vascular	Oryza sativa_CRA004082_Root	not explicitly recorded	Oryza sativa	root	vascular	cell_type_original	Phloem	PO:0005417	pilot_major_cell_family	phloem_lineage	vascular	mapped	expert_defined_many_to_one_from_user_approved_exact_PO_labels; official_source_metadata_not_resolved	705	standardized_h5ad_obs;panel_dataset_label_counts_v1;panel_label_freeze_v1;coarse_label_hierarchy_v1	internal_source_record:not_publicly_portable:data/datasets/Bioinformatics/h5ad/Oryza sativa_CRA004082_Root.h5ad;internal_source_record:not_publicly_portable:workspace/projects/PhyloOpenCell/metadata/panel_dataset_label_counts_v1.tsv.gz;internal_source_record:not_publicly_portable:workspace/projects/PhyloOpenCell/metadata/panel_label_freeze_v1.tsv;internal_source_record:not_publicly_portable:workspace/projects/PhyloOpenCell/metadata/coarse_label_hierarchy_v1.tsv	7b33593aed0bc3ea24a4703125ad99b7e935386013550550771006928f67d167;a4bd8efca65e1175053b97dc0836fe8306417dd993d7a864389a5281d37302ea;78a020ef314246281f19dc5eec25dbb28c50c5c376ee9df5a6b5090a0ec7d321;e139f4d944b153210afd8aef98174679bf7caead33207fadc3a2e8c4cb619abb	complete standardized dataset-label count with panel-specific governed mapping	
Oryza sativa_CRA004082_Root|Root cortex|root	Oryza sativa_CRA004082_Root	not explicitly recorded	Oryza sativa	root	root	cell_type_original	Root cortex	PO:0000258	pilot_major_cell_family	ground_tissue	root	mapped	expert_defined_many_to_one_from_user_approved_exact_PO_labels; official_source_metadata_not_resolved	5059	standardized_h5ad_obs;panel_dataset_label_counts_v1;panel_label_freeze_v1;coarse_label_hierarchy_v1	internal_source_record:not_publicly_portable:data/datasets/Bioinformatics/h5ad/Oryza sativa_CRA004082_Root.h5ad;internal_source_record:not_publicly_portable:workspace/projects/PhyloOpenCell/metadata/panel_dataset_label_counts_v1.tsv.gz;internal_source_record:not_publicly_portable:workspace/projects/PhyloOpenCell/metadata/panel_label_freeze_v1.tsv;internal_source_record:not_publicly_portable:workspace/projects/PhyloOpenCell/metadata/coarse_label_hierarchy_v1.tsv	7b33593aed0bc3ea24a4703125ad99b7e935386013550550771006928f67d167;a4bd8efca65e1175053b97dc0836fe8306417dd993d7a864389a5281d37302ea;78a020ef314246281f19dc5eec25dbb28c50c5c376ee9df5a6b5090a0ec7d321;e139f4d944b153210afd8aef98174679bf7caead33207fadc3a2e8c4cb619abb	complete standardized dataset-label count with panel-specific governed mapping	
Oryza sativa_CRA004082_Root|Root endodermis|root	Oryza sativa_CRA004082_Root	not explicitly recorded	Oryza sativa	root	root	cell_type_original	Root endodermis	PO:0005059	pilot_major_cell_family	ground_tissue	root	mapped	expert_defined_many_to_one_from_user_approved_exact_PO_labels; official_source_metadata_not_resolved	860	standardized_h5ad_obs;panel_dataset_label_counts_v1;panel_label_freeze_v1;coarse_label_hierarchy_v1	internal_source_record:not_publicly_portable:data/datasets/Bioinformatics/h5ad/Oryza sativa_CRA004082_Root.h5ad;internal_source_record:not_publicly_portable:workspace/projects/PhyloOpenCell/metadata/panel_dataset_label_counts_v1.tsv.gz;internal_source_record:not_publicly_portable:workspace/projects/PhyloOpenCell/metadata/panel_label_freeze_v1.tsv;internal_source_record:not_publicly_portable:workspace/projects/PhyloOpenCell/metadata/coarse_label_hierarchy_v1.tsv	7b33593aed0bc3ea24a4703125ad99b7e935386013550550771006928f67d167;a4bd8efca65e1175053b97dc0836fe8306417dd993d7a864389a5281d37302ea;78a020ef314246281f19dc5eec25dbb28c50c5c376ee9df5a6b5090a0ec7d321;e139f4d944b153210afd8aef98174679bf7caead33207fadc3a2e8c4cb619abb	complete standardized dataset-label count with panel-specific governed mapping	
Oryza sativa_CRA004082_Root|Root procambium|root	Oryza sativa_CRA004082_Root	not explicitly recorded	Oryza sativa	root	root	cell_type_original	Root procambium	PO:0006307	pilot_major_cell_family	stele_lineage	root	mapped	expert_defined_many_to_one_from_user_approved_exact_PO_labels; official_source_metadata_not_resolved	1419	standardized_h5ad_obs;panel_dataset_label_counts_v1;panel_label_freeze_v1;coarse_label_hierarchy_v1	internal_source_record:not_publicly_portable:data/datasets/Bioinformatics/h5ad/Oryza sativa_CRA004082_Root.h5ad;internal_source_record:not_publicly_portable:workspace/projects/PhyloOpenCell/metadata/panel_dataset_label_counts_v1.tsv.gz;internal_source_record:not_publicly_portable:workspace/projects/PhyloOpenCell/metadata/panel_label_freeze_v1.tsv;internal_source_record:not_publicly_portable:workspace/projects/PhyloOpenCell/metadata/coarse_label_hierarchy_v1.tsv	7b33593aed0bc3ea24a4703125ad99b7e935386013550550771006928f67d167;a4bd8efca65e1175053b97dc0836fe8306417dd993d7a864389a5281d37302ea;78a020ef314246281f19dc5eec25dbb28c50c5c376ee9df5a6b5090a0ec7d321;e139f4d944b153210afd8aef98174679bf7caead33207fadc3a2e8c4cb619abb	complete standardized dataset-label count with panel-specific governed mapping	
Oryza sativa_CRA004082_Root|Root procambium|vascular	Oryza sativa_CRA004082_Root	not explicitly recorded	Oryza sativa	root	vascular	cell_type_original	Root procambium	PO:0006307	pilot_major_cell_family	procambial_lineage	vascular	mapped	expert_defined_many_to_one_from_user_approved_exact_PO_labels; official_source_metadata_not_resolved	1419	standardized_h5ad_obs;panel_dataset_label_counts_v1;panel_label_freeze_v1;coarse_label_hierarchy_v1	internal_source_record:not_publicly_portable:data/datasets/Bioinformatics/h5ad/Oryza sativa_CRA004082_Root.h5ad;internal_source_record:not_publicly_portable:workspace/projects/PhyloOpenCell/metadata/panel_dataset_label_counts_v1.tsv.gz;internal_source_record:not_publicly_portable:workspace/projects/PhyloOpenCell/metadata/panel_label_freeze_v1.tsv;internal_source_record:not_publicly_portable:workspace/projects/PhyloOpenCell/metadata/coarse_label_hierarchy_v1.tsv	7b33593aed0bc3ea24a4703125ad99b7e935386013550550771006928f67d167;a4bd8efca65e1175053b97dc0836fe8306417dd993d7a864389a5281d37302ea;78a020ef314246281f19dc5eec25dbb28c50c5c376ee9df5a6b5090a0ec7d321;e139f4d944b153210afd8aef98174679bf7caead33207fadc3a2e8c4cb619abb	complete standardized dataset-label count with panel-specific governed mapping	
Oryza sativa_CRA004082_Root|Unknown|	Oryza sativa_CRA004082_Root	not explicitly recorded	Oryza sativa	root		cell_type_original	Unknown					unknown	excluded_unknown	526	standardized_h5ad_obs;ontology_mapping_candidates;panel_label_freeze_v1	internal_source_record:not_publicly_portable:data/datasets/Bioinformatics/h5ad/Oryza sativa_CRA004082_Root.h5ad;internal_source_record:not_publicly_portable:workspace/projects/PhyloOpenCell/metadata/ontology_mapping_candidates.tsv;internal_source_record:not_publicly_portable:workspace/projects/PhyloOpenCell/metadata/panel_label_freeze_v1.tsv	7b33593aed0bc3ea24a4703125ad99b7e935386013550550771006928f67d167;e4a09d28939b9a165661f86d5a2f4fb0c1d33fea1c7465dcc7cf874f0a8238bc;78a020ef314246281f19dc5eec25dbb28c50c5c376ee9df5a6b5090a0ec7d321	complete standardized dataset-label count; no governed panel mapping	
Oryza sativa_CRA004082_Root|Xylem|vascular	Oryza sativa_CRA004082_Root	not explicitly recorded	Oryza sativa	root	vascular	cell_type_original	Xylem	PO:0005352	pilot_major_cell_family	xylem_lineage	vascular	mapped	expert_defined_many_to_one_from_user_approved_exact_PO_labels; official_source_metadata_not_resolved	90	standardized_h5ad_obs;panel_dataset_label_counts_v1;panel_label_freeze_v1;coarse_label_hierarchy_v1	internal_source_record:not_publicly_portable:data/datasets/Bioinformatics/h5ad/Oryza sativa_CRA004082_Root.h5ad;internal_source_record:not_publicly_portable:workspace/projects/PhyloOpenCell/metadata/panel_dataset_label_counts_v1.tsv.gz;internal_source_record:not_publicly_portable:workspace/projects/PhyloOpenCell/metadata/panel_label_freeze_v1.tsv;internal_source_record:not_publicly_portable:workspace/projects/PhyloOpenCell/metadata/coarse_label_hierarchy_v1.tsv	7b33593aed0bc3ea24a4703125ad99b7e935386013550550771006928f67d167;a4bd8efca65e1175053b97dc0836fe8306417dd993d7a864389a5281d37302ea;78a020ef314246281f19dc5eec25dbb28c50c5c376ee9df5a6b5090a0ec7d321;e139f4d944b153210afd8aef98174679bf7caead33207fadc3a2e8c4cb619abb	complete standardized dataset-label count with panel-specific governed mapping	
Oryza sativa_PRJNA609092|Metaxylem|vascular	Oryza sativa_PRJNA609092	PRJNA609092	Oryza sativa		vascular	cell_type_original	Metaxylem	PO:0000372	pilot_major_cell_family	xylem_lineage	vascular	mapped	expert_defined_many_to_one_from_user_approved_exact_PO_labels; passes_base_gates	149	standardized_h5ad_obs;panel_dataset_label_counts_v1;panel_label_freeze_v1;coarse_label_hierarchy_v1	internal_source_record:not_publicly_portable:data/datasets/Bioinformatics/h5ad/Oryza sativa_PRJNA609092.h5ad;internal_source_record:not_publicly_portable:workspace/projects/PhyloOpenCell/metadata/panel_dataset_label_counts_v1.tsv.gz;internal_source_record:not_publicly_portable:workspace/projects/PhyloOpenCell/metadata/panel_label_freeze_v1.tsv;internal_source_record:not_publicly_portable:workspace/projects/PhyloOpenCell/metadata/coarse_label_hierarchy_v1.tsv	8381ba1590f68582f9666c83699ef0ca72b42255480cf85264c70268f33bb17d;a4bd8efca65e1175053b97dc0836fe8306417dd993d7a864389a5281d37302ea;78a020ef314246281f19dc5eec25dbb28c50c5c376ee9df5a6b5090a0ec7d321;e139f4d944b153210afd8aef98174679bf7caead33207fadc3a2e8c4cb619abb	complete standardized dataset-label count with panel-specific governed mapping	
Oryza sativa_PRJNA609092|Root cortex|root	Oryza sativa_PRJNA609092	PRJNA609092	Oryza sativa		root	cell_type_original	Root cortex	PO:0000258	pilot_major_cell_family	ground_tissue	root	mapped	expert_defined_many_to_one_from_user_approved_exact_PO_labels; passes_base_gates	6462	standardized_h5ad_obs;panel_dataset_label_counts_v1;panel_label_freeze_v1;coarse_label_hierarchy_v1	internal_source_record:not_publicly_portable:data/datasets/Bioinformatics/h5ad/Oryza sativa_PRJNA609092.h5ad;internal_source_record:not_publicly_portable:workspace/projects/PhyloOpenCell/metadata/panel_dataset_label_counts_v1.tsv.gz;internal_source_record:not_publicly_portable:workspace/projects/PhyloOpenCell/metadata/panel_label_freeze_v1.tsv;internal_source_record:not_publicly_portable:workspace/projects/PhyloOpenCell/metadata/coarse_label_hierarchy_v1.tsv	8381ba1590f68582f9666c83699ef0ca72b42255480cf85264c70268f33bb17d;a4bd8efca65e1175053b97dc0836fe8306417dd993d7a864389a5281d37302ea;78a020ef314246281f19dc5eec25dbb28c50c5c376ee9df5a6b5090a0ec7d321;e139f4d944b153210afd8aef98174679bf7caead33207fadc3a2e8c4cb619abb	complete standardized dataset-label count with panel-specific governed mapping	
Oryza sativa_PRJNA609092|Root endodermis|root	Oryza sativa_PRJNA609092	PRJNA609092	Oryza sativa		root	cell_type_original	Root endodermis	PO:0005059	pilot_major_cell_family	ground_tissue	root	mapped	expert_defined_many_to_one_from_user_approved_exact_PO_labels; passes_base_gates	626	standardized_h5ad_obs;panel_dataset_label_counts_v1;panel_label_freeze_v1;coarse_label_hierarchy_v1	internal_source_record:not_publicly_portable:data/datasets/Bioinformatics/h5ad/Oryza sativa_PRJNA609092.h5ad;internal_source_record:not_publicly_portable:workspace/projects/PhyloOpenCell/metadata/panel_dataset_label_counts_v1.tsv.gz;internal_source_record:not_publicly_portable:workspace/projects/PhyloOpenCell/metadata/panel_label_freeze_v1.tsv;internal_source_record:not_publicly_portable:workspace/projects/PhyloOpenCell/metadata/coarse_label_hierarchy_v1.tsv	8381ba1590f68582f9666c83699ef0ca72b42255480cf85264c70268f33bb17d;a4bd8efca65e1175053b97dc0836fe8306417dd993d7a864389a5281d37302ea;78a020ef314246281f19dc5eec25dbb28c50c5c376ee9df5a6b5090a0ec7d321;e139f4d944b153210afd8aef98174679bf7caead33207fadc3a2e8c4cb619abb	complete standardized dataset-label count with panel-specific governed mapping	
Oryza sativa_PRJNA609092|Root epidermis|root	Oryza sativa_PRJNA609092	PRJNA609092	Oryza sativa		root	cell_type_original	Root epidermis	PO:0006036	pilot_major_cell_family	epidermal_system	root	mapped	expert_defined_many_to_one_from_user_approved_exact_PO_labels; passes_base_gates	4097	standardized_h5ad_obs;panel_dataset_label_counts_v1;panel_label_freeze_v1;coarse_label_hierarchy_v1	internal_source_record:not_publicly_portable:data/datasets/Bioinformatics/h5ad/Oryza sativa_PRJNA609092.h5ad;internal_source_record:not_publicly_portable:workspace/projects/PhyloOpenCell/metadata/panel_dataset_label_counts_v1.tsv.gz;internal_source_record:not_publicly_portable:workspace/projects/PhyloOpenCell/metadata/panel_label_freeze_v1.tsv;internal_source_record:not_publicly_portable:workspace/projects/PhyloOpenCell/metadata/coarse_label_hierarchy_v1.tsv	8381ba1590f68582f9666c83699ef0ca72b42255480cf85264c70268f33bb17d;a4bd8efca65e1175053b97dc0836fe8306417dd993d7a864389a5281d37302ea;78a020ef314246281f19dc5eec25dbb28c50c5c376ee9df5a6b5090a0ec7d321;e139f4d944b153210afd8aef98174679bf7caead33207fadc3a2e8c4cb619abb	complete standardized dataset-label count with panel-specific governed mapping	
Oryza sativa_PRJNA609092|Root hair cell|root	Oryza sativa_PRJNA609092	PRJNA609092	Oryza sativa		root	cell_type_original	Root hair cell	PO:0000256	pilot_major_cell_family	epidermal_system	root	mapped	expert_defined_many_to_one_from_user_approved_exact_PO_labels; passes_base_gates	188	standardized_h5ad_obs;panel_dataset_label_counts_v1;panel_label_freeze_v1;coarse_label_hierarchy_v1	internal_source_record:not_publicly_portable:data/datasets/Bioinformatics/h5ad/Oryza sativa_PRJNA609092.h5ad;internal_source_record:not_publicly_portable:workspace/projects/PhyloOpenCell/metadata/panel_dataset_label_counts_v1.tsv.gz;internal_source_record:not_publicly_portable:workspace/projects/PhyloOpenCell/metadata/panel_label_freeze_v1.tsv;internal_source_record:not_publicly_portable:workspace/projects/PhyloOpenCell/metadata/coarse_label_hierarchy_v1.tsv	8381ba1590f68582f9666c83699ef0ca72b42255480cf85264c70268f33bb17d;a4bd8efca65e1175053b97dc0836fe8306417dd993d7a864389a5281d37302ea;78a020ef314246281f19dc5eec25dbb28c50c5c376ee9df5a6b5090a0ec7d321;e139f4d944b153210afd8aef98174679bf7caead33207fadc3a2e8c4cb619abb	complete standardized dataset-label count with panel-specific governed mapping	
Oryza sativa_PRJNA609092|Root stele|root	Oryza sativa_PRJNA609092	PRJNA609092	Oryza sativa		root	cell_type_original	Root stele	PO:0020124	pilot_major_cell_family	stele_lineage	root	mapped	expert_defined_many_to_one_from_user_approved_exact_PO_labels; passes_base_gates	3062	standardized_h5ad_obs;panel_dataset_label_counts_v1;panel_label_freeze_v1;coarse_label_hierarchy_v1	internal_source_record:not_publicly_portable:data/datasets/Bioinformatics/h5ad/Oryza sativa_PRJNA609092.h5ad;internal_source_record:not_publicly_portable:workspace/projects/PhyloOpenCell/metadata/panel_dataset_label_counts_v1.tsv.gz;internal_source_record:not_publicly_portable:workspace/projects/PhyloOpenCell/metadata/panel_label_freeze_v1.tsv;internal_source_record:not_publicly_portable:workspace/projects/PhyloOpenCell/metadata/coarse_label_hierarchy_v1.tsv	8381ba1590f68582f9666c83699ef0ca72b42255480cf85264c70268f33bb17d;a4bd8efca65e1175053b97dc0836fe8306417dd993d7a864389a5281d37302ea;78a020ef314246281f19dc5eec25dbb28c50c5c376ee9df5a6b5090a0ec7d321;e139f4d944b153210afd8aef98174679bf7caead33207fadc3a2e8c4cb619abb	complete standardized dataset-label count with panel-specific governed mapping	
Oryza sativa_PRJNA609092|Unknown|	Oryza sativa_PRJNA609092	PRJNA609092	Oryza sativa			cell_type_original	Unknown					unknown	excluded_unknown	176	standardized_h5ad_obs;ontology_mapping_candidates;panel_label_freeze_v1	internal_source_record:not_publicly_portable:data/datasets/Bioinformatics/h5ad/Oryza sativa_PRJNA609092.h5ad;internal_source_record:not_publicly_portable:workspace/projects/PhyloOpenCell/metadata/ontology_mapping_candidates.tsv;internal_source_record:not_publicly_portable:workspace/projects/PhyloOpenCell/metadata/panel_label_freeze_v1.tsv	8381ba1590f68582f9666c83699ef0ca72b42255480cf85264c70268f33bb17d;e4a09d28939b9a165661f86d5a2f4fb0c1d33fea1c7465dcc7cf874f0a8238bc;78a020ef314246281f19dc5eec25dbb28c50c5c376ee9df5a6b5090a0ec7d321	complete standardized dataset-label count; no governed panel mapping	
Oryza sativa_PRJNA706435|Epidermal meristematic cell|	Oryza sativa_PRJNA706435	PRJNA706435	Oryza sativa			cell_type_original	Epidermal meristematic cell					unmapped	pending_manual_curation; exact_synonym	1833	standardized_h5ad_obs;ontology_mapping_candidates;panel_label_freeze_v1	internal_source_record:not_publicly_portable:data/datasets/Bioinformatics/h5ad/Oryza sativa_PRJNA706435.h5ad;internal_source_record:not_publicly_portable:workspace/projects/PhyloOpenCell/metadata/ontology_mapping_candidates.tsv;internal_source_record:not_publicly_portable:workspace/projects/PhyloOpenCell/metadata/panel_label_freeze_v1.tsv	d723a9bb6c012320533c08685220dcddaa49daf8d1149314fbe74252a6b64497;e4a09d28939b9a165661f86d5a2f4fb0c1d33fea1c7465dcc7cf874f0a8238bc;78a020ef314246281f19dc5eec25dbb28c50c5c376ee9df5a6b5090a0ec7d321	complete standardized dataset-label count; no governed panel mapping	not_in_governed_panel_hierarchy
Oryza sativa_PRJNA706435|Non_hair root epidermal cell|	Oryza sativa_PRJNA706435	PRJNA706435	Oryza sativa			cell_type_original	Non_hair root epidermal cell	PO:0000263				unmapped	candidate_auto_exact; exact_name; Plant Ontology exact lexical match; requires curator acceptance	2852	standardized_h5ad_obs;ontology_mapping_candidates;panel_label_freeze_v1	internal_source_record:not_publicly_portable:data/datasets/Bioinformatics/h5ad/Oryza sativa_PRJNA706435.h5ad;internal_source_record:not_publicly_portable:workspace/projects/PhyloOpenCell/metadata/ontology_mapping_candidates.tsv;internal_source_record:not_publicly_portable:workspace/projects/PhyloOpenCell/metadata/panel_label_freeze_v1.tsv	d723a9bb6c012320533c08685220dcddaa49daf8d1149314fbe74252a6b64497;e4a09d28939b9a165661f86d5a2f4fb0c1d33fea1c7465dcc7cf874f0a8238bc;78a020ef314246281f19dc5eec25dbb28c50c5c376ee9df5a6b5090a0ec7d321	complete standardized dataset-label count; no governed panel mapping	not_in_governed_panel_hierarchy
Oryza sativa_PRJNA706435|Pericycle cell|root	Oryza sativa_PRJNA706435	PRJNA706435	Oryza sativa		root	cell_type_original	Pericycle cell	PO:0025261	pilot_major_cell_family	stele_lineage	root	mapped	expert_defined_many_to_one_from_user_approved_exact_PO_labels; passes_base_gates	630	standardized_h5ad_obs;panel_dataset_label_counts_v1;panel_label_freeze_v1;coarse_label_hierarchy_v1	internal_source_record:not_publicly_portable:data/datasets/Bioinformatics/h5ad/Oryza sativa_PRJNA706435.h5ad;internal_source_record:not_publicly_portable:workspace/projects/PhyloOpenCell/metadata/panel_dataset_label_counts_v1.tsv.gz;internal_source_record:not_publicly_portable:workspace/projects/PhyloOpenCell/metadata/panel_label_freeze_v1.tsv;internal_source_record:not_publicly_portable:workspace/projects/PhyloOpenCell/metadata/coarse_label_hierarchy_v1.tsv	d723a9bb6c012320533c08685220dcddaa49daf8d1149314fbe74252a6b64497;a4bd8efca65e1175053b97dc0836fe8306417dd993d7a864389a5281d37302ea;78a020ef314246281f19dc5eec25dbb28c50c5c376ee9df5a6b5090a0ec7d321;e139f4d944b153210afd8aef98174679bf7caead33207fadc3a2e8c4cb619abb	complete standardized dataset-label count with panel-specific governed mapping	
Oryza sativa_PRJNA706435|Phloem|vascular	Oryza sativa_PRJNA706435	PRJNA706435	Oryza sativa		vascular	cell_type_original	Phloem	PO:0005417	pilot_major_cell_family	phloem_lineage	vascular	mapped	expert_defined_many_to_one_from_user_approved_exact_PO_labels; passes_base_gates	687	standardized_h5ad_obs;panel_dataset_label_counts_v1;panel_label_freeze_v1;coarse_label_hierarchy_v1	internal_source_record:not_publicly_portable:data/datasets/Bioinformatics/h5ad/Oryza sativa_PRJNA706435.h5ad;internal_source_record:not_publicly_portable:workspace/projects/PhyloOpenCell/metadata/panel_dataset_label_counts_v1.tsv.gz;internal_source_record:not_publicly_portable:workspace/projects/PhyloOpenCell/metadata/panel_label_freeze_v1.tsv;internal_source_record:not_publicly_portable:workspace/projects/PhyloOpenCell/metadata/coarse_label_hierarchy_v1.tsv	d723a9bb6c012320533c08685220dcddaa49daf8d1149314fbe74252a6b64497;a4bd8efca65e1175053b97dc0836fe8306417dd993d7a864389a5281d37302ea;78a020ef314246281f19dc5eec25dbb28c50c5c376ee9df5a6b5090a0ec7d321;e139f4d944b153210afd8aef98174679bf7caead33207fadc3a2e8c4cb619abb	complete standardized dataset-label count with panel-specific governed mapping	
Oryza sativa_PRJNA706435|Root cap junction|	Oryza sativa_PRJNA706435	PRJNA706435	Oryza sativa			cell_type_original	Root cap junction					unmapped	pending_manual_curation; exact_synonym	643	standardized_h5ad_obs;ontology_mapping_candidates;panel_label_freeze_v1	internal_source_record:not_publicly_portable:data/datasets/Bioinformatics/h5ad/Oryza sativa_PRJNA706435.h5ad;internal_source_record:not_publicly_portable:workspace/projects/PhyloOpenCell/metadata/ontology_mapping_candidates.tsv;internal_source_record:not_publicly_portable:workspace/projects/PhyloOpenCell/metadata/panel_label_freeze_v1.tsv	d723a9bb6c012320533c08685220dcddaa49daf8d1149314fbe74252a6b64497;e4a09d28939b9a165661f86d5a2f4fb0c1d33fea1c7465dcc7cf874f0a8238bc;78a020ef314246281f19dc5eec25dbb28c50c5c376ee9df5a6b5090a0ec7d321	complete standardized dataset-label count; no governed panel mapping	not_in_governed_panel_hierarchy
Oryza sativa_PRJNA706435|Root cortex|root	Oryza sativa_PRJNA706435	PRJNA706435	Oryza sativa		root	cell_type_original	Root cortex	PO:0000258	pilot_major_cell_family	ground_tissue	root	mapped	expert_defined_many_to_one_from_user_approved_exact_PO_labels; passes_base_gates	3609	standardized_h5ad_obs;panel_dataset_label_counts_v1;panel_label_freeze_v1;coarse_label_hierarchy_v1	internal_source_record:not_publicly_portable:data/datasets/Bioinformatics/h5ad/Oryza sativa_PRJNA706435.h5ad;internal_source_record:not_publicly_portable:workspace/projects/PhyloOpenCell/metadata/panel_dataset_label_counts_v1.tsv.gz;internal_source_record:not_publicly_portable:workspace/projects/PhyloOpenCell/metadata/panel_label_freeze_v1.tsv;internal_source_record:not_publicly_portable:workspace/projects/PhyloOpenCell/metadata/coarse_label_hierarchy_v1.tsv	d723a9bb6c012320533c08685220dcddaa49daf8d1149314fbe74252a6b64497;a4bd8efca65e1175053b97dc0836fe8306417dd993d7a864389a5281d37302ea;78a020ef314246281f19dc5eec25dbb28c50c5c376ee9df5a6b5090a0ec7d321;e139f4d944b153210afd8aef98174679bf7caead33207fadc3a2e8c4cb619abb	complete standardized dataset-label count with panel-specific governed mapping	
Oryza sativa_PRJNA706435|Root endodermis|root	Oryza sativa_PRJNA706435	PRJNA706435	Oryza sativa		root	cell_type_original	Root endodermis	PO:0005059	pilot_major_cell_family	ground_tissue	root	mapped	expert_defined_many_to_one_from_user_approved_exact_PO_labels; passes_base_gates	4120	standardized_h5ad_obs;panel_dataset_label_counts_v1;panel_label_freeze_v1;coarse_label_hierarchy_v1	internal_source_record:not_publicly_portable:data/datasets/Bioinformatics/h5ad/Oryza sativa_PRJNA706435.h5ad;internal_source_record:not_publicly_portable:workspace/projects/PhyloOpenCell/metadata/panel_dataset_label_counts_v1.tsv.gz;internal_source_record:not_publicly_portable:workspace/projects/PhyloOpenCell/metadata/panel_label_freeze_v1.tsv;internal_source_record:not_publicly_portable:workspace/projects/PhyloOpenCell/metadata/coarse_label_hierarchy_v1.tsv	d723a9bb6c012320533c08685220dcddaa49daf8d1149314fbe74252a6b64497;a4bd8efca65e1175053b97dc0836fe8306417dd993d7a864389a5281d37302ea;78a020ef314246281f19dc5eec25dbb28c50c5c376ee9df5a6b5090a0ec7d321;e139f4d944b153210afd8aef98174679bf7caead33207fadc3a2e8c4cb619abb	complete standardized dataset-label count with panel-specific governed mapping	
Oryza sativa_PRJNA706435|Root exodermis|	Oryza sativa_PRJNA706435	PRJNA706435	Oryza sativa			cell_type_original	Root exodermis					unmapped	pending_manual_curation; exact_synonym	4360	standardized_h5ad_obs;ontology_mapping_candidates;panel_label_freeze_v1	internal_source_record:not_publicly_portable:data/datasets/Bioinformatics/h5ad/Oryza sativa_PRJNA706435.h5ad;internal_source_record:not_publicly_portable:workspace/projects/PhyloOpenCell/metadata/ontology_mapping_candidates.tsv;internal_source_record:not_publicly_portable:workspace/projects/PhyloOpenCell/metadata/panel_label_freeze_v1.tsv	d723a9bb6c012320533c08685220dcddaa49daf8d1149314fbe74252a6b64497;e4a09d28939b9a165661f86d5a2f4fb0c1d33fea1c7465dcc7cf874f0a8238bc;78a020ef314246281f19dc5eec25dbb28c50c5c376ee9df5a6b5090a0ec7d321	complete standardized dataset-label count; no governed panel mapping	not_in_governed_panel_hierarchy
Oryza sativa_PRJNA706435|Root hair cell|root	Oryza sativa_PRJNA706435	PRJNA706435	Oryza sativa		root	cell_type_original	Root hair cell	PO:0000256	pilot_major_cell_family	epidermal_system	root	mapped	expert_defined_many_to_one_from_user_approved_exact_PO_labels; passes_base_gates	2600	standardized_h5ad_obs;panel_dataset_label_counts_v1;panel_label_freeze_v1;coarse_label_hierarchy_v1	internal_source_record:not_publicly_portable:data/datasets/Bioinformatics/h5ad/Oryza sativa_PRJNA706435.h5ad;internal_source_record:not_publicly_portable:workspace/projects/PhyloOpenCell/metadata/panel_dataset_label_counts_v1.tsv.gz;internal_source_record:not_publicly_portable:workspace/projects/PhyloOpenCell/metadata/panel_label_freeze_v1.tsv;internal_source_record:not_publicly_portable:workspace/projects/PhyloOpenCell/metadata/coarse_label_hierarchy_v1.tsv	d723a9bb6c012320533c08685220dcddaa49daf8d1149314fbe74252a6b64497;a4bd8efca65e1175053b97dc0836fe8306417dd993d7a864389a5281d37302ea;78a020ef314246281f19dc5eec25dbb28c50c5c376ee9df5a6b5090a0ec7d321;e139f4d944b153210afd8aef98174679bf7caead33207fadc3a2e8c4cb619abb	complete standardized dataset-label count with panel-specific governed mapping	
Oryza sativa_PRJNA706435|Root meristem|	Oryza sativa_PRJNA706435	PRJNA706435	Oryza sativa			cell_type_original	Root meristem	PO:0006085				unmapped	candidate_auto_exact; exact_name; Plant Ontology exact lexical match; requires curator acceptance	5384	standardized_h5ad_obs;ontology_mapping_candidates;panel_label_freeze_v1	internal_source_record:not_publicly_portable:data/datasets/Bioinformatics/h5ad/Oryza sativa_PRJNA706435.h5ad;internal_source_record:not_publicly_portable:workspace/projects/PhyloOpenCell/metadata/ontology_mapping_candidates.tsv;internal_source_record:not_publicly_portable:workspace/projects/PhyloOpenCell/metadata/panel_label_freeze_v1.tsv	d723a9bb6c012320533c08685220dcddaa49daf8d1149314fbe74252a6b64497;e4a09d28939b9a165661f86d5a2f4fb0c1d33fea1c7465dcc7cf874f0a8238bc;78a020ef314246281f19dc5eec25dbb28c50c5c376ee9df5a6b5090a0ec7d321	complete standardized dataset-label count; no governed panel mapping	not_in_governed_panel_hierarchy
Oryza sativa_PRJNA706435|Root stele|root	Oryza sativa_PRJNA706435	PRJNA706435	Oryza sativa		root	cell_type_original	Root stele	PO:0020124	pilot_major_cell_family	stele_lineage	root	mapped	expert_defined_many_to_one_from_user_approved_exact_PO_labels; passes_base_gates	3184	standardized_h5ad_obs;panel_dataset_label_counts_v1;panel_label_freeze_v1;coarse_label_hierarchy_v1	internal_source_record:not_publicly_portable:data/datasets/Bioinformatics/h5ad/Oryza sativa_PRJNA706435.h5ad;internal_source_record:not_publicly_portable:workspace/projects/PhyloOpenCell/metadata/panel_dataset_label_counts_v1.tsv.gz;internal_source_record:not_publicly_portable:workspace/projects/PhyloOpenCell/metadata/panel_label_freeze_v1.tsv;internal_source_record:not_publicly_portable:workspace/projects/PhyloOpenCell/metadata/coarse_label_hierarchy_v1.tsv	d723a9bb6c012320533c08685220dcddaa49daf8d1149314fbe74252a6b64497;a4bd8efca65e1175053b97dc0836fe8306417dd993d7a864389a5281d37302ea;78a020ef314246281f19dc5eec25dbb28c50c5c376ee9df5a6b5090a0ec7d321;e139f4d944b153210afd8aef98174679bf7caead33207fadc3a2e8c4cb619abb	complete standardized dataset-label count with panel-specific governed mapping	
Oryza sativa_PRJNA706435|Sclerenchyma|	Oryza sativa_PRJNA706435	PRJNA706435	Oryza sativa			cell_type_original	Sclerenchyma	PO:0005427				unmapped	candidate_auto_exact; exact_name; Plant Ontology exact lexical match; requires curator acceptance	3432	standardized_h5ad_obs;ontology_mapping_candidates;panel_label_freeze_v1	internal_source_record:not_publicly_portable:data/datasets/Bioinformatics/h5ad/Oryza sativa_PRJNA706435.h5ad;internal_source_record:not_publicly_portable:workspace/projects/PhyloOpenCell/metadata/ontology_mapping_candidates.tsv;internal_source_record:not_publicly_portable:workspace/projects/PhyloOpenCell/metadata/panel_label_freeze_v1.tsv	d723a9bb6c012320533c08685220dcddaa49daf8d1149314fbe74252a6b64497;e4a09d28939b9a165661f86d5a2f4fb0c1d33fea1c7465dcc7cf874f0a8238bc;78a020ef314246281f19dc5eec25dbb28c50c5c376ee9df5a6b5090a0ec7d321	complete standardized dataset-label count; no governed panel mapping	not_in_governed_panel_hierarchy
Oryza sativa_PRJNA706435|Unknown|	Oryza sativa_PRJNA706435	PRJNA706435	Oryza sativa			cell_type_original	Unknown					unknown	excluded_unknown	861	standardized_h5ad_obs;ontology_mapping_candidates;panel_label_freeze_v1	internal_source_record:not_publicly_portable:data/datasets/Bioinformatics/h5ad/Oryza sativa_PRJNA706435.h5ad;internal_source_record:not_publicly_portable:workspace/projects/PhyloOpenCell/metadata/ontology_mapping_candidates.tsv;internal_source_record:not_publicly_portable:workspace/projects/PhyloOpenCell/metadata/panel_label_freeze_v1.tsv	d723a9bb6c012320533c08685220dcddaa49daf8d1149314fbe74252a6b64497;e4a09d28939b9a165661f86d5a2f4fb0c1d33fea1c7465dcc7cf874f0a8238bc;78a020ef314246281f19dc5eec25dbb28c50c5c376ee9df5a6b5090a0ec7d321	complete standardized dataset-label count; no governed panel mapping	
Oryza sativa_PRJNA706435|Xylem|vascular	Oryza sativa_PRJNA706435	PRJNA706435	Oryza sativa		vascular	cell_type_original	Xylem	PO:0005352	pilot_major_cell_family	xylem_lineage	vascular	mapped	expert_defined_many_to_one_from_user_approved_exact_PO_labels; passes_base_gates	2212	standardized_h5ad_obs;panel_dataset_label_counts_v1;panel_label_freeze_v1;coarse_label_hierarchy_v1	internal_source_record:not_publicly_portable:data/datasets/Bioinformatics/h5ad/Oryza sativa_PRJNA706435.h5ad;internal_source_record:not_publicly_portable:workspace/projects/PhyloOpenCell/metadata/panel_dataset_label_counts_v1.tsv.gz;internal_source_record:not_publicly_portable:workspace/projects/PhyloOpenCell/metadata/panel_label_freeze_v1.tsv;internal_source_record:not_publicly_portable:workspace/projects/PhyloOpenCell/metadata/coarse_label_hierarchy_v1.tsv	d723a9bb6c012320533c08685220dcddaa49daf8d1149314fbe74252a6b64497;a4bd8efca65e1175053b97dc0836fe8306417dd993d7a864389a5281d37302ea;78a020ef314246281f19dc5eec25dbb28c50c5c376ee9df5a6b5090a0ec7d321;e139f4d944b153210afd8aef98174679bf7caead33207fadc3a2e8c4cb619abb	complete standardized dataset-label count with panel-specific governed mapping	
Oryza sativa_PRJNA767589_Inflorescence||	Oryza sativa_PRJNA767589_Inflorescence	PRJNA767589	Oryza sativa	inflorescence		cell_type_original						unknown	missing value in standardized source-label field	32265	standardized_h5ad_obs;ontology_mapping_candidates;panel_label_freeze_v1	internal_source_record:not_publicly_portable:data/datasets/Bioinformatics/h5ad/Oryza sativa_PRJNA767589_Inflorescence.h5ad;internal_source_record:not_publicly_portable:workspace/projects/PhyloOpenCell/metadata/ontology_mapping_candidates.tsv;internal_source_record:not_publicly_portable:workspace/projects/PhyloOpenCell/metadata/panel_label_freeze_v1.tsv	ce526043c364c40046764dc4d40adea9e46e83954f33d2a77341ce45fbf36728;e4a09d28939b9a165661f86d5a2f4fb0c1d33fea1c7465dcc7cf874f0a8238bc;78a020ef314246281f19dc5eec25dbb28c50c5c376ee9df5a6b5090a0ec7d321	complete standardized dataset-label count; no governed panel mapping	
Oryza sativa_PRJNA767589_Spikelet|Cryptic bract|	Oryza sativa_PRJNA767589_Spikelet	PRJNA767589	Oryza sativa	spikelet		cell_type_original	Cryptic bract					unmapped	pending_manual_curation; exact_synonym	823	standardized_h5ad_obs;ontology_mapping_candidates;panel_label_freeze_v1	internal_source_record:not_publicly_portable:data/datasets/Bioinformatics/h5ad/Oryza sativa_PRJNA767589_Spikelet.h5ad;internal_source_record:not_publicly_portable:workspace/projects/PhyloOpenCell/metadata/ontology_mapping_candidates.tsv;internal_source_record:not_publicly_portable:workspace/projects/PhyloOpenCell/metadata/panel_label_freeze_v1.tsv	c628da4e18e92459eb51777933b9ca16de348f9a27b09a60521b91bd4aa2635d;e4a09d28939b9a165661f86d5a2f4fb0c1d33fea1c7465dcc7cf874f0a8238bc;78a020ef314246281f19dc5eec25dbb28c50c5c376ee9df5a6b5090a0ec7d321	complete standardized dataset-label count; no governed panel mapping	not_in_governed_panel_hierarchy
Oryza sativa_PRJNA767589_Spikelet|Floret meristem|	Oryza sativa_PRJNA767589_Spikelet	PRJNA767589	Oryza sativa	spikelet		cell_type_original	Floret meristem					unmapped	pending_manual_curation; exact_synonym	294	standardized_h5ad_obs;ontology_mapping_candidates;panel_label_freeze_v1	internal_source_record:not_publicly_portable:data/datasets/Bioinformatics/h5ad/Oryza sativa_PRJNA767589_Spikelet.h5ad;internal_source_record:not_publicly_portable:workspace/projects/PhyloOpenCell/metadata/ontology_mapping_candidates.tsv;internal_source_record:not_publicly_portable:workspace/projects/PhyloOpenCell/metadata/panel_label_freeze_v1.tsv	c628da4e18e92459eb51777933b9ca16de348f9a27b09a60521b91bd4aa2635d;e4a09d28939b9a165661f86d5a2f4fb0c1d33fea1c7465dcc7cf874f0a8238bc;78a020ef314246281f19dc5eec25dbb28c50c5c376ee9df5a6b5090a0ec7d321	complete standardized dataset-label count; no governed panel mapping	not_in_governed_panel_hierarchy
Oryza sativa_PRJNA767589_Spikelet|Lodicule|	Oryza sativa_PRJNA767589_Spikelet	PRJNA767589	Oryza sativa	spikelet		cell_type_original	Lodicule	PO:0009036				unmapped	candidate_auto_exact; exact_name; Plant Ontology exact lexical match; requires curator acceptance	607	standardized_h5ad_obs;ontology_mapping_candidates;panel_label_freeze_v1	internal_source_record:not_publicly_portable:data/datasets/Bioinformatics/h5ad/Oryza sativa_PRJNA767589_Spikelet.h5ad;internal_source_record:not_publicly_portable:workspace/projects/PhyloOpenCell/metadata/ontology_mapping_candidates.tsv;internal_source_record:not_publicly_portable:workspace/projects/PhyloOpenCell/metadata/panel_label_freeze_v1.tsv	c628da4e18e92459eb51777933b9ca16de348f9a27b09a60521b91bd4aa2635d;e4a09d28939b9a165661f86d5a2f4fb0c1d33fea1c7465dcc7cf874f0a8238bc;78a020ef314246281f19dc5eec25dbb28c50c5c376ee9df5a6b5090a0ec7d321	complete standardized dataset-label count; no governed panel mapping	not_in_governed_panel_hierarchy
Oryza sativa_PRJNA767589_Spikelet|Palea|	Oryza sativa_PRJNA767589_Spikelet	PRJNA767589	Oryza sativa	spikelet		cell_type_original	Palea	PO:0009038				unmapped	candidate_auto_exact; exact_name; Plant Ontology exact lexical match; requires curator acceptance	471	standardized_h5ad_obs;ontology_mapping_candidates;panel_label_freeze_v1	internal_source_record:not_publicly_portable:data/datasets/Bioinformatics/h5ad/Oryza sativa_PRJNA767589_Spikelet.h5ad;internal_source_record:not_publicly_portable:workspace/projects/PhyloOpenCell/metadata/ontology_mapping_candidates.tsv;internal_source_record:not_publicly_portable:workspace/projects/PhyloOpenCell/metadata/panel_label_freeze_v1.tsv	c628da4e18e92459eb51777933b9ca16de348f9a27b09a60521b91bd4aa2635d;e4a09d28939b9a165661f86d5a2f4fb0c1d33fea1c7465dcc7cf874f0a8238bc;78a020ef314246281f19dc5eec25dbb28c50c5c376ee9df5a6b5090a0ec7d321	complete standardized dataset-label count; no governed panel mapping	not_in_governed_panel_hierarchy
Oryza sativa_PRJNA767589_Spikelet|Rudimentary glume|	Oryza sativa_PRJNA767589_Spikelet	PRJNA767589	Oryza sativa	spikelet		cell_type_original	Rudimentary glume					unmapped	pending_manual_curation; exact_synonym	606	standardized_h5ad_obs;ontology_mapping_candidates;panel_label_freeze_v1	internal_source_record:not_publicly_portable:data/datasets/Bioinformatics/h5ad/Oryza sativa_PRJNA767589_Spikelet.h5ad;internal_source_record:not_publicly_portable:workspace/projects/PhyloOpenCell/metadata/ontology_mapping_candidates.tsv;internal_source_record:not_publicly_portable:workspace/projects/PhyloOpenCell/metadata/panel_label_freeze_v1.tsv	c628da4e18e92459eb51777933b9ca16de348f9a27b09a60521b91bd4aa2635d;e4a09d28939b9a165661f86d5a2f4fb0c1d33fea1c7465dcc7cf874f0a8238bc;78a020ef314246281f19dc5eec25dbb28c50c5c376ee9df5a6b5090a0ec7d321	complete standardized dataset-label count; no governed panel mapping	not_in_governed_panel_hierarchy
Oryza sativa_PRJNA767589_Spikelet|Spikelet identity cell|	Oryza sativa_PRJNA767589_Spikelet	PRJNA767589	Oryza sativa	spikelet		cell_type_original	Spikelet identity cell					unmapped	pending_manual_curation; exact_synonym	183	standardized_h5ad_obs;ontology_mapping_candidates;panel_label_freeze_v1	internal_source_record:not_publicly_portable:data/datasets/Bioinformatics/h5ad/Oryza sativa_PRJNA767589_Spikelet.h5ad;internal_source_record:not_publicly_portable:workspace/projects/PhyloOpenCell/metadata/ontology_mapping_candidates.tsv;internal_source_record:not_publicly_portable:workspace/projects/PhyloOpenCell/metadata/panel_label_freeze_v1.tsv	c628da4e18e92459eb51777933b9ca16de348f9a27b09a60521b91bd4aa2635d;e4a09d28939b9a165661f86d5a2f4fb0c1d33fea1c7465dcc7cf874f0a8238bc;78a020ef314246281f19dc5eec25dbb28c50c5c376ee9df5a6b5090a0ec7d321	complete standardized dataset-label count; no governed panel mapping	not_in_governed_panel_hierarchy
Oryza sativa_PRJNA767589_Spikelet|Spikelet supporting cell|	Oryza sativa_PRJNA767589_Spikelet	PRJNA767589	Oryza sativa	spikelet		cell_type_original	Spikelet supporting cell					unmapped	pending_manual_curation; exact_synonym	2127	standardized_h5ad_obs;ontology_mapping_candidates;panel_label_freeze_v1	internal_source_record:not_publicly_portable:data/datasets/Bioinformatics/h5ad/Oryza sativa_PRJNA767589_Spikelet.h5ad;internal_source_record:not_publicly_portable:workspace/projects/PhyloOpenCell/metadata/ontology_mapping_candidates.tsv;internal_source_record:not_publicly_portable:workspace/projects/PhyloOpenCell/metadata/panel_label_freeze_v1.tsv	c628da4e18e92459eb51777933b9ca16de348f9a27b09a60521b91bd4aa2635d;e4a09d28939b9a165661f86d5a2f4fb0c1d33fea1c7465dcc7cf874f0a8238bc;78a020ef314246281f19dc5eec25dbb28c50c5c376ee9df5a6b5090a0ec7d321	complete standardized dataset-label count; no governed panel mapping	not_in_governed_panel_hierarchy
Oryza sativa_PRJNA767589_Spikelet|Stamen|	Oryza sativa_PRJNA767589_Spikelet	PRJNA767589	Oryza sativa	spikelet		cell_type_original	Stamen	PO:0009029				unmapped	candidate_auto_exact; exact_name; Plant Ontology exact lexical match; requires curator acceptance	363	standardized_h5ad_obs;ontology_mapping_candidates;panel_label_freeze_v1	internal_source_record:not_publicly_portable:data/datasets/Bioinformatics/h5ad/Oryza sativa_PRJNA767589_Spikelet.h5ad;internal_source_record:not_publicly_portable:workspace/projects/PhyloOpenCell/metadata/ontology_mapping_candidates.tsv;internal_source_record:not_publicly_portable:workspace/projects/PhyloOpenCell/metadata/panel_label_freeze_v1.tsv	c628da4e18e92459eb51777933b9ca16de348f9a27b09a60521b91bd4aa2635d;e4a09d28939b9a165661f86d5a2f4fb0c1d33fea1c7465dcc7cf874f0a8238bc;78a020ef314246281f19dc5eec25dbb28c50c5c376ee9df5a6b5090a0ec7d321	complete standardized dataset-label count; no governed panel mapping	not_in_governed_panel_hierarchy
Oryza sativa_PRJNA767589_Spikelet|Sterile lemma|	Oryza sativa_PRJNA767589_Spikelet	PRJNA767589	Oryza sativa	spikelet		cell_type_original	Sterile lemma	PO:0009040				unmapped	candidate_auto_exact; exact_name; Plant Ontology exact lexical match; requires curator acceptance	708	standardized_h5ad_obs;ontology_mapping_candidates;panel_label_freeze_v1	internal_source_record:not_publicly_portable:data/datasets/Bioinformatics/h5ad/Oryza sativa_PRJNA767589_Spikelet.h5ad;internal_source_record:not_publicly_portable:workspace/projects/PhyloOpenCell/metadata/ontology_mapping_candidates.tsv;internal_source_record:not_publicly_portable:workspace/projects/PhyloOpenCell/metadata/panel_label_freeze_v1.tsv	c628da4e18e92459eb51777933b9ca16de348f9a27b09a60521b91bd4aa2635d;e4a09d28939b9a165661f86d5a2f4fb0c1d33fea1c7465dcc7cf874f0a8238bc;78a020ef314246281f19dc5eec25dbb28c50c5c376ee9df5a6b5090a0ec7d321	complete standardized dataset-label count; no governed panel mapping	not_in_governed_panel_hierarchy
Phyllostachys edulis_PRJNA953008|Root cap|	Phyllostachys edulis_PRJNA953008	PRJNA953008	Phyllostachys edulis			cell_type_original	Root cap	PO:0020123				unmapped	candidate_auto_exact; exact_name; Plant Ontology exact lexical match; requires curator acceptance	2091	standardized_h5ad_obs;ontology_mapping_candidates;panel_label_freeze_v1	internal_source_record:not_publicly_portable:data/datasets/Bioinformatics/h5ad/Phyllostachys edulis_PRJNA953008.h5ad;internal_source_record:not_publicly_portable:workspace/projects/PhyloOpenCell/metadata/ontology_mapping_candidates.tsv;internal_source_record:not_publicly_portable:workspace/projects/PhyloOpenCell/metadata/panel_label_freeze_v1.tsv	183811ffbbe2ae67922a9b2399913b9a5a8a8339ec843e6e6886f6f2e7497f3f;e4a09d28939b9a165661f86d5a2f4fb0c1d33fea1c7465dcc7cf874f0a8238bc;78a020ef314246281f19dc5eec25dbb28c50c5c376ee9df5a6b5090a0ec7d321	complete standardized dataset-label count; no governed panel mapping	not_in_governed_panel_hierarchy
Phyllostachys edulis_PRJNA953008|Root epidermis|	Phyllostachys edulis_PRJNA953008	PRJNA953008	Phyllostachys edulis			cell_type_original	Root epidermis	PO:0006036				unmapped	candidate_auto_exact; exact_name; Plant Ontology exact lexical match; requires curator acceptance	1448	standardized_h5ad_obs;ontology_mapping_candidates;panel_label_freeze_v1	internal_source_record:not_publicly_portable:data/datasets/Bioinformatics/h5ad/Phyllostachys edulis_PRJNA953008.h5ad;internal_source_record:not_publicly_portable:workspace/projects/PhyloOpenCell/metadata/ontology_mapping_candidates.tsv;internal_source_record:not_publicly_portable:workspace/projects/PhyloOpenCell/metadata/panel_label_freeze_v1.tsv	183811ffbbe2ae67922a9b2399913b9a5a8a8339ec843e6e6886f6f2e7497f3f;e4a09d28939b9a165661f86d5a2f4fb0c1d33fea1c7465dcc7cf874f0a8238bc;78a020ef314246281f19dc5eec25dbb28c50c5c376ee9df5a6b5090a0ec7d321	complete standardized dataset-label count; no governed panel mapping	not_in_governed_panel_hierarchy
Phyllostachys edulis_PRJNA953008|Root initial cell|	Phyllostachys edulis_PRJNA953008	PRJNA953008	Phyllostachys edulis			cell_type_original	Root initial cell	PO:0000059				unmapped	candidate_auto_exact; exact_name; Plant Ontology exact lexical match; requires curator acceptance	1938	standardized_h5ad_obs;ontology_mapping_candidates;panel_label_freeze_v1	internal_source_record:not_publicly_portable:data/datasets/Bioinformatics/h5ad/Phyllostachys edulis_PRJNA953008.h5ad;internal_source_record:not_publicly_portable:workspace/projects/PhyloOpenCell/metadata/ontology_mapping_candidates.tsv;internal_source_record:not_publicly_portable:workspace/projects/PhyloOpenCell/metadata/panel_label_freeze_v1.tsv	183811ffbbe2ae67922a9b2399913b9a5a8a8339ec843e6e6886f6f2e7497f3f;e4a09d28939b9a165661f86d5a2f4fb0c1d33fea1c7465dcc7cf874f0a8238bc;78a020ef314246281f19dc5eec25dbb28c50c5c376ee9df5a6b5090a0ec7d321	complete standardized dataset-label count; no governed panel mapping	not_in_governed_panel_hierarchy
Phyllostachys edulis_PRJNA953008|Root system ground meristem|	Phyllostachys edulis_PRJNA953008	PRJNA953008	Phyllostachys edulis			cell_type_original	Root system ground meristem	PO:0025596				unmapped	candidate_auto_exact; exact_name; Plant Ontology exact lexical match; requires curator acceptance	7114	standardized_h5ad_obs;ontology_mapping_candidates;panel_label_freeze_v1	internal_source_record:not_publicly_portable:data/datasets/Bioinformatics/h5ad/Phyllostachys edulis_PRJNA953008.h5ad;internal_source_record:not_publicly_portable:workspace/projects/PhyloOpenCell/metadata/ontology_mapping_candidates.tsv;internal_source_record:not_publicly_portable:workspace/projects/PhyloOpenCell/metadata/panel_label_freeze_v1.tsv	183811ffbbe2ae67922a9b2399913b9a5a8a8339ec843e6e6886f6f2e7497f3f;e4a09d28939b9a165661f86d5a2f4fb0c1d33fea1c7465dcc7cf874f0a8238bc;78a020ef314246281f19dc5eec25dbb28c50c5c376ee9df5a6b5090a0ec7d321	complete standardized dataset-label count; no governed panel mapping	not_in_governed_panel_hierarchy
Phyllostachys edulis_PRJNA953008|Unknown|	Phyllostachys edulis_PRJNA953008	PRJNA953008	Phyllostachys edulis			cell_type_original	Unknown					unknown	excluded_unknown	2713	standardized_h5ad_obs;ontology_mapping_candidates;panel_label_freeze_v1	internal_source_record:not_publicly_portable:data/datasets/Bioinformatics/h5ad/Phyllostachys edulis_PRJNA953008.h5ad;internal_source_record:not_publicly_portable:workspace/projects/PhyloOpenCell/metadata/ontology_mapping_candidates.tsv;internal_source_record:not_publicly_portable:workspace/projects/PhyloOpenCell/metadata/panel_label_freeze_v1.tsv	183811ffbbe2ae67922a9b2399913b9a5a8a8339ec843e6e6886f6f2e7497f3f;e4a09d28939b9a165661f86d5a2f4fb0c1d33fea1c7465dcc7cf874f0a8238bc;78a020ef314246281f19dc5eec25dbb28c50c5c376ee9df5a6b5090a0ec7d321	complete standardized dataset-label count; no governed panel mapping	
Pisum sativum_PRJNA983513|Guard cell|	Pisum sativum_PRJNA983513	PRJNA983513	Pisum sativum			cell_type_original	Guard cell	PO:0000293				unmapped	candidate_auto_exact; exact_name; Plant Ontology exact lexical match; requires curator acceptance	80	standardized_h5ad_obs;ontology_mapping_candidates;panel_label_freeze_v1	internal_source_record:not_publicly_portable:data/datasets/Bioinformatics/h5ad/Pisum sativum_PRJNA983513.h5ad;internal_source_record:not_publicly_portable:workspace/projects/PhyloOpenCell/metadata/ontology_mapping_candidates.tsv;internal_source_record:not_publicly_portable:workspace/projects/PhyloOpenCell/metadata/panel_label_freeze_v1.tsv	4fd8007e44b6c75d7532077a61ab2e651bd56d048f6704616e962f2c2c98d229;e4a09d28939b9a165661f86d5a2f4fb0c1d33fea1c7465dcc7cf874f0a8238bc;78a020ef314246281f19dc5eec25dbb28c50c5c376ee9df5a6b5090a0ec7d321	complete standardized dataset-label count; no governed panel mapping	not_in_governed_panel_hierarchy
Pisum sativum_PRJNA983513|Mesophyll cell|	Pisum sativum_PRJNA983513	PRJNA983513	Pisum sativum			cell_type_original	Mesophyll cell	PO:0004006				unmapped	candidate_auto_exact; exact_name; Plant Ontology exact lexical match; requires curator acceptance	10428	standardized_h5ad_obs;ontology_mapping_candidates;panel_label_freeze_v1	internal_source_record:not_publicly_portable:data/datasets/Bioinformatics/h5ad/Pisum sativum_PRJNA983513.h5ad;internal_source_record:not_publicly_portable:workspace/projects/PhyloOpenCell/metadata/ontology_mapping_candidates.tsv;internal_source_record:not_publicly_portable:workspace/projects/PhyloOpenCell/metadata/panel_label_freeze_v1.tsv	4fd8007e44b6c75d7532077a61ab2e651bd56d048f6704616e962f2c2c98d229;e4a09d28939b9a165661f86d5a2f4fb0c1d33fea1c7465dcc7cf874f0a8238bc;78a020ef314246281f19dc5eec25dbb28c50c5c376ee9df5a6b5090a0ec7d321	complete standardized dataset-label count; no governed panel mapping	not_in_governed_panel_hierarchy
Pisum sativum_PRJNA983513|Shoot apical meristem|	Pisum sativum_PRJNA983513	PRJNA983513	Pisum sativum			cell_type_original	Shoot apical meristem	PO:0020148				unmapped	candidate_auto_exact; exact_name; Plant Ontology exact lexical match; requires curator acceptance	2840	standardized_h5ad_obs;ontology_mapping_candidates;panel_label_freeze_v1	internal_source_record:not_publicly_portable:data/datasets/Bioinformatics/h5ad/Pisum sativum_PRJNA983513.h5ad;internal_source_record:not_publicly_portable:workspace/projects/PhyloOpenCell/metadata/ontology_mapping_candidates.tsv;internal_source_record:not_publicly_portable:workspace/projects/PhyloOpenCell/metadata/panel_label_freeze_v1.tsv	4fd8007e44b6c75d7532077a61ab2e651bd56d048f6704616e962f2c2c98d229;e4a09d28939b9a165661f86d5a2f4fb0c1d33fea1c7465dcc7cf874f0a8238bc;78a020ef314246281f19dc5eec25dbb28c50c5c376ee9df5a6b5090a0ec7d321	complete standardized dataset-label count; no governed panel mapping	not_in_governed_panel_hierarchy
Pisum sativum_PRJNA983513|Shoot system epidermis|	Pisum sativum_PRJNA983513	PRJNA983513	Pisum sativum			cell_type_original	Shoot system epidermis	PO:0006035				unmapped	candidate_auto_exact; exact_name; Plant Ontology exact lexical match; requires curator acceptance	7393	standardized_h5ad_obs;ontology_mapping_candidates;panel_label_freeze_v1	internal_source_record:not_publicly_portable:data/datasets/Bioinformatics/h5ad/Pisum sativum_PRJNA983513.h5ad;internal_source_record:not_publicly_portable:workspace/projects/PhyloOpenCell/metadata/ontology_mapping_candidates.tsv;internal_source_record:not_publicly_portable:workspace/projects/PhyloOpenCell/metadata/panel_label_freeze_v1.tsv	4fd8007e44b6c75d7532077a61ab2e651bd56d048f6704616e962f2c2c98d229;e4a09d28939b9a165661f86d5a2f4fb0c1d33fea1c7465dcc7cf874f0a8238bc;78a020ef314246281f19dc5eec25dbb28c50c5c376ee9df5a6b5090a0ec7d321	complete standardized dataset-label count; no governed panel mapping	not_in_governed_panel_hierarchy
Pisum sativum_PRJNA983513|Shoot system vascular system|	Pisum sativum_PRJNA983513	PRJNA983513	Pisum sativum			cell_type_original	Shoot system vascular system	PO:0025205				unmapped	candidate_auto_exact; exact_name; Plant Ontology exact lexical match; requires curator acceptance	876	standardized_h5ad_obs;ontology_mapping_candidates;panel_label_freeze_v1	internal_source_record:not_publicly_portable:data/datasets/Bioinformatics/h5ad/Pisum sativum_PRJNA983513.h5ad;internal_source_record:not_publicly_portable:workspace/projects/PhyloOpenCell/metadata/ontology_mapping_candidates.tsv;internal_source_record:not_publicly_portable:workspace/projects/PhyloOpenCell/metadata/panel_label_freeze_v1.tsv	4fd8007e44b6c75d7532077a61ab2e651bd56d048f6704616e962f2c2c98d229;e4a09d28939b9a165661f86d5a2f4fb0c1d33fea1c7465dcc7cf874f0a8238bc;78a020ef314246281f19dc5eec25dbb28c50c5c376ee9df5a6b5090a0ec7d321	complete standardized dataset-label count; no governed panel mapping	not_in_governed_panel_hierarchy
Pisum sativum_PRJNA983513|Unknown|	Pisum sativum_PRJNA983513	PRJNA983513	Pisum sativum			cell_type_original	Unknown					unknown	excluded_unknown	651	standardized_h5ad_obs;ontology_mapping_candidates;panel_label_freeze_v1	internal_source_record:not_publicly_portable:data/datasets/Bioinformatics/h5ad/Pisum sativum_PRJNA983513.h5ad;internal_source_record:not_publicly_portable:workspace/projects/PhyloOpenCell/metadata/ontology_mapping_candidates.tsv;internal_source_record:not_publicly_portable:workspace/projects/PhyloOpenCell/metadata/panel_label_freeze_v1.tsv	4fd8007e44b6c75d7532077a61ab2e651bd56d048f6704616e962f2c2c98d229;e4a09d28939b9a165661f86d5a2f4fb0c1d33fea1c7465dcc7cf874f0a8238bc;78a020ef314246281f19dc5eec25dbb28c50c5c376ee9df5a6b5090a0ec7d321	complete standardized dataset-label count; no governed panel mapping	
Populus alba x Populus glandulosa_PRJNA703312|Early ray xylem parenchyma cell|	Populus alba x Populus glandulosa_PRJNA703312	PRJNA703312	Populus alba x Populus glandulosa			cell_type_original	Early ray xylem parenchyma cell					unmapped	pending_manual_curation; exact_synonym	186	standardized_h5ad_obs;ontology_mapping_candidates;panel_label_freeze_v1	internal_source_record:not_publicly_portable:data/datasets/Bioinformatics/h5ad/Populus alba x Populus glandulosa_PRJNA703312.h5ad;internal_source_record:not_publicly_portable:workspace/projects/PhyloOpenCell/metadata/ontology_mapping_candidates.tsv;internal_source_record:not_publicly_portable:workspace/projects/PhyloOpenCell/metadata/panel_label_freeze_v1.tsv	a3441fd07fa1dbd2be60f70345a40cf87ff3f2f000a060045847a31a77b8afe7;e4a09d28939b9a165661f86d5a2f4fb0c1d33fea1c7465dcc7cf874f0a8238bc;78a020ef314246281f19dc5eec25dbb28c50c5c376ee9df5a6b5090a0ec7d321	complete standardized dataset-label count; no governed panel mapping	not_in_governed_panel_hierarchy
Populus alba x Populus glandulosa_PRJNA703312|Early xylem fiber cell|	Populus alba x Populus glandulosa_PRJNA703312	PRJNA703312	Populus alba x Populus glandulosa			cell_type_original	Early xylem fiber cell					unmapped	pending_manual_curation; exact_synonym	1129	standardized_h5ad_obs;ontology_mapping_candidates;panel_label_freeze_v1	internal_source_record:not_publicly_portable:data/datasets/Bioinformatics/h5ad/Populus alba x Populus glandulosa_PRJNA703312.h5ad;internal_source_record:not_publicly_portable:workspace/projects/PhyloOpenCell/metadata/ontology_mapping_candidates.tsv;internal_source_record:not_publicly_portable:workspace/projects/PhyloOpenCell/metadata/panel_label_freeze_v1.tsv	a3441fd07fa1dbd2be60f70345a40cf87ff3f2f000a060045847a31a77b8afe7;e4a09d28939b9a165661f86d5a2f4fb0c1d33fea1c7465dcc7cf874f0a8238bc;78a020ef314246281f19dc5eec25dbb28c50c5c376ee9df5a6b5090a0ec7d321	complete standardized dataset-label count; no governed panel mapping	not_in_governed_panel_hierarchy
Populus alba x Populus glandulosa_PRJNA703312|Early xylem vessel member|	Populus alba x Populus glandulosa_PRJNA703312	PRJNA703312	Populus alba x Populus glandulosa			cell_type_original	Early xylem vessel member					unmapped	pending_manual_curation; exact_synonym	284	standardized_h5ad_obs;ontology_mapping_candidates;panel_label_freeze_v1	internal_source_record:not_publicly_portable:data/datasets/Bioinformatics/h5ad/Populus alba x Populus glandulosa_PRJNA703312.h5ad;internal_source_record:not_publicly_portable:workspace/projects/PhyloOpenCell/metadata/ontology_mapping_candidates.tsv;internal_source_record:not_publicly_portable:workspace/projects/PhyloOpenCell/metadata/panel_label_freeze_v1.tsv	a3441fd07fa1dbd2be60f70345a40cf87ff3f2f000a060045847a31a77b8afe7;e4a09d28939b9a165661f86d5a2f4fb0c1d33fea1c7465dcc7cf874f0a8238bc;78a020ef314246281f19dc5eec25dbb28c50c5c376ee9df5a6b5090a0ec7d321	complete standardized dataset-label count; no governed panel mapping	not_in_governed_panel_hierarchy
Populus alba x Populus glandulosa_PRJNA703312|Intermediate xylem fiber cell|	Populus alba x Populus glandulosa_PRJNA703312	PRJNA703312	Populus alba x Populus glandulosa			cell_type_original	Intermediate xylem fiber cell					unmapped	pending_manual_curation; exact_synonym	1056	standardized_h5ad_obs;ontology_mapping_candidates;panel_label_freeze_v1	internal_source_record:not_publicly_portable:data/datasets/Bioinformatics/h5ad/Populus alba x Populus glandulosa_PRJNA703312.h5ad;internal_source_record:not_publicly_portable:workspace/projects/PhyloOpenCell/metadata/ontology_mapping_candidates.tsv;internal_source_record:not_publicly_portable:workspace/projects/PhyloOpenCell/metadata/panel_label_freeze_v1.tsv	a3441fd07fa1dbd2be60f70345a40cf87ff3f2f000a060045847a31a77b8afe7;e4a09d28939b9a165661f86d5a2f4fb0c1d33fea1c7465dcc7cf874f0a8238bc;78a020ef314246281f19dc5eec25dbb28c50c5c376ee9df5a6b5090a0ec7d321	complete standardized dataset-label count; no governed panel mapping	not_in_governed_panel_hierarchy
Populus alba x Populus glandulosa_PRJNA703312|Intermediate xylem vessel member|	Populus alba x Populus glandulosa_PRJNA703312	PRJNA703312	Populus alba x Populus glandulosa			cell_type_original	Intermediate xylem vessel member					unmapped	pending_manual_curation; exact_synonym	819	standardized_h5ad_obs;ontology_mapping_candidates;panel_label_freeze_v1	internal_source_record:not_publicly_portable:data/datasets/Bioinformatics/h5ad/Populus alba x Populus glandulosa_PRJNA703312.h5ad;internal_source_record:not_publicly_portable:workspace/projects/PhyloOpenCell/metadata/ontology_mapping_candidates.tsv;internal_source_record:not_publicly_portable:workspace/projects/PhyloOpenCell/metadata/panel_label_freeze_v1.tsv	a3441fd07fa1dbd2be60f70345a40cf87ff3f2f000a060045847a31a77b8afe7;e4a09d28939b9a165661f86d5a2f4fb0c1d33fea1c7465dcc7cf874f0a8238bc;78a020ef314246281f19dc5eec25dbb28c50c5c376ee9df5a6b5090a0ec7d321	complete standardized dataset-label count; no governed panel mapping	not_in_governed_panel_hierarchy
Populus alba x Populus glandulosa_PRJNA703312|Late ray xylem parenchyma cell|	Populus alba x Populus glandulosa_PRJNA703312	PRJNA703312	Populus alba x Populus glandulosa			cell_type_original	Late ray xylem parenchyma cell					unmapped	pending_manual_curation; exact_synonym	1066	standardized_h5ad_obs;ontology_mapping_candidates;panel_label_freeze_v1	internal_source_record:not_publicly_portable:data/datasets/Bioinformatics/h5ad/Populus alba x Populus glandulosa_PRJNA703312.h5ad;internal_source_record:not_publicly_portable:workspace/projects/PhyloOpenCell/metadata/ontology_mapping_candidates.tsv;internal_source_record:not_publicly_portable:workspace/projects/PhyloOpenCell/metadata/panel_label_freeze_v1.tsv	a3441fd07fa1dbd2be60f70345a40cf87ff3f2f000a060045847a31a77b8afe7;e4a09d28939b9a165661f86d5a2f4fb0c1d33fea1c7465dcc7cf874f0a8238bc;78a020ef314246281f19dc5eec25dbb28c50c5c376ee9df5a6b5090a0ec7d321	complete standardized dataset-label count; no governed panel mapping	not_in_governed_panel_hierarchy
Populus alba x Populus glandulosa_PRJNA703312|Ray xylem parenchyma cell|	Populus alba x Populus glandulosa_PRJNA703312	PRJNA703312	Populus alba x Populus glandulosa			cell_type_original	Ray xylem parenchyma cell					unmapped	pending_manual_curation; exact_synonym	1553	standardized_h5ad_obs;ontology_mapping_candidates;panel_label_freeze_v1	internal_source_record:not_publicly_portable:data/datasets/Bioinformatics/h5ad/Populus alba x Populus glandulosa_PRJNA703312.h5ad;internal_source_record:not_publicly_portable:workspace/projects/PhyloOpenCell/metadata/ontology_mapping_candidates.tsv;internal_source_record:not_publicly_portable:workspace/projects/PhyloOpenCell/metadata/panel_label_freeze_v1.tsv	a3441fd07fa1dbd2be60f70345a40cf87ff3f2f000a060045847a31a77b8afe7;e4a09d28939b9a165661f86d5a2f4fb0c1d33fea1c7465dcc7cf874f0a8238bc;78a020ef314246281f19dc5eec25dbb28c50c5c376ee9df5a6b5090a0ec7d321	complete standardized dataset-label count; no governed panel mapping	not_in_governed_panel_hierarchy
Populus alba x Populus glandulosa_PRJNA703312|Unknown|	Populus alba x Populus glandulosa_PRJNA703312	PRJNA703312	Populus alba x Populus glandulosa			cell_type_original	Unknown					unknown	excluded_unknown	3199	standardized_h5ad_obs;ontology_mapping_candidates;panel_label_freeze_v1	internal_source_record:not_publicly_portable:data/datasets/Bioinformatics/h5ad/Populus alba x Populus glandulosa_PRJNA703312.h5ad;internal_source_record:not_publicly_portable:workspace/projects/PhyloOpenCell/metadata/ontology_mapping_candidates.tsv;internal_source_record:not_publicly_portable:workspace/projects/PhyloOpenCell/metadata/panel_label_freeze_v1.tsv	a3441fd07fa1dbd2be60f70345a40cf87ff3f2f000a060045847a31a77b8afe7;e4a09d28939b9a165661f86d5a2f4fb0c1d33fea1c7465dcc7cf874f0a8238bc;78a020ef314246281f19dc5eec25dbb28c50c5c376ee9df5a6b5090a0ec7d321	complete standardized dataset-label count; no governed panel mapping	
Populus alba x Populus glandulosa_PRJNA703312|Xylem fiber and ray parenchyma precursor cell|	Populus alba x Populus glandulosa_PRJNA703312	PRJNA703312	Populus alba x Populus glandulosa			cell_type_original	Xylem fiber and ray parenchyma precursor cell					unmapped	pending_manual_curation; exact_synonym	533	standardized_h5ad_obs;ontology_mapping_candidates;panel_label_freeze_v1	internal_source_record:not_publicly_portable:data/datasets/Bioinformatics/h5ad/Populus alba x Populus glandulosa_PRJNA703312.h5ad;internal_source_record:not_publicly_portable:workspace/projects/PhyloOpenCell/metadata/ontology_mapping_candidates.tsv;internal_source_record:not_publicly_portable:workspace/projects/PhyloOpenCell/metadata/panel_label_freeze_v1.tsv	a3441fd07fa1dbd2be60f70345a40cf87ff3f2f000a060045847a31a77b8afe7;e4a09d28939b9a165661f86d5a2f4fb0c1d33fea1c7465dcc7cf874f0a8238bc;78a020ef314246281f19dc5eec25dbb28c50c5c376ee9df5a6b5090a0ec7d321	complete standardized dataset-label count; no governed panel mapping	not_in_governed_panel_hierarchy
Populus alba x Populus tremula_PRJNA787915|Companion cell|	Populus alba x Populus tremula_PRJNA787915	PRJNA787915	Populus alba x Populus tremula			cell_type_original	Companion cell	PO:0000071				unmapped	candidate_auto_exact; exact_name; Plant Ontology exact lexical match; requires curator acceptance	263	standardized_h5ad_obs;ontology_mapping_candidates;panel_label_freeze_v1	internal_source_record:not_publicly_portable:data/datasets/Bioinformatics/h5ad/Populus alba x Populus tremula_PRJNA787915.h5ad;internal_source_record:not_publicly_portable:workspace/projects/PhyloOpenCell/metadata/ontology_mapping_candidates.tsv;internal_source_record:not_publicly_portable:workspace/projects/PhyloOpenCell/metadata/panel_label_freeze_v1.tsv	f05946d1b0d90ea001755452e9b63e96cc6b8c702610c998b35509e3d8d67ba4;e4a09d28939b9a165661f86d5a2f4fb0c1d33fea1c7465dcc7cf874f0a8238bc;78a020ef314246281f19dc5eec25dbb28c50c5c376ee9df5a6b5090a0ec7d321	complete standardized dataset-label count; no governed panel mapping	not_in_governed_panel_hierarchy
Populus alba x Populus tremula_PRJNA787915|Proliferating cell|	Populus alba x Populus tremula_PRJNA787915	PRJNA787915	Populus alba x Populus tremula			cell_type_original	Proliferating cell					unmapped	pending_manual_curation; exact_synonym	2265	standardized_h5ad_obs;ontology_mapping_candidates;panel_label_freeze_v1	internal_source_record:not_publicly_portable:data/datasets/Bioinformatics/h5ad/Populus alba x Populus tremula_PRJNA787915.h5ad;internal_source_record:not_publicly_portable:workspace/projects/PhyloOpenCell/metadata/ontology_mapping_candidates.tsv;internal_source_record:not_publicly_portable:workspace/projects/PhyloOpenCell/metadata/panel_label_freeze_v1.tsv	f05946d1b0d90ea001755452e9b63e96cc6b8c702610c998b35509e3d8d67ba4;e4a09d28939b9a165661f86d5a2f4fb0c1d33fea1c7465dcc7cf874f0a8238bc;78a020ef314246281f19dc5eec25dbb28c50c5c376ee9df5a6b5090a0ec7d321	complete standardized dataset-label count; no governed panel mapping	not_in_governed_panel_hierarchy
Populus alba x Populus tremula_PRJNA787915|Shoot apical meristem|	Populus alba x Populus tremula_PRJNA787915	PRJNA787915	Populus alba x Populus tremula			cell_type_original	Shoot apical meristem	PO:0020148				unmapped	candidate_auto_exact; exact_name; Plant Ontology exact lexical match; requires curator acceptance	875	standardized_h5ad_obs;ontology_mapping_candidates;panel_label_freeze_v1	internal_source_record:not_publicly_portable:data/datasets/Bioinformatics/h5ad/Populus alba x Populus tremula_PRJNA787915.h5ad;internal_source_record:not_publicly_portable:workspace/projects/PhyloOpenCell/metadata/ontology_mapping_candidates.tsv;internal_source_record:not_publicly_portable:workspace/projects/PhyloOpenCell/metadata/panel_label_freeze_v1.tsv	f05946d1b0d90ea001755452e9b63e96cc6b8c702610c998b35509e3d8d67ba4;e4a09d28939b9a165661f86d5a2f4fb0c1d33fea1c7465dcc7cf874f0a8238bc;78a020ef314246281f19dc5eec25dbb28c50c5c376ee9df5a6b5090a0ec7d321	complete standardized dataset-label count; no governed panel mapping	not_in_governed_panel_hierarchy
Populus alba x Populus tremula_PRJNA787915|Shoot system epidermis|	Populus alba x Populus tremula_PRJNA787915	PRJNA787915	Populus alba x Populus tremula			cell_type_original	Shoot system epidermis	PO:0006035				unmapped	candidate_auto_exact; exact_name; Plant Ontology exact lexical match; requires curator acceptance	3837	standardized_h5ad_obs;ontology_mapping_candidates;panel_label_freeze_v1	internal_source_record:not_publicly_portable:data/datasets/Bioinformatics/h5ad/Populus alba x Populus tremula_PRJNA787915.h5ad;internal_source_record:not_publicly_portable:workspace/projects/PhyloOpenCell/metadata/ontology_mapping_candidates.tsv;internal_source_record:not_publicly_portable:workspace/projects/PhyloOpenCell/metadata/panel_label_freeze_v1.tsv	f05946d1b0d90ea001755452e9b63e96cc6b8c702610c998b35509e3d8d67ba4;e4a09d28939b9a165661f86d5a2f4fb0c1d33fea1c7465dcc7cf874f0a8238bc;78a020ef314246281f19dc5eec25dbb28c50c5c376ee9df5a6b5090a0ec7d321	complete standardized dataset-label count; no governed panel mapping	not_in_governed_panel_hierarchy
Populus alba x Populus tremula_PRJNA787915|Shoot system vascular system|	Populus alba x Populus tremula_PRJNA787915	PRJNA787915	Populus alba x Populus tremula			cell_type_original	Shoot system vascular system	PO:0025205				unmapped	candidate_auto_exact; exact_name; Plant Ontology exact lexical match; requires curator acceptance	3127	standardized_h5ad_obs;ontology_mapping_candidates;panel_label_freeze_v1	internal_source_record:not_publicly_portable:data/datasets/Bioinformatics/h5ad/Populus alba x Populus tremula_PRJNA787915.h5ad;internal_source_record:not_publicly_portable:workspace/projects/PhyloOpenCell/metadata/ontology_mapping_candidates.tsv;internal_source_record:not_publicly_portable:workspace/projects/PhyloOpenCell/metadata/panel_label_freeze_v1.tsv	f05946d1b0d90ea001755452e9b63e96cc6b8c702610c998b35509e3d8d67ba4;e4a09d28939b9a165661f86d5a2f4fb0c1d33fea1c7465dcc7cf874f0a8238bc;78a020ef314246281f19dc5eec25dbb28c50c5c376ee9df5a6b5090a0ec7d321	complete standardized dataset-label count; no governed panel mapping	not_in_governed_panel_hierarchy
Populus alba x Populus tremula_PRJNA787915|Unknown|	Populus alba x Populus tremula_PRJNA787915	PRJNA787915	Populus alba x Populus tremula			cell_type_original	Unknown					unknown	excluded_unknown	7586	standardized_h5ad_obs;ontology_mapping_candidates;panel_label_freeze_v1	internal_source_record:not_publicly_portable:data/datasets/Bioinformatics/h5ad/Populus alba x Populus tremula_PRJNA787915.h5ad;internal_source_record:not_publicly_portable:workspace/projects/PhyloOpenCell/metadata/ontology_mapping_candidates.tsv;internal_source_record:not_publicly_portable:workspace/projects/PhyloOpenCell/metadata/panel_label_freeze_v1.tsv	f05946d1b0d90ea001755452e9b63e96cc6b8c702610c998b35509e3d8d67ba4;e4a09d28939b9a165661f86d5a2f4fb0c1d33fea1c7465dcc7cf874f0a8238bc;78a020ef314246281f19dc5eec25dbb28c50c5c376ee9df5a6b5090a0ec7d321	complete standardized dataset-label count; no governed panel mapping	
Populus alba x Populus tremula_PRJNA787915|Young leaf primordium|	Populus alba x Populus tremula_PRJNA787915	PRJNA787915	Populus alba x Populus tremula			cell_type_original	Young leaf primordium					unmapped	pending_manual_curation; exact_synonym	1997	standardized_h5ad_obs;ontology_mapping_candidates;panel_label_freeze_v1	internal_source_record:not_publicly_portable:data/datasets/Bioinformatics/h5ad/Populus alba x Populus tremula_PRJNA787915.h5ad;internal_source_record:not_publicly_portable:workspace/projects/PhyloOpenCell/metadata/ontology_mapping_candidates.tsv;internal_source_record:not_publicly_portable:workspace/projects/PhyloOpenCell/metadata/panel_label_freeze_v1.tsv	f05946d1b0d90ea001755452e9b63e96cc6b8c702610c998b35509e3d8d67ba4;e4a09d28939b9a165661f86d5a2f4fb0c1d33fea1c7465dcc7cf874f0a8238bc;78a020ef314246281f19dc5eec25dbb28c50c5c376ee9df5a6b5090a0ec7d321	complete standardized dataset-label count; no governed panel mapping	not_in_governed_panel_hierarchy
Populus alba_PRJCA005543|Phloem companion cell|	Populus alba_PRJCA005543	PRJCA005543	Populus alba			cell_type_original	Phloem companion cell					unmapped	pending_manual_curation; exact_synonym	183	standardized_h5ad_obs;ontology_mapping_candidates;panel_label_freeze_v1	internal_source_record:not_publicly_portable:data/datasets/Bioinformatics/h5ad/Populus alba_PRJCA005543.h5ad;internal_source_record:not_publicly_portable:workspace/projects/PhyloOpenCell/metadata/ontology_mapping_candidates.tsv;internal_source_record:not_publicly_portable:workspace/projects/PhyloOpenCell/metadata/panel_label_freeze_v1.tsv	9575db9013f215ab37014dd0de7522ec2d6cab85afb16e87a32f2862ca696885;e4a09d28939b9a165661f86d5a2f4fb0c1d33fea1c7465dcc7cf874f0a8238bc;78a020ef314246281f19dc5eec25dbb28c50c5c376ee9df5a6b5090a0ec7d321	complete standardized dataset-label count; no governed panel mapping	not_in_governed_panel_hierarchy
Populus alba_PRJCA005543|Phloem mother cell|	Populus alba_PRJCA005543	PRJCA005543	Populus alba			cell_type_original	Phloem mother cell	PO:0000400				unmapped	candidate_auto_exact; exact_name; Plant Ontology exact lexical match; requires curator acceptance	416	standardized_h5ad_obs;ontology_mapping_candidates;panel_label_freeze_v1	internal_source_record:not_publicly_portable:data/datasets/Bioinformatics/h5ad/Populus alba_PRJCA005543.h5ad;internal_source_record:not_publicly_portable:workspace/projects/PhyloOpenCell/metadata/ontology_mapping_candidates.tsv;internal_source_record:not_publicly_portable:workspace/projects/PhyloOpenCell/metadata/panel_label_freeze_v1.tsv	9575db9013f215ab37014dd0de7522ec2d6cab85afb16e87a32f2862ca696885;e4a09d28939b9a165661f86d5a2f4fb0c1d33fea1c7465dcc7cf874f0a8238bc;78a020ef314246281f19dc5eec25dbb28c50c5c376ee9df5a6b5090a0ec7d321	complete standardized dataset-label count; no governed panel mapping	not_in_governed_panel_hierarchy
Populus alba_PRJCA005543|Phloem parenchyma cell|	Populus alba_PRJCA005543	PRJCA005543	Populus alba			cell_type_original	Phloem parenchyma cell	PO:0025627				unmapped	candidate_auto_exact; exact_name; Plant Ontology exact lexical match; requires curator acceptance	53	standardized_h5ad_obs;ontology_mapping_candidates;panel_label_freeze_v1	internal_source_record:not_publicly_portable:data/datasets/Bioinformatics/h5ad/Populus alba_PRJCA005543.h5ad;internal_source_record:not_publicly_portable:workspace/projects/PhyloOpenCell/metadata/ontology_mapping_candidates.tsv;internal_source_record:not_publicly_portable:workspace/projects/PhyloOpenCell/metadata/panel_label_freeze_v1.tsv	9575db9013f215ab37014dd0de7522ec2d6cab85afb16e87a32f2862ca696885;e4a09d28939b9a165661f86d5a2f4fb0c1d33fea1c7465dcc7cf874f0a8238bc;78a020ef314246281f19dc5eec25dbb28c50c5c376ee9df5a6b5090a0ec7d321	complete standardized dataset-label count; no governed panel mapping	not_in_governed_panel_hierarchy
Populus alba_PRJCA005543|Photosynthetic cell|	Populus alba_PRJCA005543	PRJCA005543	Populus alba			cell_type_original	Photosynthetic cell					unmapped	pending_manual_curation; exact_synonym	1532	standardized_h5ad_obs;ontology_mapping_candidates;panel_label_freeze_v1	internal_source_record:not_publicly_portable:data/datasets/Bioinformatics/h5ad/Populus alba_PRJCA005543.h5ad;internal_source_record:not_publicly_portable:workspace/projects/PhyloOpenCell/metadata/ontology_mapping_candidates.tsv;internal_source_record:not_publicly_portable:workspace/projects/PhyloOpenCell/metadata/panel_label_freeze_v1.tsv	9575db9013f215ab37014dd0de7522ec2d6cab85afb16e87a32f2862ca696885;e4a09d28939b9a165661f86d5a2f4fb0c1d33fea1c7465dcc7cf874f0a8238bc;78a020ef314246281f19dc5eec25dbb28c50c5c376ee9df5a6b5090a0ec7d321	complete standardized dataset-label count; no governed panel mapping	not_in_governed_panel_hierarchy
Populus alba_PRJCA005543|Stem cork cell|	Populus alba_PRJCA005543	PRJCA005543	Populus alba			cell_type_original	Stem cork cell					unmapped	pending_manual_curation; exact_synonym	266	standardized_h5ad_obs;ontology_mapping_candidates;panel_label_freeze_v1	internal_source_record:not_publicly_portable:data/datasets/Bioinformatics/h5ad/Populus alba_PRJCA005543.h5ad;internal_source_record:not_publicly_portable:workspace/projects/PhyloOpenCell/metadata/ontology_mapping_candidates.tsv;internal_source_record:not_publicly_portable:workspace/projects/PhyloOpenCell/metadata/panel_label_freeze_v1.tsv	9575db9013f215ab37014dd0de7522ec2d6cab85afb16e87a32f2862ca696885;e4a09d28939b9a165661f86d5a2f4fb0c1d33fea1c7465dcc7cf874f0a8238bc;78a020ef314246281f19dc5eec25dbb28c50c5c376ee9df5a6b5090a0ec7d321	complete standardized dataset-label count; no governed panel mapping	not_in_governed_panel_hierarchy
Populus alba_PRJCA005543|Stem cortex-endodermis initial cell|	Populus alba_PRJCA005543	PRJCA005543	Populus alba			cell_type_original	Stem cortex-endodermis initial cell					unmapped	pending_manual_curation; exact_synonym	65	standardized_h5ad_obs;ontology_mapping_candidates;panel_label_freeze_v1	internal_source_record:not_publicly_portable:data/datasets/Bioinformatics/h5ad/Populus alba_PRJCA005543.h5ad;internal_source_record:not_publicly_portable:workspace/projects/PhyloOpenCell/metadata/ontology_mapping_candidates.tsv;internal_source_record:not_publicly_portable:workspace/projects/PhyloOpenCell/metadata/panel_label_freeze_v1.tsv	9575db9013f215ab37014dd0de7522ec2d6cab85afb16e87a32f2862ca696885;e4a09d28939b9a165661f86d5a2f4fb0c1d33fea1c7465dcc7cf874f0a8238bc;78a020ef314246281f19dc5eec25dbb28c50c5c376ee9df5a6b5090a0ec7d321	complete standardized dataset-label count; no governed panel mapping	not_in_governed_panel_hierarchy
Populus alba_PRJCA005543|Stem endodermis|	Populus alba_PRJCA005543	PRJCA005543	Populus alba			cell_type_original	Stem endodermis					unmapped	pending_manual_curation; exact_synonym	233	standardized_h5ad_obs;ontology_mapping_candidates;panel_label_freeze_v1	internal_source_record:not_publicly_portable:data/datasets/Bioinformatics/h5ad/Populus alba_PRJCA005543.h5ad;internal_source_record:not_publicly_portable:workspace/projects/PhyloOpenCell/metadata/ontology_mapping_candidates.tsv;internal_source_record:not_publicly_portable:workspace/projects/PhyloOpenCell/metadata/panel_label_freeze_v1.tsv	9575db9013f215ab37014dd0de7522ec2d6cab85afb16e87a32f2862ca696885;e4a09d28939b9a165661f86d5a2f4fb0c1d33fea1c7465dcc7cf874f0a8238bc;78a020ef314246281f19dc5eec25dbb28c50c5c376ee9df5a6b5090a0ec7d321	complete standardized dataset-label count; no governed panel mapping	not_in_governed_panel_hierarchy
Populus alba_PRJCA005543|Stem vascular cambium|vascular	Populus alba_PRJCA005543	PRJCA005543	Populus alba		vascular	cell_type_original	Stem vascular cambium					excluded	frozen panel-label exclusion (excluded): Cross-panel reuse is intentional for organ-specific vascular/procambial labels; final biological acceptance still required.	601	standardized_h5ad_obs;panel_label_freeze_v1	internal_source_record:not_publicly_portable:data/datasets/Bioinformatics/h5ad/Populus alba_PRJCA005543.h5ad;internal_source_record:not_publicly_portable:workspace/projects/PhyloOpenCell/metadata/panel_label_freeze_v1.tsv	9575db9013f215ab37014dd0de7522ec2d6cab85afb16e87a32f2862ca696885;78a020ef314246281f19dc5eec25dbb28c50c5c376ee9df5a6b5090a0ec7d321	complete standardized dataset-label count with explicit frozen exclusion	frozen_excluded_label
Populus alba_PRJCA005543|Unknown|	Populus alba_PRJCA005543	PRJCA005543	Populus alba			cell_type_original	Unknown					unknown	excluded_unknown	1578	standardized_h5ad_obs;ontology_mapping_candidates;panel_label_freeze_v1	internal_source_record:not_publicly_portable:data/datasets/Bioinformatics/h5ad/Populus alba_PRJCA005543.h5ad;internal_source_record:not_publicly_portable:workspace/projects/PhyloOpenCell/metadata/ontology_mapping_candidates.tsv;internal_source_record:not_publicly_portable:workspace/projects/PhyloOpenCell/metadata/panel_label_freeze_v1.tsv	9575db9013f215ab37014dd0de7522ec2d6cab85afb16e87a32f2862ca696885;e4a09d28939b9a165661f86d5a2f4fb0c1d33fea1c7465dcc7cf874f0a8238bc;78a020ef314246281f19dc5eec25dbb28c50c5c376ee9df5a6b5090a0ec7d321	complete standardized dataset-label count; no governed panel mapping	
Populus alba_PRJCA005543|Xylem mother cell|	Populus alba_PRJCA005543	PRJCA005543	Populus alba			cell_type_original	Xylem mother cell					unmapped	pending_manual_curation; exact_synonym	729	standardized_h5ad_obs;ontology_mapping_candidates;panel_label_freeze_v1	internal_source_record:not_publicly_portable:data/datasets/Bioinformatics/h5ad/Populus alba_PRJCA005543.h5ad;internal_source_record:not_publicly_portable:workspace/projects/PhyloOpenCell/metadata/ontology_mapping_candidates.tsv;internal_source_record:not_publicly_portable:workspace/projects/PhyloOpenCell/metadata/panel_label_freeze_v1.tsv	9575db9013f215ab37014dd0de7522ec2d6cab85afb16e87a32f2862ca696885;e4a09d28939b9a165661f86d5a2f4fb0c1d33fea1c7465dcc7cf874f0a8238bc;78a020ef314246281f19dc5eec25dbb28c50c5c376ee9df5a6b5090a0ec7d321	complete standardized dataset-label count; no governed panel mapping	not_in_governed_panel_hierarchy
Populus alba_PRJCA005543|Xylem parenchyma cell|vascular	Populus alba_PRJCA005543	PRJCA005543	Populus alba		vascular	cell_type_original	Xylem parenchyma cell					excluded	frozen panel-label exclusion (excluded): Cross-panel reuse is intentional for organ-specific vascular/procambial labels; final biological acceptance still required.	569	standardized_h5ad_obs;panel_label_freeze_v1	internal_source_record:not_publicly_portable:data/datasets/Bioinformatics/h5ad/Populus alba_PRJCA005543.h5ad;internal_source_record:not_publicly_portable:workspace/projects/PhyloOpenCell/metadata/panel_label_freeze_v1.tsv	9575db9013f215ab37014dd0de7522ec2d6cab85afb16e87a32f2862ca696885;78a020ef314246281f19dc5eec25dbb28c50c5c376ee9df5a6b5090a0ec7d321	complete standardized dataset-label count with explicit frozen exclusion	frozen_excluded_label
Populus alba_PRJCA005543|Xylem with secondary cell wall|	Populus alba_PRJCA005543	PRJCA005543	Populus alba			cell_type_original	Xylem with secondary cell wall					unmapped	pending_manual_curation; exact_synonym	834	standardized_h5ad_obs;ontology_mapping_candidates;panel_label_freeze_v1	internal_source_record:not_publicly_portable:data/datasets/Bioinformatics/h5ad/Populus alba_PRJCA005543.h5ad;internal_source_record:not_publicly_portable:workspace/projects/PhyloOpenCell/metadata/ontology_mapping_candidates.tsv;internal_source_record:not_publicly_portable:workspace/projects/PhyloOpenCell/metadata/panel_label_freeze_v1.tsv	9575db9013f215ab37014dd0de7522ec2d6cab85afb16e87a32f2862ca696885;e4a09d28939b9a165661f86d5a2f4fb0c1d33fea1c7465dcc7cf874f0a8238bc;78a020ef314246281f19dc5eec25dbb28c50c5c376ee9df5a6b5090a0ec7d321	complete standardized dataset-label count; no governed panel mapping	not_in_governed_panel_hierarchy
Populus euramericana_PRJCA015012_Primary|Companion cell|	Populus euramericana_PRJCA015012_Primary	PRJCA015012	Populus euramericana			cell_type_original	Companion cell	PO:0000071				unmapped	candidate_auto_exact; exact_name; Plant Ontology exact lexical match; requires curator acceptance	56	standardized_h5ad_obs;ontology_mapping_candidates;panel_label_freeze_v1	internal_source_record:not_publicly_portable:data/datasets/Bioinformatics/h5ad/Populus euramericana_PRJCA015012_Primary.h5ad;internal_source_record:not_publicly_portable:workspace/projects/PhyloOpenCell/metadata/ontology_mapping_candidates.tsv;internal_source_record:not_publicly_portable:workspace/projects/PhyloOpenCell/metadata/panel_label_freeze_v1.tsv	db6ebbe314fcff47a9917af1fc152ffd916c5ffa6c4ffc1d86a9ba8718710824;e4a09d28939b9a165661f86d5a2f4fb0c1d33fea1c7465dcc7cf874f0a8238bc;78a020ef314246281f19dc5eec25dbb28c50c5c376ee9df5a6b5090a0ec7d321	complete standardized dataset-label count; no governed panel mapping	not_in_governed_panel_hierarchy
Populus euramericana_PRJCA015012_Primary|Phloem precursor cell|	Populus euramericana_PRJCA015012_Primary	PRJCA015012	Populus euramericana			cell_type_original	Phloem precursor cell					unmapped	pending_manual_curation; exact_synonym	1124	standardized_h5ad_obs;ontology_mapping_candidates;panel_label_freeze_v1	internal_source_record:not_publicly_portable:data/datasets/Bioinformatics/h5ad/Populus euramericana_PRJCA015012_Primary.h5ad;internal_source_record:not_publicly_portable:workspace/projects/PhyloOpenCell/metadata/ontology_mapping_candidates.tsv;internal_source_record:not_publicly_portable:workspace/projects/PhyloOpenCell/metadata/panel_label_freeze_v1.tsv	db6ebbe314fcff47a9917af1fc152ffd916c5ffa6c4ffc1d86a9ba8718710824;e4a09d28939b9a165661f86d5a2f4fb0c1d33fea1c7465dcc7cf874f0a8238bc;78a020ef314246281f19dc5eec25dbb28c50c5c376ee9df5a6b5090a0ec7d321	complete standardized dataset-label count; no governed panel mapping	not_in_governed_panel_hierarchy
Populus euramericana_PRJCA015012_Primary|Stem cortex|	Populus euramericana_PRJCA015012_Primary	PRJCA015012	Populus euramericana			cell_type_original	Stem cortex	PO:0025612				unmapped	candidate_auto_exact; exact_name; Plant Ontology exact lexical match; requires curator acceptance	674	standardized_h5ad_obs;ontology_mapping_candidates;panel_label_freeze_v1	internal_source_record:not_publicly_portable:data/datasets/Bioinformatics/h5ad/Populus euramericana_PRJCA015012_Primary.h5ad;internal_source_record:not_publicly_portable:workspace/projects/PhyloOpenCell/metadata/ontology_mapping_candidates.tsv;internal_source_record:not_publicly_portable:workspace/projects/PhyloOpenCell/metadata/panel_label_freeze_v1.tsv	db6ebbe314fcff47a9917af1fc152ffd916c5ffa6c4ffc1d86a9ba8718710824;e4a09d28939b9a165661f86d5a2f4fb0c1d33fea1c7465dcc7cf874f0a8238bc;78a020ef314246281f19dc5eec25dbb28c50c5c376ee9df5a6b5090a0ec7d321	complete standardized dataset-label count; no governed panel mapping	not_in_governed_panel_hierarchy
Populus euramericana_PRJCA015012_Primary|Stem epidermis|	Populus euramericana_PRJCA015012_Primary	PRJCA015012	Populus euramericana			cell_type_original	Stem epidermis	PO:0025178				unmapped	candidate_auto_exact; exact_name; Plant Ontology exact lexical match; requires curator acceptance	211	standardized_h5ad_obs;ontology_mapping_candidates;panel_label_freeze_v1	internal_source_record:not_publicly_portable:data/datasets/Bioinformatics/h5ad/Populus euramericana_PRJCA015012_Primary.h5ad;internal_source_record:not_publicly_portable:workspace/projects/PhyloOpenCell/metadata/ontology_mapping_candidates.tsv;internal_source_record:not_publicly_portable:workspace/projects/PhyloOpenCell/metadata/panel_label_freeze_v1.tsv	db6ebbe314fcff47a9917af1fc152ffd916c5ffa6c4ffc1d86a9ba8718710824;e4a09d28939b9a165661f86d5a2f4fb0c1d33fea1c7465dcc7cf874f0a8238bc;78a020ef314246281f19dc5eec25dbb28c50c5c376ee9df5a6b5090a0ec7d321	complete standardized dataset-label count; no governed panel mapping	not_in_governed_panel_hierarchy
Populus euramericana_PRJCA015012_Primary|Stem pith ray|	Populus euramericana_PRJCA015012_Primary	PRJCA015012	Populus euramericana			cell_type_original	Stem pith ray					unmapped	pending_manual_curation; exact_synonym	491	standardized_h5ad_obs;ontology_mapping_candidates;panel_label_freeze_v1	internal_source_record:not_publicly_portable:data/datasets/Bioinformatics/h5ad/Populus euramericana_PRJCA015012_Primary.h5ad;internal_source_record:not_publicly_portable:workspace/projects/PhyloOpenCell/metadata/ontology_mapping_candidates.tsv;internal_source_record:not_publicly_portable:workspace/projects/PhyloOpenCell/metadata/panel_label_freeze_v1.tsv	db6ebbe314fcff47a9917af1fc152ffd916c5ffa6c4ffc1d86a9ba8718710824;e4a09d28939b9a165661f86d5a2f4fb0c1d33fea1c7465dcc7cf874f0a8238bc;78a020ef314246281f19dc5eec25dbb28c50c5c376ee9df5a6b5090a0ec7d321	complete standardized dataset-label count; no governed panel mapping	not_in_governed_panel_hierarchy
Populus euramericana_PRJCA015012_Primary|Stem vascular cambium|vascular	Populus euramericana_PRJCA015012_Primary	PRJCA015012	Populus euramericana		vascular	cell_type_original	Stem vascular cambium					excluded	frozen panel-label exclusion (excluded): Cross-panel reuse is intentional for organ-specific vascular/procambial labels; final biological acceptance still required.	941	standardized_h5ad_obs;panel_label_freeze_v1	internal_source_record:not_publicly_portable:data/datasets/Bioinformatics/h5ad/Populus euramericana_PRJCA015012_Primary.h5ad;internal_source_record:not_publicly_portable:workspace/projects/PhyloOpenCell/metadata/panel_label_freeze_v1.tsv	db6ebbe314fcff47a9917af1fc152ffd916c5ffa6c4ffc1d86a9ba8718710824;78a020ef314246281f19dc5eec25dbb28c50c5c376ee9df5a6b5090a0ec7d321	complete standardized dataset-label count with explicit frozen exclusion	frozen_excluded_label
Populus euramericana_PRJCA015012_Primary|Unknown|	Populus euramericana_PRJCA015012_Primary	PRJCA015012	Populus euramericana			cell_type_original	Unknown					unknown	excluded_unknown	3422	standardized_h5ad_obs;ontology_mapping_candidates;panel_label_freeze_v1	internal_source_record:not_publicly_portable:data/datasets/Bioinformatics/h5ad/Populus euramericana_PRJCA015012_Primary.h5ad;internal_source_record:not_publicly_portable:workspace/projects/PhyloOpenCell/metadata/ontology_mapping_candidates.tsv;internal_source_record:not_publicly_portable:workspace/projects/PhyloOpenCell/metadata/panel_label_freeze_v1.tsv	db6ebbe314fcff47a9917af1fc152ffd916c5ffa6c4ffc1d86a9ba8718710824;e4a09d28939b9a165661f86d5a2f4fb0c1d33fea1c7465dcc7cf874f0a8238bc;78a020ef314246281f19dc5eec25dbb28c50c5c376ee9df5a6b5090a0ec7d321	complete standardized dataset-label count; no governed panel mapping	
Populus euramericana_PRJCA015012_Primary|Xylem precursor cell|	Populus euramericana_PRJCA015012_Primary	PRJCA015012	Populus euramericana			cell_type_original	Xylem precursor cell					unmapped	pending_manual_curation; exact_synonym	1179	standardized_h5ad_obs;ontology_mapping_candidates;panel_label_freeze_v1	internal_source_record:not_publicly_portable:data/datasets/Bioinformatics/h5ad/Populus euramericana_PRJCA015012_Primary.h5ad;internal_source_record:not_publicly_portable:workspace/projects/PhyloOpenCell/metadata/ontology_mapping_candidates.tsv;internal_source_record:not_publicly_portable:workspace/projects/PhyloOpenCell/metadata/panel_label_freeze_v1.tsv	db6ebbe314fcff47a9917af1fc152ffd916c5ffa6c4ffc1d86a9ba8718710824;e4a09d28939b9a165661f86d5a2f4fb0c1d33fea1c7465dcc7cf874f0a8238bc;78a020ef314246281f19dc5eec25dbb28c50c5c376ee9df5a6b5090a0ec7d321	complete standardized dataset-label count; no governed panel mapping	not_in_governed_panel_hierarchy
Populus euramericana_PRJCA015012_Primary|Xylem vessel member|	Populus euramericana_PRJCA015012_Primary	PRJCA015012	Populus euramericana			cell_type_original	Xylem vessel member	PO:0002003				unmapped	candidate_auto_exact; exact_name; Plant Ontology exact lexical match; requires curator acceptance	742	standardized_h5ad_obs;ontology_mapping_candidates;panel_label_freeze_v1	internal_source_record:not_publicly_portable:data/datasets/Bioinformatics/h5ad/Populus euramericana_PRJCA015012_Primary.h5ad;internal_source_record:not_publicly_portable:workspace/projects/PhyloOpenCell/metadata/ontology_mapping_candidates.tsv;internal_source_record:not_publicly_portable:workspace/projects/PhyloOpenCell/metadata/panel_label_freeze_v1.tsv	db6ebbe314fcff47a9917af1fc152ffd916c5ffa6c4ffc1d86a9ba8718710824;e4a09d28939b9a165661f86d5a2f4fb0c1d33fea1c7465dcc7cf874f0a8238bc;78a020ef314246281f19dc5eec25dbb28c50c5c376ee9df5a6b5090a0ec7d321	complete standardized dataset-label count; no governed panel mapping	not_in_governed_panel_hierarchy
Populus euramericana_PRJCA015012_Secondary|Companion cell|	Populus euramericana_PRJCA015012_Secondary	PRJCA015012	Populus euramericana			cell_type_original	Companion cell	PO:0000071				unmapped	candidate_auto_exact; exact_name; Plant Ontology exact lexical match; requires curator acceptance	708	standardized_h5ad_obs;ontology_mapping_candidates;panel_label_freeze_v1	internal_source_record:not_publicly_portable:data/datasets/Bioinformatics/h5ad/Populus euramericana_PRJCA015012_Secondary.h5ad;internal_source_record:not_publicly_portable:workspace/projects/PhyloOpenCell/metadata/ontology_mapping_candidates.tsv;internal_source_record:not_publicly_portable:workspace/projects/PhyloOpenCell/metadata/panel_label_freeze_v1.tsv	c1ed95cdc8b101a4d17cb166aa81ce2409e265fcb5e5448bb6fdac80a89c7d1f;e4a09d28939b9a165661f86d5a2f4fb0c1d33fea1c7465dcc7cf874f0a8238bc;78a020ef314246281f19dc5eec25dbb28c50c5c376ee9df5a6b5090a0ec7d321	complete standardized dataset-label count; no governed panel mapping	not_in_governed_panel_hierarchy
Populus euramericana_PRJCA015012_Secondary|Phloem parenchyma cell|	Populus euramericana_PRJCA015012_Secondary	PRJCA015012	Populus euramericana			cell_type_original	Phloem parenchyma cell	PO:0025627				unmapped	candidate_auto_exact; exact_name; Plant Ontology exact lexical match; requires curator acceptance	3130	standardized_h5ad_obs;ontology_mapping_candidates;panel_label_freeze_v1	internal_source_record:not_publicly_portable:data/datasets/Bioinformatics/h5ad/Populus euramericana_PRJCA015012_Secondary.h5ad;internal_source_record:not_publicly_portable:workspace/projects/PhyloOpenCell/metadata/ontology_mapping_candidates.tsv;internal_source_record:not_publicly_portable:workspace/projects/PhyloOpenCell/metadata/panel_label_freeze_v1.tsv	c1ed95cdc8b101a4d17cb166aa81ce2409e265fcb5e5448bb6fdac80a89c7d1f;e4a09d28939b9a165661f86d5a2f4fb0c1d33fea1c7465dcc7cf874f0a8238bc;78a020ef314246281f19dc5eec25dbb28c50c5c376ee9df5a6b5090a0ec7d321	complete standardized dataset-label count; no governed panel mapping	not_in_governed_panel_hierarchy
Populus euramericana_PRJCA015012_Secondary|Phloem precursor cell|	Populus euramericana_PRJCA015012_Secondary	PRJCA015012	Populus euramericana			cell_type_original	Phloem precursor cell					unmapped	pending_manual_curation; exact_synonym	739	standardized_h5ad_obs;ontology_mapping_candidates;panel_label_freeze_v1	internal_source_record:not_publicly_portable:data/datasets/Bioinformatics/h5ad/Populus euramericana_PRJCA015012_Secondary.h5ad;internal_source_record:not_publicly_portable:workspace/projects/PhyloOpenCell/metadata/ontology_mapping_candidates.tsv;internal_source_record:not_publicly_portable:workspace/projects/PhyloOpenCell/metadata/panel_label_freeze_v1.tsv	c1ed95cdc8b101a4d17cb166aa81ce2409e265fcb5e5448bb6fdac80a89c7d1f;e4a09d28939b9a165661f86d5a2f4fb0c1d33fea1c7465dcc7cf874f0a8238bc;78a020ef314246281f19dc5eec25dbb28c50c5c376ee9df5a6b5090a0ec7d321	complete standardized dataset-label count; no governed panel mapping	not_in_governed_panel_hierarchy
Populus euramericana_PRJCA015012_Secondary|Stem pith ray|	Populus euramericana_PRJCA015012_Secondary	PRJCA015012	Populus euramericana			cell_type_original	Stem pith ray					unmapped	pending_manual_curation; exact_synonym	1442	standardized_h5ad_obs;ontology_mapping_candidates;panel_label_freeze_v1	internal_source_record:not_publicly_portable:data/datasets/Bioinformatics/h5ad/Populus euramericana_PRJCA015012_Secondary.h5ad;internal_source_record:not_publicly_portable:workspace/projects/PhyloOpenCell/metadata/ontology_mapping_candidates.tsv;internal_source_record:not_publicly_portable:workspace/projects/PhyloOpenCell/metadata/panel_label_freeze_v1.tsv	c1ed95cdc8b101a4d17cb166aa81ce2409e265fcb5e5448bb6fdac80a89c7d1f;e4a09d28939b9a165661f86d5a2f4fb0c1d33fea1c7465dcc7cf874f0a8238bc;78a020ef314246281f19dc5eec25dbb28c50c5c376ee9df5a6b5090a0ec7d321	complete standardized dataset-label count; no governed panel mapping	not_in_governed_panel_hierarchy
Populus euramericana_PRJCA015012_Secondary|Stem vascular cambium|vascular	Populus euramericana_PRJCA015012_Secondary	PRJCA015012	Populus euramericana		vascular	cell_type_original	Stem vascular cambium					excluded	frozen panel-label exclusion (excluded): Cross-panel reuse is intentional for organ-specific vascular/procambial labels; final biological acceptance still required.	2804	standardized_h5ad_obs;panel_label_freeze_v1	internal_source_record:not_publicly_portable:data/datasets/Bioinformatics/h5ad/Populus euramericana_PRJCA015012_Secondary.h5ad;internal_source_record:not_publicly_portable:workspace/projects/PhyloOpenCell/metadata/panel_label_freeze_v1.tsv	c1ed95cdc8b101a4d17cb166aa81ce2409e265fcb5e5448bb6fdac80a89c7d1f;78a020ef314246281f19dc5eec25dbb28c50c5c376ee9df5a6b5090a0ec7d321	complete standardized dataset-label count with explicit frozen exclusion	frozen_excluded_label
Populus euramericana_PRJCA015012_Secondary|Unknown|	Populus euramericana_PRJCA015012_Secondary	PRJCA015012	Populus euramericana			cell_type_original	Unknown					unknown	excluded_unknown	1291	standardized_h5ad_obs;ontology_mapping_candidates;panel_label_freeze_v1	internal_source_record:not_publicly_portable:data/datasets/Bioinformatics/h5ad/Populus euramericana_PRJCA015012_Secondary.h5ad;internal_source_record:not_publicly_portable:workspace/projects/PhyloOpenCell/metadata/ontology_mapping_candidates.tsv;internal_source_record:not_publicly_portable:workspace/projects/PhyloOpenCell/metadata/panel_label_freeze_v1.tsv	c1ed95cdc8b101a4d17cb166aa81ce2409e265fcb5e5448bb6fdac80a89c7d1f;e4a09d28939b9a165661f86d5a2f4fb0c1d33fea1c7465dcc7cf874f0a8238bc;78a020ef314246281f19dc5eec25dbb28c50c5c376ee9df5a6b5090a0ec7d321	complete standardized dataset-label count; no governed panel mapping	
Populus euramericana_PRJCA015012_Secondary|Xylem fiber cell|	Populus euramericana_PRJCA015012_Secondary	PRJCA015012	Populus euramericana			cell_type_original	Xylem fiber cell	PO:0000274				unmapped	candidate_auto_exact; exact_name; Plant Ontology exact lexical match; requires curator acceptance	1287	standardized_h5ad_obs;ontology_mapping_candidates;panel_label_freeze_v1	internal_source_record:not_publicly_portable:data/datasets/Bioinformatics/h5ad/Populus euramericana_PRJCA015012_Secondary.h5ad;internal_source_record:not_publicly_portable:workspace/projects/PhyloOpenCell/metadata/ontology_mapping_candidates.tsv;internal_source_record:not_publicly_portable:workspace/projects/PhyloOpenCell/metadata/panel_label_freeze_v1.tsv	c1ed95cdc8b101a4d17cb166aa81ce2409e265fcb5e5448bb6fdac80a89c7d1f;e4a09d28939b9a165661f86d5a2f4fb0c1d33fea1c7465dcc7cf874f0a8238bc;78a020ef314246281f19dc5eec25dbb28c50c5c376ee9df5a6b5090a0ec7d321	complete standardized dataset-label count; no governed panel mapping	not_in_governed_panel_hierarchy
Populus euramericana_PRJCA015012_Secondary|Xylem precursor cell|	Populus euramericana_PRJCA015012_Secondary	PRJCA015012	Populus euramericana			cell_type_original	Xylem precursor cell					unmapped	pending_manual_curation; exact_synonym	1446	standardized_h5ad_obs;ontology_mapping_candidates;panel_label_freeze_v1	internal_source_record:not_publicly_portable:data/datasets/Bioinformatics/h5ad/Populus euramericana_PRJCA015012_Secondary.h5ad;internal_source_record:not_publicly_portable:workspace/projects/PhyloOpenCell/metadata/ontology_mapping_candidates.tsv;internal_source_record:not_publicly_portable:workspace/projects/PhyloOpenCell/metadata/panel_label_freeze_v1.tsv	c1ed95cdc8b101a4d17cb166aa81ce2409e265fcb5e5448bb6fdac80a89c7d1f;e4a09d28939b9a165661f86d5a2f4fb0c1d33fea1c7465dcc7cf874f0a8238bc;78a020ef314246281f19dc5eec25dbb28c50c5c376ee9df5a6b5090a0ec7d321	complete standardized dataset-label count; no governed panel mapping	not_in_governed_panel_hierarchy
Populus euramericana_PRJCA015012_Secondary|Xylem vessel member|	Populus euramericana_PRJCA015012_Secondary	PRJCA015012	Populus euramericana			cell_type_original	Xylem vessel member	PO:0002003				unmapped	candidate_auto_exact; exact_name; Plant Ontology exact lexical match; requires curator acceptance	746	standardized_h5ad_obs;ontology_mapping_candidates;panel_label_freeze_v1	internal_source_record:not_publicly_portable:data/datasets/Bioinformatics/h5ad/Populus euramericana_PRJCA015012_Secondary.h5ad;internal_source_record:not_publicly_portable:workspace/projects/PhyloOpenCell/metadata/ontology_mapping_candidates.tsv;internal_source_record:not_publicly_portable:workspace/projects/PhyloOpenCell/metadata/panel_label_freeze_v1.tsv	c1ed95cdc8b101a4d17cb166aa81ce2409e265fcb5e5448bb6fdac80a89c7d1f;e4a09d28939b9a165661f86d5a2f4fb0c1d33fea1c7465dcc7cf874f0a8238bc;78a020ef314246281f19dc5eec25dbb28c50c5c376ee9df5a6b5090a0ec7d321	complete standardized dataset-label count; no governed panel mapping	not_in_governed_panel_hierarchy
Populus trichocarpa_PRJCA014789|Phloem|vascular	Populus trichocarpa_PRJCA014789	PRJCA014789	Populus trichocarpa		vascular	cell_type_original	Phloem	PO:0005417	pilot_major_cell_family	phloem_lineage	vascular	mapped	expert_defined_many_to_one_from_user_approved_exact_PO_labels; passes_base_gates	580	standardized_h5ad_obs;panel_dataset_label_counts_v1;panel_label_freeze_v1;coarse_label_hierarchy_v1	internal_source_record:not_publicly_portable:data/datasets/Bioinformatics/h5ad/Populus trichocarpa_PRJCA014789.h5ad;internal_source_record:not_publicly_portable:workspace/projects/PhyloOpenCell/metadata/panel_dataset_label_counts_v1.tsv.gz;internal_source_record:not_publicly_portable:workspace/projects/PhyloOpenCell/metadata/panel_label_freeze_v1.tsv;internal_source_record:not_publicly_portable:workspace/projects/PhyloOpenCell/metadata/coarse_label_hierarchy_v1.tsv	8da0880d0412060ea2efecbed5116b3275c1541df041c6663ca2a44ae7321583;a4bd8efca65e1175053b97dc0836fe8306417dd993d7a864389a5281d37302ea;78a020ef314246281f19dc5eec25dbb28c50c5c376ee9df5a6b5090a0ec7d321;e139f4d944b153210afd8aef98174679bf7caead33207fadc3a2e8c4cb619abb	complete standardized dataset-label count with panel-specific governed mapping	
Populus trichocarpa_PRJCA014789|Ray xylem parenchyma cell|	Populus trichocarpa_PRJCA014789	PRJCA014789	Populus trichocarpa			cell_type_original	Ray xylem parenchyma cell					unmapped	pending_manual_curation; exact_synonym	682	standardized_h5ad_obs;ontology_mapping_candidates;panel_label_freeze_v1	internal_source_record:not_publicly_portable:data/datasets/Bioinformatics/h5ad/Populus trichocarpa_PRJCA014789.h5ad;internal_source_record:not_publicly_portable:workspace/projects/PhyloOpenCell/metadata/ontology_mapping_candidates.tsv;internal_source_record:not_publicly_portable:workspace/projects/PhyloOpenCell/metadata/panel_label_freeze_v1.tsv	8da0880d0412060ea2efecbed5116b3275c1541df041c6663ca2a44ae7321583;e4a09d28939b9a165661f86d5a2f4fb0c1d33fea1c7465dcc7cf874f0a8238bc;78a020ef314246281f19dc5eec25dbb28c50c5c376ee9df5a6b5090a0ec7d321	complete standardized dataset-label count; no governed panel mapping	not_in_governed_panel_hierarchy
Populus trichocarpa_PRJCA014789|Stem vascular cambium|vascular	Populus trichocarpa_PRJCA014789	PRJCA014789	Populus trichocarpa		vascular	cell_type_original	Stem vascular cambium					excluded	frozen panel-label exclusion (excluded): Cross-panel reuse is intentional for organ-specific vascular/procambial labels; final biological acceptance still required.	2866	standardized_h5ad_obs;panel_label_freeze_v1	internal_source_record:not_publicly_portable:data/datasets/Bioinformatics/h5ad/Populus trichocarpa_PRJCA014789.h5ad;internal_source_record:not_publicly_portable:workspace/projects/PhyloOpenCell/metadata/panel_label_freeze_v1.tsv	8da0880d0412060ea2efecbed5116b3275c1541df041c6663ca2a44ae7321583;78a020ef314246281f19dc5eec25dbb28c50c5c376ee9df5a6b5090a0ec7d321	complete standardized dataset-label count with explicit frozen exclusion	frozen_excluded_label
Populus trichocarpa_PRJCA014789|Unknown|	Populus trichocarpa_PRJCA014789	PRJCA014789	Populus trichocarpa			cell_type_original	Unknown					unknown	excluded_unknown	4470	standardized_h5ad_obs;ontology_mapping_candidates;panel_label_freeze_v1	internal_source_record:not_publicly_portable:data/datasets/Bioinformatics/h5ad/Populus trichocarpa_PRJCA014789.h5ad;internal_source_record:not_publicly_portable:workspace/projects/PhyloOpenCell/metadata/ontology_mapping_candidates.tsv;internal_source_record:not_publicly_portable:workspace/projects/PhyloOpenCell/metadata/panel_label_freeze_v1.tsv	8da0880d0412060ea2efecbed5116b3275c1541df041c6663ca2a44ae7321583;e4a09d28939b9a165661f86d5a2f4fb0c1d33fea1c7465dcc7cf874f0a8238bc;78a020ef314246281f19dc5eec25dbb28c50c5c376ee9df5a6b5090a0ec7d321	complete standardized dataset-label count; no governed panel mapping	
Populus trichocarpa_PRJCA014789|Xylem fiber cell|	Populus trichocarpa_PRJCA014789	PRJCA014789	Populus trichocarpa			cell_type_original	Xylem fiber cell	PO:0000274				unmapped	candidate_auto_exact; exact_name; Plant Ontology exact lexical match; requires curator acceptance	668	standardized_h5ad_obs;ontology_mapping_candidates;panel_label_freeze_v1	internal_source_record:not_publicly_portable:data/datasets/Bioinformatics/h5ad/Populus trichocarpa_PRJCA014789.h5ad;internal_source_record:not_publicly_portable:workspace/projects/PhyloOpenCell/metadata/ontology_mapping_candidates.tsv;internal_source_record:not_publicly_portable:workspace/projects/PhyloOpenCell/metadata/panel_label_freeze_v1.tsv	8da0880d0412060ea2efecbed5116b3275c1541df041c6663ca2a44ae7321583;e4a09d28939b9a165661f86d5a2f4fb0c1d33fea1c7465dcc7cf874f0a8238bc;78a020ef314246281f19dc5eec25dbb28c50c5c376ee9df5a6b5090a0ec7d321	complete standardized dataset-label count; no governed panel mapping	not_in_governed_panel_hierarchy
Populus trichocarpa_PRJCA014789|Xylem vessel member|	Populus trichocarpa_PRJCA014789	PRJCA014789	Populus trichocarpa			cell_type_original	Xylem vessel member	PO:0002003				unmapped	candidate_auto_exact; exact_name; Plant Ontology exact lexical match; requires curator acceptance	3349	standardized_h5ad_obs;ontology_mapping_candidates;panel_label_freeze_v1	internal_source_record:not_publicly_portable:data/datasets/Bioinformatics/h5ad/Populus trichocarpa_PRJCA014789.h5ad;internal_source_record:not_publicly_portable:workspace/projects/PhyloOpenCell/metadata/ontology_mapping_candidates.tsv;internal_source_record:not_publicly_portable:workspace/projects/PhyloOpenCell/metadata/panel_label_freeze_v1.tsv	8da0880d0412060ea2efecbed5116b3275c1541df041c6663ca2a44ae7321583;e4a09d28939b9a165661f86d5a2f4fb0c1d33fea1c7465dcc7cf874f0a8238bc;78a020ef314246281f19dc5eec25dbb28c50c5c376ee9df5a6b5090a0ec7d321	complete standardized dataset-label count; no governed panel mapping	not_in_governed_panel_hierarchy
Populus trichocarpa_PRJNA746591|Fusiform initial cell|	Populus trichocarpa_PRJNA746591	PRJNA746591	Populus trichocarpa			cell_type_original	Fusiform initial cell	PO:0000079				unmapped	candidate_auto_exact; exact_name; Plant Ontology exact lexical match; requires curator acceptance	4611	standardized_h5ad_obs;ontology_mapping_candidates;panel_label_freeze_v1	internal_source_record:not_publicly_portable:data/datasets/Bioinformatics/h5ad/Populus trichocarpa_PRJNA746591.h5ad;internal_source_record:not_publicly_portable:workspace/projects/PhyloOpenCell/metadata/ontology_mapping_candidates.tsv;internal_source_record:not_publicly_portable:workspace/projects/PhyloOpenCell/metadata/panel_label_freeze_v1.tsv	25dde13d2af76b4a756907faa52b2103c6dff917d5bda634878518a60fca02c2;e4a09d28939b9a165661f86d5a2f4fb0c1d33fea1c7465dcc7cf874f0a8238bc;78a020ef314246281f19dc5eec25dbb28c50c5c376ee9df5a6b5090a0ec7d321	complete standardized dataset-label count; no governed panel mapping	not_in_governed_panel_hierarchy
Populus trichocarpa_PRJNA746591|Ray initial cell|	Populus trichocarpa_PRJNA746591	PRJNA746591	Populus trichocarpa			cell_type_original	Ray initial cell	PO:0000082				unmapped	candidate_auto_exact; exact_name; Plant Ontology exact lexical match; requires curator acceptance	832	standardized_h5ad_obs;ontology_mapping_candidates;panel_label_freeze_v1	internal_source_record:not_publicly_portable:data/datasets/Bioinformatics/h5ad/Populus trichocarpa_PRJNA746591.h5ad;internal_source_record:not_publicly_portable:workspace/projects/PhyloOpenCell/metadata/ontology_mapping_candidates.tsv;internal_source_record:not_publicly_portable:workspace/projects/PhyloOpenCell/metadata/panel_label_freeze_v1.tsv	25dde13d2af76b4a756907faa52b2103c6dff917d5bda634878518a60fca02c2;e4a09d28939b9a165661f86d5a2f4fb0c1d33fea1c7465dcc7cf874f0a8238bc;78a020ef314246281f19dc5eec25dbb28c50c5c376ee9df5a6b5090a0ec7d321	complete standardized dataset-label count; no governed panel mapping	not_in_governed_panel_hierarchy
Populus trichocarpa_PRJNA746591|Ray xylem parenchyma cell|	Populus trichocarpa_PRJNA746591	PRJNA746591	Populus trichocarpa			cell_type_original	Ray xylem parenchyma cell					unmapped	pending_manual_curation; exact_synonym	3402	standardized_h5ad_obs;ontology_mapping_candidates;panel_label_freeze_v1	internal_source_record:not_publicly_portable:data/datasets/Bioinformatics/h5ad/Populus trichocarpa_PRJNA746591.h5ad;internal_source_record:not_publicly_portable:workspace/projects/PhyloOpenCell/metadata/ontology_mapping_candidates.tsv;internal_source_record:not_publicly_portable:workspace/projects/PhyloOpenCell/metadata/panel_label_freeze_v1.tsv	25dde13d2af76b4a756907faa52b2103c6dff917d5bda634878518a60fca02c2;e4a09d28939b9a165661f86d5a2f4fb0c1d33fea1c7465dcc7cf874f0a8238bc;78a020ef314246281f19dc5eec25dbb28c50c5c376ee9df5a6b5090a0ec7d321	complete standardized dataset-label count; no governed panel mapping	not_in_governed_panel_hierarchy
Populus trichocarpa_PRJNA746591|Unknown|	Populus trichocarpa_PRJNA746591	PRJNA746591	Populus trichocarpa			cell_type_original	Unknown					unknown	excluded_unknown	6454	standardized_h5ad_obs;ontology_mapping_candidates;panel_label_freeze_v1	internal_source_record:not_publicly_portable:data/datasets/Bioinformatics/h5ad/Populus trichocarpa_PRJNA746591.h5ad;internal_source_record:not_publicly_portable:workspace/projects/PhyloOpenCell/metadata/ontology_mapping_candidates.tsv;internal_source_record:not_publicly_portable:workspace/projects/PhyloOpenCell/metadata/panel_label_freeze_v1.tsv	25dde13d2af76b4a756907faa52b2103c6dff917d5bda634878518a60fca02c2;e4a09d28939b9a165661f86d5a2f4fb0c1d33fea1c7465dcc7cf874f0a8238bc;78a020ef314246281f19dc5eec25dbb28c50c5c376ee9df5a6b5090a0ec7d321	complete standardized dataset-label count; no governed panel mapping	
Populus trichocarpa_PRJNA746591|Xylem fiber cell|	Populus trichocarpa_PRJNA746591	PRJNA746591	Populus trichocarpa			cell_type_original	Xylem fiber cell	PO:0000274				unmapped	candidate_auto_exact; exact_name; Plant Ontology exact lexical match; requires curator acceptance	3778	standardized_h5ad_obs;ontology_mapping_candidates;panel_label_freeze_v1	internal_source_record:not_publicly_portable:data/datasets/Bioinformatics/h5ad/Populus trichocarpa_PRJNA746591.h5ad;internal_source_record:not_publicly_portable:workspace/projects/PhyloOpenCell/metadata/ontology_mapping_candidates.tsv;internal_source_record:not_publicly_portable:workspace/projects/PhyloOpenCell/metadata/panel_label_freeze_v1.tsv	25dde13d2af76b4a756907faa52b2103c6dff917d5bda634878518a60fca02c2;e4a09d28939b9a165661f86d5a2f4fb0c1d33fea1c7465dcc7cf874f0a8238bc;78a020ef314246281f19dc5eec25dbb28c50c5c376ee9df5a6b5090a0ec7d321	complete standardized dataset-label count; no governed panel mapping	not_in_governed_panel_hierarchy
Populus trichocarpa_PRJNA746591|Xylem vessel member|	Populus trichocarpa_PRJNA746591	PRJNA746591	Populus trichocarpa			cell_type_original	Xylem vessel member	PO:0002003				unmapped	candidate_auto_exact; exact_name; Plant Ontology exact lexical match; requires curator acceptance	5188	standardized_h5ad_obs;ontology_mapping_candidates;panel_label_freeze_v1	internal_source_record:not_publicly_portable:data/datasets/Bioinformatics/h5ad/Populus trichocarpa_PRJNA746591.h5ad;internal_source_record:not_publicly_portable:workspace/projects/PhyloOpenCell/metadata/ontology_mapping_candidates.tsv;internal_source_record:not_publicly_portable:workspace/projects/PhyloOpenCell/metadata/panel_label_freeze_v1.tsv	25dde13d2af76b4a756907faa52b2103c6dff917d5bda634878518a60fca02c2;e4a09d28939b9a165661f86d5a2f4fb0c1d33fea1c7465dcc7cf874f0a8238bc;78a020ef314246281f19dc5eec25dbb28c50c5c376ee9df5a6b5090a0ec7d321	complete standardized dataset-label count; no governed panel mapping	not_in_governed_panel_hierarchy
Solanum lycopersicum_PRJNA667489|G1/S-phase cell|	Solanum lycopersicum_PRJNA667489	PRJNA667489	Solanum lycopersicum			cell_type_original	G1/S-phase cell					unmapped	pending_manual_curation; exact_synonym	81	standardized_h5ad_obs;ontology_mapping_candidates;panel_label_freeze_v1	internal_source_record:not_publicly_portable:data/datasets/Bioinformatics/h5ad/Solanum lycopersicum_PRJNA667489.h5ad;internal_source_record:not_publicly_portable:workspace/projects/PhyloOpenCell/metadata/ontology_mapping_candidates.tsv;internal_source_record:not_publicly_portable:workspace/projects/PhyloOpenCell/metadata/panel_label_freeze_v1.tsv	09f028a390af476764334a2dfda05a37110fd8dca3c13883c3d916ae73bf80f6;e4a09d28939b9a165661f86d5a2f4fb0c1d33fea1c7465dcc7cf874f0a8238bc;78a020ef314246281f19dc5eec25dbb28c50c5c376ee9df5a6b5090a0ec7d321	complete standardized dataset-label count; no governed panel mapping	not_in_governed_panel_hierarchy
Solanum lycopersicum_PRJNA667489|Phloem|	Solanum lycopersicum_PRJNA667489	PRJNA667489	Solanum lycopersicum			cell_type_original	Phloem	PO:0005417				unmapped	candidate_auto_exact; exact_name; Plant Ontology exact lexical match; requires curator acceptance	127	standardized_h5ad_obs;ontology_mapping_candidates;panel_label_freeze_v1	internal_source_record:not_publicly_portable:data/datasets/Bioinformatics/h5ad/Solanum lycopersicum_PRJNA667489.h5ad;internal_source_record:not_publicly_portable:workspace/projects/PhyloOpenCell/metadata/ontology_mapping_candidates.tsv;internal_source_record:not_publicly_portable:workspace/projects/PhyloOpenCell/metadata/panel_label_freeze_v1.tsv	09f028a390af476764334a2dfda05a37110fd8dca3c13883c3d916ae73bf80f6;e4a09d28939b9a165661f86d5a2f4fb0c1d33fea1c7465dcc7cf874f0a8238bc;78a020ef314246281f19dc5eec25dbb28c50c5c376ee9df5a6b5090a0ec7d321	complete standardized dataset-label count; no governed panel mapping	not_in_governed_panel_hierarchy
Solanum lycopersicum_PRJNA667489|Unknown|	Solanum lycopersicum_PRJNA667489	PRJNA667489	Solanum lycopersicum			cell_type_original	Unknown					unknown	excluded_unknown	2244	standardized_h5ad_obs;ontology_mapping_candidates;panel_label_freeze_v1	internal_source_record:not_publicly_portable:data/datasets/Bioinformatics/h5ad/Solanum lycopersicum_PRJNA667489.h5ad;internal_source_record:not_publicly_portable:workspace/projects/PhyloOpenCell/metadata/ontology_mapping_candidates.tsv;internal_source_record:not_publicly_portable:workspace/projects/PhyloOpenCell/metadata/panel_label_freeze_v1.tsv	09f028a390af476764334a2dfda05a37110fd8dca3c13883c3d916ae73bf80f6;e4a09d28939b9a165661f86d5a2f4fb0c1d33fea1c7465dcc7cf874f0a8238bc;78a020ef314246281f19dc5eec25dbb28c50c5c376ee9df5a6b5090a0ec7d321	complete standardized dataset-label count; no governed panel mapping	
Solanum lycopersicum_PRJNA667489|Xylem|	Solanum lycopersicum_PRJNA667489	PRJNA667489	Solanum lycopersicum			cell_type_original	Xylem	PO:0005352				unmapped	candidate_auto_exact; exact_name; Plant Ontology exact lexical match; requires curator acceptance	546	standardized_h5ad_obs;ontology_mapping_candidates;panel_label_freeze_v1	internal_source_record:not_publicly_portable:data/datasets/Bioinformatics/h5ad/Solanum lycopersicum_PRJNA667489.h5ad;internal_source_record:not_publicly_portable:workspace/projects/PhyloOpenCell/metadata/ontology_mapping_candidates.tsv;internal_source_record:not_publicly_portable:workspace/projects/PhyloOpenCell/metadata/panel_label_freeze_v1.tsv	09f028a390af476764334a2dfda05a37110fd8dca3c13883c3d916ae73bf80f6;e4a09d28939b9a165661f86d5a2f4fb0c1d33fea1c7465dcc7cf874f0a8238bc;78a020ef314246281f19dc5eec25dbb28c50c5c376ee9df5a6b5090a0ec7d321	complete standardized dataset-label count; no governed panel mapping	not_in_governed_panel_hierarchy
Solanum lycopersicum_PRJNA833659|Leaf guard cell|	Solanum lycopersicum_PRJNA833659	PRJNA833659	Solanum lycopersicum			cell_type_original	Leaf guard cell	PO:0025237				unmapped	candidate_auto_exact; exact_name; Plant Ontology exact lexical match; requires curator acceptance	22948	standardized_h5ad_obs;ontology_mapping_candidates;panel_label_freeze_v1	internal_source_record:not_publicly_portable:data/datasets/Bioinformatics/h5ad/Solanum lycopersicum_PRJNA833659.h5ad;internal_source_record:not_publicly_portable:workspace/projects/PhyloOpenCell/metadata/ontology_mapping_candidates.tsv;internal_source_record:not_publicly_portable:workspace/projects/PhyloOpenCell/metadata/panel_label_freeze_v1.tsv	59e51d63ed25754d7170ff0f20c2c5ba3922f05417b71f117b7cbf65649bf454;e4a09d28939b9a165661f86d5a2f4fb0c1d33fea1c7465dcc7cf874f0a8238bc;78a020ef314246281f19dc5eec25dbb28c50c5c376ee9df5a6b5090a0ec7d321	complete standardized dataset-label count; no governed panel mapping	not_in_governed_panel_hierarchy
Solanum lycopersicum_PRJNA833659|Leaf lamina epidermis|	Solanum lycopersicum_PRJNA833659	PRJNA833659	Solanum lycopersicum			cell_type_original	Leaf lamina epidermis	PO:0000047				unmapped	candidate_auto_exact; exact_name; Plant Ontology exact lexical match; requires curator acceptance	4310	standardized_h5ad_obs;ontology_mapping_candidates;panel_label_freeze_v1	internal_source_record:not_publicly_portable:data/datasets/Bioinformatics/h5ad/Solanum lycopersicum_PRJNA833659.h5ad;internal_source_record:not_publicly_portable:workspace/projects/PhyloOpenCell/metadata/ontology_mapping_candidates.tsv;internal_source_record:not_publicly_portable:workspace/projects/PhyloOpenCell/metadata/panel_label_freeze_v1.tsv	59e51d63ed25754d7170ff0f20c2c5ba3922f05417b71f117b7cbf65649bf454;e4a09d28939b9a165661f86d5a2f4fb0c1d33fea1c7465dcc7cf874f0a8238bc;78a020ef314246281f19dc5eec25dbb28c50c5c376ee9df5a6b5090a0ec7d321	complete standardized dataset-label count; no governed panel mapping	not_in_governed_panel_hierarchy
Solanum lycopersicum_PRJNA833659|Leaf trichome|	Solanum lycopersicum_PRJNA833659	PRJNA833659	Solanum lycopersicum			cell_type_original	Leaf trichome	PO:0006504				unmapped	candidate_auto_exact; exact_name; Plant Ontology exact lexical match; requires curator acceptance	7847	standardized_h5ad_obs;ontology_mapping_candidates;panel_label_freeze_v1	internal_source_record:not_publicly_portable:data/datasets/Bioinformatics/h5ad/Solanum lycopersicum_PRJNA833659.h5ad;internal_source_record:not_publicly_portable:workspace/projects/PhyloOpenCell/metadata/ontology_mapping_candidates.tsv;internal_source_record:not_publicly_portable:workspace/projects/PhyloOpenCell/metadata/panel_label_freeze_v1.tsv	59e51d63ed25754d7170ff0f20c2c5ba3922f05417b71f117b7cbf65649bf454;e4a09d28939b9a165661f86d5a2f4fb0c1d33fea1c7465dcc7cf874f0a8238bc;78a020ef314246281f19dc5eec25dbb28c50c5c376ee9df5a6b5090a0ec7d321	complete standardized dataset-label count; no governed panel mapping	not_in_governed_panel_hierarchy
Solanum lycopersicum_PRJNA833659|Leaf vascular system|	Solanum lycopersicum_PRJNA833659	PRJNA833659	Solanum lycopersicum			cell_type_original	Leaf vascular system	PO:0000036				unmapped	candidate_auto_exact; exact_name; Plant Ontology exact lexical match; requires curator acceptance	6182	standardized_h5ad_obs;ontology_mapping_candidates;panel_label_freeze_v1	internal_source_record:not_publicly_portable:data/datasets/Bioinformatics/h5ad/Solanum lycopersicum_PRJNA833659.h5ad;internal_source_record:not_publicly_portable:workspace/projects/PhyloOpenCell/metadata/ontology_mapping_candidates.tsv;internal_source_record:not_publicly_portable:workspace/projects/PhyloOpenCell/metadata/panel_label_freeze_v1.tsv	59e51d63ed25754d7170ff0f20c2c5ba3922f05417b71f117b7cbf65649bf454;e4a09d28939b9a165661f86d5a2f4fb0c1d33fea1c7465dcc7cf874f0a8238bc;78a020ef314246281f19dc5eec25dbb28c50c5c376ee9df5a6b5090a0ec7d321	complete standardized dataset-label count; no governed panel mapping	not_in_governed_panel_hierarchy
Solanum lycopersicum_PRJNA833659|Mesophyll cell|	Solanum lycopersicum_PRJNA833659	PRJNA833659	Solanum lycopersicum			cell_type_original	Mesophyll cell	PO:0004006				unmapped	candidate_auto_exact; exact_name; Plant Ontology exact lexical match; requires curator acceptance	16688	standardized_h5ad_obs;ontology_mapping_candidates;panel_label_freeze_v1	internal_source_record:not_publicly_portable:data/datasets/Bioinformatics/h5ad/Solanum lycopersicum_PRJNA833659.h5ad;internal_source_record:not_publicly_portable:workspace/projects/PhyloOpenCell/metadata/ontology_mapping_candidates.tsv;internal_source_record:not_publicly_portable:workspace/projects/PhyloOpenCell/metadata/panel_label_freeze_v1.tsv	59e51d63ed25754d7170ff0f20c2c5ba3922f05417b71f117b7cbf65649bf454;e4a09d28939b9a165661f86d5a2f4fb0c1d33fea1c7465dcc7cf874f0a8238bc;78a020ef314246281f19dc5eec25dbb28c50c5c376ee9df5a6b5090a0ec7d321	complete standardized dataset-label count; no governed panel mapping	not_in_governed_panel_hierarchy
Solanum lycopersicum_PRJNA833659|Unknown|	Solanum lycopersicum_PRJNA833659	PRJNA833659	Solanum lycopersicum			cell_type_original	Unknown					unknown	excluded_unknown	10366	standardized_h5ad_obs;ontology_mapping_candidates;panel_label_freeze_v1	internal_source_record:not_publicly_portable:data/datasets/Bioinformatics/h5ad/Solanum lycopersicum_PRJNA833659.h5ad;internal_source_record:not_publicly_portable:workspace/projects/PhyloOpenCell/metadata/ontology_mapping_candidates.tsv;internal_source_record:not_publicly_portable:workspace/projects/PhyloOpenCell/metadata/panel_label_freeze_v1.tsv	59e51d63ed25754d7170ff0f20c2c5ba3922f05417b71f117b7cbf65649bf454;e4a09d28939b9a165661f86d5a2f4fb0c1d33fea1c7465dcc7cf874f0a8238bc;78a020ef314246281f19dc5eec25dbb28c50c5c376ee9df5a6b5090a0ec7d321	complete standardized dataset-label count; no governed panel mapping	
Sorghum bicolor_PRJNA935359|Columella root cap cell|root	Sorghum bicolor_PRJNA935359	PRJNA935359	Sorghum bicolor		root	cell_type_original	Columella root cap cell	PO:0020132	pilot_major_cell_family	root_cap	root	mapped	expert_defined_many_to_one_from_user_approved_exact_PO_labels; passes_base_gates	1152	standardized_h5ad_obs;panel_dataset_label_counts_v1;panel_label_freeze_v1;coarse_label_hierarchy_v1	internal_source_record:not_publicly_portable:data/datasets/Bioinformatics/h5ad/Sorghum bicolor_PRJNA935359.h5ad;internal_source_record:not_publicly_portable:workspace/projects/PhyloOpenCell/metadata/panel_dataset_label_counts_v1.tsv.gz;internal_source_record:not_publicly_portable:workspace/projects/PhyloOpenCell/metadata/panel_label_freeze_v1.tsv;internal_source_record:not_publicly_portable:workspace/projects/PhyloOpenCell/metadata/coarse_label_hierarchy_v1.tsv	b06c935767e004a132633e3c7b226706de88d48606058b54de37974f365a233e;a4bd8efca65e1175053b97dc0836fe8306417dd993d7a864389a5281d37302ea;78a020ef314246281f19dc5eec25dbb28c50c5c376ee9df5a6b5090a0ec7d321;e139f4d944b153210afd8aef98174679bf7caead33207fadc3a2e8c4cb619abb	complete standardized dataset-label count with panel-specific governed mapping	
Sorghum bicolor_PRJNA935359|G2/M-phase cell|	Sorghum bicolor_PRJNA935359	PRJNA935359	Sorghum bicolor			cell_type_original	G2/M-phase cell					unmapped	pending_manual_curation; exact_synonym	218	standardized_h5ad_obs;ontology_mapping_candidates;panel_label_freeze_v1	internal_source_record:not_publicly_portable:data/datasets/Bioinformatics/h5ad/Sorghum bicolor_PRJNA935359.h5ad;internal_source_record:not_publicly_portable:workspace/projects/PhyloOpenCell/metadata/ontology_mapping_candidates.tsv;internal_source_record:not_publicly_portable:workspace/projects/PhyloOpenCell/metadata/panel_label_freeze_v1.tsv	b06c935767e004a132633e3c7b226706de88d48606058b54de37974f365a233e;e4a09d28939b9a165661f86d5a2f4fb0c1d33fea1c7465dcc7cf874f0a8238bc;78a020ef314246281f19dc5eec25dbb28c50c5c376ee9df5a6b5090a0ec7d321	complete standardized dataset-label count; no governed panel mapping	not_in_governed_panel_hierarchy
Sorghum bicolor_PRJNA935359|Lateral root cap|	Sorghum bicolor_PRJNA935359	PRJNA935359	Sorghum bicolor			cell_type_original	Lateral root cap	PO:0020131				unmapped	candidate_auto_exact; exact_name; Plant Ontology exact lexical match; requires curator acceptance	887	standardized_h5ad_obs;ontology_mapping_candidates;panel_label_freeze_v1	internal_source_record:not_publicly_portable:data/datasets/Bioinformatics/h5ad/Sorghum bicolor_PRJNA935359.h5ad;internal_source_record:not_publicly_portable:workspace/projects/PhyloOpenCell/metadata/ontology_mapping_candidates.tsv;internal_source_record:not_publicly_portable:workspace/projects/PhyloOpenCell/metadata/panel_label_freeze_v1.tsv	b06c935767e004a132633e3c7b226706de88d48606058b54de37974f365a233e;e4a09d28939b9a165661f86d5a2f4fb0c1d33fea1c7465dcc7cf874f0a8238bc;78a020ef314246281f19dc5eec25dbb28c50c5c376ee9df5a6b5090a0ec7d321	complete standardized dataset-label count; no governed panel mapping	not_in_governed_panel_hierarchy
Sorghum bicolor_PRJNA935359|Pericycle cell|root	Sorghum bicolor_PRJNA935359	PRJNA935359	Sorghum bicolor		root	cell_type_original	Pericycle cell	PO:0025261	pilot_major_cell_family	stele_lineage	root	mapped	expert_defined_many_to_one_from_user_approved_exact_PO_labels; passes_base_gates	521	standardized_h5ad_obs;panel_dataset_label_counts_v1;panel_label_freeze_v1;coarse_label_hierarchy_v1	internal_source_record:not_publicly_portable:data/datasets/Bioinformatics/h5ad/Sorghum bicolor_PRJNA935359.h5ad;internal_source_record:not_publicly_portable:workspace/projects/PhyloOpenCell/metadata/panel_dataset_label_counts_v1.tsv.gz;internal_source_record:not_publicly_portable:workspace/projects/PhyloOpenCell/metadata/panel_label_freeze_v1.tsv;internal_source_record:not_publicly_portable:workspace/projects/PhyloOpenCell/metadata/coarse_label_hierarchy_v1.tsv	b06c935767e004a132633e3c7b226706de88d48606058b54de37974f365a233e;a4bd8efca65e1175053b97dc0836fe8306417dd993d7a864389a5281d37302ea;78a020ef314246281f19dc5eec25dbb28c50c5c376ee9df5a6b5090a0ec7d321;e139f4d944b153210afd8aef98174679bf7caead33207fadc3a2e8c4cb619abb	complete standardized dataset-label count with panel-specific governed mapping	
Sorghum bicolor_PRJNA935359|Phloem|vascular	Sorghum bicolor_PRJNA935359	PRJNA935359	Sorghum bicolor		vascular	cell_type_original	Phloem	PO:0005417	pilot_major_cell_family	phloem_lineage	vascular	mapped	expert_defined_many_to_one_from_user_approved_exact_PO_labels; passes_base_gates	216	standardized_h5ad_obs;panel_dataset_label_counts_v1;panel_label_freeze_v1;coarse_label_hierarchy_v1	internal_source_record:not_publicly_portable:data/datasets/Bioinformatics/h5ad/Sorghum bicolor_PRJNA935359.h5ad;internal_source_record:not_publicly_portable:workspace/projects/PhyloOpenCell/metadata/panel_dataset_label_counts_v1.tsv.gz;internal_source_record:not_publicly_portable:workspace/projects/PhyloOpenCell/metadata/panel_label_freeze_v1.tsv;internal_source_record:not_publicly_portable:workspace/projects/PhyloOpenCell/metadata/coarse_label_hierarchy_v1.tsv	b06c935767e004a132633e3c7b226706de88d48606058b54de37974f365a233e;a4bd8efca65e1175053b97dc0836fe8306417dd993d7a864389a5281d37302ea;78a020ef314246281f19dc5eec25dbb28c50c5c376ee9df5a6b5090a0ec7d321;e139f4d944b153210afd8aef98174679bf7caead33207fadc3a2e8c4cb619abb	complete standardized dataset-label count with panel-specific governed mapping	
Sorghum bicolor_PRJNA935359|Root cortex|root	Sorghum bicolor_PRJNA935359	PRJNA935359	Sorghum bicolor		root	cell_type_original	Root cortex	PO:0000258	pilot_major_cell_family	ground_tissue	root	mapped	expert_defined_many_to_one_from_user_approved_exact_PO_labels; passes_base_gates	3293	standardized_h5ad_obs;panel_dataset_label_counts_v1;panel_label_freeze_v1;coarse_label_hierarchy_v1	internal_source_record:not_publicly_portable:data/datasets/Bioinformatics/h5ad/Sorghum bicolor_PRJNA935359.h5ad;internal_source_record:not_publicly_portable:workspace/projects/PhyloOpenCell/metadata/panel_dataset_label_counts_v1.tsv.gz;internal_source_record:not_publicly_portable:workspace/projects/PhyloOpenCell/metadata/panel_label_freeze_v1.tsv;internal_source_record:not_publicly_portable:workspace/projects/PhyloOpenCell/metadata/coarse_label_hierarchy_v1.tsv	b06c935767e004a132633e3c7b226706de88d48606058b54de37974f365a233e;a4bd8efca65e1175053b97dc0836fe8306417dd993d7a864389a5281d37302ea;78a020ef314246281f19dc5eec25dbb28c50c5c376ee9df5a6b5090a0ec7d321;e139f4d944b153210afd8aef98174679bf7caead33207fadc3a2e8c4cb619abb	complete standardized dataset-label count with panel-specific governed mapping	
Sorghum bicolor_PRJNA935359|Root endodermis|root	Sorghum bicolor_PRJNA935359	PRJNA935359	Sorghum bicolor		root	cell_type_original	Root endodermis	PO:0005059	pilot_major_cell_family	ground_tissue	root	mapped	expert_defined_many_to_one_from_user_approved_exact_PO_labels; passes_base_gates	304	standardized_h5ad_obs;panel_dataset_label_counts_v1;panel_label_freeze_v1;coarse_label_hierarchy_v1	internal_source_record:not_publicly_portable:data/datasets/Bioinformatics/h5ad/Sorghum bicolor_PRJNA935359.h5ad;internal_source_record:not_publicly_portable:workspace/projects/PhyloOpenCell/metadata/panel_dataset_label_counts_v1.tsv.gz;internal_source_record:not_publicly_portable:workspace/projects/PhyloOpenCell/metadata/panel_label_freeze_v1.tsv;internal_source_record:not_publicly_portable:workspace/projects/PhyloOpenCell/metadata/coarse_label_hierarchy_v1.tsv	b06c935767e004a132633e3c7b226706de88d48606058b54de37974f365a233e;a4bd8efca65e1175053b97dc0836fe8306417dd993d7a864389a5281d37302ea;78a020ef314246281f19dc5eec25dbb28c50c5c376ee9df5a6b5090a0ec7d321;e139f4d944b153210afd8aef98174679bf7caead33207fadc3a2e8c4cb619abb	complete standardized dataset-label count with panel-specific governed mapping	
Sorghum bicolor_PRJNA935359|Root epidermis|root	Sorghum bicolor_PRJNA935359	PRJNA935359	Sorghum bicolor		root	cell_type_original	Root epidermis	PO:0006036	pilot_major_cell_family	epidermal_system	root	mapped	expert_defined_many_to_one_from_user_approved_exact_PO_labels; passes_base_gates	1265	standardized_h5ad_obs;panel_dataset_label_counts_v1;panel_label_freeze_v1;coarse_label_hierarchy_v1	internal_source_record:not_publicly_portable:data/datasets/Bioinformatics/h5ad/Sorghum bicolor_PRJNA935359.h5ad;internal_source_record:not_publicly_portable:workspace/projects/PhyloOpenCell/metadata/panel_dataset_label_counts_v1.tsv.gz;internal_source_record:not_publicly_portable:workspace/projects/PhyloOpenCell/metadata/panel_label_freeze_v1.tsv;internal_source_record:not_publicly_portable:workspace/projects/PhyloOpenCell/metadata/coarse_label_hierarchy_v1.tsv	b06c935767e004a132633e3c7b226706de88d48606058b54de37974f365a233e;a4bd8efca65e1175053b97dc0836fe8306417dd993d7a864389a5281d37302ea;78a020ef314246281f19dc5eec25dbb28c50c5c376ee9df5a6b5090a0ec7d321;e139f4d944b153210afd8aef98174679bf7caead33207fadc3a2e8c4cb619abb	complete standardized dataset-label count with panel-specific governed mapping	
Sorghum bicolor_PRJNA935359|Root stele|root	Sorghum bicolor_PRJNA935359	PRJNA935359	Sorghum bicolor		root	cell_type_original	Root stele	PO:0020124	pilot_major_cell_family	stele_lineage	root	mapped	expert_defined_many_to_one_from_user_approved_exact_PO_labels; passes_base_gates	666	standardized_h5ad_obs;panel_dataset_label_counts_v1;panel_label_freeze_v1;coarse_label_hierarchy_v1	internal_source_record:not_publicly_portable:data/datasets/Bioinformatics/h5ad/Sorghum bicolor_PRJNA935359.h5ad;internal_source_record:not_publicly_portable:workspace/projects/PhyloOpenCell/metadata/panel_dataset_label_counts_v1.tsv.gz;internal_source_record:not_publicly_portable:workspace/projects/PhyloOpenCell/metadata/panel_label_freeze_v1.tsv;internal_source_record:not_publicly_portable:workspace/projects/PhyloOpenCell/metadata/coarse_label_hierarchy_v1.tsv	b06c935767e004a132633e3c7b226706de88d48606058b54de37974f365a233e;a4bd8efca65e1175053b97dc0836fe8306417dd993d7a864389a5281d37302ea;78a020ef314246281f19dc5eec25dbb28c50c5c376ee9df5a6b5090a0ec7d321;e139f4d944b153210afd8aef98174679bf7caead33207fadc3a2e8c4cb619abb	complete standardized dataset-label count with panel-specific governed mapping	
Sorghum bicolor_PRJNA935359|Unknown|	Sorghum bicolor_PRJNA935359	PRJNA935359	Sorghum bicolor			cell_type_original	Unknown					unknown	excluded_unknown	1781	standardized_h5ad_obs;ontology_mapping_candidates;panel_label_freeze_v1	internal_source_record:not_publicly_portable:data/datasets/Bioinformatics/h5ad/Sorghum bicolor_PRJNA935359.h5ad;internal_source_record:not_publicly_portable:workspace/projects/PhyloOpenCell/metadata/ontology_mapping_candidates.tsv;internal_source_record:not_publicly_portable:workspace/projects/PhyloOpenCell/metadata/panel_label_freeze_v1.tsv	b06c935767e004a132633e3c7b226706de88d48606058b54de37974f365a233e;e4a09d28939b9a165661f86d5a2f4fb0c1d33fea1c7465dcc7cf874f0a8238bc;78a020ef314246281f19dc5eec25dbb28c50c5c376ee9df5a6b5090a0ec7d321	complete standardized dataset-label count; no governed panel mapping	
Sorghum bicolor_PRJNA935359|Xylem|vascular	Sorghum bicolor_PRJNA935359	PRJNA935359	Sorghum bicolor		vascular	cell_type_original	Xylem	PO:0005352	pilot_major_cell_family	xylem_lineage	vascular	mapped	expert_defined_many_to_one_from_user_approved_exact_PO_labels; passes_base_gates	277	standardized_h5ad_obs;panel_dataset_label_counts_v1;panel_label_freeze_v1;coarse_label_hierarchy_v1	internal_source_record:not_publicly_portable:data/datasets/Bioinformatics/h5ad/Sorghum bicolor_PRJNA935359.h5ad;internal_source_record:not_publicly_portable:workspace/projects/PhyloOpenCell/metadata/panel_dataset_label_counts_v1.tsv.gz;internal_source_record:not_publicly_portable:workspace/projects/PhyloOpenCell/metadata/panel_label_freeze_v1.tsv;internal_source_record:not_publicly_portable:workspace/projects/PhyloOpenCell/metadata/coarse_label_hierarchy_v1.tsv	b06c935767e004a132633e3c7b226706de88d48606058b54de37974f365a233e;a4bd8efca65e1175053b97dc0836fe8306417dd993d7a864389a5281d37302ea;78a020ef314246281f19dc5eec25dbb28c50c5c376ee9df5a6b5090a0ec7d321;e139f4d944b153210afd8aef98174679bf7caead33207fadc3a2e8c4cb619abb	complete standardized dataset-label count with panel-specific governed mapping	
Triticum aestivum_PRJCA012935|Columella root cap cell|	Triticum aestivum_PRJCA012935	PRJCA012935	Triticum aestivum			cell_type_original	Columella root cap cell	PO:0020132				unmapped	candidate_auto_exact; exact_name; Plant Ontology exact lexical match; requires curator acceptance	38	standardized_h5ad_obs;ontology_mapping_candidates;panel_label_freeze_v1	internal_source_record:not_publicly_portable:data/datasets/Bioinformatics/h5ad/Triticum aestivum_PRJCA012935.h5ad;internal_source_record:not_publicly_portable:workspace/projects/PhyloOpenCell/metadata/ontology_mapping_candidates.tsv;internal_source_record:not_publicly_portable:workspace/projects/PhyloOpenCell/metadata/panel_label_freeze_v1.tsv	6e492f55865fd1113dabe46f2a6c92d415ee2e6ed7e6d13b059e37affff3c0c8;e4a09d28939b9a165661f86d5a2f4fb0c1d33fea1c7465dcc7cf874f0a8238bc;78a020ef314246281f19dc5eec25dbb28c50c5c376ee9df5a6b5090a0ec7d321	complete standardized dataset-label count; no governed panel mapping	not_in_governed_panel_hierarchy
Triticum aestivum_PRJCA012935|Companion cell|	Triticum aestivum_PRJCA012935	PRJCA012935	Triticum aestivum			cell_type_original	Companion cell	PO:0000071				unmapped	candidate_auto_exact; exact_name; Plant Ontology exact lexical match; requires curator acceptance	99	standardized_h5ad_obs;ontology_mapping_candidates;panel_label_freeze_v1	internal_source_record:not_publicly_portable:data/datasets/Bioinformatics/h5ad/Triticum aestivum_PRJCA012935.h5ad;internal_source_record:not_publicly_portable:workspace/projects/PhyloOpenCell/metadata/ontology_mapping_candidates.tsv;internal_source_record:not_publicly_portable:workspace/projects/PhyloOpenCell/metadata/panel_label_freeze_v1.tsv	6e492f55865fd1113dabe46f2a6c92d415ee2e6ed7e6d13b059e37affff3c0c8;e4a09d28939b9a165661f86d5a2f4fb0c1d33fea1c7465dcc7cf874f0a8238bc;78a020ef314246281f19dc5eec25dbb28c50c5c376ee9df5a6b5090a0ec7d321	complete standardized dataset-label count; no governed panel mapping	not_in_governed_panel_hierarchy
Triticum aestivum_PRJCA012935|Metaxylem|	Triticum aestivum_PRJCA012935	PRJCA012935	Triticum aestivum			cell_type_original	Metaxylem	PO:0000372				unmapped	candidate_auto_exact; exact_name; Plant Ontology exact lexical match; requires curator acceptance	224	standardized_h5ad_obs;ontology_mapping_candidates;panel_label_freeze_v1	internal_source_record:not_publicly_portable:data/datasets/Bioinformatics/h5ad/Triticum aestivum_PRJCA012935.h5ad;internal_source_record:not_publicly_portable:workspace/projects/PhyloOpenCell/metadata/ontology_mapping_candidates.tsv;internal_source_record:not_publicly_portable:workspace/projects/PhyloOpenCell/metadata/panel_label_freeze_v1.tsv	6e492f55865fd1113dabe46f2a6c92d415ee2e6ed7e6d13b059e37affff3c0c8;e4a09d28939b9a165661f86d5a2f4fb0c1d33fea1c7465dcc7cf874f0a8238bc;78a020ef314246281f19dc5eec25dbb28c50c5c376ee9df5a6b5090a0ec7d321	complete standardized dataset-label count; no governed panel mapping	not_in_governed_panel_hierarchy
Triticum aestivum_PRJCA012935|Pericycle cell|	Triticum aestivum_PRJCA012935	PRJCA012935	Triticum aestivum			cell_type_original	Pericycle cell	PO:0025261				unmapped	candidate_auto_exact; exact_name; Plant Ontology exact lexical match; requires curator acceptance	625	standardized_h5ad_obs;ontology_mapping_candidates;panel_label_freeze_v1	internal_source_record:not_publicly_portable:data/datasets/Bioinformatics/h5ad/Triticum aestivum_PRJCA012935.h5ad;internal_source_record:not_publicly_portable:workspace/projects/PhyloOpenCell/metadata/ontology_mapping_candidates.tsv;internal_source_record:not_publicly_portable:workspace/projects/PhyloOpenCell/metadata/panel_label_freeze_v1.tsv	6e492f55865fd1113dabe46f2a6c92d415ee2e6ed7e6d13b059e37affff3c0c8;e4a09d28939b9a165661f86d5a2f4fb0c1d33fea1c7465dcc7cf874f0a8238bc;78a020ef314246281f19dc5eec25dbb28c50c5c376ee9df5a6b5090a0ec7d321	complete standardized dataset-label count; no governed panel mapping	not_in_governed_panel_hierarchy
Triticum aestivum_PRJCA012935|Phloem pole pericycle cell|	Triticum aestivum_PRJCA012935	PRJCA012935	Triticum aestivum			cell_type_original	Phloem pole pericycle cell	PO:0000065				unmapped	candidate_auto_exact; exact_name; Plant Ontology exact lexical match; requires curator acceptance	273	standardized_h5ad_obs;ontology_mapping_candidates;panel_label_freeze_v1	internal_source_record:not_publicly_portable:data/datasets/Bioinformatics/h5ad/Triticum aestivum_PRJCA012935.h5ad;internal_source_record:not_publicly_portable:workspace/projects/PhyloOpenCell/metadata/ontology_mapping_candidates.tsv;internal_source_record:not_publicly_portable:workspace/projects/PhyloOpenCell/metadata/panel_label_freeze_v1.tsv	6e492f55865fd1113dabe46f2a6c92d415ee2e6ed7e6d13b059e37affff3c0c8;e4a09d28939b9a165661f86d5a2f4fb0c1d33fea1c7465dcc7cf874f0a8238bc;78a020ef314246281f19dc5eec25dbb28c50c5c376ee9df5a6b5090a0ec7d321	complete standardized dataset-label count; no governed panel mapping	not_in_governed_panel_hierarchy
Triticum aestivum_PRJCA012935|Protophloem|	Triticum aestivum_PRJCA012935	PRJCA012935	Triticum aestivum			cell_type_original	Protophloem	PO:0006077				unmapped	candidate_auto_exact; exact_name; Plant Ontology exact lexical match; requires curator acceptance	66	standardized_h5ad_obs;ontology_mapping_candidates;panel_label_freeze_v1	internal_source_record:not_publicly_portable:data/datasets/Bioinformatics/h5ad/Triticum aestivum_PRJCA012935.h5ad;internal_source_record:not_publicly_portable:workspace/projects/PhyloOpenCell/metadata/ontology_mapping_candidates.tsv;internal_source_record:not_publicly_portable:workspace/projects/PhyloOpenCell/metadata/panel_label_freeze_v1.tsv	6e492f55865fd1113dabe46f2a6c92d415ee2e6ed7e6d13b059e37affff3c0c8;e4a09d28939b9a165661f86d5a2f4fb0c1d33fea1c7465dcc7cf874f0a8238bc;78a020ef314246281f19dc5eec25dbb28c50c5c376ee9df5a6b5090a0ec7d321	complete standardized dataset-label count; no governed panel mapping	not_in_governed_panel_hierarchy
Triticum aestivum_PRJCA012935|Protoxylem|	Triticum aestivum_PRJCA012935	PRJCA012935	Triticum aestivum			cell_type_original	Protoxylem	PO:0000272				unmapped	candidate_auto_exact; exact_name; Plant Ontology exact lexical match; requires curator acceptance	154	standardized_h5ad_obs;ontology_mapping_candidates;panel_label_freeze_v1	internal_source_record:not_publicly_portable:data/datasets/Bioinformatics/h5ad/Triticum aestivum_PRJCA012935.h5ad;internal_source_record:not_publicly_portable:workspace/projects/PhyloOpenCell/metadata/ontology_mapping_candidates.tsv;internal_source_record:not_publicly_portable:workspace/projects/PhyloOpenCell/metadata/panel_label_freeze_v1.tsv	6e492f55865fd1113dabe46f2a6c92d415ee2e6ed7e6d13b059e37affff3c0c8;e4a09d28939b9a165661f86d5a2f4fb0c1d33fea1c7465dcc7cf874f0a8238bc;78a020ef314246281f19dc5eec25dbb28c50c5c376ee9df5a6b5090a0ec7d321	complete standardized dataset-label count; no governed panel mapping	not_in_governed_panel_hierarchy
Triticum aestivum_PRJCA012935|Proximal meristem|	Triticum aestivum_PRJCA012935	PRJCA012935	Triticum aestivum			cell_type_original	Proximal meristem					unmapped	pending_manual_curation; exact_synonym	220	standardized_h5ad_obs;ontology_mapping_candidates;panel_label_freeze_v1	internal_source_record:not_publicly_portable:data/datasets/Bioinformatics/h5ad/Triticum aestivum_PRJCA012935.h5ad;internal_source_record:not_publicly_portable:workspace/projects/PhyloOpenCell/metadata/ontology_mapping_candidates.tsv;internal_source_record:not_publicly_portable:workspace/projects/PhyloOpenCell/metadata/panel_label_freeze_v1.tsv	6e492f55865fd1113dabe46f2a6c92d415ee2e6ed7e6d13b059e37affff3c0c8;e4a09d28939b9a165661f86d5a2f4fb0c1d33fea1c7465dcc7cf874f0a8238bc;78a020ef314246281f19dc5eec25dbb28c50c5c376ee9df5a6b5090a0ec7d321	complete standardized dataset-label count; no governed panel mapping	not_in_governed_panel_hierarchy
Triticum aestivum_PRJCA012935|Root cap|	Triticum aestivum_PRJCA012935	PRJCA012935	Triticum aestivum			cell_type_original	Root cap	PO:0020123				unmapped	candidate_auto_exact; exact_name; Plant Ontology exact lexical match; requires curator acceptance	170	standardized_h5ad_obs;ontology_mapping_candidates;panel_label_freeze_v1	internal_source_record:not_publicly_portable:data/datasets/Bioinformatics/h5ad/Triticum aestivum_PRJCA012935.h5ad;internal_source_record:not_publicly_portable:workspace/projects/PhyloOpenCell/metadata/ontology_mapping_candidates.tsv;internal_source_record:not_publicly_portable:workspace/projects/PhyloOpenCell/metadata/panel_label_freeze_v1.tsv	6e492f55865fd1113dabe46f2a6c92d415ee2e6ed7e6d13b059e37affff3c0c8;e4a09d28939b9a165661f86d5a2f4fb0c1d33fea1c7465dcc7cf874f0a8238bc;78a020ef314246281f19dc5eec25dbb28c50c5c376ee9df5a6b5090a0ec7d321	complete standardized dataset-label count; no governed panel mapping	not_in_governed_panel_hierarchy
Triticum aestivum_PRJCA012935|Root endodermis|	Triticum aestivum_PRJCA012935	PRJCA012935	Triticum aestivum			cell_type_original	Root endodermis	PO:0005059				unmapped	candidate_auto_exact; exact_name; Plant Ontology exact lexical match; requires curator acceptance	311	standardized_h5ad_obs;ontology_mapping_candidates;panel_label_freeze_v1	internal_source_record:not_publicly_portable:data/datasets/Bioinformatics/h5ad/Triticum aestivum_PRJCA012935.h5ad;internal_source_record:not_publicly_portable:workspace/projects/PhyloOpenCell/metadata/ontology_mapping_candidates.tsv;internal_source_record:not_publicly_portable:workspace/projects/PhyloOpenCell/metadata/panel_label_freeze_v1.tsv	6e492f55865fd1113dabe46f2a6c92d415ee2e6ed7e6d13b059e37affff3c0c8;e4a09d28939b9a165661f86d5a2f4fb0c1d33fea1c7465dcc7cf874f0a8238bc;78a020ef314246281f19dc5eec25dbb28c50c5c376ee9df5a6b5090a0ec7d321	complete standardized dataset-label count; no governed panel mapping	not_in_governed_panel_hierarchy
Triticum aestivum_PRJCA012935|Root hair cell|	Triticum aestivum_PRJCA012935	PRJCA012935	Triticum aestivum			cell_type_original	Root hair cell	PO:0000256				unmapped	candidate_auto_exact; exact_name; Plant Ontology exact lexical match; requires curator acceptance	397	standardized_h5ad_obs;ontology_mapping_candidates;panel_label_freeze_v1	internal_source_record:not_publicly_portable:data/datasets/Bioinformatics/h5ad/Triticum aestivum_PRJCA012935.h5ad;internal_source_record:not_publicly_portable:workspace/projects/PhyloOpenCell/metadata/ontology_mapping_candidates.tsv;internal_source_record:not_publicly_portable:workspace/projects/PhyloOpenCell/metadata/panel_label_freeze_v1.tsv	6e492f55865fd1113dabe46f2a6c92d415ee2e6ed7e6d13b059e37affff3c0c8;e4a09d28939b9a165661f86d5a2f4fb0c1d33fea1c7465dcc7cf874f0a8238bc;78a020ef314246281f19dc5eec25dbb28c50c5c376ee9df5a6b5090a0ec7d321	complete standardized dataset-label count; no governed panel mapping	not_in_governed_panel_hierarchy
Triticum aestivum_PRJCA012935|Root system ground meristem|	Triticum aestivum_PRJCA012935	PRJCA012935	Triticum aestivum			cell_type_original	Root system ground meristem	PO:0025596				unmapped	candidate_auto_exact; exact_name; Plant Ontology exact lexical match; requires curator acceptance	1079	standardized_h5ad_obs;ontology_mapping_candidates;panel_label_freeze_v1	internal_source_record:not_publicly_portable:data/datasets/Bioinformatics/h5ad/Triticum aestivum_PRJCA012935.h5ad;internal_source_record:not_publicly_portable:workspace/projects/PhyloOpenCell/metadata/ontology_mapping_candidates.tsv;internal_source_record:not_publicly_portable:workspace/projects/PhyloOpenCell/metadata/panel_label_freeze_v1.tsv	6e492f55865fd1113dabe46f2a6c92d415ee2e6ed7e6d13b059e37affff3c0c8;e4a09d28939b9a165661f86d5a2f4fb0c1d33fea1c7465dcc7cf874f0a8238bc;78a020ef314246281f19dc5eec25dbb28c50c5c376ee9df5a6b5090a0ec7d321	complete standardized dataset-label count; no governed panel mapping	not_in_governed_panel_hierarchy
Triticum aestivum_PRJCA012935|Root vascular system|	Triticum aestivum_PRJCA012935	PRJCA012935	Triticum aestivum			cell_type_original	Root vascular system	PO:0003011				unmapped	candidate_auto_exact; exact_name; Plant Ontology exact lexical match; requires curator acceptance	397	standardized_h5ad_obs;ontology_mapping_candidates;panel_label_freeze_v1	internal_source_record:not_publicly_portable:data/datasets/Bioinformatics/h5ad/Triticum aestivum_PRJCA012935.h5ad;internal_source_record:not_publicly_portable:workspace/projects/PhyloOpenCell/metadata/ontology_mapping_candidates.tsv;internal_source_record:not_publicly_portable:workspace/projects/PhyloOpenCell/metadata/panel_label_freeze_v1.tsv	6e492f55865fd1113dabe46f2a6c92d415ee2e6ed7e6d13b059e37affff3c0c8;e4a09d28939b9a165661f86d5a2f4fb0c1d33fea1c7465dcc7cf874f0a8238bc;78a020ef314246281f19dc5eec25dbb28c50c5c376ee9df5a6b5090a0ec7d321	complete standardized dataset-label count; no governed panel mapping	not_in_governed_panel_hierarchy
Triticum aestivum_PRJCA012935|Sieve element|	Triticum aestivum_PRJCA012935	PRJCA012935	Triticum aestivum			cell_type_original	Sieve element	PO:0025406				unmapped	candidate_auto_exact; exact_name; Plant Ontology exact lexical match; requires curator acceptance	183	standardized_h5ad_obs;ontology_mapping_candidates;panel_label_freeze_v1	internal_source_record:not_publicly_portable:data/datasets/Bioinformatics/h5ad/Triticum aestivum_PRJCA012935.h5ad;internal_source_record:not_publicly_portable:workspace/projects/PhyloOpenCell/metadata/ontology_mapping_candidates.tsv;internal_source_record:not_publicly_portable:workspace/projects/PhyloOpenCell/metadata/panel_label_freeze_v1.tsv	6e492f55865fd1113dabe46f2a6c92d415ee2e6ed7e6d13b059e37affff3c0c8;e4a09d28939b9a165661f86d5a2f4fb0c1d33fea1c7465dcc7cf874f0a8238bc;78a020ef314246281f19dc5eec25dbb28c50c5c376ee9df5a6b5090a0ec7d321	complete standardized dataset-label count; no governed panel mapping	not_in_governed_panel_hierarchy
Triticum aestivum_PRJCA012935|Stem cell niche|	Triticum aestivum_PRJCA012935	PRJCA012935	Triticum aestivum			cell_type_original	Stem cell niche					unmapped	pending_manual_curation; exact_synonym	102	standardized_h5ad_obs;ontology_mapping_candidates;panel_label_freeze_v1	internal_source_record:not_publicly_portable:data/datasets/Bioinformatics/h5ad/Triticum aestivum_PRJCA012935.h5ad;internal_source_record:not_publicly_portable:workspace/projects/PhyloOpenCell/metadata/ontology_mapping_candidates.tsv;internal_source_record:not_publicly_portable:workspace/projects/PhyloOpenCell/metadata/panel_label_freeze_v1.tsv	6e492f55865fd1113dabe46f2a6c92d415ee2e6ed7e6d13b059e37affff3c0c8;e4a09d28939b9a165661f86d5a2f4fb0c1d33fea1c7465dcc7cf874f0a8238bc;78a020ef314246281f19dc5eec25dbb28c50c5c376ee9df5a6b5090a0ec7d321	complete standardized dataset-label count; no governed panel mapping	not_in_governed_panel_hierarchy
Triticum aestivum_PRJCA012935|Unknown|	Triticum aestivum_PRJCA012935	PRJCA012935	Triticum aestivum			cell_type_original	Unknown					unknown	excluded_unknown	2310	standardized_h5ad_obs;ontology_mapping_candidates;panel_label_freeze_v1	internal_source_record:not_publicly_portable:data/datasets/Bioinformatics/h5ad/Triticum aestivum_PRJCA012935.h5ad;internal_source_record:not_publicly_portable:workspace/projects/PhyloOpenCell/metadata/ontology_mapping_candidates.tsv;internal_source_record:not_publicly_portable:workspace/projects/PhyloOpenCell/metadata/panel_label_freeze_v1.tsv	6e492f55865fd1113dabe46f2a6c92d415ee2e6ed7e6d13b059e37affff3c0c8;e4a09d28939b9a165661f86d5a2f4fb0c1d33fea1c7465dcc7cf874f0a8238bc;78a020ef314246281f19dc5eec25dbb28c50c5c376ee9df5a6b5090a0ec7d321	complete standardized dataset-label count; no governed panel mapping	
Triticum aestivum_PRJCA012935|Xylem pole pericycle cell|	Triticum aestivum_PRJCA012935	PRJCA012935	Triticum aestivum			cell_type_original	Xylem pole pericycle cell	PO:0000064				unmapped	candidate_auto_exact; exact_name; Plant Ontology exact lexical match; requires curator acceptance	506	standardized_h5ad_obs;ontology_mapping_candidates;panel_label_freeze_v1	internal_source_record:not_publicly_portable:data/datasets/Bioinformatics/h5ad/Triticum aestivum_PRJCA012935.h5ad;internal_source_record:not_publicly_portable:workspace/projects/PhyloOpenCell/metadata/ontology_mapping_candidates.tsv;internal_source_record:not_publicly_portable:workspace/projects/PhyloOpenCell/metadata/panel_label_freeze_v1.tsv	6e492f55865fd1113dabe46f2a6c92d415ee2e6ed7e6d13b059e37affff3c0c8;e4a09d28939b9a165661f86d5a2f4fb0c1d33fea1c7465dcc7cf874f0a8238bc;78a020ef314246281f19dc5eec25dbb28c50c5c376ee9df5a6b5090a0ec7d321	complete standardized dataset-label count; no governed panel mapping	not_in_governed_panel_hierarchy
Wolffia australiana_PRJNA809022|Flower|	Wolffia australiana_PRJNA809022	PRJNA809022	Wolffia australiana			cell_type_original	Flower	PO:0009046				unmapped	candidate_auto_exact; exact_name; Plant Ontology exact lexical match; requires curator acceptance	4084	standardized_h5ad_obs;ontology_mapping_candidates;panel_label_freeze_v1	internal_source_record:not_publicly_portable:data/datasets/Bioinformatics/h5ad/Wolffia australiana_PRJNA809022.h5ad;internal_source_record:not_publicly_portable:workspace/projects/PhyloOpenCell/metadata/ontology_mapping_candidates.tsv;internal_source_record:not_publicly_portable:workspace/projects/PhyloOpenCell/metadata/panel_label_freeze_v1.tsv	d6c1d6e19433ad7e6cf960fb4ab617b813c1a9361eb207c256020ccc00e3d2eb;e4a09d28939b9a165661f86d5a2f4fb0c1d33fea1c7465dcc7cf874f0a8238bc;78a020ef314246281f19dc5eec25dbb28c50c5c376ee9df5a6b5090a0ec7d321	complete standardized dataset-label count; no governed panel mapping	not_in_governed_panel_hierarchy
Wolffia australiana_PRJNA809022|Petal|	Wolffia australiana_PRJNA809022	PRJNA809022	Wolffia australiana			cell_type_original	Petal	PO:0009032				unmapped	candidate_auto_exact; exact_name; Plant Ontology exact lexical match; requires curator acceptance	4102	standardized_h5ad_obs;ontology_mapping_candidates;panel_label_freeze_v1	internal_source_record:not_publicly_portable:data/datasets/Bioinformatics/h5ad/Wolffia australiana_PRJNA809022.h5ad;internal_source_record:not_publicly_portable:workspace/projects/PhyloOpenCell/metadata/ontology_mapping_candidates.tsv;internal_source_record:not_publicly_portable:workspace/projects/PhyloOpenCell/metadata/panel_label_freeze_v1.tsv	d6c1d6e19433ad7e6cf960fb4ab617b813c1a9361eb207c256020ccc00e3d2eb;e4a09d28939b9a165661f86d5a2f4fb0c1d33fea1c7465dcc7cf874f0a8238bc;78a020ef314246281f19dc5eec25dbb28c50c5c376ee9df5a6b5090a0ec7d321	complete standardized dataset-label count; no governed panel mapping	not_in_governed_panel_hierarchy
Wolffia australiana_PRJNA809022|Root|	Wolffia australiana_PRJNA809022	PRJNA809022	Wolffia australiana			cell_type_original	Root	PO:0009005				unmapped	candidate_auto_exact; exact_name; Plant Ontology exact lexical match; requires curator acceptance	7465	standardized_h5ad_obs;ontology_mapping_candidates;panel_label_freeze_v1	internal_source_record:not_publicly_portable:data/datasets/Bioinformatics/h5ad/Wolffia australiana_PRJNA809022.h5ad;internal_source_record:not_publicly_portable:workspace/projects/PhyloOpenCell/metadata/ontology_mapping_candidates.tsv;internal_source_record:not_publicly_portable:workspace/projects/PhyloOpenCell/metadata/panel_label_freeze_v1.tsv	d6c1d6e19433ad7e6cf960fb4ab617b813c1a9361eb207c256020ccc00e3d2eb;e4a09d28939b9a165661f86d5a2f4fb0c1d33fea1c7465dcc7cf874f0a8238bc;78a020ef314246281f19dc5eec25dbb28c50c5c376ee9df5a6b5090a0ec7d321	complete standardized dataset-label count; no governed panel mapping	not_in_governed_panel_hierarchy
Wolffia australiana_PRJNA809022|Seed|	Wolffia australiana_PRJNA809022	PRJNA809022	Wolffia australiana			cell_type_original	Seed	PO:0009010				unmapped	candidate_auto_exact; exact_name; Plant Ontology exact lexical match; requires curator acceptance	9486	standardized_h5ad_obs;ontology_mapping_candidates;panel_label_freeze_v1	internal_source_record:not_publicly_portable:data/datasets/Bioinformatics/h5ad/Wolffia australiana_PRJNA809022.h5ad;internal_source_record:not_publicly_portable:workspace/projects/PhyloOpenCell/metadata/ontology_mapping_candidates.tsv;internal_source_record:not_publicly_portable:workspace/projects/PhyloOpenCell/metadata/panel_label_freeze_v1.tsv	d6c1d6e19433ad7e6cf960fb4ab617b813c1a9361eb207c256020ccc00e3d2eb;e4a09d28939b9a165661f86d5a2f4fb0c1d33fea1c7465dcc7cf874f0a8238bc;78a020ef314246281f19dc5eec25dbb28c50c5c376ee9df5a6b5090a0ec7d321	complete standardized dataset-label count; no governed panel mapping	not_in_governed_panel_hierarchy
Wolffia australiana_PRJNA809022|Unknown|	Wolffia australiana_PRJNA809022	PRJNA809022	Wolffia australiana			cell_type_original	Unknown					unknown	excluded_unknown	8921	standardized_h5ad_obs;ontology_mapping_candidates;panel_label_freeze_v1	internal_source_record:not_publicly_portable:data/datasets/Bioinformatics/h5ad/Wolffia australiana_PRJNA809022.h5ad;internal_source_record:not_publicly_portable:workspace/projects/PhyloOpenCell/metadata/ontology_mapping_candidates.tsv;internal_source_record:not_publicly_portable:workspace/projects/PhyloOpenCell/metadata/panel_label_freeze_v1.tsv	d6c1d6e19433ad7e6cf960fb4ab617b813c1a9361eb207c256020ccc00e3d2eb;e4a09d28939b9a165661f86d5a2f4fb0c1d33fea1c7465dcc7cf874f0a8238bc;78a020ef314246281f19dc5eec25dbb28c50c5c376ee9df5a6b5090a0ec7d321	complete standardized dataset-label count; no governed panel mapping	
Zea mays_PRJCA020760|Bundle sheath cell|	Zea mays_PRJCA020760	PRJCA020760	Zea mays			cell_type_original	Bundle sheath cell	PO:0025541				unmapped	candidate_auto_exact; exact_name; Plant Ontology exact lexical match; requires curator acceptance	380	standardized_h5ad_obs;ontology_mapping_candidates;panel_label_freeze_v1	internal_source_record:not_publicly_portable:data/datasets/Bioinformatics/h5ad/Zea mays_PRJCA020760.h5ad;internal_source_record:not_publicly_portable:workspace/projects/PhyloOpenCell/metadata/ontology_mapping_candidates.tsv;internal_source_record:not_publicly_portable:workspace/projects/PhyloOpenCell/metadata/panel_label_freeze_v1.tsv	3db7b8e7c161c9057a2f53a8c7d002a8bc39780c90dfb1977add7648d48f1b63;e4a09d28939b9a165661f86d5a2f4fb0c1d33fea1c7465dcc7cf874f0a8238bc;78a020ef314246281f19dc5eec25dbb28c50c5c376ee9df5a6b5090a0ec7d321	complete standardized dataset-label count; no governed panel mapping	not_in_governed_panel_hierarchy
Zea mays_PRJCA020760|Leaf pavement cell|	Zea mays_PRJCA020760	PRJCA020760	Zea mays			cell_type_original	Leaf pavement cell	PO:0025212				unmapped	candidate_auto_exact; exact_name; Plant Ontology exact lexical match; requires curator acceptance	314	standardized_h5ad_obs;ontology_mapping_candidates;panel_label_freeze_v1	internal_source_record:not_publicly_portable:data/datasets/Bioinformatics/h5ad/Zea mays_PRJCA020760.h5ad;internal_source_record:not_publicly_portable:workspace/projects/PhyloOpenCell/metadata/ontology_mapping_candidates.tsv;internal_source_record:not_publicly_portable:workspace/projects/PhyloOpenCell/metadata/panel_label_freeze_v1.tsv	3db7b8e7c161c9057a2f53a8c7d002a8bc39780c90dfb1977add7648d48f1b63;e4a09d28939b9a165661f86d5a2f4fb0c1d33fea1c7465dcc7cf874f0a8238bc;78a020ef314246281f19dc5eec25dbb28c50c5c376ee9df5a6b5090a0ec7d321	complete standardized dataset-label count; no governed panel mapping	not_in_governed_panel_hierarchy
Zea mays_PRJCA020760|Subsidiary cell|	Zea mays_PRJCA020760	PRJCA020760	Zea mays			cell_type_original	Subsidiary cell	PO:0000284				unmapped	candidate_auto_exact; exact_name; Plant Ontology exact lexical match; requires curator acceptance	19	standardized_h5ad_obs;ontology_mapping_candidates;panel_label_freeze_v1	internal_source_record:not_publicly_portable:data/datasets/Bioinformatics/h5ad/Zea mays_PRJCA020760.h5ad;internal_source_record:not_publicly_portable:workspace/projects/PhyloOpenCell/metadata/ontology_mapping_candidates.tsv;internal_source_record:not_publicly_portable:workspace/projects/PhyloOpenCell/metadata/panel_label_freeze_v1.tsv	3db7b8e7c161c9057a2f53a8c7d002a8bc39780c90dfb1977add7648d48f1b63;e4a09d28939b9a165661f86d5a2f4fb0c1d33fea1c7465dcc7cf874f0a8238bc;78a020ef314246281f19dc5eec25dbb28c50c5c376ee9df5a6b5090a0ec7d321	complete standardized dataset-label count; no governed panel mapping	not_in_governed_panel_hierarchy
Zea mays_PRJCA020760|Unknown|	Zea mays_PRJCA020760	PRJCA020760	Zea mays			cell_type_original	Unknown					unknown	excluded_unknown	6683	standardized_h5ad_obs;ontology_mapping_candidates;panel_label_freeze_v1	internal_source_record:not_publicly_portable:data/datasets/Bioinformatics/h5ad/Zea mays_PRJCA020760.h5ad;internal_source_record:not_publicly_portable:workspace/projects/PhyloOpenCell/metadata/ontology_mapping_candidates.tsv;internal_source_record:not_publicly_portable:workspace/projects/PhyloOpenCell/metadata/panel_label_freeze_v1.tsv	3db7b8e7c161c9057a2f53a8c7d002a8bc39780c90dfb1977add7648d48f1b63;e4a09d28939b9a165661f86d5a2f4fb0c1d33fea1c7465dcc7cf874f0a8238bc;78a020ef314246281f19dc5eec25dbb28c50c5c376ee9df5a6b5090a0ec7d321	complete standardized dataset-label count; no governed panel mapping	
Zea mays_PRJNA454730|Early stele|	Zea mays_PRJNA454730	PRJNA454730	Zea mays			cell_type_original	Early stele					unmapped	pending_manual_curation; exact_synonym	1101	standardized_h5ad_obs;ontology_mapping_candidates;panel_label_freeze_v1	internal_source_record:not_publicly_portable:data/datasets/Bioinformatics/h5ad/Zea mays_PRJNA454730.h5ad;internal_source_record:not_publicly_portable:workspace/projects/PhyloOpenCell/metadata/ontology_mapping_candidates.tsv;internal_source_record:not_publicly_portable:workspace/projects/PhyloOpenCell/metadata/panel_label_freeze_v1.tsv	29615509279024c322460e95444d08d889f6cffec0f6a243a36db94cd13b3b3e;e4a09d28939b9a165661f86d5a2f4fb0c1d33fea1c7465dcc7cf874f0a8238bc;78a020ef314246281f19dc5eec25dbb28c50c5c376ee9df5a6b5090a0ec7d321	complete standardized dataset-label count; no governed panel mapping	not_in_governed_panel_hierarchy
Zea mays_PRJNA454730|Mature endodermis|	Zea mays_PRJNA454730	PRJNA454730	Zea mays			cell_type_original	Mature endodermis					unmapped	pending_manual_curation; exact_synonym	706	standardized_h5ad_obs;ontology_mapping_candidates;panel_label_freeze_v1	internal_source_record:not_publicly_portable:data/datasets/Bioinformatics/h5ad/Zea mays_PRJNA454730.h5ad;internal_source_record:not_publicly_portable:workspace/projects/PhyloOpenCell/metadata/ontology_mapping_candidates.tsv;internal_source_record:not_publicly_portable:workspace/projects/PhyloOpenCell/metadata/panel_label_freeze_v1.tsv	29615509279024c322460e95444d08d889f6cffec0f6a243a36db94cd13b3b3e;e4a09d28939b9a165661f86d5a2f4fb0c1d33fea1c7465dcc7cf874f0a8238bc;78a020ef314246281f19dc5eec25dbb28c50c5c376ee9df5a6b5090a0ec7d321	complete standardized dataset-label count; no governed panel mapping	not_in_governed_panel_hierarchy
Zea mays_PRJNA454730|Mature stele|	Zea mays_PRJNA454730	PRJNA454730	Zea mays			cell_type_original	Mature stele					unmapped	pending_manual_curation; exact_synonym	1446	standardized_h5ad_obs;ontology_mapping_candidates;panel_label_freeze_v1	internal_source_record:not_publicly_portable:data/datasets/Bioinformatics/h5ad/Zea mays_PRJNA454730.h5ad;internal_source_record:not_publicly_portable:workspace/projects/PhyloOpenCell/metadata/ontology_mapping_candidates.tsv;internal_source_record:not_publicly_portable:workspace/projects/PhyloOpenCell/metadata/panel_label_freeze_v1.tsv	29615509279024c322460e95444d08d889f6cffec0f6a243a36db94cd13b3b3e;e4a09d28939b9a165661f86d5a2f4fb0c1d33fea1c7465dcc7cf874f0a8238bc;78a020ef314246281f19dc5eec25dbb28c50c5c376ee9df5a6b5090a0ec7d321	complete standardized dataset-label count; no governed panel mapping	not_in_governed_panel_hierarchy
Zea mays_PRJNA454730|Phloem|	Zea mays_PRJNA454730	PRJNA454730	Zea mays			cell_type_original	Phloem	PO:0005417				unmapped	candidate_auto_exact; exact_name; Plant Ontology exact lexical match; requires curator acceptance	1668	standardized_h5ad_obs;ontology_mapping_candidates;panel_label_freeze_v1	internal_source_record:not_publicly_portable:data/datasets/Bioinformatics/h5ad/Zea mays_PRJNA454730.h5ad;internal_source_record:not_publicly_portable:workspace/projects/PhyloOpenCell/metadata/ontology_mapping_candidates.tsv;internal_source_record:not_publicly_portable:workspace/projects/PhyloOpenCell/metadata/panel_label_freeze_v1.tsv	29615509279024c322460e95444d08d889f6cffec0f6a243a36db94cd13b3b3e;e4a09d28939b9a165661f86d5a2f4fb0c1d33fea1c7465dcc7cf874f0a8238bc;78a020ef314246281f19dc5eec25dbb28c50c5c376ee9df5a6b5090a0ec7d321	complete standardized dataset-label count; no governed panel mapping	not_in_governed_panel_hierarchy
Zea mays_PRJNA454730|Root cortex|	Zea mays_PRJNA454730	PRJNA454730	Zea mays			cell_type_original	Root cortex	PO:0000258				unmapped	candidate_auto_exact; exact_name; Plant Ontology exact lexical match; requires curator acceptance	2966	standardized_h5ad_obs;ontology_mapping_candidates;panel_label_freeze_v1	internal_source_record:not_publicly_portable:data/datasets/Bioinformatics/h5ad/Zea mays_PRJNA454730.h5ad;internal_source_record:not_publicly_portable:workspace/projects/PhyloOpenCell/metadata/ontology_mapping_candidates.tsv;internal_source_record:not_publicly_portable:workspace/projects/PhyloOpenCell/metadata/panel_label_freeze_v1.tsv	29615509279024c322460e95444d08d889f6cffec0f6a243a36db94cd13b3b3e;e4a09d28939b9a165661f86d5a2f4fb0c1d33fea1c7465dcc7cf874f0a8238bc;78a020ef314246281f19dc5eec25dbb28c50c5c376ee9df5a6b5090a0ec7d321	complete standardized dataset-label count; no governed panel mapping	not_in_governed_panel_hierarchy
Zea mays_PRJNA454730|Root epidermis|	Zea mays_PRJNA454730	PRJNA454730	Zea mays			cell_type_original	Root epidermis	PO:0006036				unmapped	candidate_auto_exact; exact_name; Plant Ontology exact lexical match; requires curator acceptance	280	standardized_h5ad_obs;ontology_mapping_candidates;panel_label_freeze_v1	internal_source_record:not_publicly_portable:data/datasets/Bioinformatics/h5ad/Zea mays_PRJNA454730.h5ad;internal_source_record:not_publicly_portable:workspace/projects/PhyloOpenCell/metadata/ontology_mapping_candidates.tsv;internal_source_record:not_publicly_portable:workspace/projects/PhyloOpenCell/metadata/panel_label_freeze_v1.tsv	29615509279024c322460e95444d08d889f6cffec0f6a243a36db94cd13b3b3e;e4a09d28939b9a165661f86d5a2f4fb0c1d33fea1c7465dcc7cf874f0a8238bc;78a020ef314246281f19dc5eec25dbb28c50c5c376ee9df5a6b5090a0ec7d321	complete standardized dataset-label count; no governed panel mapping	not_in_governed_panel_hierarchy
Zea mays_PRJNA454730|Root pith|	Zea mays_PRJNA454730	PRJNA454730	Zea mays			cell_type_original	Root pith	PO:0005040				unmapped	candidate_auto_exact; exact_name; Plant Ontology exact lexical match; requires curator acceptance	547	standardized_h5ad_obs;ontology_mapping_candidates;panel_label_freeze_v1	internal_source_record:not_publicly_portable:data/datasets/Bioinformatics/h5ad/Zea mays_PRJNA454730.h5ad;internal_source_record:not_publicly_portable:workspace/projects/PhyloOpenCell/metadata/ontology_mapping_candidates.tsv;internal_source_record:not_publicly_portable:workspace/projects/PhyloOpenCell/metadata/panel_label_freeze_v1.tsv	29615509279024c322460e95444d08d889f6cffec0f6a243a36db94cd13b3b3e;e4a09d28939b9a165661f86d5a2f4fb0c1d33fea1c7465dcc7cf874f0a8238bc;78a020ef314246281f19dc5eec25dbb28c50c5c376ee9df5a6b5090a0ec7d321	complete standardized dataset-label count; no governed panel mapping	not_in_governed_panel_hierarchy
Zea mays_PRJNA454730|Root stele|	Zea mays_PRJNA454730	PRJNA454730	Zea mays			cell_type_original	Root stele	PO:0020124				unmapped	candidate_auto_exact; exact_name; Plant Ontology exact lexical match; requires curator acceptance	1541	standardized_h5ad_obs;ontology_mapping_candidates;panel_label_freeze_v1	internal_source_record:not_publicly_portable:data/datasets/Bioinformatics/h5ad/Zea mays_PRJNA454730.h5ad;internal_source_record:not_publicly_portable:workspace/projects/PhyloOpenCell/metadata/ontology_mapping_candidates.tsv;internal_source_record:not_publicly_portable:workspace/projects/PhyloOpenCell/metadata/panel_label_freeze_v1.tsv	29615509279024c322460e95444d08d889f6cffec0f6a243a36db94cd13b3b3e;e4a09d28939b9a165661f86d5a2f4fb0c1d33fea1c7465dcc7cf874f0a8238bc;78a020ef314246281f19dc5eec25dbb28c50c5c376ee9df5a6b5090a0ec7d321	complete standardized dataset-label count; no governed panel mapping	not_in_governed_panel_hierarchy
Zea mays_PRJNA454730|Unknown|	Zea mays_PRJNA454730	PRJNA454730	Zea mays			cell_type_original	Unknown					unknown	excluded_unknown	331	standardized_h5ad_obs;ontology_mapping_candidates;panel_label_freeze_v1	internal_source_record:not_publicly_portable:data/datasets/Bioinformatics/h5ad/Zea mays_PRJNA454730.h5ad;internal_source_record:not_publicly_portable:workspace/projects/PhyloOpenCell/metadata/ontology_mapping_candidates.tsv;internal_source_record:not_publicly_portable:workspace/projects/PhyloOpenCell/metadata/panel_label_freeze_v1.tsv	29615509279024c322460e95444d08d889f6cffec0f6a243a36db94cd13b3b3e;e4a09d28939b9a165661f86d5a2f4fb0c1d33fea1c7465dcc7cf874f0a8238bc;78a020ef314246281f19dc5eec25dbb28c50c5c376ee9df5a6b5090a0ec7d321	complete standardized dataset-label count; no governed panel mapping	
Zea mays_PRJNA454730|Xylem|	Zea mays_PRJNA454730	PRJNA454730	Zea mays			cell_type_original	Xylem	PO:0005352				unmapped	candidate_auto_exact; exact_name; Plant Ontology exact lexical match; requires curator acceptance	208	standardized_h5ad_obs;ontology_mapping_candidates;panel_label_freeze_v1	internal_source_record:not_publicly_portable:data/datasets/Bioinformatics/h5ad/Zea mays_PRJNA454730.h5ad;internal_source_record:not_publicly_portable:workspace/projects/PhyloOpenCell/metadata/ontology_mapping_candidates.tsv;internal_source_record:not_publicly_portable:workspace/projects/PhyloOpenCell/metadata/panel_label_freeze_v1.tsv	29615509279024c322460e95444d08d889f6cffec0f6a243a36db94cd13b3b3e;e4a09d28939b9a165661f86d5a2f4fb0c1d33fea1c7465dcc7cf874f0a8238bc;78a020ef314246281f19dc5eec25dbb28c50c5c376ee9df5a6b5090a0ec7d321	complete standardized dataset-label count; no governed panel mapping	not_in_governed_panel_hierarchy
Zea mays_PRJNA576240|Bundle sheath cell|	Zea mays_PRJNA576240	PRJNA576240	Zea mays			cell_type_original	Bundle sheath cell	PO:0025541				unmapped	candidate_auto_exact; exact_name; Plant Ontology exact lexical match; requires curator acceptance	35	standardized_h5ad_obs;ontology_mapping_candidates;panel_label_freeze_v1	internal_source_record:not_publicly_portable:data/datasets/Bioinformatics/h5ad/Zea mays_PRJNA576240.h5ad;internal_source_record:not_publicly_portable:workspace/projects/PhyloOpenCell/metadata/ontology_mapping_candidates.tsv;internal_source_record:not_publicly_portable:workspace/projects/PhyloOpenCell/metadata/panel_label_freeze_v1.tsv	d3234fdf45e1cc7ad29638f10fe6c7ab092987191d7b2e1121c9b34ebd373d02;e4a09d28939b9a165661f86d5a2f4fb0c1d33fea1c7465dcc7cf874f0a8238bc;78a020ef314246281f19dc5eec25dbb28c50c5c376ee9df5a6b5090a0ec7d321	complete standardized dataset-label count; no governed panel mapping	not_in_governed_panel_hierarchy
Zea mays_PRJNA576240|Mesophyll cell|	Zea mays_PRJNA576240	PRJNA576240	Zea mays			cell_type_original	Mesophyll cell	PO:0004006				unmapped	candidate_auto_exact; exact_name; Plant Ontology exact lexical match; requires curator acceptance	7184	standardized_h5ad_obs;ontology_mapping_candidates;panel_label_freeze_v1	internal_source_record:not_publicly_portable:data/datasets/Bioinformatics/h5ad/Zea mays_PRJNA576240.h5ad;internal_source_record:not_publicly_portable:workspace/projects/PhyloOpenCell/metadata/ontology_mapping_candidates.tsv;internal_source_record:not_publicly_portable:workspace/projects/PhyloOpenCell/metadata/panel_label_freeze_v1.tsv	d3234fdf45e1cc7ad29638f10fe6c7ab092987191d7b2e1121c9b34ebd373d02;e4a09d28939b9a165661f86d5a2f4fb0c1d33fea1c7465dcc7cf874f0a8238bc;78a020ef314246281f19dc5eec25dbb28c50c5c376ee9df5a6b5090a0ec7d321	complete standardized dataset-label count; no governed panel mapping	not_in_governed_panel_hierarchy
Zea mays_PRJNA576240|Unknown|	Zea mays_PRJNA576240	PRJNA576240	Zea mays			cell_type_original	Unknown					unknown	excluded_unknown	53	standardized_h5ad_obs;ontology_mapping_candidates;panel_label_freeze_v1	internal_source_record:not_publicly_portable:data/datasets/Bioinformatics/h5ad/Zea mays_PRJNA576240.h5ad;internal_source_record:not_publicly_portable:workspace/projects/PhyloOpenCell/metadata/ontology_mapping_candidates.tsv;internal_source_record:not_publicly_portable:workspace/projects/PhyloOpenCell/metadata/panel_label_freeze_v1.tsv	d3234fdf45e1cc7ad29638f10fe6c7ab092987191d7b2e1121c9b34ebd373d02;e4a09d28939b9a165661f86d5a2f4fb0c1d33fea1c7465dcc7cf874f0a8238bc;78a020ef314246281f19dc5eec25dbb28c50c5c376ee9df5a6b5090a0ec7d321	complete standardized dataset-label count; no governed panel mapping	
Zea mays_PRJNA646989_PRJNA646996_PRJNA647001|Adaxial meristem periphery|	Zea mays_PRJNA646989_PRJNA646996_PRJNA647001	PRJNA646989	Zea mays			cell_type_original	Adaxial meristem periphery					unmapped	pending_manual_curation; exact_synonym	247	standardized_h5ad_obs;ontology_mapping_candidates;panel_label_freeze_v1	internal_source_record:not_publicly_portable:data/datasets/Bioinformatics/h5ad/Zea mays_PRJNA646989_PRJNA646996_PRJNA647001.h5ad;internal_source_record:not_publicly_portable:workspace/projects/PhyloOpenCell/metadata/ontology_mapping_candidates.tsv;internal_source_record:not_publicly_portable:workspace/projects/PhyloOpenCell/metadata/panel_label_freeze_v1.tsv	e2c0946ea5b607118be6f4e8e2a32d2095d36434c70f1be625c198c16cfb77a0;e4a09d28939b9a165661f86d5a2f4fb0c1d33fea1c7465dcc7cf874f0a8238bc;78a020ef314246281f19dc5eec25dbb28c50c5c376ee9df5a6b5090a0ec7d321	complete standardized dataset-label count; no governed panel mapping	not_in_governed_panel_hierarchy
Zea mays_PRJNA646989_PRJNA646996_PRJNA647001|Bundle sheath cell|	Zea mays_PRJNA646989_PRJNA646996_PRJNA647001	PRJNA646989	Zea mays			cell_type_original	Bundle sheath cell	PO:0025541				unmapped	candidate_auto_exact; exact_name; Plant Ontology exact lexical match; requires curator acceptance	1672	standardized_h5ad_obs;ontology_mapping_candidates;panel_label_freeze_v1	internal_source_record:not_publicly_portable:data/datasets/Bioinformatics/h5ad/Zea mays_PRJNA646989_PRJNA646996_PRJNA647001.h5ad;internal_source_record:not_publicly_portable:workspace/projects/PhyloOpenCell/metadata/ontology_mapping_candidates.tsv;internal_source_record:not_publicly_portable:workspace/projects/PhyloOpenCell/metadata/panel_label_freeze_v1.tsv	e2c0946ea5b607118be6f4e8e2a32d2095d36434c70f1be625c198c16cfb77a0;e4a09d28939b9a165661f86d5a2f4fb0c1d33fea1c7465dcc7cf874f0a8238bc;78a020ef314246281f19dc5eec25dbb28c50c5c376ee9df5a6b5090a0ec7d321	complete standardized dataset-label count; no governed panel mapping	not_in_governed_panel_hierarchy
Zea mays_PRJNA646989_PRJNA646996_PRJNA647001|Determinate lateral organ|	Zea mays_PRJNA646989_PRJNA646996_PRJNA647001	PRJNA646989	Zea mays			cell_type_original	Determinate lateral organ					unmapped	pending_manual_curation; exact_synonym	913	standardized_h5ad_obs;ontology_mapping_candidates;panel_label_freeze_v1	internal_source_record:not_publicly_portable:data/datasets/Bioinformatics/h5ad/Zea mays_PRJNA646989_PRJNA646996_PRJNA647001.h5ad;internal_source_record:not_publicly_portable:workspace/projects/PhyloOpenCell/metadata/ontology_mapping_candidates.tsv;internal_source_record:not_publicly_portable:workspace/projects/PhyloOpenCell/metadata/panel_label_freeze_v1.tsv	e2c0946ea5b607118be6f4e8e2a32d2095d36434c70f1be625c198c16cfb77a0;e4a09d28939b9a165661f86d5a2f4fb0c1d33fea1c7465dcc7cf874f0a8238bc;78a020ef314246281f19dc5eec25dbb28c50c5c376ee9df5a6b5090a0ec7d321	complete standardized dataset-label count; no governed panel mapping	not_in_governed_panel_hierarchy
Zea mays_PRJNA646989_PRJNA646996_PRJNA647001|Determinate lateral organ non-epidermis domain|	Zea mays_PRJNA646989_PRJNA646996_PRJNA647001	PRJNA646989	Zea mays			cell_type_original	Determinate lateral organ non-epidermis domain					unmapped	pending_manual_curation; exact_synonym	431	standardized_h5ad_obs;ontology_mapping_candidates;panel_label_freeze_v1	internal_source_record:not_publicly_portable:data/datasets/Bioinformatics/h5ad/Zea mays_PRJNA646989_PRJNA646996_PRJNA647001.h5ad;internal_source_record:not_publicly_portable:workspace/projects/PhyloOpenCell/metadata/ontology_mapping_candidates.tsv;internal_source_record:not_publicly_portable:workspace/projects/PhyloOpenCell/metadata/panel_label_freeze_v1.tsv	e2c0946ea5b607118be6f4e8e2a32d2095d36434c70f1be625c198c16cfb77a0;e4a09d28939b9a165661f86d5a2f4fb0c1d33fea1c7465dcc7cf874f0a8238bc;78a020ef314246281f19dc5eec25dbb28c50c5c376ee9df5a6b5090a0ec7d321	complete standardized dataset-label count; no governed panel mapping	not_in_governed_panel_hierarchy
Zea mays_PRJNA646989_PRJNA646996_PRJNA647001|Ear cortex|	Zea mays_PRJNA646989_PRJNA646996_PRJNA647001	PRJNA646989	Zea mays			cell_type_original	Ear cortex					unmapped	pending_manual_curation; exact_synonym	2623	standardized_h5ad_obs;ontology_mapping_candidates;panel_label_freeze_v1	internal_source_record:not_publicly_portable:data/datasets/Bioinformatics/h5ad/Zea mays_PRJNA646989_PRJNA646996_PRJNA647001.h5ad;internal_source_record:not_publicly_portable:workspace/projects/PhyloOpenCell/metadata/ontology_mapping_candidates.tsv;internal_source_record:not_publicly_portable:workspace/projects/PhyloOpenCell/metadata/panel_label_freeze_v1.tsv	e2c0946ea5b607118be6f4e8e2a32d2095d36434c70f1be625c198c16cfb77a0;e4a09d28939b9a165661f86d5a2f4fb0c1d33fea1c7465dcc7cf874f0a8238bc;78a020ef314246281f19dc5eec25dbb28c50c5c376ee9df5a6b5090a0ec7d321	complete standardized dataset-label count; no governed panel mapping	not_in_governed_panel_hierarchy
Zea mays_PRJNA646989_PRJNA646996_PRJNA647001|G2/M-phase|	Zea mays_PRJNA646989_PRJNA646996_PRJNA647001	PRJNA646989	Zea mays			cell_type_original	G2/M-phase					unmapped	pending_manual_curation; exact_synonym	1785	standardized_h5ad_obs;ontology_mapping_candidates;panel_label_freeze_v1	internal_source_record:not_publicly_portable:data/datasets/Bioinformatics/h5ad/Zea mays_PRJNA646989_PRJNA646996_PRJNA647001.h5ad;internal_source_record:not_publicly_portable:workspace/projects/PhyloOpenCell/metadata/ontology_mapping_candidates.tsv;internal_source_record:not_publicly_portable:workspace/projects/PhyloOpenCell/metadata/panel_label_freeze_v1.tsv	e2c0946ea5b607118be6f4e8e2a32d2095d36434c70f1be625c198c16cfb77a0;e4a09d28939b9a165661f86d5a2f4fb0c1d33fea1c7465dcc7cf874f0a8238bc;78a020ef314246281f19dc5eec25dbb28c50c5c376ee9df5a6b5090a0ec7d321	complete standardized dataset-label count; no governed panel mapping	not_in_governed_panel_hierarchy
Zea mays_PRJNA646989_PRJNA646996_PRJNA647001|Inflorescence meristem|	Zea mays_PRJNA646989_PRJNA646996_PRJNA647001	PRJNA646989	Zea mays			cell_type_original	Inflorescence meristem	PO:0000230				unmapped	candidate_auto_exact; exact_name; Plant Ontology exact lexical match; requires curator acceptance	4737	standardized_h5ad_obs;ontology_mapping_candidates;panel_label_freeze_v1	internal_source_record:not_publicly_portable:data/datasets/Bioinformatics/h5ad/Zea mays_PRJNA646989_PRJNA646996_PRJNA647001.h5ad;internal_source_record:not_publicly_portable:workspace/projects/PhyloOpenCell/metadata/ontology_mapping_candidates.tsv;internal_source_record:not_publicly_portable:workspace/projects/PhyloOpenCell/metadata/panel_label_freeze_v1.tsv	e2c0946ea5b607118be6f4e8e2a32d2095d36434c70f1be625c198c16cfb77a0;e4a09d28939b9a165661f86d5a2f4fb0c1d33fea1c7465dcc7cf874f0a8238bc;78a020ef314246281f19dc5eec25dbb28c50c5c376ee9df5a6b5090a0ec7d321	complete standardized dataset-label count; no governed panel mapping	not_in_governed_panel_hierarchy
Zea mays_PRJNA646989_PRJNA646996_PRJNA647001|Meristem base|	Zea mays_PRJNA646989_PRJNA646996_PRJNA647001	PRJNA646989	Zea mays			cell_type_original	Meristem base					unmapped	pending_manual_curation; exact_synonym	605	standardized_h5ad_obs;ontology_mapping_candidates;panel_label_freeze_v1	internal_source_record:not_publicly_portable:data/datasets/Bioinformatics/h5ad/Zea mays_PRJNA646989_PRJNA646996_PRJNA647001.h5ad;internal_source_record:not_publicly_portable:workspace/projects/PhyloOpenCell/metadata/ontology_mapping_candidates.tsv;internal_source_record:not_publicly_portable:workspace/projects/PhyloOpenCell/metadata/panel_label_freeze_v1.tsv	e2c0946ea5b607118be6f4e8e2a32d2095d36434c70f1be625c198c16cfb77a0;e4a09d28939b9a165661f86d5a2f4fb0c1d33fea1c7465dcc7cf874f0a8238bc;78a020ef314246281f19dc5eec25dbb28c50c5c376ee9df5a6b5090a0ec7d321	complete standardized dataset-label count; no governed panel mapping	not_in_governed_panel_hierarchy
Zea mays_PRJNA646989_PRJNA646996_PRJNA647001|Meristem boundary|	Zea mays_PRJNA646989_PRJNA646996_PRJNA647001	PRJNA646989	Zea mays			cell_type_original	Meristem boundary					unmapped	pending_manual_curation; exact_synonym	965	standardized_h5ad_obs;ontology_mapping_candidates;panel_label_freeze_v1	internal_source_record:not_publicly_portable:data/datasets/Bioinformatics/h5ad/Zea mays_PRJNA646989_PRJNA646996_PRJNA647001.h5ad;internal_source_record:not_publicly_portable:workspace/projects/PhyloOpenCell/metadata/ontology_mapping_candidates.tsv;internal_source_record:not_publicly_portable:workspace/projects/PhyloOpenCell/metadata/panel_label_freeze_v1.tsv	e2c0946ea5b607118be6f4e8e2a32d2095d36434c70f1be625c198c16cfb77a0;e4a09d28939b9a165661f86d5a2f4fb0c1d33fea1c7465dcc7cf874f0a8238bc;78a020ef314246281f19dc5eec25dbb28c50c5c376ee9df5a6b5090a0ec7d321	complete standardized dataset-label count; no governed panel mapping	not_in_governed_panel_hierarchy
Zea mays_PRJNA646989_PRJNA646996_PRJNA647001|Meristem epidermis layer|	Zea mays_PRJNA646989_PRJNA646996_PRJNA647001	PRJNA646989	Zea mays			cell_type_original	Meristem epidermis layer					unmapped	pending_manual_curation; exact_synonym	2029	standardized_h5ad_obs;ontology_mapping_candidates;panel_label_freeze_v1	internal_source_record:not_publicly_portable:data/datasets/Bioinformatics/h5ad/Zea mays_PRJNA646989_PRJNA646996_PRJNA647001.h5ad;internal_source_record:not_publicly_portable:workspace/projects/PhyloOpenCell/metadata/ontology_mapping_candidates.tsv;internal_source_record:not_publicly_portable:workspace/projects/PhyloOpenCell/metadata/panel_label_freeze_v1.tsv	e2c0946ea5b607118be6f4e8e2a32d2095d36434c70f1be625c198c16cfb77a0;e4a09d28939b9a165661f86d5a2f4fb0c1d33fea1c7465dcc7cf874f0a8238bc;78a020ef314246281f19dc5eec25dbb28c50c5c376ee9df5a6b5090a0ec7d321	complete standardized dataset-label count; no governed panel mapping	not_in_governed_panel_hierarchy
Zea mays_PRJNA646989_PRJNA646996_PRJNA647001|Phloem|	Zea mays_PRJNA646989_PRJNA646996_PRJNA647001	PRJNA646989	Zea mays			cell_type_original	Phloem	PO:0005417				unmapped	candidate_auto_exact; exact_name; Plant Ontology exact lexical match; requires curator acceptance	828	standardized_h5ad_obs;ontology_mapping_candidates;panel_label_freeze_v1	internal_source_record:not_publicly_portable:data/datasets/Bioinformatics/h5ad/Zea mays_PRJNA646989_PRJNA646996_PRJNA647001.h5ad;internal_source_record:not_publicly_portable:workspace/projects/PhyloOpenCell/metadata/ontology_mapping_candidates.tsv;internal_source_record:not_publicly_portable:workspace/projects/PhyloOpenCell/metadata/panel_label_freeze_v1.tsv	e2c0946ea5b607118be6f4e8e2a32d2095d36434c70f1be625c198c16cfb77a0;e4a09d28939b9a165661f86d5a2f4fb0c1d33fea1c7465dcc7cf874f0a8238bc;78a020ef314246281f19dc5eec25dbb28c50c5c376ee9df5a6b5090a0ec7d321	complete standardized dataset-label count; no governed panel mapping	not_in_governed_panel_hierarchy
Zea mays_PRJNA646989_PRJNA646996_PRJNA647001|S-phase|	Zea mays_PRJNA646989_PRJNA646996_PRJNA647001	PRJNA646989	Zea mays			cell_type_original	S-phase					unmapped	pending_manual_curation; exact_synonym	1424	standardized_h5ad_obs;ontology_mapping_candidates;panel_label_freeze_v1	internal_source_record:not_publicly_portable:data/datasets/Bioinformatics/h5ad/Zea mays_PRJNA646989_PRJNA646996_PRJNA647001.h5ad;internal_source_record:not_publicly_portable:workspace/projects/PhyloOpenCell/metadata/ontology_mapping_candidates.tsv;internal_source_record:not_publicly_portable:workspace/projects/PhyloOpenCell/metadata/panel_label_freeze_v1.tsv	e2c0946ea5b607118be6f4e8e2a32d2095d36434c70f1be625c198c16cfb77a0;e4a09d28939b9a165661f86d5a2f4fb0c1d33fea1c7465dcc7cf874f0a8238bc;78a020ef314246281f19dc5eec25dbb28c50c5c376ee9df5a6b5090a0ec7d321	complete standardized dataset-label count; no governed panel mapping	not_in_governed_panel_hierarchy
Zea mays_PRJNA646989_PRJNA646996_PRJNA647001|Xylem|	Zea mays_PRJNA646989_PRJNA646996_PRJNA647001	PRJNA646989	Zea mays			cell_type_original	Xylem	PO:0005352				unmapped	candidate_auto_exact; exact_name; Plant Ontology exact lexical match; requires curator acceptance	279	standardized_h5ad_obs;ontology_mapping_candidates;panel_label_freeze_v1	internal_source_record:not_publicly_portable:data/datasets/Bioinformatics/h5ad/Zea mays_PRJNA646989_PRJNA646996_PRJNA647001.h5ad;internal_source_record:not_publicly_portable:workspace/projects/PhyloOpenCell/metadata/ontology_mapping_candidates.tsv;internal_source_record:not_publicly_portable:workspace/projects/PhyloOpenCell/metadata/panel_label_freeze_v1.tsv	e2c0946ea5b607118be6f4e8e2a32d2095d36434c70f1be625c198c16cfb77a0;e4a09d28939b9a165661f86d5a2f4fb0c1d33fea1c7465dcc7cf874f0a8238bc;78a020ef314246281f19dc5eec25dbb28c50c5c376ee9df5a6b5090a0ec7d321	complete standardized dataset-label count; no governed panel mapping	not_in_governed_panel_hierarchy
Zea mays_PRJNA662627|Bundle sheath cell|	Zea mays_PRJNA662627	PRJNA662627	Zea mays			cell_type_original	Bundle sheath cell	PO:0025541				unmapped	candidate_auto_exact; exact_name; Plant Ontology exact lexical match; requires curator acceptance	478	standardized_h5ad_obs;ontology_mapping_candidates;panel_label_freeze_v1	internal_source_record:not_publicly_portable:data/datasets/Bioinformatics/h5ad/Zea mays_PRJNA662627.h5ad;internal_source_record:not_publicly_portable:workspace/projects/PhyloOpenCell/metadata/ontology_mapping_candidates.tsv;internal_source_record:not_publicly_portable:workspace/projects/PhyloOpenCell/metadata/panel_label_freeze_v1.tsv	5b1877dcb88cb8bed0787b2247d032c2d95e683c1aee81246ea029e9883caec1;e4a09d28939b9a165661f86d5a2f4fb0c1d33fea1c7465dcc7cf874f0a8238bc;78a020ef314246281f19dc5eec25dbb28c50c5c376ee9df5a6b5090a0ec7d321	complete standardized dataset-label count; no governed panel mapping	not_in_governed_panel_hierarchy
Zea mays_PRJNA662627|Mesophyll cell|	Zea mays_PRJNA662627	PRJNA662627	Zea mays			cell_type_original	Mesophyll cell	PO:0004006				unmapped	candidate_auto_exact; exact_name; Plant Ontology exact lexical match; requires curator acceptance	12859	standardized_h5ad_obs;ontology_mapping_candidates;panel_label_freeze_v1	internal_source_record:not_publicly_portable:data/datasets/Bioinformatics/h5ad/Zea mays_PRJNA662627.h5ad;internal_source_record:not_publicly_portable:workspace/projects/PhyloOpenCell/metadata/ontology_mapping_candidates.tsv;internal_source_record:not_publicly_portable:workspace/projects/PhyloOpenCell/metadata/panel_label_freeze_v1.tsv	5b1877dcb88cb8bed0787b2247d032c2d95e683c1aee81246ea029e9883caec1;e4a09d28939b9a165661f86d5a2f4fb0c1d33fea1c7465dcc7cf874f0a8238bc;78a020ef314246281f19dc5eec25dbb28c50c5c376ee9df5a6b5090a0ec7d321	complete standardized dataset-label count; no governed panel mapping	not_in_governed_panel_hierarchy
Zea mays_PRJNA740934|Bundle sheath cell|	Zea mays_PRJNA740934	PRJNA740934	Zea mays			cell_type_original	Bundle sheath cell	PO:0025541				unmapped	candidate_auto_exact; exact_name; Plant Ontology exact lexical match; requires curator acceptance	398	standardized_h5ad_obs;ontology_mapping_candidates;panel_label_freeze_v1	internal_source_record:not_publicly_portable:data/datasets/Bioinformatics/h5ad/Zea mays_PRJNA740934.h5ad;internal_source_record:not_publicly_portable:workspace/projects/PhyloOpenCell/metadata/ontology_mapping_candidates.tsv;internal_source_record:not_publicly_portable:workspace/projects/PhyloOpenCell/metadata/panel_label_freeze_v1.tsv	dfe8b69f005c51d1e93152697262e11577fa5e7e043bd943fc017dba43bb3998;e4a09d28939b9a165661f86d5a2f4fb0c1d33fea1c7465dcc7cf874f0a8238bc;78a020ef314246281f19dc5eec25dbb28c50c5c376ee9df5a6b5090a0ec7d321	complete standardized dataset-label count; no governed panel mapping	not_in_governed_panel_hierarchy
Zea mays_PRJNA740934|Leaf pavement cell|	Zea mays_PRJNA740934	PRJNA740934	Zea mays			cell_type_original	Leaf pavement cell	PO:0025212				unmapped	candidate_auto_exact; exact_name; Plant Ontology exact lexical match; requires curator acceptance	30352	standardized_h5ad_obs;ontology_mapping_candidates;panel_label_freeze_v1	internal_source_record:not_publicly_portable:data/datasets/Bioinformatics/h5ad/Zea mays_PRJNA740934.h5ad;internal_source_record:not_publicly_portable:workspace/projects/PhyloOpenCell/metadata/ontology_mapping_candidates.tsv;internal_source_record:not_publicly_portable:workspace/projects/PhyloOpenCell/metadata/panel_label_freeze_v1.tsv	dfe8b69f005c51d1e93152697262e11577fa5e7e043bd943fc017dba43bb3998;e4a09d28939b9a165661f86d5a2f4fb0c1d33fea1c7465dcc7cf874f0a8238bc;78a020ef314246281f19dc5eec25dbb28c50c5c376ee9df5a6b5090a0ec7d321	complete standardized dataset-label count; no governed panel mapping	not_in_governed_panel_hierarchy
Zea mays_PRJNA740934|Mesophyll cell|	Zea mays_PRJNA740934	PRJNA740934	Zea mays			cell_type_original	Mesophyll cell	PO:0004006				unmapped	candidate_auto_exact; exact_name; Plant Ontology exact lexical match; requires curator acceptance	664	standardized_h5ad_obs;ontology_mapping_candidates;panel_label_freeze_v1	internal_source_record:not_publicly_portable:data/datasets/Bioinformatics/h5ad/Zea mays_PRJNA740934.h5ad;internal_source_record:not_publicly_portable:workspace/projects/PhyloOpenCell/metadata/ontology_mapping_candidates.tsv;internal_source_record:not_publicly_portable:workspace/projects/PhyloOpenCell/metadata/panel_label_freeze_v1.tsv	dfe8b69f005c51d1e93152697262e11577fa5e7e043bd943fc017dba43bb3998;e4a09d28939b9a165661f86d5a2f4fb0c1d33fea1c7465dcc7cf874f0a8238bc;78a020ef314246281f19dc5eec25dbb28c50c5c376ee9df5a6b5090a0ec7d321	complete standardized dataset-label count; no governed panel mapping	not_in_governed_panel_hierarchy
Zea mays_PRJNA740934|Subsidiary cell|	Zea mays_PRJNA740934	PRJNA740934	Zea mays			cell_type_original	Subsidiary cell	PO:0000284				unmapped	candidate_auto_exact; exact_name; Plant Ontology exact lexical match; requires curator acceptance	1974	standardized_h5ad_obs;ontology_mapping_candidates;panel_label_freeze_v1	internal_source_record:not_publicly_portable:data/datasets/Bioinformatics/h5ad/Zea mays_PRJNA740934.h5ad;internal_source_record:not_publicly_portable:workspace/projects/PhyloOpenCell/metadata/ontology_mapping_candidates.tsv;internal_source_record:not_publicly_portable:workspace/projects/PhyloOpenCell/metadata/panel_label_freeze_v1.tsv	dfe8b69f005c51d1e93152697262e11577fa5e7e043bd943fc017dba43bb3998;e4a09d28939b9a165661f86d5a2f4fb0c1d33fea1c7465dcc7cf874f0a8238bc;78a020ef314246281f19dc5eec25dbb28c50c5c376ee9df5a6b5090a0ec7d321	complete standardized dataset-label count; no governed panel mapping	not_in_governed_panel_hierarchy
Zea mays_PRJNA759548|Companion cell|	Zea mays_PRJNA759548	PRJNA759548	Zea mays			cell_type_original	Companion cell	PO:0000071				unmapped	candidate_auto_exact; exact_name; Plant Ontology exact lexical match; requires curator acceptance	867	standardized_h5ad_obs;ontology_mapping_candidates;panel_label_freeze_v1	internal_source_record:not_publicly_portable:data/datasets/Bioinformatics/h5ad/Zea mays_PRJNA759548.h5ad;internal_source_record:not_publicly_portable:workspace/projects/PhyloOpenCell/metadata/ontology_mapping_candidates.tsv;internal_source_record:not_publicly_portable:workspace/projects/PhyloOpenCell/metadata/panel_label_freeze_v1.tsv	b7001cd45ce670b421a0b4c71ef1bf93778ecf5a2594cdb64d925b703b7a8aa8;e4a09d28939b9a165661f86d5a2f4fb0c1d33fea1c7465dcc7cf874f0a8238bc;78a020ef314246281f19dc5eec25dbb28c50c5c376ee9df5a6b5090a0ec7d321	complete standardized dataset-label count; no governed panel mapping	not_in_governed_panel_hierarchy
Zea mays_PRJNA759548|Root cortex|	Zea mays_PRJNA759548	PRJNA759548	Zea mays			cell_type_original	Root cortex	PO:0000258				unmapped	candidate_auto_exact; exact_name; Plant Ontology exact lexical match; requires curator acceptance	4554	standardized_h5ad_obs;ontology_mapping_candidates;panel_label_freeze_v1	internal_source_record:not_publicly_portable:data/datasets/Bioinformatics/h5ad/Zea mays_PRJNA759548.h5ad;internal_source_record:not_publicly_portable:workspace/projects/PhyloOpenCell/metadata/ontology_mapping_candidates.tsv;internal_source_record:not_publicly_portable:workspace/projects/PhyloOpenCell/metadata/panel_label_freeze_v1.tsv	b7001cd45ce670b421a0b4c71ef1bf93778ecf5a2594cdb64d925b703b7a8aa8;e4a09d28939b9a165661f86d5a2f4fb0c1d33fea1c7465dcc7cf874f0a8238bc;78a020ef314246281f19dc5eec25dbb28c50c5c376ee9df5a6b5090a0ec7d321	complete standardized dataset-label count; no governed panel mapping	not_in_governed_panel_hierarchy
Zea mays_PRJNA759548|Root epidermis|	Zea mays_PRJNA759548	PRJNA759548	Zea mays			cell_type_original	Root epidermis	PO:0006036				unmapped	candidate_auto_exact; exact_name; Plant Ontology exact lexical match; requires curator acceptance	323	standardized_h5ad_obs;ontology_mapping_candidates;panel_label_freeze_v1	internal_source_record:not_publicly_portable:data/datasets/Bioinformatics/h5ad/Zea mays_PRJNA759548.h5ad;internal_source_record:not_publicly_portable:workspace/projects/PhyloOpenCell/metadata/ontology_mapping_candidates.tsv;internal_source_record:not_publicly_portable:workspace/projects/PhyloOpenCell/metadata/panel_label_freeze_v1.tsv	b7001cd45ce670b421a0b4c71ef1bf93778ecf5a2594cdb64d925b703b7a8aa8;e4a09d28939b9a165661f86d5a2f4fb0c1d33fea1c7465dcc7cf874f0a8238bc;78a020ef314246281f19dc5eec25dbb28c50c5c376ee9df5a6b5090a0ec7d321	complete standardized dataset-label count; no governed panel mapping	not_in_governed_panel_hierarchy
Zea mays_PRJNA759548|Root stele|	Zea mays_PRJNA759548	PRJNA759548	Zea mays			cell_type_original	Root stele	PO:0020124				unmapped	candidate_auto_exact; exact_name; Plant Ontology exact lexical match; requires curator acceptance	889	standardized_h5ad_obs;ontology_mapping_candidates;panel_label_freeze_v1	internal_source_record:not_publicly_portable:data/datasets/Bioinformatics/h5ad/Zea mays_PRJNA759548.h5ad;internal_source_record:not_publicly_portable:workspace/projects/PhyloOpenCell/metadata/ontology_mapping_candidates.tsv;internal_source_record:not_publicly_portable:workspace/projects/PhyloOpenCell/metadata/panel_label_freeze_v1.tsv	b7001cd45ce670b421a0b4c71ef1bf93778ecf5a2594cdb64d925b703b7a8aa8;e4a09d28939b9a165661f86d5a2f4fb0c1d33fea1c7465dcc7cf874f0a8238bc;78a020ef314246281f19dc5eec25dbb28c50c5c376ee9df5a6b5090a0ec7d321	complete standardized dataset-label count; no governed panel mapping	not_in_governed_panel_hierarchy
Zea mays_PRJNA865791|Mature stele|	Zea mays_PRJNA865791	PRJNA865791	Zea mays			cell_type_original	Mature stele					unmapped	pending_manual_curation; exact_synonym	3642	standardized_h5ad_obs;ontology_mapping_candidates;panel_label_freeze_v1	internal_source_record:not_publicly_portable:data/datasets/Bioinformatics/h5ad/Zea mays_PRJNA865791.h5ad;internal_source_record:not_publicly_portable:workspace/projects/PhyloOpenCell/metadata/ontology_mapping_candidates.tsv;internal_source_record:not_publicly_portable:workspace/projects/PhyloOpenCell/metadata/panel_label_freeze_v1.tsv	616a6bb30f98fe4025d50d813987da9cdd406b7b8c940cd45f33fcd29424bc39;e4a09d28939b9a165661f86d5a2f4fb0c1d33fea1c7465dcc7cf874f0a8238bc;78a020ef314246281f19dc5eec25dbb28c50c5c376ee9df5a6b5090a0ec7d321	complete standardized dataset-label count; no governed panel mapping	not_in_governed_panel_hierarchy
Zea mays_PRJNA865791|Root cortex|	Zea mays_PRJNA865791	PRJNA865791	Zea mays			cell_type_original	Root cortex	PO:0000258				unmapped	candidate_auto_exact; exact_name; Plant Ontology exact lexical match; requires curator acceptance	2722	standardized_h5ad_obs;ontology_mapping_candidates;panel_label_freeze_v1	internal_source_record:not_publicly_portable:data/datasets/Bioinformatics/h5ad/Zea mays_PRJNA865791.h5ad;internal_source_record:not_publicly_portable:workspace/projects/PhyloOpenCell/metadata/ontology_mapping_candidates.tsv;internal_source_record:not_publicly_portable:workspace/projects/PhyloOpenCell/metadata/panel_label_freeze_v1.tsv	616a6bb30f98fe4025d50d813987da9cdd406b7b8c940cd45f33fcd29424bc39;e4a09d28939b9a165661f86d5a2f4fb0c1d33fea1c7465dcc7cf874f0a8238bc;78a020ef314246281f19dc5eec25dbb28c50c5c376ee9df5a6b5090a0ec7d321	complete standardized dataset-label count; no governed panel mapping	not_in_governed_panel_hierarchy
Zea mays_PRJNA865791|Root endodermis|	Zea mays_PRJNA865791	PRJNA865791	Zea mays			cell_type_original	Root endodermis	PO:0005059				unmapped	candidate_auto_exact; exact_name; Plant Ontology exact lexical match; requires curator acceptance	3421	standardized_h5ad_obs;ontology_mapping_candidates;panel_label_freeze_v1	internal_source_record:not_publicly_portable:data/datasets/Bioinformatics/h5ad/Zea mays_PRJNA865791.h5ad;internal_source_record:not_publicly_portable:workspace/projects/PhyloOpenCell/metadata/ontology_mapping_candidates.tsv;internal_source_record:not_publicly_portable:workspace/projects/PhyloOpenCell/metadata/panel_label_freeze_v1.tsv	616a6bb30f98fe4025d50d813987da9cdd406b7b8c940cd45f33fcd29424bc39;e4a09d28939b9a165661f86d5a2f4fb0c1d33fea1c7465dcc7cf874f0a8238bc;78a020ef314246281f19dc5eec25dbb28c50c5c376ee9df5a6b5090a0ec7d321	complete standardized dataset-label count; no governed panel mapping	not_in_governed_panel_hierarchy
Zea mays_PRJNA865791|Root epidermis|	Zea mays_PRJNA865791	PRJNA865791	Zea mays			cell_type_original	Root epidermis	PO:0006036				unmapped	candidate_auto_exact; exact_name; Plant Ontology exact lexical match; requires curator acceptance	5074	standardized_h5ad_obs;ontology_mapping_candidates;panel_label_freeze_v1	internal_source_record:not_publicly_portable:data/datasets/Bioinformatics/h5ad/Zea mays_PRJNA865791.h5ad;internal_source_record:not_publicly_portable:workspace/projects/PhyloOpenCell/metadata/ontology_mapping_candidates.tsv;internal_source_record:not_publicly_portable:workspace/projects/PhyloOpenCell/metadata/panel_label_freeze_v1.tsv	616a6bb30f98fe4025d50d813987da9cdd406b7b8c940cd45f33fcd29424bc39;e4a09d28939b9a165661f86d5a2f4fb0c1d33fea1c7465dcc7cf874f0a8238bc;78a020ef314246281f19dc5eec25dbb28c50c5c376ee9df5a6b5090a0ec7d321	complete standardized dataset-label count; no governed panel mapping	not_in_governed_panel_hierarchy
Zea mays_PRJNA865791|Root pith|	Zea mays_PRJNA865791	PRJNA865791	Zea mays			cell_type_original	Root pith	PO:0005040				unmapped	candidate_auto_exact; exact_name; Plant Ontology exact lexical match; requires curator acceptance	2259	standardized_h5ad_obs;ontology_mapping_candidates;panel_label_freeze_v1	internal_source_record:not_publicly_portable:data/datasets/Bioinformatics/h5ad/Zea mays_PRJNA865791.h5ad;internal_source_record:not_publicly_portable:workspace/projects/PhyloOpenCell/metadata/ontology_mapping_candidates.tsv;internal_source_record:not_publicly_portable:workspace/projects/PhyloOpenCell/metadata/panel_label_freeze_v1.tsv	616a6bb30f98fe4025d50d813987da9cdd406b7b8c940cd45f33fcd29424bc39;e4a09d28939b9a165661f86d5a2f4fb0c1d33fea1c7465dcc7cf874f0a8238bc;78a020ef314246281f19dc5eec25dbb28c50c5c376ee9df5a6b5090a0ec7d321	complete standardized dataset-label count; no governed panel mapping	not_in_governed_panel_hierarchy
Zea mays_PRJNA865791|Unknown|	Zea mays_PRJNA865791	PRJNA865791	Zea mays			cell_type_original	Unknown					unknown	excluded_unknown	23324	standardized_h5ad_obs;ontology_mapping_candidates;panel_label_freeze_v1	internal_source_record:not_publicly_portable:data/datasets/Bioinformatics/h5ad/Zea mays_PRJNA865791.h5ad;internal_source_record:not_publicly_portable:workspace/projects/PhyloOpenCell/metadata/ontology_mapping_candidates.tsv;internal_source_record:not_publicly_portable:workspace/projects/PhyloOpenCell/metadata/panel_label_freeze_v1.tsv	616a6bb30f98fe4025d50d813987da9cdd406b7b8c940cd45f33fcd29424bc39;e4a09d28939b9a165661f86d5a2f4fb0c1d33fea1c7465dcc7cf874f0a8238bc;78a020ef314246281f19dc5eec25dbb28c50c5c376ee9df5a6b5090a0ec7d321	complete standardized dataset-label count; no governed panel mapping	
Zea mays_PRJNA865791|Xylem|	Zea mays_PRJNA865791	PRJNA865791	Zea mays			cell_type_original	Xylem	PO:0005352				unmapped	candidate_auto_exact; exact_name; Plant Ontology exact lexical match; requires curator acceptance	474	standardized_h5ad_obs;ontology_mapping_candidates;panel_label_freeze_v1	internal_source_record:not_publicly_portable:data/datasets/Bioinformatics/h5ad/Zea mays_PRJNA865791.h5ad;internal_source_record:not_publicly_portable:workspace/projects/PhyloOpenCell/metadata/ontology_mapping_candidates.tsv;internal_source_record:not_publicly_portable:workspace/projects/PhyloOpenCell/metadata/panel_label_freeze_v1.tsv	616a6bb30f98fe4025d50d813987da9cdd406b7b8c940cd45f33fcd29424bc39;e4a09d28939b9a165661f86d5a2f4fb0c1d33fea1c7465dcc7cf874f0a8238bc;78a020ef314246281f19dc5eec25dbb28c50c5c376ee9df5a6b5090a0ec7d321	complete standardized dataset-label count; no governed panel mapping	not_in_governed_panel_hierarchy
Zea mays_PRJNA924780|Leaf lamina epidermis|	Zea mays_PRJNA924780	PRJNA924780	Zea mays			cell_type_original	Leaf lamina epidermis	PO:0000047				unmapped	candidate_auto_exact; exact_name; Plant Ontology exact lexical match; requires curator acceptance	7384	standardized_h5ad_obs;ontology_mapping_candidates;panel_label_freeze_v1	internal_source_record:not_publicly_portable:data/datasets/Bioinformatics/h5ad/Zea mays_PRJNA924780.h5ad;internal_source_record:not_publicly_portable:workspace/projects/PhyloOpenCell/metadata/ontology_mapping_candidates.tsv;internal_source_record:not_publicly_portable:workspace/projects/PhyloOpenCell/metadata/panel_label_freeze_v1.tsv	2cfc1a64fabb43be9c644333eb5904b6ad52aacb57c80728f2b481524cd35dfc;e4a09d28939b9a165661f86d5a2f4fb0c1d33fea1c7465dcc7cf874f0a8238bc;78a020ef314246281f19dc5eec25dbb28c50c5c376ee9df5a6b5090a0ec7d321	complete standardized dataset-label count; no governed panel mapping	not_in_governed_panel_hierarchy
Zea mays_PRJNA924780|Leaf vascular system|	Zea mays_PRJNA924780	PRJNA924780	Zea mays			cell_type_original	Leaf vascular system	PO:0000036				unmapped	candidate_auto_exact; exact_name; Plant Ontology exact lexical match; requires curator acceptance	4274	standardized_h5ad_obs;ontology_mapping_candidates;panel_label_freeze_v1	internal_source_record:not_publicly_portable:data/datasets/Bioinformatics/h5ad/Zea mays_PRJNA924780.h5ad;internal_source_record:not_publicly_portable:workspace/projects/PhyloOpenCell/metadata/ontology_mapping_candidates.tsv;internal_source_record:not_publicly_portable:workspace/projects/PhyloOpenCell/metadata/panel_label_freeze_v1.tsv	2cfc1a64fabb43be9c644333eb5904b6ad52aacb57c80728f2b481524cd35dfc;e4a09d28939b9a165661f86d5a2f4fb0c1d33fea1c7465dcc7cf874f0a8238bc;78a020ef314246281f19dc5eec25dbb28c50c5c376ee9df5a6b5090a0ec7d321	complete standardized dataset-label count; no governed panel mapping	not_in_governed_panel_hierarchy
Zea mays_PRJNA924780|Meristemoid|	Zea mays_PRJNA924780	PRJNA924780	Zea mays			cell_type_original	Meristemoid					unmapped	pending_manual_curation; exact_synonym	5539	standardized_h5ad_obs;ontology_mapping_candidates;panel_label_freeze_v1	internal_source_record:not_publicly_portable:data/datasets/Bioinformatics/h5ad/Zea mays_PRJNA924780.h5ad;internal_source_record:not_publicly_portable:workspace/projects/PhyloOpenCell/metadata/ontology_mapping_candidates.tsv;internal_source_record:not_publicly_portable:workspace/projects/PhyloOpenCell/metadata/panel_label_freeze_v1.tsv	2cfc1a64fabb43be9c644333eb5904b6ad52aacb57c80728f2b481524cd35dfc;e4a09d28939b9a165661f86d5a2f4fb0c1d33fea1c7465dcc7cf874f0a8238bc;78a020ef314246281f19dc5eec25dbb28c50c5c376ee9df5a6b5090a0ec7d321	complete standardized dataset-label count; no governed panel mapping	not_in_governed_panel_hierarchy
Zea mays_PRJNA924780|S-phase cell|	Zea mays_PRJNA924780	PRJNA924780	Zea mays			cell_type_original	S-phase cell					unmapped	pending_manual_curation; exact_synonym	8036	standardized_h5ad_obs;ontology_mapping_candidates;panel_label_freeze_v1	internal_source_record:not_publicly_portable:data/datasets/Bioinformatics/h5ad/Zea mays_PRJNA924780.h5ad;internal_source_record:not_publicly_portable:workspace/projects/PhyloOpenCell/metadata/ontology_mapping_candidates.tsv;internal_source_record:not_publicly_portable:workspace/projects/PhyloOpenCell/metadata/panel_label_freeze_v1.tsv	2cfc1a64fabb43be9c644333eb5904b6ad52aacb57c80728f2b481524cd35dfc;e4a09d28939b9a165661f86d5a2f4fb0c1d33fea1c7465dcc7cf874f0a8238bc;78a020ef314246281f19dc5eec25dbb28c50c5c376ee9df5a6b5090a0ec7d321	complete standardized dataset-label count; no governed panel mapping	not_in_governed_panel_hierarchy
Zea mays_PRJNA924780|Unknown|	Zea mays_PRJNA924780	PRJNA924780	Zea mays			cell_type_original	Unknown					unknown	excluded_unknown	16125	standardized_h5ad_obs;ontology_mapping_candidates;panel_label_freeze_v1	internal_source_record:not_publicly_portable:data/datasets/Bioinformatics/h5ad/Zea mays_PRJNA924780.h5ad;internal_source_record:not_publicly_portable:workspace/projects/PhyloOpenCell/metadata/ontology_mapping_candidates.tsv;internal_source_record:not_publicly_portable:workspace/projects/PhyloOpenCell/metadata/panel_label_freeze_v1.tsv	2cfc1a64fabb43be9c644333eb5904b6ad52aacb57c80728f2b481524cd35dfc;e4a09d28939b9a165661f86d5a2f4fb0c1d33fea1c7465dcc7cf874f0a8238bc;78a020ef314246281f19dc5eec25dbb28c50c5c376ee9df5a6b5090a0ec7d321	complete standardized dataset-label count; no governed panel mapping	
Zea mays_PRJNA935359|G2/M-phase cell|	Zea mays_PRJNA935359	PRJNA935359	Zea mays			cell_type_original	G2/M-phase cell					unmapped	pending_manual_curation; exact_synonym	393	standardized_h5ad_obs;ontology_mapping_candidates;panel_label_freeze_v1	internal_source_record:not_publicly_portable:data/datasets/Bioinformatics/h5ad/Zea mays_PRJNA935359.h5ad;internal_source_record:not_publicly_portable:workspace/projects/PhyloOpenCell/metadata/ontology_mapping_candidates.tsv;internal_source_record:not_publicly_portable:workspace/projects/PhyloOpenCell/metadata/panel_label_freeze_v1.tsv	0053c57a2fae1066ff243bcc8970c1b6cac7bdbf7f7c7a7f179e77ca83cf56f0;e4a09d28939b9a165661f86d5a2f4fb0c1d33fea1c7465dcc7cf874f0a8238bc;78a020ef314246281f19dc5eec25dbb28c50c5c376ee9df5a6b5090a0ec7d321	complete standardized dataset-label count; no governed panel mapping	not_in_governed_panel_hierarchy
Zea mays_PRJNA935359|Pericycle cell|	Zea mays_PRJNA935359	PRJNA935359	Zea mays			cell_type_original	Pericycle cell	PO:0025261				unmapped	candidate_auto_exact; exact_name; Plant Ontology exact lexical match; requires curator acceptance	479	standardized_h5ad_obs;ontology_mapping_candidates;panel_label_freeze_v1	internal_source_record:not_publicly_portable:data/datasets/Bioinformatics/h5ad/Zea mays_PRJNA935359.h5ad;internal_source_record:not_publicly_portable:workspace/projects/PhyloOpenCell/metadata/ontology_mapping_candidates.tsv;internal_source_record:not_publicly_portable:workspace/projects/PhyloOpenCell/metadata/panel_label_freeze_v1.tsv	0053c57a2fae1066ff243bcc8970c1b6cac7bdbf7f7c7a7f179e77ca83cf56f0;e4a09d28939b9a165661f86d5a2f4fb0c1d33fea1c7465dcc7cf874f0a8238bc;78a020ef314246281f19dc5eec25dbb28c50c5c376ee9df5a6b5090a0ec7d321	complete standardized dataset-label count; no governed panel mapping	not_in_governed_panel_hierarchy
Zea mays_PRJNA935359|Phloem|	Zea mays_PRJNA935359	PRJNA935359	Zea mays			cell_type_original	Phloem	PO:0005417				unmapped	candidate_auto_exact; exact_name; Plant Ontology exact lexical match; requires curator acceptance	348	standardized_h5ad_obs;ontology_mapping_candidates;panel_label_freeze_v1	internal_source_record:not_publicly_portable:data/datasets/Bioinformatics/h5ad/Zea mays_PRJNA935359.h5ad;internal_source_record:not_publicly_portable:workspace/projects/PhyloOpenCell/metadata/ontology_mapping_candidates.tsv;internal_source_record:not_publicly_portable:workspace/projects/PhyloOpenCell/metadata/panel_label_freeze_v1.tsv	0053c57a2fae1066ff243bcc8970c1b6cac7bdbf7f7c7a7f179e77ca83cf56f0;e4a09d28939b9a165661f86d5a2f4fb0c1d33fea1c7465dcc7cf874f0a8238bc;78a020ef314246281f19dc5eec25dbb28c50c5c376ee9df5a6b5090a0ec7d321	complete standardized dataset-label count; no governed panel mapping	not_in_governed_panel_hierarchy
Zea mays_PRJNA935359|Root cortex|	Zea mays_PRJNA935359	PRJNA935359	Zea mays			cell_type_original	Root cortex	PO:0000258				unmapped	candidate_auto_exact; exact_name; Plant Ontology exact lexical match; requires curator acceptance	1067	standardized_h5ad_obs;ontology_mapping_candidates;panel_label_freeze_v1	internal_source_record:not_publicly_portable:data/datasets/Bioinformatics/h5ad/Zea mays_PRJNA935359.h5ad;internal_source_record:not_publicly_portable:workspace/projects/PhyloOpenCell/metadata/ontology_mapping_candidates.tsv;internal_source_record:not_publicly_portable:workspace/projects/PhyloOpenCell/metadata/panel_label_freeze_v1.tsv	0053c57a2fae1066ff243bcc8970c1b6cac7bdbf7f7c7a7f179e77ca83cf56f0;e4a09d28939b9a165661f86d5a2f4fb0c1d33fea1c7465dcc7cf874f0a8238bc;78a020ef314246281f19dc5eec25dbb28c50c5c376ee9df5a6b5090a0ec7d321	complete standardized dataset-label count; no governed panel mapping	not_in_governed_panel_hierarchy
Zea mays_PRJNA935359|Root endodermis|	Zea mays_PRJNA935359	PRJNA935359	Zea mays			cell_type_original	Root endodermis	PO:0005059				unmapped	candidate_auto_exact; exact_name; Plant Ontology exact lexical match; requires curator acceptance	120	standardized_h5ad_obs;ontology_mapping_candidates;panel_label_freeze_v1	internal_source_record:not_publicly_portable:data/datasets/Bioinformatics/h5ad/Zea mays_PRJNA935359.h5ad;internal_source_record:not_publicly_portable:workspace/projects/PhyloOpenCell/metadata/ontology_mapping_candidates.tsv;internal_source_record:not_publicly_portable:workspace/projects/PhyloOpenCell/metadata/panel_label_freeze_v1.tsv	0053c57a2fae1066ff243bcc8970c1b6cac7bdbf7f7c7a7f179e77ca83cf56f0;e4a09d28939b9a165661f86d5a2f4fb0c1d33fea1c7465dcc7cf874f0a8238bc;78a020ef314246281f19dc5eec25dbb28c50c5c376ee9df5a6b5090a0ec7d321	complete standardized dataset-label count; no governed panel mapping	not_in_governed_panel_hierarchy
Zea mays_PRJNA935359|Root epidermis|	Zea mays_PRJNA935359	PRJNA935359	Zea mays			cell_type_original	Root epidermis	PO:0006036				unmapped	candidate_auto_exact; exact_name; Plant Ontology exact lexical match; requires curator acceptance	699	standardized_h5ad_obs;ontology_mapping_candidates;panel_label_freeze_v1	internal_source_record:not_publicly_portable:data/datasets/Bioinformatics/h5ad/Zea mays_PRJNA935359.h5ad;internal_source_record:not_publicly_portable:workspace/projects/PhyloOpenCell/metadata/ontology_mapping_candidates.tsv;internal_source_record:not_publicly_portable:workspace/projects/PhyloOpenCell/metadata/panel_label_freeze_v1.tsv	0053c57a2fae1066ff243bcc8970c1b6cac7bdbf7f7c7a7f179e77ca83cf56f0;e4a09d28939b9a165661f86d5a2f4fb0c1d33fea1c7465dcc7cf874f0a8238bc;78a020ef314246281f19dc5eec25dbb28c50c5c376ee9df5a6b5090a0ec7d321	complete standardized dataset-label count; no governed panel mapping	not_in_governed_panel_hierarchy
Zea mays_PRJNA935359|Root stele|	Zea mays_PRJNA935359	PRJNA935359	Zea mays			cell_type_original	Root stele	PO:0020124				unmapped	candidate_auto_exact; exact_name; Plant Ontology exact lexical match; requires curator acceptance	943	standardized_h5ad_obs;ontology_mapping_candidates;panel_label_freeze_v1	internal_source_record:not_publicly_portable:data/datasets/Bioinformatics/h5ad/Zea mays_PRJNA935359.h5ad;internal_source_record:not_publicly_portable:workspace/projects/PhyloOpenCell/metadata/ontology_mapping_candidates.tsv;internal_source_record:not_publicly_portable:workspace/projects/PhyloOpenCell/metadata/panel_label_freeze_v1.tsv	0053c57a2fae1066ff243bcc8970c1b6cac7bdbf7f7c7a7f179e77ca83cf56f0;e4a09d28939b9a165661f86d5a2f4fb0c1d33fea1c7465dcc7cf874f0a8238bc;78a020ef314246281f19dc5eec25dbb28c50c5c376ee9df5a6b5090a0ec7d321	complete standardized dataset-label count; no governed panel mapping	not_in_governed_panel_hierarchy
Zea mays_PRJNA935359|Xylem|	Zea mays_PRJNA935359	PRJNA935359	Zea mays			cell_type_original	Xylem	PO:0005352				unmapped	candidate_auto_exact; exact_name; Plant Ontology exact lexical match; requires curator acceptance	54	standardized_h5ad_obs;ontology_mapping_candidates;panel_label_freeze_v1	internal_source_record:not_publicly_portable:data/datasets/Bioinformatics/h5ad/Zea mays_PRJNA935359.h5ad;internal_source_record:not_publicly_portable:workspace/projects/PhyloOpenCell/metadata/ontology_mapping_candidates.tsv;internal_source_record:not_publicly_portable:workspace/projects/PhyloOpenCell/metadata/panel_label_freeze_v1.tsv	0053c57a2fae1066ff243bcc8970c1b6cac7bdbf7f7c7a7f179e77ca83cf56f0;e4a09d28939b9a165661f86d5a2f4fb0c1d33fea1c7465dcc7cf874f0a8238bc;78a020ef314246281f19dc5eec25dbb28c50c5c376ee9df5a6b5090a0ec7d321	complete standardized dataset-label count; no governed panel mapping	not_in_governed_panel_hierarchy
