dataset_id	dataset_role	analysis_role	repository	accession	publication_title	publication_doi	repository_record_url	downloaded_object_filename	object_size_bytes	actual_download_url	checksum_scope	species	tissue	tissue_status	label_column	cells	labeled_cells	unknown_cells	unknown_fraction	readable	integrity_status	root_panel_status	root_accepted	root_reason	root_candidate_label_count	root_labels_ge_100_cells	root_candidate_cells	leaf_panel_status	leaf_accepted	leaf_reason	leaf_candidate_label_count	leaf_labels_ge_100_cells	leaf_candidate_cells	vascular_panel_status	vascular_accepted	vascular_reason	vascular_candidate_label_count	vascular_labels_ge_100_cells	vascular_candidate_cells	source_path	source_sha256	provenance_version	direct_source_object_path	direct_source_object_sha256	gap_flags
Arabidopsis thaliana_CNP0002469	audited_resource	audited_not_used_in_discovery	CNCB-NGDC	CNP0002469			https://ngdc.cncb.ac.cn/				metadata_and_derived_records_only	Arabidopsis thaliana	not explicitly recorded	missing	celltype_after	69520	67966	1554	0.022353279631760644	True	readable	exclude	False	official_source_metadata_not_resolved;fewer_than_two_candidate_labels_with_100_cells	0	0	0	exclude	False	official_source_metadata_not_resolved	4	4	65078	exclude	False	official_source_metadata_not_resolved	2	2	3563	metadata/audit_datasets.csv;metadata/dataset_manifest.tsv	7871f0f2924b806d95e2273e41b0b049d3bb36df1a508e35eb706f50df483ec2;c685183a16b40eb674dfb2432ecee2a7767af86f99b71b2a2b750bcc34f0da84	resource_inventory_20260910+dataset_manifest_v1			direct_source_object_path_and_sha256_not_available_in_manuscript_evidence_v1;publication_doi_not_resolved_for_discovery_inventory;actual_download_url_not_retained_for_discovery_object
Arabidopsis thaliana_CNP0004389	audited_resource	audited_not_used_in_discovery	CNCB-NGDC	CNP0004389			https://ngdc.cncb.ac.cn/				metadata_and_derived_records_only	Arabidopsis thaliana	not explicitly recorded	missing	celltype_after	102713	60335	42378	0.41258652750868924	True	readable	exclude	False	orthogroup_coverage_below_60pct_or_unavailable;official_source_metadata_not_resolved;fewer_than_two_candidate_labels_with_100_cells	0	0	0	exclude	False	orthogroup_coverage_below_60pct_or_unavailable;official_source_metadata_not_resolved;fewer_than_two_candidate_labels_with_100_cells	0	0	0	exclude	False	orthogroup_coverage_below_60pct_or_unavailable;official_source_metadata_not_resolved;fewer_than_two_candidate_labels_with_100_cells	0	0	0	metadata/audit_datasets.csv;metadata/dataset_manifest.tsv	7871f0f2924b806d95e2273e41b0b049d3bb36df1a508e35eb706f50df483ec2;c685183a16b40eb674dfb2432ecee2a7767af86f99b71b2a2b750bcc34f0da84	resource_inventory_20260910+dataset_manifest_v1			direct_source_object_path_and_sha256_not_available_in_manuscript_evidence_v1;publication_doi_not_resolved_for_discovery_inventory;actual_download_url_not_retained_for_discovery_object
Arabidopsis thaliana_EMTAB11006	audited_resource	discovery_input:leaf	BioStudies/ArrayExpress	E-MTAB-11006			https://www.ebi.ac.uk/biostudies/arrayexpress/studies/E-MTAB-11006	Arabidopsis thaliana_EMTAB11006.h5ad	23374442		standardized_h5ad_object	Arabidopsis thaliana	not explicitly recorded	missing	celltype_after	1560	1560	0	0.0	True	readable	exclude	False	fewer_than_two_candidate_labels_with_100_cells	0	0	0	candidate_include	True	passes_provisional_panel_gates	3	3	452	exclude	False	fewer_than_two_candidate_labels_with_100_cells	1	1	161	metadata/audit_datasets.csv;metadata/dataset_manifest.tsv	7871f0f2924b806d95e2273e41b0b049d3bb36df1a508e35eb706f50df483ec2;c685183a16b40eb674dfb2432ecee2a7767af86f99b71b2a2b750bcc34f0da84	resource_inventory_20260910+dataset_manifest_v1	Arabidopsis thaliana_EMTAB11006.h5ad	6b5d9196378db58bc6bcc528e6444faba996cd0625b8531d468a1641d4a29554	publication_doi_not_resolved_for_discovery_inventory;actual_download_url_not_retained_for_discovery_object;public_raw_download_or_conversion_chain_not_resolved
Arabidopsis thaliana_EMTAB12532	audited_resource	audited_not_used_in_discovery	BioStudies/ArrayExpress	E-MTAB-12532			https://www.ebi.ac.uk/biostudies/arrayexpress/studies/E-MTAB-12532				metadata_and_derived_records_only	Arabidopsis thaliana	not explicitly recorded	missing	celltype_after	13957	11303	2654	0.1901554775381529	True	readable	exclude	False	fewer_than_two_candidate_labels_with_100_cells	0	0	0	exclude	False	fewer_than_two_candidate_labels_with_100_cells	0	0	0	exclude	False	fewer_than_two_candidate_labels_with_100_cells	0	0	0	metadata/audit_datasets.csv;metadata/dataset_manifest.tsv	7871f0f2924b806d95e2273e41b0b049d3bb36df1a508e35eb706f50df483ec2;c685183a16b40eb674dfb2432ecee2a7767af86f99b71b2a2b750bcc34f0da84	resource_inventory_20260910+dataset_manifest_v1			direct_source_object_path_and_sha256_not_available_in_manuscript_evidence_v1;publication_doi_not_resolved_for_discovery_inventory;actual_download_url_not_retained_for_discovery_object
Arabidopsis thaliana_EMTAB9174	audited_resource	audited_not_used_in_discovery	BioStudies/ArrayExpress	E-MTAB-9174			https://www.ebi.ac.uk/biostudies/arrayexpress/studies/E-MTAB-9174				metadata_and_derived_records_only	Arabidopsis thaliana	not explicitly recorded in source; annotation labels include flower meristem and anther	recorded	celltype_after	1348	1320	28	0.020771513353115726	True	readable	exclude	False	fewer_than_two_candidate_labels_with_100_cells	0	0	0	exclude	False	fewer_than_two_candidate_labels_with_100_cells	0	0	0	exclude	False	fewer_than_two_candidate_labels_with_100_cells	0	0	0	metadata/audit_datasets.csv;metadata/dataset_manifest.tsv	7871f0f2924b806d95e2273e41b0b049d3bb36df1a508e35eb706f50df483ec2;c685183a16b40eb674dfb2432ecee2a7767af86f99b71b2a2b750bcc34f0da84	resource_inventory_20260910+dataset_manifest_v1			direct_source_object_path_and_sha256_not_available_in_manuscript_evidence_v1;publication_doi_not_resolved_for_discovery_inventory;actual_download_url_not_retained_for_discovery_object
Arabidopsis thaliana_PRJCA003094	audited_resource	audited_not_used_in_discovery	CNCB-NGDC	PRJCA003094			https://ngdc.cncb.ac.cn/				metadata_and_derived_records_only	Arabidopsis thaliana	not explicitly recorded	missing	celltype_after	35199	30725	4474	0.12710588368987755	True	readable	exclude	False	orthogroup_coverage_below_60pct_or_unavailable;fewer_than_two_candidate_labels_with_100_cells	0	0	0	exclude	False	orthogroup_coverage_below_60pct_or_unavailable;fewer_than_two_candidate_labels_with_100_cells	0	0	0	exclude	False	orthogroup_coverage_below_60pct_or_unavailable;fewer_than_two_candidate_labels_with_100_cells	0	0	0	metadata/audit_datasets.csv;metadata/dataset_manifest.tsv	7871f0f2924b806d95e2273e41b0b049d3bb36df1a508e35eb706f50df483ec2;c685183a16b40eb674dfb2432ecee2a7767af86f99b71b2a2b750bcc34f0da84	resource_inventory_20260910+dataset_manifest_v1			direct_source_object_path_and_sha256_not_available_in_manuscript_evidence_v1;publication_doi_not_resolved_for_discovery_inventory;actual_download_url_not_retained_for_discovery_object
Arabidopsis thaliana_PRJCA016521_Root	audited_resource	discovery_input:root,vascular	CNCB-NGDC	PRJCA016521			https://ngdc.cncb.ac.cn/	Arabidopsis thaliana_PRJCA016521_Root.h5ad	626222871		standardized_h5ad_object	Arabidopsis thaliana	root	recorded	celltype_after	54273	43340	10933	0.20144454885486338	True	readable	candidate_include	True	passes_provisional_panel_gates	7	7	24642	exclude	False	fewer_than_two_candidate_labels_with_100_cells	0	0	0	candidate_include	True	passes_provisional_panel_gates	3	3	7773	metadata/audit_datasets.csv;metadata/dataset_manifest.tsv	7871f0f2924b806d95e2273e41b0b049d3bb36df1a508e35eb706f50df483ec2;c685183a16b40eb674dfb2432ecee2a7767af86f99b71b2a2b750bcc34f0da84	resource_inventory_20260910+dataset_manifest_v1	Arabidopsis thaliana_PRJCA016521_Root.h5ad	43e80e4ef69cdbe6efb7d39b7d3750dd747a7b71e8e32198ec7ec51ad1c65ddc	publication_doi_not_resolved_for_discovery_inventory;actual_download_url_not_retained_for_discovery_object;public_raw_download_or_conversion_chain_not_resolved
Arabidopsis thaliana_PRJCA016521_Shoot	audited_resource	discovery_input:vascular	CNCB-NGDC	PRJCA016521			https://ngdc.cncb.ac.cn/	Arabidopsis thaliana_PRJCA016521_Shoot.h5ad	261590044		standardized_h5ad_object	Arabidopsis thaliana	shoot	recorded	celltype_after	35503	27547	7956	0.22409373855730502	True	readable	exclude	False	fewer_than_two_candidate_labels_with_100_cells	0	0	0	exclude	False	fewer_than_two_candidate_labels_with_100_cells	1	1	7846	candidate_include	True	passes_provisional_panel_gates	4	4	6009	metadata/audit_datasets.csv;metadata/dataset_manifest.tsv	7871f0f2924b806d95e2273e41b0b049d3bb36df1a508e35eb706f50df483ec2;c685183a16b40eb674dfb2432ecee2a7767af86f99b71b2a2b750bcc34f0da84	resource_inventory_20260910+dataset_manifest_v1	Arabidopsis thaliana_PRJCA016521_Shoot.h5ad	d8584636666d2f7a424d910f27f11d354cc12e4e73e80220e14abfe3c0316553	publication_doi_not_resolved_for_discovery_inventory;actual_download_url_not_retained_for_discovery_object;public_raw_download_or_conversion_chain_not_resolved
Arabidopsis thaliana_PRJCA021408_Root	audited_resource	discovery_input:root	CNCB-NGDC	PRJCA021408			https://ngdc.cncb.ac.cn/	Arabidopsis thaliana_PRJCA021408_Root.h5ad	103182892		standardized_h5ad_object	Arabidopsis thaliana	root	recorded	celltype_after	21616	17803	3813	0.17639711324944485	True	readable	candidate_include	True	passes_provisional_panel_gates	4	4	17803	exclude	False	fewer_than_two_candidate_labels_with_100_cells	0	0	0	exclude	False	fewer_than_two_candidate_labels_with_100_cells	0	0	0	metadata/audit_datasets.csv;metadata/dataset_manifest.tsv	7871f0f2924b806d95e2273e41b0b049d3bb36df1a508e35eb706f50df483ec2;c685183a16b40eb674dfb2432ecee2a7767af86f99b71b2a2b750bcc34f0da84	resource_inventory_20260910+dataset_manifest_v1	Arabidopsis thaliana_PRJCA021408_Root.h5ad	9e881cb7b6d0b8ef9433e2d5b706b41f7c70d76f372f9b282ab0906bcc60ee73	publication_doi_not_resolved_for_discovery_inventory;actual_download_url_not_retained_for_discovery_object;public_raw_download_or_conversion_chain_not_resolved
Arabidopsis thaliana_PRJCA021408_Shoot	audited_resource	discovery_input:leaf	CNCB-NGDC	PRJCA021408			https://ngdc.cncb.ac.cn/	Arabidopsis thaliana_PRJCA021408_Shoot.h5ad	287900385		standardized_h5ad_object	Arabidopsis thaliana	shoot	recorded	celltype_after	68134	41978	26156	0.3838905685854346	True	readable	exclude	False	fewer_than_two_candidate_labels_with_100_cells	0	0	0	candidate_include	True	passes_provisional_panel_gates	2	2	28402	exclude	False	fewer_than_two_candidate_labels_with_100_cells	0	0	0	metadata/audit_datasets.csv;metadata/dataset_manifest.tsv	7871f0f2924b806d95e2273e41b0b049d3bb36df1a508e35eb706f50df483ec2;c685183a16b40eb674dfb2432ecee2a7767af86f99b71b2a2b750bcc34f0da84	resource_inventory_20260910+dataset_manifest_v1	Arabidopsis thaliana_PRJCA021408_Shoot.h5ad	dea9349e01e503240690d9ce8a32ca1fe3af1cb9404a12de72d7484da90e89ab	publication_doi_not_resolved_for_discovery_inventory;actual_download_url_not_retained_for_discovery_object;public_raw_download_or_conversion_chain_not_resolved
Arabidopsis thaliana_PRJDB14071	audited_resource	discovery_input:leaf	ENA/DDBJ BioProject	PRJDB14071			https://www.ebi.ac.uk/ena/browser/view/PRJDB14071	Arabidopsis thaliana_PRJDB14071.h5ad	73713057		standardized_h5ad_object	Arabidopsis thaliana	not explicitly recorded	missing	celltype_after	18280	6274	12006	0.6567833698030635	True	readable	exclude	False	fewer_than_two_candidate_labels_with_100_cells	0	0	0	candidate_include	True	passes_provisional_panel_gates	4	4	3622	exclude	False	fewer_than_two_candidate_labels_with_100_cells	1	1	258	metadata/audit_datasets.csv;metadata/dataset_manifest.tsv	7871f0f2924b806d95e2273e41b0b049d3bb36df1a508e35eb706f50df483ec2;c685183a16b40eb674dfb2432ecee2a7767af86f99b71b2a2b750bcc34f0da84	resource_inventory_20260910+dataset_manifest_v1	Arabidopsis thaliana_PRJDB14071.h5ad	bf6e487beef064348a76c926f50b49fd78d3863ffd2ea87e90b10b5ac72d7d38	publication_doi_not_resolved_for_discovery_inventory;actual_download_url_not_retained_for_discovery_object;public_raw_download_or_conversion_chain_not_resolved
Arabidopsis thaliana_PRJEB47924	audited_resource	audited_not_used_in_discovery	ENA/DDBJ BioProject	PRJEB47924			https://www.ebi.ac.uk/ena/browser/view/PRJEB47924				metadata_and_derived_records_only	Arabidopsis thaliana	not explicitly recorded	missing	celltype_after	2286	721	1565	0.6846019247594051	True	readable	exclude	False	orthogroup_coverage_below_60pct_or_unavailable;fewer_than_two_candidate_labels_with_100_cells	0	0	0	exclude	False	orthogroup_coverage_below_60pct_or_unavailable;fewer_than_two_candidate_labels_with_100_cells	0	0	0	exclude	False	orthogroup_coverage_below_60pct_or_unavailable;fewer_than_two_candidate_labels_with_100_cells	0	0	0	metadata/audit_datasets.csv;metadata/dataset_manifest.tsv	7871f0f2924b806d95e2273e41b0b049d3bb36df1a508e35eb706f50df483ec2;c685183a16b40eb674dfb2432ecee2a7767af86f99b71b2a2b750bcc34f0da84	resource_inventory_20260910+dataset_manifest_v1			direct_source_object_path_and_sha256_not_available_in_manuscript_evidence_v1;publication_doi_not_resolved_for_discovery_inventory;actual_download_url_not_retained_for_discovery_object
Arabidopsis thaliana_PRJEB61052	audited_resource	discovery_input:leaf,vascular	ENA/DDBJ BioProject	PRJEB61052			https://www.ebi.ac.uk/ena/browser/view/PRJEB61052	Arabidopsis thaliana_PRJEB61052.h5ad	1412012811		standardized_h5ad_object	Arabidopsis thaliana	not explicitly recorded	missing	celltype_after	54066	21164	32902	0.6085525098953132	True	readable	exclude	False	fewer_than_two_candidate_labels_with_100_cells	0	0	0	candidate_include	True	passes_provisional_panel_gates	3	3	16108	candidate_include	True	passes_provisional_panel_gates	2	2	2182	metadata/audit_datasets.csv;metadata/dataset_manifest.tsv	7871f0f2924b806d95e2273e41b0b049d3bb36df1a508e35eb706f50df483ec2;c685183a16b40eb674dfb2432ecee2a7767af86f99b71b2a2b750bcc34f0da84	resource_inventory_20260910+dataset_manifest_v1	Arabidopsis thaliana_PRJEB61052.h5ad	49904967f6322cbb9ec6d549d6849a046311568cf5f51b20dee2bbe37bc73f22	publication_doi_not_resolved_for_discovery_inventory;actual_download_url_not_retained_for_discovery_object;public_raw_download_or_conversion_chain_not_resolved
Arabidopsis thaliana_PRJNA471914	audited_resource	discovery_input:root	NCBI BioProject	PRJNA471914			https://www.ncbi.nlm.nih.gov/bioproject/PRJNA471914	Arabidopsis thaliana_PRJNA471914.h5ad	110164303		standardized_h5ad_object	Arabidopsis thaliana	not explicitly recorded	missing	celltype_after	5045	4204	841	0.16669970267591674	True	readable	candidate_include	True	passes_provisional_panel_gates	5	5	2313	exclude	False	fewer_than_two_candidate_labels_with_100_cells	0	0	0	exclude	False	fewer_than_two_candidate_labels_with_100_cells	1	1	269	metadata/audit_datasets.csv;metadata/dataset_manifest.tsv	7871f0f2924b806d95e2273e41b0b049d3bb36df1a508e35eb706f50df483ec2;c685183a16b40eb674dfb2432ecee2a7767af86f99b71b2a2b750bcc34f0da84	resource_inventory_20260910+dataset_manifest_v1	Arabidopsis thaliana_PRJNA471914.h5ad	1c5ba3bd216502b907dc43e3d843218d41fbf504f9f09a041df374461577e2fc	publication_doi_not_resolved_for_discovery_inventory;actual_download_url_not_retained_for_discovery_object;public_raw_download_or_conversion_chain_not_resolved
Arabidopsis thaliana_PRJNA497883	audited_resource	discovery_input:root,vascular	NCBI BioProject	PRJNA497883			https://www.ncbi.nlm.nih.gov/bioproject/PRJNA497883	Arabidopsis thaliana_PRJNA497883.h5ad	251041014		standardized_h5ad_object	Arabidopsis thaliana	not explicitly recorded	missing	celltype_after	15869	15869	0	0.0	True	readable	candidate_include	True	passes_provisional_panel_gates	5	5	7618	exclude	False	fewer_than_two_candidate_labels_with_100_cells	0	0	0	candidate_include	True	passes_provisional_panel_gates	2	2	2582	metadata/audit_datasets.csv;metadata/dataset_manifest.tsv	7871f0f2924b806d95e2273e41b0b049d3bb36df1a508e35eb706f50df483ec2;c685183a16b40eb674dfb2432ecee2a7767af86f99b71b2a2b750bcc34f0da84	resource_inventory_20260910+dataset_manifest_v1	Arabidopsis thaliana_PRJNA497883.h5ad	8d3649488085a62071c2d302ddafc15cd0657dd85b9a81ac6ed679af003998c5	publication_doi_not_resolved_for_discovery_inventory;actual_download_url_not_retained_for_discovery_object;public_raw_download_or_conversion_chain_not_resolved
Arabidopsis thaliana_PRJNA506007	audited_resource	discovery_input:root	NCBI BioProject	PRJNA506007			https://www.ncbi.nlm.nih.gov/bioproject/PRJNA506007	Arabidopsis thaliana_PRJNA506007.h5ad	426526678		standardized_h5ad_object	Arabidopsis thaliana	not explicitly recorded	missing	celltype_after	15843	15843	0	0.0	True	readable	candidate_include	True	passes_provisional_panel_gates	4	3	3858	exclude	False	fewer_than_two_candidate_labels_with_100_cells	0	0	0	exclude	False	fewer_than_two_candidate_labels_with_100_cells	0	0	0	metadata/audit_datasets.csv;metadata/dataset_manifest.tsv	7871f0f2924b806d95e2273e41b0b049d3bb36df1a508e35eb706f50df483ec2;c685183a16b40eb674dfb2432ecee2a7767af86f99b71b2a2b750bcc34f0da84	resource_inventory_20260910+dataset_manifest_v1	Arabidopsis thaliana_PRJNA506007.h5ad	f42b760819dbad199a3a689133af2672b39b692c104a5ad7758db25e53ab401d	publication_doi_not_resolved_for_discovery_inventory;actual_download_url_not_retained_for_discovery_object;public_raw_download_or_conversion_chain_not_resolved
Arabidopsis thaliana_PRJNA507252	audited_resource	discovery_input:root,vascular	NCBI BioProject	PRJNA507252			https://www.ncbi.nlm.nih.gov/bioproject/PRJNA507252	Arabidopsis thaliana_PRJNA507252.h5ad	301246820		standardized_h5ad_object	Arabidopsis thaliana	not explicitly recorded	missing	celltype_after	17537	17537	0	0.0	True	readable	candidate_include	True	passes_provisional_panel_gates	5	5	10546	exclude	False	fewer_than_two_candidate_labels_with_100_cells	0	0	0	candidate_include	True	passes_provisional_panel_gates	2	2	1165	metadata/audit_datasets.csv;metadata/dataset_manifest.tsv	7871f0f2924b806d95e2273e41b0b049d3bb36df1a508e35eb706f50df483ec2;c685183a16b40eb674dfb2432ecee2a7767af86f99b71b2a2b750bcc34f0da84	resource_inventory_20260910+dataset_manifest_v1	Arabidopsis thaliana_PRJNA507252.h5ad	824d672183db7f75559e6774f0220be0d1ebe0c0bf7fe5efa0736162ec44969f	publication_doi_not_resolved_for_discovery_inventory;actual_download_url_not_retained_for_discovery_object;public_raw_download_or_conversion_chain_not_resolved
Arabidopsis thaliana_PRJNA509920	audited_resource	discovery_input:root	NCBI BioProject	PRJNA509920			https://www.ncbi.nlm.nih.gov/bioproject/PRJNA509920	Arabidopsis thaliana_PRJNA509920.h5ad	111900696		standardized_h5ad_object	Arabidopsis thaliana	not explicitly recorded	missing	celltype_after	9928	9928	0	0.0	True	readable	candidate_include	True	passes_provisional_panel_gates	4	4	3749	exclude	False	fewer_than_two_candidate_labels_with_100_cells	0	0	0	exclude	False	fewer_than_two_candidate_labels_with_100_cells	0	0	0	metadata/audit_datasets.csv;metadata/dataset_manifest.tsv	7871f0f2924b806d95e2273e41b0b049d3bb36df1a508e35eb706f50df483ec2;c685183a16b40eb674dfb2432ecee2a7767af86f99b71b2a2b750bcc34f0da84	resource_inventory_20260910+dataset_manifest_v1	Arabidopsis thaliana_PRJNA509920.h5ad	b89ef953c0dfe6898c39340e183961800ef5402699ff5f9daeffa856fc270cfd	publication_doi_not_resolved_for_discovery_inventory;actual_download_url_not_retained_for_discovery_object;public_raw_download_or_conversion_chain_not_resolved
Arabidopsis thaliana_PRJNA517021	audited_resource	discovery_input:root,vascular	NCBI BioProject	PRJNA517021			https://www.ncbi.nlm.nih.gov/bioproject/PRJNA517021	Arabidopsis thaliana_PRJNA517021.h5ad	43628466		standardized_h5ad_object	Arabidopsis thaliana	not explicitly recorded	missing	celltype_after	12674	12674	0	0.0	True	readable	candidate_include	True	passes_provisional_panel_gates	5	5	7770	exclude	False	fewer_than_two_candidate_labels_with_100_cells	0	0	0	candidate_include	True	passes_provisional_panel_gates	2	2	1187	metadata/audit_datasets.csv;metadata/dataset_manifest.tsv	7871f0f2924b806d95e2273e41b0b049d3bb36df1a508e35eb706f50df483ec2;c685183a16b40eb674dfb2432ecee2a7767af86f99b71b2a2b750bcc34f0da84	resource_inventory_20260910+dataset_manifest_v1	Arabidopsis thaliana_PRJNA517021.h5ad	f03ec7f193f957d95e1ef18bd71eb7cb0c23e8d56eb0d141c606f6fd6a320121	publication_doi_not_resolved_for_discovery_inventory;actual_download_url_not_retained_for_discovery_object;public_raw_download_or_conversion_chain_not_resolved
Arabidopsis thaliana_PRJNA551314	audited_resource	audited_not_used_in_discovery	NCBI BioProject	PRJNA551314			https://www.ncbi.nlm.nih.gov/bioproject/PRJNA551314				metadata_and_derived_records_only	Arabidopsis thaliana	not explicitly recorded	missing	celltype_after	777	550	227	0.29214929214929214	True	readable	exclude	False	orthogroup_coverage_below_60pct_or_unavailable;fewer_than_two_candidate_labels_with_100_cells	0	0	0	exclude	False	orthogroup_coverage_below_60pct_or_unavailable;fewer_than_two_candidate_labels_with_100_cells	0	0	0	exclude	False	orthogroup_coverage_below_60pct_or_unavailable;fewer_than_two_candidate_labels_with_100_cells	0	0	0	metadata/audit_datasets.csv;metadata/dataset_manifest.tsv	7871f0f2924b806d95e2273e41b0b049d3bb36df1a508e35eb706f50df483ec2;c685183a16b40eb674dfb2432ecee2a7767af86f99b71b2a2b750bcc34f0da84	resource_inventory_20260910+dataset_manifest_v1			direct_source_object_path_and_sha256_not_available_in_manuscript_evidence_v1;publication_doi_not_resolved_for_discovery_inventory;actual_download_url_not_retained_for_discovery_object
Arabidopsis thaliana_PRJNA577177	audited_resource	discovery_input:leaf	NCBI BioProject	PRJNA577177			https://www.ncbi.nlm.nih.gov/bioproject/PRJNA577177	Arabidopsis thaliana_PRJNA577177.h5ad	209314991		standardized_h5ad_object	Arabidopsis thaliana	not explicitly recorded	missing	celltype_after	12492	10677	1815	0.1452929875120077	True	readable	exclude	False	fewer_than_two_candidate_labels_with_100_cells	0	0	0	candidate_include	True	passes_provisional_panel_gates	3	3	5802	exclude	False	fewer_than_two_candidate_labels_with_100_cells	0	0	0	metadata/audit_datasets.csv;metadata/dataset_manifest.tsv	7871f0f2924b806d95e2273e41b0b049d3bb36df1a508e35eb706f50df483ec2;c685183a16b40eb674dfb2432ecee2a7767af86f99b71b2a2b750bcc34f0da84	resource_inventory_20260910+dataset_manifest_v1	Arabidopsis thaliana_PRJNA577177.h5ad	cfa7eb9a1873a97d81f033e63c72b50626598e7e8c0a8ea6a480220798d94b02	publication_doi_not_resolved_for_discovery_inventory;actual_download_url_not_retained_for_discovery_object;public_raw_download_or_conversion_chain_not_resolved
Arabidopsis thaliana_PRJNA594539	audited_resource	discovery_input:root,vascular	NCBI BioProject	PRJNA594539			https://www.ncbi.nlm.nih.gov/bioproject/PRJNA594539	Arabidopsis thaliana_PRJNA594539.h5ad	316617452		standardized_h5ad_object	Arabidopsis thaliana	not explicitly recorded	missing	celltype_after	15930	15930	0	0.0	True	readable	candidate_include	True	passes_provisional_panel_gates	7	7	8799	exclude	False	fewer_than_two_candidate_labels_with_100_cells	0	0	0	candidate_include	True	passes_provisional_panel_gates	2	2	1775	metadata/audit_datasets.csv;metadata/dataset_manifest.tsv	7871f0f2924b806d95e2273e41b0b049d3bb36df1a508e35eb706f50df483ec2;c685183a16b40eb674dfb2432ecee2a7767af86f99b71b2a2b750bcc34f0da84	resource_inventory_20260910+dataset_manifest_v1	Arabidopsis thaliana_PRJNA594539.h5ad	a01a40896bf89c9d2290e92b44e692f3c3e05713d19b046649c45ef126dbd90f	publication_doi_not_resolved_for_discovery_inventory;actual_download_url_not_retained_for_discovery_object;public_raw_download_or_conversion_chain_not_resolved
Arabidopsis thaliana_PRJNA605594	audited_resource	audited_not_used_in_discovery	NCBI BioProject	PRJNA605594			https://www.ncbi.nlm.nih.gov/bioproject/PRJNA605594				metadata_and_derived_records_only	Arabidopsis thaliana	not explicitly recorded	missing	celltype_after	53461	36370	17091	0.31969098969342136	True	readable	exclude	False	orthogroup_coverage_below_60pct_or_unavailable;species_not_officially_matched;fewer_than_two_candidate_labels_with_100_cells	0	0	0	exclude	False	orthogroup_coverage_below_60pct_or_unavailable;species_not_officially_matched;fewer_than_two_candidate_labels_with_100_cells	0	0	0	exclude	False	orthogroup_coverage_below_60pct_or_unavailable;species_not_officially_matched;fewer_than_two_candidate_labels_with_100_cells	0	0	0	metadata/audit_datasets.csv;metadata/dataset_manifest.tsv	7871f0f2924b806d95e2273e41b0b049d3bb36df1a508e35eb706f50df483ec2;c685183a16b40eb674dfb2432ecee2a7767af86f99b71b2a2b750bcc34f0da84	resource_inventory_20260910+dataset_manifest_v1			direct_source_object_path_and_sha256_not_available_in_manuscript_evidence_v1;publication_doi_not_resolved_for_discovery_inventory;actual_download_url_not_retained_for_discovery_object
Arabidopsis thaliana_PRJNA613684	audited_resource	discovery_input:leaf	NCBI BioProject	PRJNA613684			https://www.ncbi.nlm.nih.gov/bioproject/PRJNA613684	Arabidopsis thaliana_PRJNA613684.h5ad	156082073		standardized_h5ad_object	Arabidopsis thaliana	not explicitly recorded	missing	celltype_after	16324	11508	4816	0.2950257289879931	True	readable	exclude	False	fewer_than_two_candidate_labels_with_100_cells	0	0	0	candidate_include	True	passes_provisional_panel_gates	3	3	10879	exclude	False	fewer_than_two_candidate_labels_with_100_cells	1	1	629	metadata/audit_datasets.csv;metadata/dataset_manifest.tsv	7871f0f2924b806d95e2273e41b0b049d3bb36df1a508e35eb706f50df483ec2;c685183a16b40eb674dfb2432ecee2a7767af86f99b71b2a2b750bcc34f0da84	resource_inventory_20260910+dataset_manifest_v1	Arabidopsis thaliana_PRJNA613684.h5ad	30f574644623b6871ee201781519e00e6e5679cacd11282f0084af75e052bb2e	publication_doi_not_resolved_for_discovery_inventory;actual_download_url_not_retained_for_discovery_object;public_raw_download_or_conversion_chain_not_resolved
Arabidopsis thaliana_PRJNA640389	audited_resource	discovery_input:root,vascular	NCBI BioProject	PRJNA640389			https://www.ncbi.nlm.nih.gov/bioproject/PRJNA640389	Arabidopsis thaliana_PRJNA640389.h5ad	8179201665		standardized_h5ad_object	Arabidopsis thaliana	not explicitly recorded	missing	celltype_after	110427	110427	0	0.0	True	readable	candidate_include	True	passes_provisional_panel_gates	5	5	54952	exclude	False	fewer_than_two_candidate_labels_with_100_cells	0	0	0	candidate_include	True	passes_provisional_panel_gates	2	2	10950	metadata/audit_datasets.csv;metadata/dataset_manifest.tsv	7871f0f2924b806d95e2273e41b0b049d3bb36df1a508e35eb706f50df483ec2;c685183a16b40eb674dfb2432ecee2a7767af86f99b71b2a2b750bcc34f0da84	resource_inventory_20260910+dataset_manifest_v1	Arabidopsis thaliana_PRJNA640389.h5ad	a27dfe8d0825c0fd2c779026f53c462cb3bc1c0b06951fb1dc79982a5b3250b6	publication_doi_not_resolved_for_discovery_inventory;actual_download_url_not_retained_for_discovery_object;public_raw_download_or_conversion_chain_not_resolved
Arabidopsis thaliana_PRJNA648028	audited_resource	audited_not_used_in_discovery	NCBI BioProject	PRJNA648028			https://www.ncbi.nlm.nih.gov/bioproject/PRJNA648028				metadata_and_derived_records_only	Arabidopsis thaliana	not explicitly recorded	missing	celltype_after	25398	0	25398	1.0	True	readable	exclude	False	fewer_than_two_candidate_labels_with_100_cells	0	0	0	exclude	False	fewer_than_two_candidate_labels_with_100_cells	0	0	0	exclude	False	fewer_than_two_candidate_labels_with_100_cells	0	0	0	metadata/audit_datasets.csv;metadata/dataset_manifest.tsv	7871f0f2924b806d95e2273e41b0b049d3bb36df1a508e35eb706f50df483ec2;c685183a16b40eb674dfb2432ecee2a7767af86f99b71b2a2b750bcc34f0da84	resource_inventory_20260910+dataset_manifest_v1			direct_source_object_path_and_sha256_not_available_in_manuscript_evidence_v1;publication_doi_not_resolved_for_discovery_inventory;actual_download_url_not_retained_for_discovery_object
Arabidopsis thaliana_PRJNA649267	audited_resource	discovery_input:root,vascular	NCBI BioProject	PRJNA649267			https://www.ncbi.nlm.nih.gov/bioproject/PRJNA649267	Arabidopsis thaliana_PRJNA649267.h5ad	86354164		standardized_h5ad_object	Arabidopsis thaliana	not explicitly recorded	missing	celltype_after	10990	10990	0	0.0	True	readable	candidate_include	True	passes_provisional_panel_gates	5	5	5470	exclude	False	fewer_than_two_candidate_labels_with_100_cells	0	0	0	candidate_include	True	passes_provisional_panel_gates	2	2	1039	metadata/audit_datasets.csv;metadata/dataset_manifest.tsv	7871f0f2924b806d95e2273e41b0b049d3bb36df1a508e35eb706f50df483ec2;c685183a16b40eb674dfb2432ecee2a7767af86f99b71b2a2b750bcc34f0da84	resource_inventory_20260910+dataset_manifest_v1	Arabidopsis thaliana_PRJNA649267.h5ad	438d554e51de7bded1cd1a919c2bfeac403b09e8a2dbd58ac3cb44f089fe9f2c	publication_doi_not_resolved_for_discovery_inventory;actual_download_url_not_retained_for_discovery_object;public_raw_download_or_conversion_chain_not_resolved
Arabidopsis thaliana_PRJNA659737	audited_resource	audited_not_used_in_discovery	NCBI BioProject	PRJNA659737			https://www.ncbi.nlm.nih.gov/bioproject/PRJNA659737				metadata_and_derived_records_only	Arabidopsis thaliana	not explicitly recorded	missing	celltype_after	5710	5344	366	0.06409807355516638	True	readable	exclude	False	fewer_than_two_candidate_labels_with_100_cells	0	0	0	exclude	False	fewer_than_two_candidate_labels_with_100_cells	0	0	0	exclude	False	fewer_than_two_candidate_labels_with_100_cells	0	0	0	metadata/audit_datasets.csv;metadata/dataset_manifest.tsv	7871f0f2924b806d95e2273e41b0b049d3bb36df1a508e35eb706f50df483ec2;c685183a16b40eb674dfb2432ecee2a7767af86f99b71b2a2b750bcc34f0da84	resource_inventory_20260910+dataset_manifest_v1			direct_source_object_path_and_sha256_not_available_in_manuscript_evidence_v1;publication_doi_not_resolved_for_discovery_inventory;actual_download_url_not_retained_for_discovery_object
Arabidopsis thaliana_PRJNA664874	audited_resource	audited_not_used_in_discovery	NCBI BioProject	PRJNA664874			https://www.ncbi.nlm.nih.gov/bioproject/PRJNA664874				metadata_and_derived_records_only	Arabidopsis thaliana	not explicitly recorded	missing	celltype_after	1274	672	602	0.4725274725274725	True	readable	exclude	False	fewer_than_two_candidate_labels_with_100_cells	4	0	277	exclude	False	fewer_than_two_candidate_labels_with_100_cells	0	0	0	exclude	False	fewer_than_two_candidate_labels_with_100_cells	0	0	0	metadata/audit_datasets.csv;metadata/dataset_manifest.tsv	7871f0f2924b806d95e2273e41b0b049d3bb36df1a508e35eb706f50df483ec2;c685183a16b40eb674dfb2432ecee2a7767af86f99b71b2a2b750bcc34f0da84	resource_inventory_20260910+dataset_manifest_v1			direct_source_object_path_and_sha256_not_available_in_manuscript_evidence_v1;publication_doi_not_resolved_for_discovery_inventory;actual_download_url_not_retained_for_discovery_object
Arabidopsis thaliana_PRJNA666436	audited_resource	discovery_input:root	NCBI BioProject	PRJNA666436			https://www.ncbi.nlm.nih.gov/bioproject/PRJNA666436	Arabidopsis thaliana_PRJNA666436.h5ad	118038016		standardized_h5ad_object	Arabidopsis thaliana	not explicitly recorded	missing	celltype_after	18859	18859	0	0.0	True	readable	candidate_include	True	passes_provisional_panel_gates	6	6	6725	exclude	False	fewer_than_two_candidate_labels_with_100_cells	0	0	0	exclude	False	fewer_than_two_candidate_labels_with_100_cells	1	1	1214	metadata/audit_datasets.csv;metadata/dataset_manifest.tsv	7871f0f2924b806d95e2273e41b0b049d3bb36df1a508e35eb706f50df483ec2;c685183a16b40eb674dfb2432ecee2a7767af86f99b71b2a2b750bcc34f0da84	resource_inventory_20260910+dataset_manifest_v1	Arabidopsis thaliana_PRJNA666436.h5ad	c7790abfc7ece302019e291e093a6d4aa30ae22bde3a102dc5f027ce98f7347c	publication_doi_not_resolved_for_discovery_inventory;actual_download_url_not_retained_for_discovery_object;public_raw_download_or_conversion_chain_not_resolved
Arabidopsis thaliana_PRJNA678377	audited_resource	discovery_input:leaf,vascular	NCBI BioProject	PRJNA678377			https://www.ncbi.nlm.nih.gov/bioproject/PRJNA678377	Arabidopsis thaliana_PRJNA678377.h5ad	72215532		standardized_h5ad_object	Arabidopsis thaliana	not explicitly recorded	missing	celltype_after	5328	5328	0	0.0	True	readable	exclude	False	fewer_than_two_candidate_labels_with_100_cells	0	0	0	candidate_include	True	passes_provisional_panel_gates	4	3	4887	candidate_include	True	passes_provisional_panel_gates	2	2	441	metadata/audit_datasets.csv;metadata/dataset_manifest.tsv	7871f0f2924b806d95e2273e41b0b049d3bb36df1a508e35eb706f50df483ec2;c685183a16b40eb674dfb2432ecee2a7767af86f99b71b2a2b750bcc34f0da84	resource_inventory_20260910+dataset_manifest_v1	Arabidopsis thaliana_PRJNA678377.h5ad	cdf5482105bdd83bb73a54300fc320a6cb9e9f4e2dc7750fd18fdbd7991bded4	publication_doi_not_resolved_for_discovery_inventory;actual_download_url_not_retained_for_discovery_object;public_raw_download_or_conversion_chain_not_resolved
Arabidopsis thaliana_PRJNA680241	audited_resource	audited_not_used_in_discovery	NCBI BioProject	PRJNA680241			https://www.ncbi.nlm.nih.gov/bioproject/PRJNA680241				metadata_and_derived_records_only	Arabidopsis thaliana	lateral root	recorded	celltype_after	345	135	210	0.6086956521739131	True	readable	exclude	False	fewer_than_two_candidate_labels_with_100_cells	2	0	135	exclude	False	fewer_than_two_candidate_labels_with_100_cells	0	0	0	exclude	False	fewer_than_two_candidate_labels_with_100_cells	0	0	0	metadata/audit_datasets.csv;metadata/dataset_manifest.tsv	7871f0f2924b806d95e2273e41b0b049d3bb36df1a508e35eb706f50df483ec2;c685183a16b40eb674dfb2432ecee2a7767af86f99b71b2a2b750bcc34f0da84	resource_inventory_20260910+dataset_manifest_v1			direct_source_object_path_and_sha256_not_available_in_manuscript_evidence_v1;publication_doi_not_resolved_for_discovery_inventory;actual_download_url_not_retained_for_discovery_object
Arabidopsis thaliana_PRJNA703045	audited_resource	discovery_input:leaf	NCBI BioProject	PRJNA703045			https://www.ncbi.nlm.nih.gov/bioproject/PRJNA703045	Arabidopsis thaliana_PRJNA703045.h5ad	86547673		standardized_h5ad_object	Arabidopsis thaliana	not explicitly recorded	missing	celltype_after	17586	6473	11113	0.6319231206641647	True	readable	exclude	False	fewer_than_two_candidate_labels_with_100_cells	0	0	0	candidate_include	True	passes_provisional_panel_gates	4	4	6473	exclude	False	fewer_than_two_candidate_labels_with_100_cells	1	1	2558	metadata/audit_datasets.csv;metadata/dataset_manifest.tsv	7871f0f2924b806d95e2273e41b0b049d3bb36df1a508e35eb706f50df483ec2;c685183a16b40eb674dfb2432ecee2a7767af86f99b71b2a2b750bcc34f0da84	resource_inventory_20260910+dataset_manifest_v1	Arabidopsis thaliana_PRJNA703045.h5ad	6ebaa7a1573c8abdc84483da55746b66615709fe56181ff4357bd1165008306d	publication_doi_not_resolved_for_discovery_inventory;actual_download_url_not_retained_for_discovery_object;public_raw_download_or_conversion_chain_not_resolved
Arabidopsis thaliana_PRJNA716169	audited_resource	audited_not_used_in_discovery	NCBI BioProject	PRJNA716169			https://www.ncbi.nlm.nih.gov/bioproject/PRJNA716169				metadata_and_derived_records_only	Arabidopsis thaliana	not explicitly recorded in source; annotation labels include root and shoot meristem initials	recorded	celltype_after	633	419	214	0.3380726698262243	True	readable	exclude	False	fewer_than_two_candidate_labels_with_100_cells	0	0	0	exclude	False	fewer_than_two_candidate_labels_with_100_cells	0	0	0	exclude	False	fewer_than_two_candidate_labels_with_100_cells	0	0	0	metadata/audit_datasets.csv;metadata/dataset_manifest.tsv	7871f0f2924b806d95e2273e41b0b049d3bb36df1a508e35eb706f50df483ec2;c685183a16b40eb674dfb2432ecee2a7767af86f99b71b2a2b750bcc34f0da84	resource_inventory_20260910+dataset_manifest_v1			direct_source_object_path_and_sha256_not_available_in_manuscript_evidence_v1;publication_doi_not_resolved_for_discovery_inventory;actual_download_url_not_retained_for_discovery_object
Arabidopsis thaliana_PRJNA730707	audited_resource	audited_not_used_in_discovery	NCBI BioProject	PRJNA730707			https://www.ncbi.nlm.nih.gov/bioproject/PRJNA730707				metadata_and_derived_records_only	Arabidopsis thaliana	not explicitly recorded	missing	celltype_after	13384	12685	699	0.05222653915122535	True	readable	exclude	False	fewer_than_two_candidate_labels_with_100_cells	0	0	0	exclude	False	fewer_than_two_candidate_labels_with_100_cells	1	0	55	exclude	False	fewer_than_two_candidate_labels_with_100_cells	1	1	119	metadata/audit_datasets.csv;metadata/dataset_manifest.tsv	7871f0f2924b806d95e2273e41b0b049d3bb36df1a508e35eb706f50df483ec2;c685183a16b40eb674dfb2432ecee2a7767af86f99b71b2a2b750bcc34f0da84	resource_inventory_20260910+dataset_manifest_v1			direct_source_object_path_and_sha256_not_available_in_manuscript_evidence_v1;publication_doi_not_resolved_for_discovery_inventory;actual_download_url_not_retained_for_discovery_object
Arabidopsis thaliana_PRJNA742744	audited_resource	discovery_input:root	NCBI BioProject	PRJNA742744			https://www.ncbi.nlm.nih.gov/bioproject/PRJNA742744	Arabidopsis thaliana_PRJNA742744.h5ad	68924725		standardized_h5ad_object	Arabidopsis thaliana	not explicitly recorded	missing	celltype_after	13057	5303	7754	0.5938577008501187	True	readable	candidate_include	True	passes_provisional_panel_gates	6	6	3252	exclude	False	fewer_than_two_candidate_labels_with_100_cells	0	0	0	exclude	False	fewer_than_two_candidate_labels_with_100_cells	2	1	658	metadata/audit_datasets.csv;metadata/dataset_manifest.tsv	7871f0f2924b806d95e2273e41b0b049d3bb36df1a508e35eb706f50df483ec2;c685183a16b40eb674dfb2432ecee2a7767af86f99b71b2a2b750bcc34f0da84	resource_inventory_20260910+dataset_manifest_v1	Arabidopsis thaliana_PRJNA742744.h5ad	f2b331f7215b7f622067c5fea5a9b25fc5e34871aba06b642f99979d6938f802	publication_doi_not_resolved_for_discovery_inventory;actual_download_url_not_retained_for_discovery_object;public_raw_download_or_conversion_chain_not_resolved
Arabidopsis thaliana_PRJNA745175	audited_resource	discovery_input:root	NCBI BioProject	PRJNA745175			https://www.ncbi.nlm.nih.gov/bioproject/PRJNA745175	Arabidopsis thaliana_PRJNA745175.h5ad	28167531		standardized_h5ad_object	Arabidopsis thaliana	not explicitly recorded	missing	celltype_after	8159	8159	0	0.0	True	readable	candidate_include	True	passes_provisional_panel_gates	6	6	4746	exclude	False	fewer_than_two_candidate_labels_with_100_cells	0	0	0	exclude	False	fewer_than_two_candidate_labels_with_100_cells	1	1	535	metadata/audit_datasets.csv;metadata/dataset_manifest.tsv	7871f0f2924b806d95e2273e41b0b049d3bb36df1a508e35eb706f50df483ec2;c685183a16b40eb674dfb2432ecee2a7767af86f99b71b2a2b750bcc34f0da84	resource_inventory_20260910+dataset_manifest_v1	Arabidopsis thaliana_PRJNA745175.h5ad	c095d2ef038113e183b06927821fd66971d33e40ddc214aa709370b027f91b51	publication_doi_not_resolved_for_discovery_inventory;actual_download_url_not_retained_for_discovery_object;public_raw_download_or_conversion_chain_not_resolved
Arabidopsis thaliana_PRJNA750934	audited_resource	discovery_input:root,vascular	NCBI BioProject	PRJNA750934			https://www.ncbi.nlm.nih.gov/bioproject/PRJNA750934	Arabidopsis thaliana_PRJNA750934.h5ad	273330580		standardized_h5ad_object	Arabidopsis thaliana	not explicitly recorded	missing	celltype_after	17165	17165	0	0.0	True	readable	candidate_include	True	passes_provisional_panel_gates	6	6	6084	exclude	False	fewer_than_two_candidate_labels_with_100_cells	0	0	0	candidate_include	True	passes_provisional_panel_gates	2	2	1753	metadata/audit_datasets.csv;metadata/dataset_manifest.tsv	7871f0f2924b806d95e2273e41b0b049d3bb36df1a508e35eb706f50df483ec2;c685183a16b40eb674dfb2432ecee2a7767af86f99b71b2a2b750bcc34f0da84	resource_inventory_20260910+dataset_manifest_v1	Arabidopsis thaliana_PRJNA750934.h5ad	16b4cd7721fa9b75eaa27b54d5eec75cda3bd186de24e20d5c8dd884b2866506	publication_doi_not_resolved_for_discovery_inventory;actual_download_url_not_retained_for_discovery_object;public_raw_download_or_conversion_chain_not_resolved
Arabidopsis thaliana_PRJNA754157	audited_resource	audited_not_used_in_discovery	NCBI BioProject	PRJNA754157			https://www.ncbi.nlm.nih.gov/bioproject/PRJNA754157				metadata_and_derived_records_only	Arabidopsis thaliana	not explicitly recorded	missing	celltype_after	10700	10228	472	0.04411214953271028	True	readable	exclude	False	fewer_than_two_candidate_labels_with_100_cells	0	0	0	exclude	False	fewer_than_two_candidate_labels_with_100_cells	0	0	0	exclude	False	fewer_than_two_candidate_labels_with_100_cells	1	1	1287	metadata/audit_datasets.csv;metadata/dataset_manifest.tsv	7871f0f2924b806d95e2273e41b0b049d3bb36df1a508e35eb706f50df483ec2;c685183a16b40eb674dfb2432ecee2a7767af86f99b71b2a2b750bcc34f0da84	resource_inventory_20260910+dataset_manifest_v1			direct_source_object_path_and_sha256_not_available_in_manuscript_evidence_v1;publication_doi_not_resolved_for_discovery_inventory;actual_download_url_not_retained_for_discovery_object
Arabidopsis thaliana_PRJNA764868	audited_resource	discovery_input:leaf,vascular	NCBI BioProject	PRJNA764868			https://www.ncbi.nlm.nih.gov/bioproject/PRJNA764868	Arabidopsis thaliana_PRJNA764868.h5ad	1227250440		standardized_h5ad_object	Arabidopsis thaliana	not explicitly recorded	missing	celltype_after	29883	23105	6778	0.22681792323394573	True	readable	exclude	False	fewer_than_two_candidate_labels_with_100_cells	0	0	0	candidate_include	True	passes_provisional_panel_gates	4	4	18651	candidate_include	True	passes_provisional_panel_gates	3	2	3421	metadata/audit_datasets.csv;metadata/dataset_manifest.tsv	7871f0f2924b806d95e2273e41b0b049d3bb36df1a508e35eb706f50df483ec2;c685183a16b40eb674dfb2432ecee2a7767af86f99b71b2a2b750bcc34f0da84	resource_inventory_20260910+dataset_manifest_v1	Arabidopsis thaliana_PRJNA764868.h5ad	3e688dff25e53d68fc59f717a6f38f2c7d838e6f090fe7d030ca526b10547fb1	publication_doi_not_resolved_for_discovery_inventory;actual_download_url_not_retained_for_discovery_object;public_raw_download_or_conversion_chain_not_resolved
Arabidopsis thaliana_PRJNA796288	audited_resource	audited_not_used_in_discovery	NCBI BioProject	PRJNA796288			https://www.ncbi.nlm.nih.gov/bioproject/PRJNA796288				metadata_and_derived_records_only	Arabidopsis thaliana	not explicitly recorded	missing	celltype_after	36093	23756	12337	0.34181143157953064	True	readable	exclude	False	fewer_than_two_candidate_labels_with_100_cells	0	0	0	exclude	False	fewer_than_two_candidate_labels_with_100_cells	1	1	6254	exclude	False	fewer_than_two_candidate_labels_with_100_cells	0	0	0	metadata/audit_datasets.csv;metadata/dataset_manifest.tsv	7871f0f2924b806d95e2273e41b0b049d3bb36df1a508e35eb706f50df483ec2;c685183a16b40eb674dfb2432ecee2a7767af86f99b71b2a2b750bcc34f0da84	resource_inventory_20260910+dataset_manifest_v1			direct_source_object_path_and_sha256_not_available_in_manuscript_evidence_v1;publication_doi_not_resolved_for_discovery_inventory;actual_download_url_not_retained_for_discovery_object
Arabidopsis thaliana_PRJNA814870	audited_resource	discovery_input:root,vascular	NCBI BioProject	PRJNA814870			https://www.ncbi.nlm.nih.gov/bioproject/PRJNA814870	Arabidopsis thaliana_PRJNA814870.h5ad	2617543423		standardized_h5ad_object	Arabidopsis thaliana	not explicitly recorded	missing	celltype_after	149174	59944	89230	0.5981605373590572	True	readable	candidate_include	True	passes_provisional_panel_gates	5	5	28834	exclude	False	fewer_than_two_candidate_labels_with_100_cells	0	0	0	candidate_include	True	passes_provisional_panel_gates	4	4	21487	metadata/audit_datasets.csv;metadata/dataset_manifest.tsv	7871f0f2924b806d95e2273e41b0b049d3bb36df1a508e35eb706f50df483ec2;c685183a16b40eb674dfb2432ecee2a7767af86f99b71b2a2b750bcc34f0da84	resource_inventory_20260910+dataset_manifest_v1	Arabidopsis thaliana_PRJNA814870.h5ad	0d261fb1ea2fad42e05fbaa514df89065f7e736dcda4704fca152376099ca618	publication_doi_not_resolved_for_discovery_inventory;actual_download_url_not_retained_for_discovery_object;public_raw_download_or_conversion_chain_not_resolved
Arabidopsis thaliana_PRJNA835893	audited_resource	audited_not_used_in_discovery	NCBI BioProject	PRJNA835893			https://www.ncbi.nlm.nih.gov/bioproject/PRJNA835893				metadata_and_derived_records_only	Arabidopsis thaliana	not explicitly recorded	missing	celltype_after	102921	78288	24633	0.2393389104264436	True	readable	exclude	False	fewer_than_two_candidate_labels_with_100_cells	0	0	0	exclude	False	fewer_than_two_candidate_labels_with_100_cells	0	0	0	exclude	False	fewer_than_two_candidate_labels_with_100_cells	0	0	0	metadata/audit_datasets.csv;metadata/dataset_manifest.tsv	7871f0f2924b806d95e2273e41b0b049d3bb36df1a508e35eb706f50df483ec2;c685183a16b40eb674dfb2432ecee2a7767af86f99b71b2a2b750bcc34f0da84	resource_inventory_20260910+dataset_manifest_v1			direct_source_object_path_and_sha256_not_available_in_manuscript_evidence_v1;publication_doi_not_resolved_for_discovery_inventory;actual_download_url_not_retained_for_discovery_object
Arabidopsis thaliana_PRJNA857332	audited_resource	discovery_input:leaf	NCBI BioProject	PRJNA857332			https://www.ncbi.nlm.nih.gov/bioproject/PRJNA857332	Arabidopsis thaliana_PRJNA857332.h5ad	389742467		standardized_h5ad_object	Arabidopsis thaliana	not explicitly recorded	missing	celltype_after	38504	14203	24301	0.6311292333264077	True	readable	exclude	False	fewer_than_two_candidate_labels_with_100_cells	0	0	0	candidate_include	True	passes_provisional_panel_gates	2	2	5200	exclude	False	fewer_than_two_candidate_labels_with_100_cells	1	1	317	metadata/audit_datasets.csv;metadata/dataset_manifest.tsv	7871f0f2924b806d95e2273e41b0b049d3bb36df1a508e35eb706f50df483ec2;c685183a16b40eb674dfb2432ecee2a7767af86f99b71b2a2b750bcc34f0da84	resource_inventory_20260910+dataset_manifest_v1	Arabidopsis thaliana_PRJNA857332.h5ad	bbf2af7207aa6edf938bd7eb9ddf0669a553fd7180e201890109ed4c6d5c6fec	publication_doi_not_resolved_for_discovery_inventory;actual_download_url_not_retained_for_discovery_object;public_raw_download_or_conversion_chain_not_resolved
Arabidopsis thaliana_PRJNA881949	audited_resource	discovery_input:leaf,vascular	NCBI BioProject	PRJNA881949			https://www.ncbi.nlm.nih.gov/bioproject/PRJNA881949	Arabidopsis thaliana_PRJNA881949.h5ad	261647104		standardized_h5ad_object	Arabidopsis thaliana	not explicitly recorded	missing	celltype_after	21339	12022	9317	0.43661839823796805	True	readable	exclude	False	fewer_than_two_candidate_labels_with_100_cells	0	0	0	candidate_include	True	passes_provisional_panel_gates	2	2	10342	candidate_include	True	passes_provisional_panel_gates	2	2	571	metadata/audit_datasets.csv;metadata/dataset_manifest.tsv	7871f0f2924b806d95e2273e41b0b049d3bb36df1a508e35eb706f50df483ec2;c685183a16b40eb674dfb2432ecee2a7767af86f99b71b2a2b750bcc34f0da84	resource_inventory_20260910+dataset_manifest_v1	Arabidopsis thaliana_PRJNA881949.h5ad	984563714e634ce00be1bf5cd2032dd64cc63f63a0a2782ac3ef0a6bb30fb747	publication_doi_not_resolved_for_discovery_inventory;actual_download_url_not_retained_for_discovery_object;public_raw_download_or_conversion_chain_not_resolved
Arabidopsis thaliana_PRJNA941845	audited_resource	discovery_input:leaf	NCBI BioProject	PRJNA941845			https://www.ncbi.nlm.nih.gov/bioproject/PRJNA941845	Arabidopsis thaliana_PRJNA941845.h5ad	1532582220		standardized_h5ad_object	Arabidopsis thaliana	not explicitly recorded	missing	celltype_after	57462	22641	34821	0.6059830844732171	True	readable	exclude	False	fewer_than_two_candidate_labels_with_100_cells	0	0	0	candidate_include	True	passes_provisional_panel_gates	3	3	22641	exclude	False	fewer_than_two_candidate_labels_with_100_cells	1	1	3618	metadata/audit_datasets.csv;metadata/dataset_manifest.tsv	7871f0f2924b806d95e2273e41b0b049d3bb36df1a508e35eb706f50df483ec2;c685183a16b40eb674dfb2432ecee2a7767af86f99b71b2a2b750bcc34f0da84	resource_inventory_20260910+dataset_manifest_v1	Arabidopsis thaliana_PRJNA941845.h5ad	e813764a1dd6f52c38d56e572bc87d1c2d635b06155c928062677b13d2b6f360	publication_doi_not_resolved_for_discovery_inventory;actual_download_url_not_retained_for_discovery_object;public_raw_download_or_conversion_chain_not_resolved
Arabidopsis thaliana_PRJNA945828	audited_resource	audited_not_used_in_discovery	NCBI BioProject	PRJNA945828			https://www.ncbi.nlm.nih.gov/bioproject/PRJNA945828				metadata_and_derived_records_only	Arabidopsis thaliana	not explicitly recorded	missing	celltype_after	3788	812	2976	0.7856388595564942	True	readable	exclude	False	fewer_than_two_candidate_labels_with_100_cells	0	0	0	exclude	False	fewer_than_two_candidate_labels_with_100_cells	0	0	0	exclude	False	fewer_than_two_candidate_labels_with_100_cells	0	0	0	metadata/audit_datasets.csv;metadata/dataset_manifest.tsv	7871f0f2924b806d95e2273e41b0b049d3bb36df1a508e35eb706f50df483ec2;c685183a16b40eb674dfb2432ecee2a7767af86f99b71b2a2b750bcc34f0da84	resource_inventory_20260910+dataset_manifest_v1			direct_source_object_path_and_sha256_not_available_in_manuscript_evidence_v1;publication_doi_not_resolved_for_discovery_inventory;actual_download_url_not_retained_for_discovery_object
Arabidopsis thaliana_PRJNA995336	audited_resource	discovery_input:leaf	NCBI BioProject	PRJNA995336			https://www.ncbi.nlm.nih.gov/bioproject/PRJNA995336	Arabidopsis thaliana_PRJNA995336.h5ad	739645573		standardized_h5ad_object	Arabidopsis thaliana	not explicitly recorded	missing	celltype_after	38379	13973	24406	0.635920685791709	True	readable	exclude	False	fewer_than_two_candidate_labels_with_100_cells	0	0	0	candidate_include	True	passes_provisional_panel_gates	4	4	12454	exclude	False	fewer_than_two_candidate_labels_with_100_cells	1	1	362	metadata/audit_datasets.csv;metadata/dataset_manifest.tsv	7871f0f2924b806d95e2273e41b0b049d3bb36df1a508e35eb706f50df483ec2;c685183a16b40eb674dfb2432ecee2a7767af86f99b71b2a2b750bcc34f0da84	resource_inventory_20260910+dataset_manifest_v1	Arabidopsis thaliana_PRJNA995336.h5ad	65b46655967e92bdf5418305d1c2cd3693cdbd17167f2ad22a74c70bf42affa8	publication_doi_not_resolved_for_discovery_inventory;actual_download_url_not_retained_for_discovery_object;public_raw_download_or_conversion_chain_not_resolved
Bombax ceiba_PRJNA850395	audited_resource	audited_not_used_in_discovery	NCBI BioProject	PRJNA850395			https://www.ncbi.nlm.nih.gov/bioproject/PRJNA850395				metadata_and_derived_records_only	Bombax ceiba	not explicitly recorded	missing	celltype_after	13158	1496	11662	0.8863049095607235	True	readable	exclude	False	orthogroup_coverage_below_60pct_or_unavailable;fewer_than_two_candidate_labels_with_100_cells	0	0	0	exclude	False	orthogroup_coverage_below_60pct_or_unavailable;fewer_than_two_candidate_labels_with_100_cells	0	0	0	exclude	False	orthogroup_coverage_below_60pct_or_unavailable;fewer_than_two_candidate_labels_with_100_cells	0	0	0	metadata/audit_datasets.csv;metadata/dataset_manifest.tsv	7871f0f2924b806d95e2273e41b0b049d3bb36df1a508e35eb706f50df483ec2;c685183a16b40eb674dfb2432ecee2a7767af86f99b71b2a2b750bcc34f0da84	resource_inventory_20260910+dataset_manifest_v1			direct_source_object_path_and_sha256_not_available_in_manuscript_evidence_v1;publication_doi_not_resolved_for_discovery_inventory;actual_download_url_not_retained_for_discovery_object
Brassica rapa_PRJCA009630	audited_resource	discovery_input:leaf	CNCB-NGDC	PRJCA009630			https://ngdc.cncb.ac.cn/	Brassica rapa_PRJCA009630.h5ad	349302816		standardized_h5ad_object	Brassica rapa	not explicitly recorded	missing	celltype_after	22021	14753	7268	0.33004858998228964	True	readable	exclude	False	fewer_than_two_candidate_labels_with_100_cells	0	0	0	candidate_include	True	passes_provisional_panel_gates	4	4	12689	exclude	False	fewer_than_two_candidate_labels_with_100_cells	2	1	240	metadata/audit_datasets.csv;metadata/dataset_manifest.tsv	7871f0f2924b806d95e2273e41b0b049d3bb36df1a508e35eb706f50df483ec2;c685183a16b40eb674dfb2432ecee2a7767af86f99b71b2a2b750bcc34f0da84	resource_inventory_20260910+dataset_manifest_v1	Brassica rapa_PRJCA009630.h5ad	c7edfb3b4a326c08289f0d82bdc67f71f4bf1c2eb4da752c37145132d1b73ccc	publication_doi_not_resolved_for_discovery_inventory;actual_download_url_not_retained_for_discovery_object;public_raw_download_or_conversion_chain_not_resolved
Catharanthus roseus_PRJNA759937	audited_resource	discovery_input:leaf	NCBI BioProject	PRJNA759937			https://www.ncbi.nlm.nih.gov/bioproject/PRJNA759937	Catharanthus roseus_PRJNA759937.h5ad	568346931		standardized_h5ad_object	Catharanthus roseus	not explicitly recorded	missing	celltype_after	41392	25570	15822	0.38224777734827986	True	readable	exclude	False	fewer_than_two_candidate_labels_with_100_cells	0	0	0	candidate_include	True	passes_provisional_panel_gates	4	4	24971	exclude	False	fewer_than_two_candidate_labels_with_100_cells	1	1	1648	metadata/audit_datasets.csv;metadata/dataset_manifest.tsv	7871f0f2924b806d95e2273e41b0b049d3bb36df1a508e35eb706f50df483ec2;c685183a16b40eb674dfb2432ecee2a7767af86f99b71b2a2b750bcc34f0da84	resource_inventory_20260910+dataset_manifest_v1	Catharanthus roseus_PRJNA759937.h5ad	25b889ddea01ef8f973c4b02ac7d06ea42cf899d732bc7bb3d17f413e64a5832	publication_doi_not_resolved_for_discovery_inventory;actual_download_url_not_retained_for_discovery_object;public_raw_download_or_conversion_chain_not_resolved
Catharanthus roseus_PRJNA847226_Leaf	audited_resource	discovery_input:leaf,vascular	NCBI BioProject	PRJNA847226			https://www.ncbi.nlm.nih.gov/bioproject/PRJNA847226	Catharanthus roseus_PRJNA847226_Leaf.h5ad	57516154		standardized_h5ad_object	Catharanthus roseus	leaf	recorded	celltype_after	9833	8798	1035	0.10525780534933388	True	readable	exclude	False	fewer_than_two_candidate_labels_with_100_cells	0	0	0	candidate_include	True	passes_provisional_panel_gates	4	3	8449	candidate_include	True	passes_provisional_panel_gates	2	2	1529	metadata/audit_datasets.csv;metadata/dataset_manifest.tsv	7871f0f2924b806d95e2273e41b0b049d3bb36df1a508e35eb706f50df483ec2;c685183a16b40eb674dfb2432ecee2a7767af86f99b71b2a2b750bcc34f0da84	resource_inventory_20260910+dataset_manifest_v1	Catharanthus roseus_PRJNA847226_Leaf.h5ad	5a9fe08ab58cdffa784f91305c5cb76604ae5584f50e29fd7594787cc770e623	publication_doi_not_resolved_for_discovery_inventory;actual_download_url_not_retained_for_discovery_object;public_raw_download_or_conversion_chain_not_resolved
Catharanthus roseus_PRJNA847226_Root	audited_resource	discovery_input:root	NCBI BioProject	PRJNA847226			https://www.ncbi.nlm.nih.gov/bioproject/PRJNA847226	Catharanthus roseus_PRJNA847226_Root.h5ad	11377596		standardized_h5ad_object	Catharanthus roseus	root	recorded	celltype_after	1347	1197	150	0.111358574610245	True	readable	candidate_include	True	passes_provisional_panel_gates	2	2	845	exclude	False	fewer_than_two_candidate_labels_with_100_cells	0	0	0	exclude	False	fewer_than_two_candidate_labels_with_100_cells	0	0	0	metadata/audit_datasets.csv;metadata/dataset_manifest.tsv	7871f0f2924b806d95e2273e41b0b049d3bb36df1a508e35eb706f50df483ec2;c685183a16b40eb674dfb2432ecee2a7767af86f99b71b2a2b750bcc34f0da84	resource_inventory_20260910+dataset_manifest_v1	Catharanthus roseus_PRJNA847226_Root.h5ad	9494462a03b973124e122a2f1e86b928f8a20108a9d71a1c8714d2a4805f1ec7	publication_doi_not_resolved_for_discovery_inventory;actual_download_url_not_retained_for_discovery_object;public_raw_download_or_conversion_chain_not_resolved
Cynodon dactylon_PRJNA918429	audited_resource	audited_not_used_in_discovery	NCBI BioProject	PRJNA918429			https://www.ncbi.nlm.nih.gov/bioproject/PRJNA918429				metadata_and_derived_records_only	Cynodon dactylon	not explicitly recorded	missing	celltype_after	9936	7516	2420	0.24355877616747182	True	readable	exclude	False	orthogroup_coverage_below_60pct_or_unavailable;fewer_than_two_candidate_labels_with_100_cells	0	0	0	exclude	False	orthogroup_coverage_below_60pct_or_unavailable;fewer_than_two_candidate_labels_with_100_cells	0	0	0	exclude	False	orthogroup_coverage_below_60pct_or_unavailable;fewer_than_two_candidate_labels_with_100_cells	0	0	0	metadata/audit_datasets.csv;metadata/dataset_manifest.tsv	7871f0f2924b806d95e2273e41b0b049d3bb36df1a508e35eb706f50df483ec2;c685183a16b40eb674dfb2432ecee2a7767af86f99b71b2a2b750bcc34f0da84	resource_inventory_20260910+dataset_manifest_v1			direct_source_object_path_and_sha256_not_available_in_manuscript_evidence_v1;publication_doi_not_resolved_for_discovery_inventory;actual_download_url_not_retained_for_discovery_object
Fragaria vesca_PRJCA006322	audited_resource	audited_not_used_in_discovery	CNCB-NGDC	PRJCA006322			https://ngdc.cncb.ac.cn/				metadata_and_derived_records_only	Fragaria vesca	not explicitly recorded	missing	celltype_after	47894	45917	1977	0.041278657034284044	True	readable	exclude	False	orthogroup_coverage_below_60pct_or_unavailable;fewer_than_two_candidate_labels_with_100_cells	0	0	0	exclude	False	orthogroup_coverage_below_60pct_or_unavailable;fewer_than_two_candidate_labels_with_100_cells	0	0	0	exclude	False	orthogroup_coverage_below_60pct_or_unavailable;fewer_than_two_candidate_labels_with_100_cells	0	0	0	metadata/audit_datasets.csv;metadata/dataset_manifest.tsv	7871f0f2924b806d95e2273e41b0b049d3bb36df1a508e35eb706f50df483ec2;c685183a16b40eb674dfb2432ecee2a7767af86f99b71b2a2b750bcc34f0da84	resource_inventory_20260910+dataset_manifest_v1			direct_source_object_path_and_sha256_not_available_in_manuscript_evidence_v1;publication_doi_not_resolved_for_discovery_inventory;actual_download_url_not_retained_for_discovery_object
Glycine max_GSE234864_Flower	audited_resource	audited_not_used_in_discovery	NCBI GEO	GSE234864			https://www.ncbi.nlm.nih.gov/geo/query/acc.cgi?acc=GSE234864				metadata_and_derived_records_only	Glycine max	not explicitly recorded	candidate_from_dataset_id	celltype_after	9839	8234	1605	0.1631263339770302	True	readable	exclude	False	fewer_than_two_candidate_labels_with_100_cells	0	0	0	exclude	False	fewer_than_two_candidate_labels_with_100_cells	1	1	162	exclude	False	fewer_than_two_candidate_labels_with_100_cells	0	0	0	metadata/audit_datasets.csv;metadata/dataset_manifest.tsv	7871f0f2924b806d95e2273e41b0b049d3bb36df1a508e35eb706f50df483ec2;c685183a16b40eb674dfb2432ecee2a7767af86f99b71b2a2b750bcc34f0da84	resource_inventory_20260910+dataset_manifest_v1			direct_source_object_path_and_sha256_not_available_in_manuscript_evidence_v1;publication_doi_not_resolved_for_discovery_inventory;actual_download_url_not_retained_for_discovery_object
Glycine max_GSE234864_SeedCotyledon	audited_resource	audited_not_used_in_discovery	NCBI GEO	GSE234864			https://www.ncbi.nlm.nih.gov/geo/query/acc.cgi?acc=GSE234864				metadata_and_derived_records_only	Glycine max	not explicitly recorded	candidate_from_dataset_id	celltype_after	13326	8097	5229	0.39239081494822153	True	readable	exclude	False	fewer_than_two_candidate_labels_with_100_cells	0	0	0	exclude	False	fewer_than_two_candidate_labels_with_100_cells	0	0	0	exclude	False	fewer_than_two_candidate_labels_with_100_cells	0	0	0	metadata/audit_datasets.csv;metadata/dataset_manifest.tsv	7871f0f2924b806d95e2273e41b0b049d3bb36df1a508e35eb706f50df483ec2;c685183a16b40eb674dfb2432ecee2a7767af86f99b71b2a2b750bcc34f0da84	resource_inventory_20260910+dataset_manifest_v1			direct_source_object_path_and_sha256_not_available_in_manuscript_evidence_v1;publication_doi_not_resolved_for_discovery_inventory;actual_download_url_not_retained_for_discovery_object
Glycine max_GSE234864_SeedHeart	audited_resource	audited_not_used_in_discovery	NCBI GEO	GSE234864			https://www.ncbi.nlm.nih.gov/geo/query/acc.cgi?acc=GSE234864				metadata_and_derived_records_only	Glycine max	not explicitly recorded	candidate_from_dataset_id	celltype_after	19357	14455	4902	0.2532417213411169	True	readable	exclude	False	fewer_than_two_candidate_labels_with_100_cells	0	0	0	exclude	False	fewer_than_two_candidate_labels_with_100_cells	0	0	0	exclude	False	fewer_than_two_candidate_labels_with_100_cells	0	0	0	metadata/audit_datasets.csv;metadata/dataset_manifest.tsv	7871f0f2924b806d95e2273e41b0b049d3bb36df1a508e35eb706f50df483ec2;c685183a16b40eb674dfb2432ecee2a7767af86f99b71b2a2b750bcc34f0da84	resource_inventory_20260910+dataset_manifest_v1			direct_source_object_path_and_sha256_not_available_in_manuscript_evidence_v1;publication_doi_not_resolved_for_discovery_inventory;actual_download_url_not_retained_for_discovery_object
Glycine max_GSE234864_SeedMidMaturation	audited_resource	audited_not_used_in_discovery	NCBI GEO	GSE234864			https://www.ncbi.nlm.nih.gov/geo/query/acc.cgi?acc=GSE234864				metadata_and_derived_records_only	Glycine max	not explicitly recorded	candidate_from_dataset_id	celltype_after	20580	7530	13050	0.6341107871720116	True	readable	exclude	False	fewer_than_two_candidate_labels_with_100_cells	0	0	0	exclude	False	fewer_than_two_candidate_labels_with_100_cells	0	0	0	exclude	False	fewer_than_two_candidate_labels_with_100_cells	0	0	0	metadata/audit_datasets.csv;metadata/dataset_manifest.tsv	7871f0f2924b806d95e2273e41b0b049d3bb36df1a508e35eb706f50df483ec2;c685183a16b40eb674dfb2432ecee2a7767af86f99b71b2a2b750bcc34f0da84	resource_inventory_20260910+dataset_manifest_v1			direct_source_object_path_and_sha256_not_available_in_manuscript_evidence_v1;publication_doi_not_resolved_for_discovery_inventory;actual_download_url_not_retained_for_discovery_object
Glycine max_GSE234864_Shoot	audited_resource	discovery_input:leaf,vascular	NCBI GEO	GSE234864			https://www.ncbi.nlm.nih.gov/geo/query/acc.cgi?acc=GSE234864	Glycine max_GSE234864_Shoot.h5ad	81826714		standardized_h5ad_object	Glycine max	not explicitly recorded	candidate_from_dataset_id	celltype_after	8244	5845	2399	0.29099951479864145	True	readable	exclude	False	fewer_than_two_candidate_labels_with_100_cells	0	0	0	candidate_include	True	passes_provisional_panel_gates	2	2	1023	candidate_include	True	passes_provisional_panel_gates	2	2	1219	metadata/audit_datasets.csv;metadata/dataset_manifest.tsv	7871f0f2924b806d95e2273e41b0b049d3bb36df1a508e35eb706f50df483ec2;c685183a16b40eb674dfb2432ecee2a7767af86f99b71b2a2b750bcc34f0da84	resource_inventory_20260910+dataset_manifest_v1	Glycine max_GSE234864_Shoot.h5ad	1a84f25ac78725a214ebd7bc1e68e6f2eddb950a1e033888b401db882e66c7a2	publication_doi_not_resolved_for_discovery_inventory;actual_download_url_not_retained_for_discovery_object;public_raw_download_or_conversion_chain_not_resolved
Glycine max_GSE234864_TrifoliateLeaf	audited_resource	discovery_input:leaf,vascular	NCBI GEO	GSE234864			https://www.ncbi.nlm.nih.gov/geo/query/acc.cgi?acc=GSE234864	Glycine max_GSE234864_TrifoliateLeaf.h5ad	92723298		standardized_h5ad_object	Glycine max	not explicitly recorded	candidate_from_dataset_id	celltype_after	14925	12366	2559	0.1714572864321608	True	readable	exclude	False	fewer_than_two_candidate_labels_with_100_cells	0	0	0	candidate_include	True	passes_provisional_panel_gates	5	5	9723	candidate_include	True	passes_provisional_panel_gates	2	2	1332	metadata/audit_datasets.csv;metadata/dataset_manifest.tsv	7871f0f2924b806d95e2273e41b0b049d3bb36df1a508e35eb706f50df483ec2;c685183a16b40eb674dfb2432ecee2a7767af86f99b71b2a2b750bcc34f0da84	resource_inventory_20260910+dataset_manifest_v1	Glycine max_GSE234864_TrifoliateLeaf.h5ad	0f42c6e36453da589bfb0fe03e1fee85328cb9093b14975cd1f41019f704d542	publication_doi_not_resolved_for_discovery_inventory;actual_download_url_not_retained_for_discovery_object;public_raw_download_or_conversion_chain_not_resolved
Glycine max_GSE234864_TrueLeaf	audited_resource	discovery_input:leaf,vascular	NCBI GEO	GSE234864			https://www.ncbi.nlm.nih.gov/geo/query/acc.cgi?acc=GSE234864	Glycine max_GSE234864_TrueLeaf.h5ad	135093239		standardized_h5ad_object	Glycine max	not explicitly recorded	candidate_from_dataset_id	celltype_after	11229	9487	1742	0.1551340279633093	True	readable	exclude	False	fewer_than_two_candidate_labels_with_100_cells	0	0	0	candidate_include	True	passes_provisional_panel_gates	5	5	8927	candidate_include	True	passes_provisional_panel_gates	2	2	844	metadata/audit_datasets.csv;metadata/dataset_manifest.tsv	7871f0f2924b806d95e2273e41b0b049d3bb36df1a508e35eb706f50df483ec2;c685183a16b40eb674dfb2432ecee2a7767af86f99b71b2a2b750bcc34f0da84	resource_inventory_20260910+dataset_manifest_v1	Glycine max_GSE234864_TrueLeaf.h5ad	f4b28c43049d6afc58115b89cf9bccdad90df43fcf0724b38ac9ab853f6f2f64	publication_doi_not_resolved_for_discovery_inventory;actual_download_url_not_retained_for_discovery_object;public_raw_download_or_conversion_chain_not_resolved
Glycine max_PRJCA009893	audited_resource	discovery_input:root	CNCB-NGDC	PRJCA009893			https://ngdc.cncb.ac.cn/	Glycine max_PRJCA009893.h5ad	182853586		standardized_h5ad_object	Glycine max	not explicitly recorded	missing	celltype_after	26712	15551	11161	0.41782719377059	True	readable	candidate_include	True	passes_provisional_panel_gates	2	2	11662	exclude	False	fewer_than_two_candidate_labels_with_100_cells	0	0	0	exclude	False	fewer_than_two_candidate_labels_with_100_cells	1	1	3359	metadata/audit_datasets.csv;metadata/dataset_manifest.tsv	7871f0f2924b806d95e2273e41b0b049d3bb36df1a508e35eb706f50df483ec2;c685183a16b40eb674dfb2432ecee2a7767af86f99b71b2a2b750bcc34f0da84	resource_inventory_20260910+dataset_manifest_v1	Glycine max_PRJCA009893.h5ad	1ef60cc75ddca7700c56294b8326a3d58cdec45227e0601b1de99d18ed9adde5	publication_doi_not_resolved_for_discovery_inventory;actual_download_url_not_retained_for_discovery_object;public_raw_download_or_conversion_chain_not_resolved
Glycine max_PRJNA1124403_CSseed	audited_resource	audited_not_used_in_discovery	NCBI BioProject	PRJNA1124403			https://www.ncbi.nlm.nih.gov/bioproject/PRJNA1124403				metadata_and_derived_records_only	Glycine max	not explicitly recorded	candidate_from_dataset_id	celltype_after	23227	12783	10444	0.44964911525379947	True	readable	exclude	False	fewer_than_two_candidate_labels_with_100_cells	0	0	0	exclude	False	fewer_than_two_candidate_labels_with_100_cells	0	0	0	exclude	False	fewer_than_two_candidate_labels_with_100_cells	0	0	0	metadata/audit_datasets.csv;metadata/dataset_manifest.tsv	7871f0f2924b806d95e2273e41b0b049d3bb36df1a508e35eb706f50df483ec2;c685183a16b40eb674dfb2432ecee2a7767af86f99b71b2a2b750bcc34f0da84	resource_inventory_20260910+dataset_manifest_v1			direct_source_object_path_and_sha256_not_available_in_manuscript_evidence_v1;publication_doi_not_resolved_for_discovery_inventory;actual_download_url_not_retained_for_discovery_object
Glycine max_PRJNA1124403_GSseed	audited_resource	audited_not_used_in_discovery	NCBI BioProject	PRJNA1124403			https://www.ncbi.nlm.nih.gov/bioproject/PRJNA1124403				metadata_and_derived_records_only	Glycine max	not explicitly recorded	candidate_from_dataset_id	celltype_after	28042	21572	6470	0.2307253405605877	True	readable	exclude	False	fewer_than_two_candidate_labels_with_100_cells	0	0	0	exclude	False	fewer_than_two_candidate_labels_with_100_cells	0	0	0	exclude	False	fewer_than_two_candidate_labels_with_100_cells	0	0	0	metadata/audit_datasets.csv;metadata/dataset_manifest.tsv	7871f0f2924b806d95e2273e41b0b049d3bb36df1a508e35eb706f50df483ec2;c685183a16b40eb674dfb2432ecee2a7767af86f99b71b2a2b750bcc34f0da84	resource_inventory_20260910+dataset_manifest_v1			direct_source_object_path_and_sha256_not_available_in_manuscript_evidence_v1;publication_doi_not_resolved_for_discovery_inventory;actual_download_url_not_retained_for_discovery_object
Glycine max_PRJNA1124403_HSseed	audited_resource	audited_not_used_in_discovery	NCBI BioProject	PRJNA1124403			https://www.ncbi.nlm.nih.gov/bioproject/PRJNA1124403				metadata_and_derived_records_only	Glycine max	not explicitly recorded	candidate_from_dataset_id	celltype_after	36857	28773	8084	0.2193341834658274	True	readable	exclude	False	fewer_than_two_candidate_labels_with_100_cells	0	0	0	exclude	False	fewer_than_two_candidate_labels_with_100_cells	0	0	0	exclude	False	fewer_than_two_candidate_labels_with_100_cells	0	0	0	metadata/audit_datasets.csv;metadata/dataset_manifest.tsv	7871f0f2924b806d95e2273e41b0b049d3bb36df1a508e35eb706f50df483ec2;c685183a16b40eb674dfb2432ecee2a7767af86f99b71b2a2b750bcc34f0da84	resource_inventory_20260910+dataset_manifest_v1			direct_source_object_path_and_sha256_not_available_in_manuscript_evidence_v1;publication_doi_not_resolved_for_discovery_inventory;actual_download_url_not_retained_for_discovery_object
Glycine max_PRJNA1124403_Nodule	audited_resource	discovery_input:root,vascular	NCBI BioProject	PRJNA1124403			https://www.ncbi.nlm.nih.gov/bioproject/PRJNA1124403	Glycine max_PRJNA1124403_Nodule.h5ad	67051122		standardized_h5ad_object	Glycine max	not explicitly recorded	candidate_from_dataset_id	celltype_after	9083	4562	4521	0.49774303644170426	True	readable	candidate_include	True	passes_provisional_panel_gates	3	2	3392	exclude	False	fewer_than_two_candidate_labels_with_100_cells	0	0	0	candidate_include	True	passes_provisional_panel_gates	3	3	1710	metadata/audit_datasets.csv;metadata/dataset_manifest.tsv	7871f0f2924b806d95e2273e41b0b049d3bb36df1a508e35eb706f50df483ec2;c685183a16b40eb674dfb2432ecee2a7767af86f99b71b2a2b750bcc34f0da84	resource_inventory_20260910+dataset_manifest_v1	Glycine max_PRJNA1124403_Nodule.h5ad	9da29e5518837addf42fc55d7c536c8e81397d975d878357d15570abf790c2d5	publication_doi_not_resolved_for_discovery_inventory;actual_download_url_not_retained_for_discovery_object;public_raw_download_or_conversion_chain_not_resolved
Glycine max_PRJNA1124403_Root	audited_resource	discovery_input:root,vascular	NCBI BioProject	PRJNA1124403			https://www.ncbi.nlm.nih.gov/bioproject/PRJNA1124403	Glycine max_PRJNA1124403_Root.h5ad	296817043		standardized_h5ad_object	Glycine max	root	recorded	celltype_after	25694	11972	13722	0.5340546431073402	True	readable	candidate_include	True	passes_provisional_panel_gates	6	6	9733	exclude	False	fewer_than_two_candidate_labels_with_100_cells	0	0	0	candidate_include	True	passes_provisional_panel_gates	2	2	2239	metadata/audit_datasets.csv;metadata/dataset_manifest.tsv	7871f0f2924b806d95e2273e41b0b049d3bb36df1a508e35eb706f50df483ec2;c685183a16b40eb674dfb2432ecee2a7767af86f99b71b2a2b750bcc34f0da84	resource_inventory_20260910+dataset_manifest_v1	Glycine max_PRJNA1124403_Root.h5ad	3ca53c521dbdff25e7006498ca4c09a50987ff1e861a6de0467dfb0d752a9467	publication_doi_not_resolved_for_discovery_inventory;actual_download_url_not_retained_for_discovery_object;public_raw_download_or_conversion_chain_not_resolved
Glycine max_PRJNA1124403_Stem	audited_resource	discovery_input:vascular	NCBI BioProject	PRJNA1124403			https://www.ncbi.nlm.nih.gov/bioproject/PRJNA1124403	Glycine max_PRJNA1124403_Stem.h5ad	169851888		standardized_h5ad_object	Glycine max	stem	recorded	celltype_after	22162	7394	14768	0.6663658514574496	True	readable	exclude	False	fewer_than_two_candidate_labels_with_100_cells	0	0	0	exclude	False	fewer_than_two_candidate_labels_with_100_cells	0	0	0	candidate_include	True	passes_provisional_panel_gates	2	2	1178	metadata/audit_datasets.csv;metadata/dataset_manifest.tsv	7871f0f2924b806d95e2273e41b0b049d3bb36df1a508e35eb706f50df483ec2;c685183a16b40eb674dfb2432ecee2a7767af86f99b71b2a2b750bcc34f0da84	resource_inventory_20260910+dataset_manifest_v1	Glycine max_PRJNA1124403_Stem.h5ad	eee51d481ad360becd66cf5d4910f9b4a04906e058f4424bc46c8ef80221909c	publication_doi_not_resolved_for_discovery_inventory;actual_download_url_not_retained_for_discovery_object;public_raw_download_or_conversion_chain_not_resolved
Gossypium arboreum_PRJNA939177	audited_resource	audited_not_used_in_discovery	NCBI BioProject	PRJNA939177			https://www.ncbi.nlm.nih.gov/bioproject/PRJNA939177				metadata_and_derived_records_only	Gossypium arboreum	not explicitly recorded	missing	celltype_after	78313	63357	14956	0.19097723238798156	True	readable	exclude	False	orthogroup_coverage_below_60pct_or_unavailable;fewer_than_two_candidate_labels_with_100_cells	0	0	0	exclude	False	orthogroup_coverage_below_60pct_or_unavailable;fewer_than_two_candidate_labels_with_100_cells	0	0	0	exclude	False	orthogroup_coverage_below_60pct_or_unavailable;fewer_than_two_candidate_labels_with_100_cells	0	0	0	metadata/audit_datasets.csv;metadata/dataset_manifest.tsv	7871f0f2924b806d95e2273e41b0b049d3bb36df1a508e35eb706f50df483ec2;c685183a16b40eb674dfb2432ecee2a7767af86f99b71b2a2b750bcc34f0da84	resource_inventory_20260910+dataset_manifest_v1			direct_source_object_path_and_sha256_not_available_in_manuscript_evidence_v1;publication_doi_not_resolved_for_discovery_inventory;actual_download_url_not_retained_for_discovery_object
Gossypium bickii_PRJNA934498	audited_resource	audited_not_used_in_discovery	NCBI BioProject	PRJNA934498			https://www.ncbi.nlm.nih.gov/bioproject/PRJNA934498				metadata_and_derived_records_only	Gossypium bickii	not explicitly recorded	missing	celltype_after	13488	13157	331	0.024540332147093714	True	readable	exclude	False	orthogroup_coverage_below_60pct_or_unavailable;fewer_than_two_candidate_labels_with_100_cells	0	0	0	exclude	False	orthogroup_coverage_below_60pct_or_unavailable;fewer_than_two_candidate_labels_with_100_cells	0	0	0	exclude	False	orthogroup_coverage_below_60pct_or_unavailable;fewer_than_two_candidate_labels_with_100_cells	0	0	0	metadata/audit_datasets.csv;metadata/dataset_manifest.tsv	7871f0f2924b806d95e2273e41b0b049d3bb36df1a508e35eb706f50df483ec2;c685183a16b40eb674dfb2432ecee2a7767af86f99b71b2a2b750bcc34f0da84	resource_inventory_20260910+dataset_manifest_v1			direct_source_object_path_and_sha256_not_available_in_manuscript_evidence_v1;publication_doi_not_resolved_for_discovery_inventory;actual_download_url_not_retained_for_discovery_object
Gossypium hirsutum_PRJNA1010459	audited_resource	audited_not_used_in_discovery	NCBI BioProject	PRJNA1010459			https://www.ncbi.nlm.nih.gov/bioproject/PRJNA1010459				metadata_and_derived_records_only	Gossypium hirsutum	not explicitly recorded	missing	celltype_after	37062	37062	0	0.0	True	readable	exclude	False	orthogroup_coverage_below_60pct_or_unavailable;fewer_than_two_candidate_labels_with_100_cells	0	0	0	exclude	False	orthogroup_coverage_below_60pct_or_unavailable;fewer_than_two_candidate_labels_with_100_cells	0	0	0	exclude	False	orthogroup_coverage_below_60pct_or_unavailable;fewer_than_two_candidate_labels_with_100_cells	0	0	0	metadata/audit_datasets.csv;metadata/dataset_manifest.tsv	7871f0f2924b806d95e2273e41b0b049d3bb36df1a508e35eb706f50df483ec2;c685183a16b40eb674dfb2432ecee2a7767af86f99b71b2a2b750bcc34f0da84	resource_inventory_20260910+dataset_manifest_v1			direct_source_object_path_and_sha256_not_available_in_manuscript_evidence_v1;publication_doi_not_resolved_for_discovery_inventory;actual_download_url_not_retained_for_discovery_object
Gossypium hirsutum_PRJNA1018465	audited_resource	audited_not_used_in_discovery	NCBI BioProject	PRJNA1018465			https://www.ncbi.nlm.nih.gov/bioproject/PRJNA1018465				metadata_and_derived_records_only	Gossypium hirsutum	not explicitly recorded	missing	celltype_after	39212	28973	10239	0.26111904519024787	True	readable	exclude	False	orthogroup_coverage_below_60pct_or_unavailable;fewer_than_two_candidate_labels_with_100_cells	0	0	0	exclude	False	orthogroup_coverage_below_60pct_or_unavailable;fewer_than_two_candidate_labels_with_100_cells	0	0	0	exclude	False	orthogroup_coverage_below_60pct_or_unavailable;fewer_than_two_candidate_labels_with_100_cells	0	0	0	metadata/audit_datasets.csv;metadata/dataset_manifest.tsv	7871f0f2924b806d95e2273e41b0b049d3bb36df1a508e35eb706f50df483ec2;c685183a16b40eb674dfb2432ecee2a7767af86f99b71b2a2b750bcc34f0da84	resource_inventory_20260910+dataset_manifest_v1			direct_source_object_path_and_sha256_not_available_in_manuscript_evidence_v1;publication_doi_not_resolved_for_discovery_inventory;actual_download_url_not_retained_for_discovery_object
Gossypium hirsutum_PRJNA600131	audited_resource	audited_not_used_in_discovery	NCBI BioProject	PRJNA600131			https://www.ncbi.nlm.nih.gov/bioproject/PRJNA600131				metadata_and_derived_records_only	Gossypium hirsutum	not explicitly recorded	missing	celltype_after	17507	14229	3278	0.1872393899583024	True	readable	exclude	False	orthogroup_coverage_below_60pct_or_unavailable;fewer_than_two_candidate_labels_with_100_cells	0	0	0	exclude	False	orthogroup_coverage_below_60pct_or_unavailable;fewer_than_two_candidate_labels_with_100_cells	0	0	0	exclude	False	orthogroup_coverage_below_60pct_or_unavailable;fewer_than_two_candidate_labels_with_100_cells	0	0	0	metadata/audit_datasets.csv;metadata/dataset_manifest.tsv	7871f0f2924b806d95e2273e41b0b049d3bb36df1a508e35eb706f50df483ec2;c685183a16b40eb674dfb2432ecee2a7767af86f99b71b2a2b750bcc34f0da84	resource_inventory_20260910+dataset_manifest_v1			direct_source_object_path_and_sha256_not_available_in_manuscript_evidence_v1;publication_doi_not_resolved_for_discovery_inventory;actual_download_url_not_retained_for_discovery_object
Gossypium hirsutum_PRJNA895970	audited_resource	audited_not_used_in_discovery	NCBI BioProject	PRJNA895970			https://www.ncbi.nlm.nih.gov/bioproject/PRJNA895970				metadata_and_derived_records_only	Gossypium hirsutum	not explicitly recorded	missing	celltype_after	99188	43538	55650	0.5610557728757511	True	readable	exclude	False	orthogroup_coverage_below_60pct_or_unavailable;fewer_than_two_candidate_labels_with_100_cells	0	0	0	exclude	False	orthogroup_coverage_below_60pct_or_unavailable;fewer_than_two_candidate_labels_with_100_cells	0	0	0	exclude	False	orthogroup_coverage_below_60pct_or_unavailable;fewer_than_two_candidate_labels_with_100_cells	0	0	0	metadata/audit_datasets.csv;metadata/dataset_manifest.tsv	7871f0f2924b806d95e2273e41b0b049d3bb36df1a508e35eb706f50df483ec2;c685183a16b40eb674dfb2432ecee2a7767af86f99b71b2a2b750bcc34f0da84	resource_inventory_20260910+dataset_manifest_v1			direct_source_object_path_and_sha256_not_available_in_manuscript_evidence_v1;publication_doi_not_resolved_for_discovery_inventory;actual_download_url_not_retained_for_discovery_object
Hevea brasiliensis_PRJCA012893	audited_resource	audited_not_used_in_discovery	CNCB-NGDC	PRJCA012893			https://ngdc.cncb.ac.cn/				metadata_and_derived_records_only	Hevea brasiliensis	not explicitly recorded	missing	celltype_after	47410	27301	20109	0.42415102299093016	True	readable	exclude	False	orthogroup_coverage_below_60pct_or_unavailable;fewer_than_two_candidate_labels_with_100_cells	0	0	0	exclude	False	orthogroup_coverage_below_60pct_or_unavailable;fewer_than_two_candidate_labels_with_100_cells	0	0	0	exclude	False	orthogroup_coverage_below_60pct_or_unavailable;fewer_than_two_candidate_labels_with_100_cells	0	0	0	metadata/audit_datasets.csv;metadata/dataset_manifest.tsv	7871f0f2924b806d95e2273e41b0b049d3bb36df1a508e35eb706f50df483ec2;c685183a16b40eb674dfb2432ecee2a7767af86f99b71b2a2b750bcc34f0da84	resource_inventory_20260910+dataset_manifest_v1			direct_source_object_path_and_sha256_not_available_in_manuscript_evidence_v1;publication_doi_not_resolved_for_discovery_inventory;actual_download_url_not_retained_for_discovery_object
Hylocereus undatus_PRJNA974579	audited_resource	audited_not_used_in_discovery	NCBI BioProject	PRJNA974579			https://www.ncbi.nlm.nih.gov/bioproject/PRJNA974579				metadata_and_derived_records_only	Hylocereus undatus	not explicitly recorded	missing	celltype_after	15768	8105	7663	0.48598427194317606	True	readable	exclude	False	orthogroup_coverage_below_60pct_or_unavailable;species_not_officially_matched;fewer_than_two_candidate_labels_with_100_cells	0	0	0	exclude	False	orthogroup_coverage_below_60pct_or_unavailable;species_not_officially_matched;fewer_than_two_candidate_labels_with_100_cells	0	0	0	exclude	False	orthogroup_coverage_below_60pct_or_unavailable;species_not_officially_matched;fewer_than_two_candidate_labels_with_100_cells	0	0	0	metadata/audit_datasets.csv;metadata/dataset_manifest.tsv	7871f0f2924b806d95e2273e41b0b049d3bb36df1a508e35eb706f50df483ec2;c685183a16b40eb674dfb2432ecee2a7767af86f99b71b2a2b750bcc34f0da84	resource_inventory_20260910+dataset_manifest_v1			direct_source_object_path_and_sha256_not_available_in_manuscript_evidence_v1;publication_doi_not_resolved_for_discovery_inventory;actual_download_url_not_retained_for_discovery_object
Lemna minuta_PRJNA725879	audited_resource	audited_not_used_in_discovery	NCBI BioProject	PRJNA725879			https://www.ncbi.nlm.nih.gov/bioproject/PRJNA725879				metadata_and_derived_records_only	Lemna minuta	not explicitly recorded in source; annotation labels include root and leaf-associated cell types	recorded	celltype_after	288	215	73	0.2534722222222222	True	readable	exclude	False	orthogroup_coverage_below_60pct_or_unavailable;fewer_than_two_candidate_labels_with_100_cells	0	0	0	exclude	False	orthogroup_coverage_below_60pct_or_unavailable;fewer_than_two_candidate_labels_with_100_cells	0	0	0	exclude	False	orthogroup_coverage_below_60pct_or_unavailable;fewer_than_two_candidate_labels_with_100_cells	0	0	0	metadata/audit_datasets.csv;metadata/dataset_manifest.tsv	7871f0f2924b806d95e2273e41b0b049d3bb36df1a508e35eb706f50df483ec2;c685183a16b40eb674dfb2432ecee2a7767af86f99b71b2a2b750bcc34f0da84	resource_inventory_20260910+dataset_manifest_v1			direct_source_object_path_and_sha256_not_available_in_manuscript_evidence_v1;publication_doi_not_resolved_for_discovery_inventory;actual_download_url_not_retained_for_discovery_object
Limonium bicolor_PRJNA913259	audited_resource	audited_not_used_in_discovery	NCBI BioProject	PRJNA913259			https://www.ncbi.nlm.nih.gov/bioproject/PRJNA913259				metadata_and_derived_records_only	Limonium bicolor	not explicitly recorded	missing	celltype_after	40492	36950	3542	0.08747406895189173	True	readable	exclude	False	orthogroup_coverage_below_60pct_or_unavailable;fewer_than_two_candidate_labels_with_100_cells	0	0	0	exclude	False	orthogroup_coverage_below_60pct_or_unavailable;fewer_than_two_candidate_labels_with_100_cells	0	0	0	exclude	False	orthogroup_coverage_below_60pct_or_unavailable;fewer_than_two_candidate_labels_with_100_cells	0	0	0	metadata/audit_datasets.csv;metadata/dataset_manifest.tsv	7871f0f2924b806d95e2273e41b0b049d3bb36df1a508e35eb706f50df483ec2;c685183a16b40eb674dfb2432ecee2a7767af86f99b71b2a2b750bcc34f0da84	resource_inventory_20260910+dataset_manifest_v1			direct_source_object_path_and_sha256_not_available_in_manuscript_evidence_v1;publication_doi_not_resolved_for_discovery_inventory;actual_download_url_not_retained_for_discovery_object
Manihot esculenta Crantz_PRJCA019992	audited_resource	audited_not_used_in_discovery	CNCB-NGDC	PRJCA019992			https://ngdc.cncb.ac.cn/				metadata_and_derived_records_only	Manihot esculenta Crantz	not explicitly recorded	missing	celltype_after	7736	7736	0	0.0	True	readable	exclude	False	orthogroup_coverage_below_60pct_or_unavailable;fewer_than_two_candidate_labels_with_100_cells	0	0	0	exclude	False	orthogroup_coverage_below_60pct_or_unavailable;fewer_than_two_candidate_labels_with_100_cells	0	0	0	exclude	False	orthogroup_coverage_below_60pct_or_unavailable;fewer_than_two_candidate_labels_with_100_cells	0	0	0	metadata/audit_datasets.csv;metadata/dataset_manifest.tsv	7871f0f2924b806d95e2273e41b0b049d3bb36df1a508e35eb706f50df483ec2;c685183a16b40eb674dfb2432ecee2a7767af86f99b71b2a2b750bcc34f0da84	resource_inventory_20260910+dataset_manifest_v1			direct_source_object_path_and_sha256_not_available_in_manuscript_evidence_v1;publication_doi_not_resolved_for_discovery_inventory;actual_download_url_not_retained_for_discovery_object
Manihot esculenta Crantz_PRJNA895163	audited_resource	audited_not_used_in_discovery	NCBI BioProject	PRJNA895163			https://www.ncbi.nlm.nih.gov/bioproject/PRJNA895163				metadata_and_derived_records_only	Manihot esculenta Crantz	not explicitly recorded	missing	celltype_after	50380	50380	0	0.0	True	readable	exclude	False	orthogroup_coverage_below_60pct_or_unavailable;fewer_than_two_candidate_labels_with_100_cells	0	0	0	exclude	False	orthogroup_coverage_below_60pct_or_unavailable;fewer_than_two_candidate_labels_with_100_cells	0	0	0	exclude	False	orthogroup_coverage_below_60pct_or_unavailable;fewer_than_two_candidate_labels_with_100_cells	0	0	0	metadata/audit_datasets.csv;metadata/dataset_manifest.tsv	7871f0f2924b806d95e2273e41b0b049d3bb36df1a508e35eb706f50df483ec2;c685183a16b40eb674dfb2432ecee2a7767af86f99b71b2a2b750bcc34f0da84	resource_inventory_20260910+dataset_manifest_v1			direct_source_object_path_and_sha256_not_available_in_manuscript_evidence_v1;publication_doi_not_resolved_for_discovery_inventory;actual_download_url_not_retained_for_discovery_object
Medicago sativa_PRJNA885791	audited_resource	audited_not_used_in_discovery	NCBI BioProject	PRJNA885791			https://www.ncbi.nlm.nih.gov/bioproject/PRJNA885791				metadata_and_derived_records_only	Medicago sativa	not explicitly recorded	missing	celltype_after	11640	8808	2832	0.24329896907216494	True	readable	exclude	False	orthogroup_coverage_below_60pct_or_unavailable;fewer_than_two_candidate_labels_with_100_cells	0	0	0	exclude	False	orthogroup_coverage_below_60pct_or_unavailable;fewer_than_two_candidate_labels_with_100_cells	0	0	0	exclude	False	orthogroup_coverage_below_60pct_or_unavailable;fewer_than_two_candidate_labels_with_100_cells	0	0	0	metadata/audit_datasets.csv;metadata/dataset_manifest.tsv	7871f0f2924b806d95e2273e41b0b049d3bb36df1a508e35eb706f50df483ec2;c685183a16b40eb674dfb2432ecee2a7767af86f99b71b2a2b750bcc34f0da84	resource_inventory_20260910+dataset_manifest_v1			direct_source_object_path_and_sha256_not_available_in_manuscript_evidence_v1;publication_doi_not_resolved_for_discovery_inventory;actual_download_url_not_retained_for_discovery_object
Medicago truncatula_PRJCA011245	audited_resource	audited_not_used_in_discovery	CNCB-NGDC	PRJCA011245			https://ngdc.cncb.ac.cn/				metadata_and_derived_records_only	Medicago truncatula	not explicitly recorded	missing	celltype_after	154571	69439	85132	0.550763079749759	True	readable	exclude	False	orthogroup_coverage_below_60pct_or_unavailable;fewer_than_two_candidate_labels_with_100_cells	0	0	0	exclude	False	orthogroup_coverage_below_60pct_or_unavailable;fewer_than_two_candidate_labels_with_100_cells	0	0	0	exclude	False	orthogroup_coverage_below_60pct_or_unavailable;fewer_than_two_candidate_labels_with_100_cells	0	0	0	metadata/audit_datasets.csv;metadata/dataset_manifest.tsv	7871f0f2924b806d95e2273e41b0b049d3bb36df1a508e35eb706f50df483ec2;c685183a16b40eb674dfb2432ecee2a7767af86f99b71b2a2b750bcc34f0da84	resource_inventory_20260910+dataset_manifest_v1			direct_source_object_path_and_sha256_not_available_in_manuscript_evidence_v1;publication_doi_not_resolved_for_discovery_inventory;actual_download_url_not_retained_for_discovery_object
Medicago truncatula_PRJCA012129	audited_resource	audited_not_used_in_discovery	CNCB-NGDC	PRJCA012129			https://ngdc.cncb.ac.cn/				metadata_and_derived_records_only	Medicago truncatula	not explicitly recorded	missing	celltype_after	11664	2895	8769	0.7518004115226338	True	readable	exclude	False	orthogroup_coverage_below_60pct_or_unavailable;fewer_than_two_candidate_labels_with_100_cells	0	0	0	exclude	False	orthogroup_coverage_below_60pct_or_unavailable;fewer_than_two_candidate_labels_with_100_cells	0	0	0	exclude	False	orthogroup_coverage_below_60pct_or_unavailable;fewer_than_two_candidate_labels_with_100_cells	0	0	0	metadata/audit_datasets.csv;metadata/dataset_manifest.tsv	7871f0f2924b806d95e2273e41b0b049d3bb36df1a508e35eb706f50df483ec2;c685183a16b40eb674dfb2432ecee2a7767af86f99b71b2a2b750bcc34f0da84	resource_inventory_20260910+dataset_manifest_v1			direct_source_object_path_and_sha256_not_available_in_manuscript_evidence_v1;publication_doi_not_resolved_for_discovery_inventory;actual_download_url_not_retained_for_discovery_object
Medicago truncatula_PRJNA868047	audited_resource	audited_not_used_in_discovery	NCBI BioProject	PRJNA868047			https://www.ncbi.nlm.nih.gov/bioproject/PRJNA868047				metadata_and_derived_records_only	Medicago truncatula	not explicitly recorded	missing	celltype_after	31176	15356	15820	0.5074416217603285	True	readable	exclude	False	orthogroup_coverage_below_60pct_or_unavailable;fewer_than_two_candidate_labels_with_100_cells	0	0	0	exclude	False	orthogroup_coverage_below_60pct_or_unavailable;fewer_than_two_candidate_labels_with_100_cells	0	0	0	exclude	False	orthogroup_coverage_below_60pct_or_unavailable;fewer_than_two_candidate_labels_with_100_cells	0	0	0	metadata/audit_datasets.csv;metadata/dataset_manifest.tsv	7871f0f2924b806d95e2273e41b0b049d3bb36df1a508e35eb706f50df483ec2;c685183a16b40eb674dfb2432ecee2a7767af86f99b71b2a2b750bcc34f0da84	resource_inventory_20260910+dataset_manifest_v1			direct_source_object_path_and_sha256_not_available_in_manuscript_evidence_v1;publication_doi_not_resolved_for_discovery_inventory;actual_download_url_not_retained_for_discovery_object
Medicago truncatula_PRJNA931615	audited_resource	audited_not_used_in_discovery	NCBI BioProject	PRJNA931615			https://www.ncbi.nlm.nih.gov/bioproject/PRJNA931615				metadata_and_derived_records_only	Medicago truncatula	not explicitly recorded	missing	celltype_after	32923	28111	4812	0.14615921999817758	True	readable	exclude	False	orthogroup_coverage_below_60pct_or_unavailable;fewer_than_two_candidate_labels_with_100_cells	0	0	0	exclude	False	orthogroup_coverage_below_60pct_or_unavailable;fewer_than_two_candidate_labels_with_100_cells	0	0	0	exclude	False	orthogroup_coverage_below_60pct_or_unavailable;fewer_than_two_candidate_labels_with_100_cells	0	0	0	metadata/audit_datasets.csv;metadata/dataset_manifest.tsv	7871f0f2924b806d95e2273e41b0b049d3bb36df1a508e35eb706f50df483ec2;c685183a16b40eb674dfb2432ecee2a7767af86f99b71b2a2b750bcc34f0da84	resource_inventory_20260910+dataset_manifest_v1			direct_source_object_path_and_sha256_not_available_in_manuscript_evidence_v1;publication_doi_not_resolved_for_discovery_inventory;actual_download_url_not_retained_for_discovery_object
Nepeta tenuifolia_PRJNA743551	audited_resource	audited_not_used_in_discovery	NCBI BioProject	PRJNA743551			https://www.ncbi.nlm.nih.gov/bioproject/PRJNA743551				metadata_and_derived_records_only	Nepeta tenuifolia	not explicitly recorded	missing	celltype_after	32899	31517	1382	0.04200735584668227	True	readable	exclude	False	orthogroup_coverage_below_60pct_or_unavailable;fewer_than_two_candidate_labels_with_100_cells	0	0	0	exclude	False	orthogroup_coverage_below_60pct_or_unavailable;fewer_than_two_candidate_labels_with_100_cells	0	0	0	exclude	False	orthogroup_coverage_below_60pct_or_unavailable;fewer_than_two_candidate_labels_with_100_cells	0	0	0	metadata/audit_datasets.csv;metadata/dataset_manifest.tsv	7871f0f2924b806d95e2273e41b0b049d3bb36df1a508e35eb706f50df483ec2;c685183a16b40eb674dfb2432ecee2a7767af86f99b71b2a2b750bcc34f0da84	resource_inventory_20260910+dataset_manifest_v1			direct_source_object_path_and_sha256_not_available_in_manuscript_evidence_v1;publication_doi_not_resolved_for_discovery_inventory;actual_download_url_not_retained_for_discovery_object
Nicotiana attenuata_PRJNA796301	audited_resource	audited_not_used_in_discovery	NCBI BioProject	PRJNA796301			https://www.ncbi.nlm.nih.gov/bioproject/PRJNA796301				metadata_and_derived_records_only	Nicotiana attenuata	not explicitly recorded	missing	celltype_after	4004	3683	321	0.08016983016983018	True	readable	exclude	False	orthogroup_coverage_below_60pct_or_unavailable;fewer_than_two_candidate_labels_with_100_cells	0	0	0	exclude	False	orthogroup_coverage_below_60pct_or_unavailable;fewer_than_two_candidate_labels_with_100_cells	0	0	0	exclude	False	orthogroup_coverage_below_60pct_or_unavailable;fewer_than_two_candidate_labels_with_100_cells	0	0	0	metadata/audit_datasets.csv;metadata/dataset_manifest.tsv	7871f0f2924b806d95e2273e41b0b049d3bb36df1a508e35eb706f50df483ec2;c685183a16b40eb674dfb2432ecee2a7767af86f99b71b2a2b750bcc34f0da84	resource_inventory_20260910+dataset_manifest_v1			direct_source_object_path_and_sha256_not_available_in_manuscript_evidence_v1;publication_doi_not_resolved_for_discovery_inventory;actual_download_url_not_retained_for_discovery_object
Nicotiana tabacum_PRJCA018794	audited_resource	audited_not_used_in_discovery	CNCB-NGDC	PRJCA018794			https://ngdc.cncb.ac.cn/				metadata_and_derived_records_only	Nicotiana tabacum	not explicitly recorded	missing	celltype_after	22879	18470	4409	0.1927094715678133	True	readable	exclude	False	orthogroup_coverage_below_60pct_or_unavailable;fewer_than_two_candidate_labels_with_100_cells	0	0	0	exclude	False	orthogroup_coverage_below_60pct_or_unavailable;fewer_than_two_candidate_labels_with_100_cells	0	0	0	exclude	False	orthogroup_coverage_below_60pct_or_unavailable;fewer_than_two_candidate_labels_with_100_cells	0	0	0	metadata/audit_datasets.csv;metadata/dataset_manifest.tsv	7871f0f2924b806d95e2273e41b0b049d3bb36df1a508e35eb706f50df483ec2;c685183a16b40eb674dfb2432ecee2a7767af86f99b71b2a2b750bcc34f0da84	resource_inventory_20260910+dataset_manifest_v1			direct_source_object_path_and_sha256_not_available_in_manuscript_evidence_v1;publication_doi_not_resolved_for_discovery_inventory;actual_download_url_not_retained_for_discovery_object
Nicotiana tabacum_PRJNA970858	audited_resource	audited_not_used_in_discovery	NCBI BioProject	PRJNA970858			https://www.ncbi.nlm.nih.gov/bioproject/PRJNA970858				metadata_and_derived_records_only	Nicotiana tabacum	not explicitly recorded	missing	celltype_after	5774	5774	0	0.0	True	readable	exclude	False	orthogroup_coverage_below_60pct_or_unavailable;fewer_than_two_candidate_labels_with_100_cells	0	0	0	exclude	False	orthogroup_coverage_below_60pct_or_unavailable;fewer_than_two_candidate_labels_with_100_cells	0	0	0	exclude	False	orthogroup_coverage_below_60pct_or_unavailable;fewer_than_two_candidate_labels_with_100_cells	0	0	0	metadata/audit_datasets.csv;metadata/dataset_manifest.tsv	7871f0f2924b806d95e2273e41b0b049d3bb36df1a508e35eb706f50df483ec2;c685183a16b40eb674dfb2432ecee2a7767af86f99b71b2a2b750bcc34f0da84	resource_inventory_20260910+dataset_manifest_v1			direct_source_object_path_and_sha256_not_available_in_manuscript_evidence_v1;publication_doi_not_resolved_for_discovery_inventory;actual_download_url_not_retained_for_discovery_object
Oryza sativa_CNP0004152	audited_resource	audited_not_used_in_discovery	CNCB-NGDC	CNP0004152			https://ngdc.cncb.ac.cn/				metadata_and_derived_records_only	Oryza sativa	not explicitly recorded	missing	celltype_after	7135	2342	4793	0.6717589348283112	True	readable	exclude	False	official_source_metadata_not_resolved;fewer_than_two_candidate_labels_with_100_cells	0	0	0	exclude	False	official_source_metadata_not_resolved;fewer_than_two_candidate_labels_with_100_cells	0	0	0	exclude	False	official_source_metadata_not_resolved;fewer_than_two_candidate_labels_with_100_cells	0	0	0	metadata/audit_datasets.csv;metadata/dataset_manifest.tsv	7871f0f2924b806d95e2273e41b0b049d3bb36df1a508e35eb706f50df483ec2;c685183a16b40eb674dfb2432ecee2a7767af86f99b71b2a2b750bcc34f0da84	resource_inventory_20260910+dataset_manifest_v1			direct_source_object_path_and_sha256_not_available_in_manuscript_evidence_v1;publication_doi_not_resolved_for_discovery_inventory;actual_download_url_not_retained_for_discovery_object
Oryza sativa_CRA004082_Leaf	audited_resource	audited_not_used_in_discovery	CNCB-NGDC	CRA004082			https://ngdc.cncb.ac.cn/				metadata_and_derived_records_only	Oryza sativa	not explicitly recorded	candidate_from_dataset_id	celltype_after	12263	10885	1378	0.11237054554350485	True	readable	exclude	False	official_source_metadata_not_resolved;fewer_than_two_candidate_labels_with_100_cells	0	0	0	exclude	False	official_source_metadata_not_resolved	2	2	3434	exclude	False	official_source_metadata_not_resolved	2	2	866	metadata/audit_datasets.csv;metadata/dataset_manifest.tsv	7871f0f2924b806d95e2273e41b0b049d3bb36df1a508e35eb706f50df483ec2;c685183a16b40eb674dfb2432ecee2a7767af86f99b71b2a2b750bcc34f0da84	resource_inventory_20260910+dataset_manifest_v1			direct_source_object_path_and_sha256_not_available_in_manuscript_evidence_v1;publication_doi_not_resolved_for_discovery_inventory;actual_download_url_not_retained_for_discovery_object
Oryza sativa_CRA004082_Root	audited_resource	audited_not_used_in_discovery	CNCB-NGDC	CRA004082			https://ngdc.cncb.ac.cn/				metadata_and_derived_records_only	Oryza sativa	not explicitly recorded	candidate_from_dataset_id	celltype_after	10285	9759	526	0.05114244044725328	True	readable	exclude	False	official_source_metadata_not_resolved	5	5	8964	exclude	False	official_source_metadata_not_resolved;fewer_than_two_candidate_labels_with_100_cells	0	0	0	exclude	False	official_source_metadata_not_resolved	3	2	2214	metadata/audit_datasets.csv;metadata/dataset_manifest.tsv	7871f0f2924b806d95e2273e41b0b049d3bb36df1a508e35eb706f50df483ec2;c685183a16b40eb674dfb2432ecee2a7767af86f99b71b2a2b750bcc34f0da84	resource_inventory_20260910+dataset_manifest_v1			direct_source_object_path_and_sha256_not_available_in_manuscript_evidence_v1;publication_doi_not_resolved_for_discovery_inventory;actual_download_url_not_retained_for_discovery_object
Oryza sativa_PRJNA609092	audited_resource	discovery_input:root	NCBI BioProject	PRJNA609092			https://www.ncbi.nlm.nih.gov/bioproject/PRJNA609092	Oryza sativa_PRJNA609092.h5ad	645381850		standardized_h5ad_object	Oryza sativa	not explicitly recorded	missing	celltype_after	14760	14584	176	0.011924119241192412	True	readable	candidate_include	True	passes_provisional_panel_gates	5	5	14435	exclude	False	fewer_than_two_candidate_labels_with_100_cells	0	0	0	exclude	False	fewer_than_two_candidate_labels_with_100_cells	1	1	149	metadata/audit_datasets.csv;metadata/dataset_manifest.tsv	7871f0f2924b806d95e2273e41b0b049d3bb36df1a508e35eb706f50df483ec2;c685183a16b40eb674dfb2432ecee2a7767af86f99b71b2a2b750bcc34f0da84	resource_inventory_20260910+dataset_manifest_v1	Oryza sativa_PRJNA609092.h5ad	56c3156877c9e3d319cb34758ec9b4f2e191936b03aa24b58ce735d25c97cbec	publication_doi_not_resolved_for_discovery_inventory;actual_download_url_not_retained_for_discovery_object;public_raw_download_or_conversion_chain_not_resolved
Oryza sativa_PRJNA706435	audited_resource	discovery_input:root,vascular	NCBI BioProject	PRJNA706435			https://www.ncbi.nlm.nih.gov/bioproject/PRJNA706435	Oryza sativa_PRJNA706435.h5ad	283970158		standardized_h5ad_object	Oryza sativa	not explicitly recorded	missing	celltype_after	36407	35546	861	0.02364929821188233	True	readable	candidate_include	True	passes_provisional_panel_gates	5	5	14143	exclude	False	fewer_than_two_candidate_labels_with_100_cells	0	0	0	candidate_include	True	passes_provisional_panel_gates	2	2	2899	metadata/audit_datasets.csv;metadata/dataset_manifest.tsv	7871f0f2924b806d95e2273e41b0b049d3bb36df1a508e35eb706f50df483ec2;c685183a16b40eb674dfb2432ecee2a7767af86f99b71b2a2b750bcc34f0da84	resource_inventory_20260910+dataset_manifest_v1	Oryza sativa_PRJNA706435.h5ad	7aa6fd65c044231876996948711fba4c6dd1f01f0540f008ffb5fddf9a540ebb	publication_doi_not_resolved_for_discovery_inventory;actual_download_url_not_retained_for_discovery_object;public_raw_download_or_conversion_chain_not_resolved
Oryza sativa_PRJNA767589_Inflorescence	audited_resource	audited_not_used_in_discovery	NCBI BioProject	PRJNA767589			https://www.ncbi.nlm.nih.gov/bioproject/PRJNA767589				metadata_and_derived_records_only	Oryza sativa	Inflorescence	recorded	celltype_after	32265	0	32265	1.0	True	readable	exclude	False	fewer_than_two_candidate_labels_with_100_cells	0	0	0	exclude	False	fewer_than_two_candidate_labels_with_100_cells	0	0	0	exclude	False	fewer_than_two_candidate_labels_with_100_cells	0	0	0	metadata/audit_datasets.csv;metadata/dataset_manifest.tsv	7871f0f2924b806d95e2273e41b0b049d3bb36df1a508e35eb706f50df483ec2;c685183a16b40eb674dfb2432ecee2a7767af86f99b71b2a2b750bcc34f0da84	resource_inventory_20260910+dataset_manifest_v1			direct_source_object_path_and_sha256_not_available_in_manuscript_evidence_v1;publication_doi_not_resolved_for_discovery_inventory;actual_download_url_not_retained_for_discovery_object
Oryza sativa_PRJNA767589_Spikelet	audited_resource	audited_not_used_in_discovery	NCBI BioProject	PRJNA767589			https://www.ncbi.nlm.nih.gov/bioproject/PRJNA767589				metadata_and_derived_records_only	Oryza sativa	not explicitly recorded	candidate_from_dataset_id	celltype_after	6182	6182	0	0.0	True	readable	exclude	False	fewer_than_two_candidate_labels_with_100_cells	0	0	0	exclude	False	fewer_than_two_candidate_labels_with_100_cells	0	0	0	exclude	False	fewer_than_two_candidate_labels_with_100_cells	0	0	0	metadata/audit_datasets.csv;metadata/dataset_manifest.tsv	7871f0f2924b806d95e2273e41b0b049d3bb36df1a508e35eb706f50df483ec2;c685183a16b40eb674dfb2432ecee2a7767af86f99b71b2a2b750bcc34f0da84	resource_inventory_20260910+dataset_manifest_v1			direct_source_object_path_and_sha256_not_available_in_manuscript_evidence_v1;publication_doi_not_resolved_for_discovery_inventory;actual_download_url_not_retained_for_discovery_object
Phyllostachys edulis_PRJNA953008	audited_resource	audited_not_used_in_discovery	NCBI BioProject	PRJNA953008			https://www.ncbi.nlm.nih.gov/bioproject/PRJNA953008				metadata_and_derived_records_only	Phyllostachys edulis	not explicitly recorded	missing	celltype_after	15304	12591	2713	0.1772739153162572	True	readable	exclude	False	orthogroup_coverage_below_60pct_or_unavailable;fewer_than_two_candidate_labels_with_100_cells	0	0	0	exclude	False	orthogroup_coverage_below_60pct_or_unavailable;fewer_than_two_candidate_labels_with_100_cells	0	0	0	exclude	False	orthogroup_coverage_below_60pct_or_unavailable;fewer_than_two_candidate_labels_with_100_cells	0	0	0	metadata/audit_datasets.csv;metadata/dataset_manifest.tsv	7871f0f2924b806d95e2273e41b0b049d3bb36df1a508e35eb706f50df483ec2;c685183a16b40eb674dfb2432ecee2a7767af86f99b71b2a2b750bcc34f0da84	resource_inventory_20260910+dataset_manifest_v1			direct_source_object_path_and_sha256_not_available_in_manuscript_evidence_v1;publication_doi_not_resolved_for_discovery_inventory;actual_download_url_not_retained_for_discovery_object
Pisum sativum_PRJNA983513	audited_resource	audited_not_used_in_discovery	NCBI BioProject	PRJNA983513			https://www.ncbi.nlm.nih.gov/bioproject/PRJNA983513				metadata_and_derived_records_only	Pisum sativum	not explicitly recorded	missing	celltype_after	22268	21617	651	0.029234776360696966	True	readable	exclude	False	orthogroup_coverage_below_60pct_or_unavailable;fewer_than_two_candidate_labels_with_100_cells	0	0	0	exclude	False	orthogroup_coverage_below_60pct_or_unavailable;fewer_than_two_candidate_labels_with_100_cells	0	0	0	exclude	False	orthogroup_coverage_below_60pct_or_unavailable;fewer_than_two_candidate_labels_with_100_cells	0	0	0	metadata/audit_datasets.csv;metadata/dataset_manifest.tsv	7871f0f2924b806d95e2273e41b0b049d3bb36df1a508e35eb706f50df483ec2;c685183a16b40eb674dfb2432ecee2a7767af86f99b71b2a2b750bcc34f0da84	resource_inventory_20260910+dataset_manifest_v1			direct_source_object_path_and_sha256_not_available_in_manuscript_evidence_v1;publication_doi_not_resolved_for_discovery_inventory;actual_download_url_not_retained_for_discovery_object
Populus alba x Populus glandulosa_PRJNA703312	audited_resource	audited_not_used_in_discovery	NCBI BioProject	PRJNA703312			https://www.ncbi.nlm.nih.gov/bioproject/PRJNA703312				metadata_and_derived_records_only	Populus alba x Populus glandulosa	not explicitly recorded	missing	celltype_after	9825	6626	3199	0.32559796437659033	True	readable	exclude	False	orthogroup_coverage_below_60pct_or_unavailable;fewer_than_two_candidate_labels_with_100_cells	0	0	0	exclude	False	orthogroup_coverage_below_60pct_or_unavailable;fewer_than_two_candidate_labels_with_100_cells	0	0	0	exclude	False	orthogroup_coverage_below_60pct_or_unavailable;fewer_than_two_candidate_labels_with_100_cells	0	0	0	metadata/audit_datasets.csv;metadata/dataset_manifest.tsv	7871f0f2924b806d95e2273e41b0b049d3bb36df1a508e35eb706f50df483ec2;c685183a16b40eb674dfb2432ecee2a7767af86f99b71b2a2b750bcc34f0da84	resource_inventory_20260910+dataset_manifest_v1			direct_source_object_path_and_sha256_not_available_in_manuscript_evidence_v1;publication_doi_not_resolved_for_discovery_inventory;actual_download_url_not_retained_for_discovery_object
Populus alba x Populus tremula_PRJNA787915	audited_resource	audited_not_used_in_discovery	NCBI BioProject	PRJNA787915			https://www.ncbi.nlm.nih.gov/bioproject/PRJNA787915				metadata_and_derived_records_only	Populus alba x Populus tremula	not explicitly recorded	missing	celltype_after	19950	12364	7586	0.38025062656641606	True	readable	exclude	False	orthogroup_coverage_below_60pct_or_unavailable;species_not_officially_matched;fewer_than_two_candidate_labels_with_100_cells	0	0	0	exclude	False	orthogroup_coverage_below_60pct_or_unavailable;species_not_officially_matched;fewer_than_two_candidate_labels_with_100_cells	0	0	0	exclude	False	orthogroup_coverage_below_60pct_or_unavailable;species_not_officially_matched;fewer_than_two_candidate_labels_with_100_cells	0	0	0	metadata/audit_datasets.csv;metadata/dataset_manifest.tsv	7871f0f2924b806d95e2273e41b0b049d3bb36df1a508e35eb706f50df483ec2;c685183a16b40eb674dfb2432ecee2a7767af86f99b71b2a2b750bcc34f0da84	resource_inventory_20260910+dataset_manifest_v1			direct_source_object_path_and_sha256_not_available_in_manuscript_evidence_v1;publication_doi_not_resolved_for_discovery_inventory;actual_download_url_not_retained_for_discovery_object
Populus alba_PRJCA005543	audited_resource	audited_not_used_in_discovery	CNCB-NGDC	PRJCA005543			https://ngdc.cncb.ac.cn/				metadata_and_derived_records_only	Populus alba	not explicitly recorded	missing	celltype_after	7059	5481	1578	0.22354441138971526	True	readable	exclude	False	orthogroup_coverage_below_60pct_or_unavailable;fewer_than_two_candidate_labels_with_100_cells	0	0	0	exclude	False	orthogroup_coverage_below_60pct_or_unavailable;fewer_than_two_candidate_labels_with_100_cells	0	0	0	exclude	False	orthogroup_coverage_below_60pct_or_unavailable;fewer_than_two_candidate_labels_with_100_cells	0	0	0	metadata/audit_datasets.csv;metadata/dataset_manifest.tsv	7871f0f2924b806d95e2273e41b0b049d3bb36df1a508e35eb706f50df483ec2;c685183a16b40eb674dfb2432ecee2a7767af86f99b71b2a2b750bcc34f0da84	resource_inventory_20260910+dataset_manifest_v1			direct_source_object_path_and_sha256_not_available_in_manuscript_evidence_v1;publication_doi_not_resolved_for_discovery_inventory;actual_download_url_not_retained_for_discovery_object
Populus euramericana_PRJCA015012_Primary	audited_resource	audited_not_used_in_discovery	CNCB-NGDC	PRJCA015012			https://ngdc.cncb.ac.cn/				metadata_and_derived_records_only	Populus euramericana	not explicitly recorded	missing	celltype_after	8840	5418	3422	0.38710407239819006	True	readable	exclude	False	orthogroup_coverage_below_60pct_or_unavailable;fewer_than_two_candidate_labels_with_100_cells	0	0	0	exclude	False	orthogroup_coverage_below_60pct_or_unavailable;fewer_than_two_candidate_labels_with_100_cells	0	0	0	exclude	False	orthogroup_coverage_below_60pct_or_unavailable;fewer_than_two_candidate_labels_with_100_cells	0	0	0	metadata/audit_datasets.csv;metadata/dataset_manifest.tsv	7871f0f2924b806d95e2273e41b0b049d3bb36df1a508e35eb706f50df483ec2;c685183a16b40eb674dfb2432ecee2a7767af86f99b71b2a2b750bcc34f0da84	resource_inventory_20260910+dataset_manifest_v1			direct_source_object_path_and_sha256_not_available_in_manuscript_evidence_v1;publication_doi_not_resolved_for_discovery_inventory;actual_download_url_not_retained_for_discovery_object
Populus euramericana_PRJCA015012_Secondary	audited_resource	audited_not_used_in_discovery	CNCB-NGDC	PRJCA015012			https://ngdc.cncb.ac.cn/				metadata_and_derived_records_only	Populus euramericana	not explicitly recorded	missing	celltype_after	13593	12302	1291	0.09497535496211285	True	readable	exclude	False	orthogroup_coverage_below_60pct_or_unavailable;fewer_than_two_candidate_labels_with_100_cells	0	0	0	exclude	False	orthogroup_coverage_below_60pct_or_unavailable;fewer_than_two_candidate_labels_with_100_cells	0	0	0	exclude	False	orthogroup_coverage_below_60pct_or_unavailable;fewer_than_two_candidate_labels_with_100_cells	0	0	0	metadata/audit_datasets.csv;metadata/dataset_manifest.tsv	7871f0f2924b806d95e2273e41b0b049d3bb36df1a508e35eb706f50df483ec2;c685183a16b40eb674dfb2432ecee2a7767af86f99b71b2a2b750bcc34f0da84	resource_inventory_20260910+dataset_manifest_v1			direct_source_object_path_and_sha256_not_available_in_manuscript_evidence_v1;publication_doi_not_resolved_for_discovery_inventory;actual_download_url_not_retained_for_discovery_object
Populus trichocarpa_PRJCA014789	audited_resource	held_out_validation_input;excluded_from_discovery	CNCB-NGDC	PRJCA014789			https://ngdc.cncb.ac.cn/				metadata_and_derived_records_only	Populus trichocarpa	not explicitly recorded	missing	celltype_after	12615	8145	4470	0.35434007134363854	True	readable	exclude	False	fewer_than_two_candidate_labels_with_100_cells	0	0	0	exclude	False	fewer_than_two_candidate_labels_with_100_cells	0	0	0	exclude	False	fewer_than_two_candidate_labels_with_100_cells	1	1	580	metadata/audit_datasets.csv;metadata/dataset_manifest.tsv	7871f0f2924b806d95e2273e41b0b049d3bb36df1a508e35eb706f50df483ec2;c685183a16b40eb674dfb2432ecee2a7767af86f99b71b2a2b750bcc34f0da84	resource_inventory_20260910+dataset_manifest_v1			direct_source_object_path_and_sha256_not_available_in_manuscript_evidence_v1;publication_doi_not_resolved_for_discovery_inventory;actual_download_url_not_retained_for_discovery_object
Populus trichocarpa_PRJNA746591	audited_resource	audited_not_used_in_discovery	NCBI BioProject	PRJNA746591			https://www.ncbi.nlm.nih.gov/bioproject/PRJNA746591				metadata_and_derived_records_only	Populus trichocarpa	not explicitly recorded	missing	celltype_after	24265	17811	6454	0.2659798063053781	True	readable	exclude	False	fewer_than_two_candidate_labels_with_100_cells	0	0	0	exclude	False	fewer_than_two_candidate_labels_with_100_cells	0	0	0	exclude	False	fewer_than_two_candidate_labels_with_100_cells	0	0	0	metadata/audit_datasets.csv;metadata/dataset_manifest.tsv	7871f0f2924b806d95e2273e41b0b049d3bb36df1a508e35eb706f50df483ec2;c685183a16b40eb674dfb2432ecee2a7767af86f99b71b2a2b750bcc34f0da84	resource_inventory_20260910+dataset_manifest_v1			direct_source_object_path_and_sha256_not_available_in_manuscript_evidence_v1;publication_doi_not_resolved_for_discovery_inventory;actual_download_url_not_retained_for_discovery_object
Solanum lycopersicum_PRJNA667489	audited_resource	audited_not_used_in_discovery	NCBI BioProject	PRJNA667489			https://www.ncbi.nlm.nih.gov/bioproject/PRJNA667489				metadata_and_derived_records_only	Solanum lycopersicum	not explicitly recorded	missing	celltype_after	2998	754	2244	0.7484989993328885	True	readable	exclude	False	orthogroup_coverage_below_60pct_or_unavailable;fewer_than_two_candidate_labels_with_100_cells	0	0	0	exclude	False	orthogroup_coverage_below_60pct_or_unavailable;fewer_than_two_candidate_labels_with_100_cells	0	0	0	exclude	False	orthogroup_coverage_below_60pct_or_unavailable;fewer_than_two_candidate_labels_with_100_cells	0	0	0	metadata/audit_datasets.csv;metadata/dataset_manifest.tsv	7871f0f2924b806d95e2273e41b0b049d3bb36df1a508e35eb706f50df483ec2;c685183a16b40eb674dfb2432ecee2a7767af86f99b71b2a2b750bcc34f0da84	resource_inventory_20260910+dataset_manifest_v1			direct_source_object_path_and_sha256_not_available_in_manuscript_evidence_v1;publication_doi_not_resolved_for_discovery_inventory;actual_download_url_not_retained_for_discovery_object
Solanum lycopersicum_PRJNA833659	audited_resource	audited_not_used_in_discovery	NCBI BioProject	PRJNA833659			https://www.ncbi.nlm.nih.gov/bioproject/PRJNA833659				metadata_and_derived_records_only	Solanum lycopersicum	not explicitly recorded	missing	celltype_after	68341	57975	10366	0.15168054315857246	True	readable	exclude	False	orthogroup_coverage_below_60pct_or_unavailable;fewer_than_two_candidate_labels_with_100_cells	0	0	0	exclude	False	orthogroup_coverage_below_60pct_or_unavailable;fewer_than_two_candidate_labels_with_100_cells	0	0	0	exclude	False	orthogroup_coverage_below_60pct_or_unavailable;fewer_than_two_candidate_labels_with_100_cells	0	0	0	metadata/audit_datasets.csv;metadata/dataset_manifest.tsv	7871f0f2924b806d95e2273e41b0b049d3bb36df1a508e35eb706f50df483ec2;c685183a16b40eb674dfb2432ecee2a7767af86f99b71b2a2b750bcc34f0da84	resource_inventory_20260910+dataset_manifest_v1			direct_source_object_path_and_sha256_not_available_in_manuscript_evidence_v1;publication_doi_not_resolved_for_discovery_inventory;actual_download_url_not_retained_for_discovery_object
Sorghum bicolor_PRJNA935359	audited_resource	discovery_input:root,vascular	NCBI BioProject	PRJNA935359			https://www.ncbi.nlm.nih.gov/bioproject/PRJNA935359	Sorghum bicolor_PRJNA935359.h5ad	145946493		standardized_h5ad_object	Sorghum bicolor	not explicitly recorded	missing	celltype_after	10580	8799	1781	0.16833648393194706	True	readable	candidate_include	True	passes_provisional_panel_gates	6	6	7201	exclude	False	fewer_than_two_candidate_labels_with_100_cells	0	0	0	candidate_include	True	passes_provisional_panel_gates	2	2	493	metadata/audit_datasets.csv;metadata/dataset_manifest.tsv	7871f0f2924b806d95e2273e41b0b049d3bb36df1a508e35eb706f50df483ec2;c685183a16b40eb674dfb2432ecee2a7767af86f99b71b2a2b750bcc34f0da84	resource_inventory_20260910+dataset_manifest_v1	Sorghum bicolor_PRJNA935359.h5ad	ff9bb9107fcb740b475972d33787c65e51c2cb216201ddb1751ab48d1ab08965	publication_doi_not_resolved_for_discovery_inventory;actual_download_url_not_retained_for_discovery_object;public_raw_download_or_conversion_chain_not_resolved
Triticum aestivum_PRJCA012935	audited_resource	audited_not_used_in_discovery	CNCB-NGDC	PRJCA012935			https://ngdc.cncb.ac.cn/				metadata_and_derived_records_only	Triticum aestivum	not explicitly recorded	missing	celltype_after	7154	4844	2310	0.32289628180039137	True	readable	exclude	False	orthogroup_coverage_below_60pct_or_unavailable;fewer_than_two_candidate_labels_with_100_cells	0	0	0	exclude	False	orthogroup_coverage_below_60pct_or_unavailable;fewer_than_two_candidate_labels_with_100_cells	0	0	0	exclude	False	orthogroup_coverage_below_60pct_or_unavailable;fewer_than_two_candidate_labels_with_100_cells	0	0	0	metadata/audit_datasets.csv;metadata/dataset_manifest.tsv	7871f0f2924b806d95e2273e41b0b049d3bb36df1a508e35eb706f50df483ec2;c685183a16b40eb674dfb2432ecee2a7767af86f99b71b2a2b750bcc34f0da84	resource_inventory_20260910+dataset_manifest_v1			direct_source_object_path_and_sha256_not_available_in_manuscript_evidence_v1;publication_doi_not_resolved_for_discovery_inventory;actual_download_url_not_retained_for_discovery_object
Wolffia australiana_PRJNA809022	audited_resource	audited_not_used_in_discovery	NCBI BioProject	PRJNA809022			https://www.ncbi.nlm.nih.gov/bioproject/PRJNA809022				metadata_and_derived_records_only	Wolffia australiana	not explicitly recorded	missing	celltype_after	34058	25137	8921	0.26193552175700274	True	readable	exclude	False	orthogroup_coverage_below_60pct_or_unavailable;fewer_than_two_candidate_labels_with_100_cells	0	0	0	exclude	False	orthogroup_coverage_below_60pct_or_unavailable;fewer_than_two_candidate_labels_with_100_cells	0	0	0	exclude	False	orthogroup_coverage_below_60pct_or_unavailable;fewer_than_two_candidate_labels_with_100_cells	0	0	0	metadata/audit_datasets.csv;metadata/dataset_manifest.tsv	7871f0f2924b806d95e2273e41b0b049d3bb36df1a508e35eb706f50df483ec2;c685183a16b40eb674dfb2432ecee2a7767af86f99b71b2a2b750bcc34f0da84	resource_inventory_20260910+dataset_manifest_v1			direct_source_object_path_and_sha256_not_available_in_manuscript_evidence_v1;publication_doi_not_resolved_for_discovery_inventory;actual_download_url_not_retained_for_discovery_object
Zea mays_PRJCA020760	audited_resource	audited_not_used_in_discovery	CNCB-NGDC	PRJCA020760			https://ngdc.cncb.ac.cn/				metadata_and_derived_records_only	Zea mays	not explicitly recorded	missing	celltype_after	7396	713	6683	0.9035965386695511	True	readable	exclude	False	orthogroup_coverage_below_60pct_or_unavailable;fewer_than_two_candidate_labels_with_100_cells	0	0	0	exclude	False	orthogroup_coverage_below_60pct_or_unavailable;fewer_than_two_candidate_labels_with_100_cells	0	0	0	exclude	False	orthogroup_coverage_below_60pct_or_unavailable;fewer_than_two_candidate_labels_with_100_cells	0	0	0	metadata/audit_datasets.csv;metadata/dataset_manifest.tsv	7871f0f2924b806d95e2273e41b0b049d3bb36df1a508e35eb706f50df483ec2;c685183a16b40eb674dfb2432ecee2a7767af86f99b71b2a2b750bcc34f0da84	resource_inventory_20260910+dataset_manifest_v1			direct_source_object_path_and_sha256_not_available_in_manuscript_evidence_v1;publication_doi_not_resolved_for_discovery_inventory;actual_download_url_not_retained_for_discovery_object
Zea mays_PRJNA454730	audited_resource	audited_not_used_in_discovery	NCBI BioProject	PRJNA454730			https://www.ncbi.nlm.nih.gov/bioproject/PRJNA454730				metadata_and_derived_records_only	Zea mays	not explicitly recorded	missing	celltype_after	10794	10463	331	0.030665184361682415	True	readable	exclude	False	orthogroup_coverage_below_60pct_or_unavailable;fewer_than_two_candidate_labels_with_100_cells	0	0	0	exclude	False	orthogroup_coverage_below_60pct_or_unavailable;fewer_than_two_candidate_labels_with_100_cells	0	0	0	exclude	False	orthogroup_coverage_below_60pct_or_unavailable;fewer_than_two_candidate_labels_with_100_cells	0	0	0	metadata/audit_datasets.csv;metadata/dataset_manifest.tsv	7871f0f2924b806d95e2273e41b0b049d3bb36df1a508e35eb706f50df483ec2;c685183a16b40eb674dfb2432ecee2a7767af86f99b71b2a2b750bcc34f0da84	resource_inventory_20260910+dataset_manifest_v1			direct_source_object_path_and_sha256_not_available_in_manuscript_evidence_v1;publication_doi_not_resolved_for_discovery_inventory;actual_download_url_not_retained_for_discovery_object
Zea mays_PRJNA576240	audited_resource	audited_not_used_in_discovery	NCBI BioProject	PRJNA576240			https://www.ncbi.nlm.nih.gov/bioproject/PRJNA576240				metadata_and_derived_records_only	Zea mays	not explicitly recorded	missing	celltype_after	7272	7219	53	0.007288228822882288	True	readable	exclude	False	orthogroup_coverage_below_60pct_or_unavailable;fewer_than_two_candidate_labels_with_100_cells	0	0	0	exclude	False	orthogroup_coverage_below_60pct_or_unavailable;fewer_than_two_candidate_labels_with_100_cells	0	0	0	exclude	False	orthogroup_coverage_below_60pct_or_unavailable;fewer_than_two_candidate_labels_with_100_cells	0	0	0	metadata/audit_datasets.csv;metadata/dataset_manifest.tsv	7871f0f2924b806d95e2273e41b0b049d3bb36df1a508e35eb706f50df483ec2;c685183a16b40eb674dfb2432ecee2a7767af86f99b71b2a2b750bcc34f0da84	resource_inventory_20260910+dataset_manifest_v1			direct_source_object_path_and_sha256_not_available_in_manuscript_evidence_v1;publication_doi_not_resolved_for_discovery_inventory;actual_download_url_not_retained_for_discovery_object
Zea mays_PRJNA646989_PRJNA646996_PRJNA647001	audited_resource	audited_not_used_in_discovery	NCBI BioProject	PRJNA646989;PRJNA646996;PRJNA647001			https://www.ncbi.nlm.nih.gov/bioproject/PRJNA646989				metadata_and_derived_records_only	Zea mays	not explicitly recorded	missing	celltype_after	18538	18538	0	0.0	True	readable	exclude	False	orthogroup_coverage_below_60pct_or_unavailable;fewer_than_two_candidate_labels_with_100_cells	0	0	0	exclude	False	orthogroup_coverage_below_60pct_or_unavailable;fewer_than_two_candidate_labels_with_100_cells	0	0	0	exclude	False	orthogroup_coverage_below_60pct_or_unavailable;fewer_than_two_candidate_labels_with_100_cells	0	0	0	metadata/audit_datasets.csv;metadata/dataset_manifest.tsv	7871f0f2924b806d95e2273e41b0b049d3bb36df1a508e35eb706f50df483ec2;c685183a16b40eb674dfb2432ecee2a7767af86f99b71b2a2b750bcc34f0da84	resource_inventory_20260910+dataset_manifest_v1			direct_source_object_path_and_sha256_not_available_in_manuscript_evidence_v1;publication_doi_not_resolved_for_discovery_inventory;actual_download_url_not_retained_for_discovery_object
Zea mays_PRJNA662627	audited_resource	audited_not_used_in_discovery	NCBI BioProject	PRJNA662627			https://www.ncbi.nlm.nih.gov/bioproject/PRJNA662627				metadata_and_derived_records_only	Zea mays	not explicitly recorded	missing	celltype_after	13337	13337	0	0.0	True	readable	exclude	False	orthogroup_coverage_below_60pct_or_unavailable;fewer_than_two_candidate_labels_with_100_cells	0	0	0	exclude	False	orthogroup_coverage_below_60pct_or_unavailable;fewer_than_two_candidate_labels_with_100_cells	0	0	0	exclude	False	orthogroup_coverage_below_60pct_or_unavailable;fewer_than_two_candidate_labels_with_100_cells	0	0	0	metadata/audit_datasets.csv;metadata/dataset_manifest.tsv	7871f0f2924b806d95e2273e41b0b049d3bb36df1a508e35eb706f50df483ec2;c685183a16b40eb674dfb2432ecee2a7767af86f99b71b2a2b750bcc34f0da84	resource_inventory_20260910+dataset_manifest_v1			direct_source_object_path_and_sha256_not_available_in_manuscript_evidence_v1;publication_doi_not_resolved_for_discovery_inventory;actual_download_url_not_retained_for_discovery_object
Zea mays_PRJNA740934	audited_resource	audited_not_used_in_discovery	NCBI BioProject	PRJNA740934			https://www.ncbi.nlm.nih.gov/bioproject/PRJNA740934				metadata_and_derived_records_only	Zea mays	not explicitly recorded	missing	celltype_after	33388	33388	0	0.0	True	readable	exclude	False	orthogroup_coverage_below_60pct_or_unavailable;fewer_than_two_candidate_labels_with_100_cells	0	0	0	exclude	False	orthogroup_coverage_below_60pct_or_unavailable;fewer_than_two_candidate_labels_with_100_cells	0	0	0	exclude	False	orthogroup_coverage_below_60pct_or_unavailable;fewer_than_two_candidate_labels_with_100_cells	0	0	0	metadata/audit_datasets.csv;metadata/dataset_manifest.tsv	7871f0f2924b806d95e2273e41b0b049d3bb36df1a508e35eb706f50df483ec2;c685183a16b40eb674dfb2432ecee2a7767af86f99b71b2a2b750bcc34f0da84	resource_inventory_20260910+dataset_manifest_v1			direct_source_object_path_and_sha256_not_available_in_manuscript_evidence_v1;publication_doi_not_resolved_for_discovery_inventory;actual_download_url_not_retained_for_discovery_object
Zea mays_PRJNA759548	audited_resource	audited_not_used_in_discovery	NCBI BioProject	PRJNA759548			https://www.ncbi.nlm.nih.gov/bioproject/PRJNA759548				metadata_and_derived_records_only	Zea mays	not explicitly recorded	missing	celltype_after	6633	6633	0	0.0	True	readable	exclude	False	orthogroup_coverage_below_60pct_or_unavailable;fewer_than_two_candidate_labels_with_100_cells	0	0	0	exclude	False	orthogroup_coverage_below_60pct_or_unavailable;fewer_than_two_candidate_labels_with_100_cells	0	0	0	exclude	False	orthogroup_coverage_below_60pct_or_unavailable;fewer_than_two_candidate_labels_with_100_cells	0	0	0	metadata/audit_datasets.csv;metadata/dataset_manifest.tsv	7871f0f2924b806d95e2273e41b0b049d3bb36df1a508e35eb706f50df483ec2;c685183a16b40eb674dfb2432ecee2a7767af86f99b71b2a2b750bcc34f0da84	resource_inventory_20260910+dataset_manifest_v1			direct_source_object_path_and_sha256_not_available_in_manuscript_evidence_v1;publication_doi_not_resolved_for_discovery_inventory;actual_download_url_not_retained_for_discovery_object
Zea mays_PRJNA865791	audited_resource	audited_not_used_in_discovery	NCBI BioProject	PRJNA865791			https://www.ncbi.nlm.nih.gov/bioproject/PRJNA865791				metadata_and_derived_records_only	Zea mays	not explicitly recorded	missing	celltype_after	40916	17592	23324	0.5700459477954835	True	readable	exclude	False	orthogroup_coverage_below_60pct_or_unavailable;fewer_than_two_candidate_labels_with_100_cells	0	0	0	exclude	False	orthogroup_coverage_below_60pct_or_unavailable;fewer_than_two_candidate_labels_with_100_cells	0	0	0	exclude	False	orthogroup_coverage_below_60pct_or_unavailable;fewer_than_two_candidate_labels_with_100_cells	0	0	0	metadata/audit_datasets.csv;metadata/dataset_manifest.tsv	7871f0f2924b806d95e2273e41b0b049d3bb36df1a508e35eb706f50df483ec2;c685183a16b40eb674dfb2432ecee2a7767af86f99b71b2a2b750bcc34f0da84	resource_inventory_20260910+dataset_manifest_v1			direct_source_object_path_and_sha256_not_available_in_manuscript_evidence_v1;publication_doi_not_resolved_for_discovery_inventory;actual_download_url_not_retained_for_discovery_object
Zea mays_PRJNA924780	audited_resource	audited_not_used_in_discovery	NCBI BioProject	PRJNA924780			https://www.ncbi.nlm.nih.gov/bioproject/PRJNA924780				metadata_and_derived_records_only	Zea mays	not explicitly recorded	missing	celltype_after	41358	25233	16125	0.38988829247062234	True	readable	exclude	False	orthogroup_coverage_below_60pct_or_unavailable;fewer_than_two_candidate_labels_with_100_cells	0	0	0	exclude	False	orthogroup_coverage_below_60pct_or_unavailable;fewer_than_two_candidate_labels_with_100_cells	0	0	0	exclude	False	orthogroup_coverage_below_60pct_or_unavailable;fewer_than_two_candidate_labels_with_100_cells	0	0	0	metadata/audit_datasets.csv;metadata/dataset_manifest.tsv	7871f0f2924b806d95e2273e41b0b049d3bb36df1a508e35eb706f50df483ec2;c685183a16b40eb674dfb2432ecee2a7767af86f99b71b2a2b750bcc34f0da84	resource_inventory_20260910+dataset_manifest_v1			direct_source_object_path_and_sha256_not_available_in_manuscript_evidence_v1;publication_doi_not_resolved_for_discovery_inventory;actual_download_url_not_retained_for_discovery_object
Zea mays_PRJNA935359	audited_resource	audited_not_used_in_discovery	NCBI BioProject	PRJNA935359			https://www.ncbi.nlm.nih.gov/bioproject/PRJNA935359				metadata_and_derived_records_only	Zea mays	not explicitly recorded	missing	celltype_after	4103	4103	0	0.0	True	readable	exclude	False	orthogroup_coverage_below_60pct_or_unavailable;fewer_than_two_candidate_labels_with_100_cells	0	0	0	exclude	False	orthogroup_coverage_below_60pct_or_unavailable;fewer_than_two_candidate_labels_with_100_cells	0	0	0	exclude	False	orthogroup_coverage_below_60pct_or_unavailable;fewer_than_two_candidate_labels_with_100_cells	0	0	0	metadata/audit_datasets.csv;metadata/dataset_manifest.tsv	7871f0f2924b806d95e2273e41b0b049d3bb36df1a508e35eb706f50df483ec2;c685183a16b40eb674dfb2432ecee2a7767af86f99b71b2a2b750bcc34f0da84	resource_inventory_20260910+dataset_manifest_v1			direct_source_object_path_and_sha256_not_available_in_manuscript_evidence_v1;publication_doi_not_resolved_for_discovery_inventory;actual_download_url_not_retained_for_discovery_object
Oryza sativa_GSE232863_validation_RDS	validation_input	external_validation_input	NCBI GEO	GSE232863;PRJNA974167	A single-cell multi-omics atlas of rice	10.1038/s41586-025-09251-0	https://www.ncbi.nlm.nih.gov/geo/query/acc.cgi?acc=GSE232863	GSE232863_scRNA_omics.Rds		https://ftp.ncbi.nlm.nih.gov/geo/series/GSE232nnn/GSE232863/suppl/GSE232863_scRNA_omics.Rds	derived_manifest_or_protocol_hash_only	Oryza sativa	multi-organ	recorded		49273				True	validated_for_analysis																			metadata/audit_datasets.csv;metadata/dataset_manifest.tsv	7871f0f2924b806d95e2273e41b0b049d3bb36df1a508e35eb706f50df483ec2;c685183a16b40eb674dfb2432ecee2a7767af86f99b71b2a2b750bcc34f0da84	validation_evidence_v1			direct_source_object_sha256_not_retained_in_submission_evidence
Moricandia arvensis_PRJNA1186371_validation	validation_input	external_validation_input	NCBI BioProject	PRJNA1186371	Single-nuclei sequencing of Moricandia arvensis reveals bundle sheath cell function in the photorespiratory shuttle of C3-C4 intermediate Brassicaceae	10.1093/jxb/eraf245	https://www.ncbi.nlm.nih.gov/bioproject/PRJNA1186371				derived_manifest_or_protocol_hash_only	Moricandia arvensis	leaf	recorded		10129				True	validated_for_analysis																			metadata/audit_datasets.csv;metadata/dataset_manifest.tsv	7871f0f2924b806d95e2273e41b0b049d3bb36df1a508e35eb706f50df483ec2;c685183a16b40eb674dfb2432ecee2a7767af86f99b71b2a2b750bcc34f0da84	validation_evidence_v1			processed_object_download_url_and_direct_source_object_sha256_not_retained_in_submission_evidence
Triticum aestivum_GSE270342_validation_RDS	validation_input	external_validation_input	NCBI GEO	GSE270342;PRJNA1126233	A single-cell and spatial wheat root atlas with cross-species annotations delineates conserved tissue-specific marker genes and regulators	10.1016/j.celrep.2025.115240	https://www.ncbi.nlm.nih.gov/geo/query/acc.cgi?acc=GSE270342	GSE270342_seuratObj_for_publication.rds.gz		https://ftp.ncbi.nlm.nih.gov/geo/series/GSE270nnn/GSE270342/suppl/GSE270342_seuratObj_for_publication.rds.gz	derived_manifest_or_protocol_hash_only	Triticum aestivum	root	recorded		7388				True	validated_for_analysis																			metadata/audit_datasets.csv;metadata/dataset_manifest.tsv	7871f0f2924b806d95e2273e41b0b049d3bb36df1a508e35eb706f50df483ec2;c685183a16b40eb674dfb2432ecee2a7767af86f99b71b2a2b750bcc34f0da84	validation_evidence_v1			checksum_is_derived_manifest_not_downloaded_RDS_object
Eutrema salsugineum_GSE268881_validation_RDS	validation_input	external_validation_input	NCBI GEO	GSE268881;PRJNA1113801	Evolutionary diversity of cell-type-specific expression and stress response in Brassicaceae roots	10.1038/s41467-026-73270-2	https://www.ncbi.nlm.nih.gov/geo/query/acc.cgi?acc=GSE268881	GSE268881_integratedEsa.RDS.tar.gz		https://ftp.ncbi.nlm.nih.gov/geo/series/GSE268nnn/GSE268881/suppl/GSE268881_integratedEsa.RDS.tar.gz	derived_manifest_or_protocol_hash_only	Eutrema salsugineum	root	recorded		15381				True	validated_for_analysis																			metadata/audit_datasets.csv;metadata/dataset_manifest.tsv	7871f0f2924b806d95e2273e41b0b049d3bb36df1a508e35eb706f50df483ec2;c685183a16b40eb674dfb2432ecee2a7767af86f99b71b2a2b750bcc34f0da84	validation_evidence_v1	internal_source_record:not_publicly_portable:data/datasets/PhyloOpenCell/external/GSE268881/extracted/210705_Esa_DouRe_Combined_wAnn.RDS		archive_bytes=8413341235;extracted_object_bytes=9353391060;archive_and_extracted_object_sha256_not_present_in_submission_evidence
Sisymbrium irio_GSE268881_validation_RDS	validation_input	external_validation_input	NCBI GEO	GSE268881;PRJNA1113801	Evolutionary diversity of cell-type-specific expression and stress response in Brassicaceae roots	10.1038/s41467-026-73270-2	https://www.ncbi.nlm.nih.gov/geo/query/acc.cgi?acc=GSE268881	GSE268881_integratedSir.RDS.tar.gz		https://ftp.ncbi.nlm.nih.gov/geo/series/GSE268nnn/GSE268881/suppl/GSE268881_integratedSir.RDS.tar.gz	derived_manifest_or_protocol_hash_only	Sisymbrium irio	root	recorded		17899				True	validated_for_analysis																			metadata/audit_datasets.csv;metadata/dataset_manifest.tsv	7871f0f2924b806d95e2273e41b0b049d3bb36df1a508e35eb706f50df483ec2;c685183a16b40eb674dfb2432ecee2a7767af86f99b71b2a2b750bcc34f0da84	validation_evidence_v1	internal_source_record:not_publicly_portable:data/datasets/PhyloOpenCell/external/GSE268881/extracted/210822_Sir_DouRe_Combined_wAnn.RDS		archive_bytes=9224831355;extracted_object_bytes=10111127358;archive_and_extracted_object_sha256_not_present_in_submission_evidence
Schrenkiella parvula_GSE268881_validation_RDS	validation_input	external_validation_input	NCBI GEO	GSE268881;PRJNA1113801	Evolutionary diversity of cell-type-specific expression and stress response in Brassicaceae roots	10.1038/s41467-026-73270-2	https://www.ncbi.nlm.nih.gov/geo/query/acc.cgi?acc=GSE268881	GSE268881_integratedSpa.RDS.tar.gz		https://ftp.ncbi.nlm.nih.gov/geo/series/GSE268nnn/GSE268881/suppl/GSE268881_integratedSpa.RDS.tar.gz	derived_manifest_or_protocol_hash_only	Schrenkiella parvula	root	recorded						True	validated_for_analysis																			metadata/audit_datasets.csv;metadata/dataset_manifest.tsv	7871f0f2924b806d95e2273e41b0b049d3bb36df1a508e35eb706f50df483ec2;c685183a16b40eb674dfb2432ecee2a7767af86f99b71b2a2b750bcc34f0da84	validation_evidence_v1			archive_bytes=12673566234;extracted_object_bytes=;archive_and_extracted_object_sha256_not_present_in_submission_evidence
